episode_step,progress,obs_0,obs_1,obs_2,obs_3,obs_4,obs_5,obs_6,obs_7,obs_8,obs_9,obs_10,obs_11,obs_12,obs_13,obs_14,obs_15,obs_16,obs_17,obs_18,obs_19,obs_20,obs_21,obs_22,obs_23,obs_24,obs_25,obs_26,obs_27,obs_28,obs_29,obs_30,obs_31,obs_32,obs_33,obs_34,obs_35,obs_36,obs_37,obs_38,obs_39,obs_40,obs_41,obs_42,obs_43,obs_44,obs_45,obs_46,obs_47,obs_48,obs_49,obs_50,obs_51,obs_52,obs_53,obs_54,obs_55,obs_56,obs_57,obs_58,obs_59,obs_60,obs_61,obs_62,obs_63,obs_64,obs_65,obs_66,obs_67,obs_68,obs_69,obs_70,obs_71,obs_72,obs_73,obs_74,obs_75,obs_76,obs_77,obs_78,obs_79,obs_80,obs_81,obs_82,obs_83,obs_84,obs_85,obs_86,obs_87,obs_88,action_0,action_1,action_2,action_3,action_4,action_5,action_6,action_7,action_8,action_9,action_10,action_11,action_12,action_13,action_14,action_15,action_16,action_17,action_18,action_19,action_20
1,0.000000,-0.2962,0.0178,0.0007,0.5223,-0.2019,-0.0579,-0.2981,-0.0178,0.0051,0.5221,-0.2004,0.0532,-0.0001,-0.0009,-0.0001,0.0000,-0.0000,0.0001,0.0000,0.0000,-0.0000,0.0000,-0.0000,0.0000,0.0000,0.0000,-0.0000,0.0000,-0.0000,0.0000,0.0001,0.0000,0.0000,-0.0000,-0.0000,-0.0000,0.0000,0.0000,0.0000,0.0000,0.0000,-0.0000,0.2353,0.9997,0.0000,0.0249,-0.0249,-0.0007,0.9997,0.0517,0.0132,0.1965,-0.0990,0.0126,0.1872,-0.0990,0.0126,0.1872,0.0807,0.0133,0.1983,-0.1354,0.0174,0.1276,0.1240,0.0174,0.1434,0.1026,-0.0101,-0.1369,-0.0499,-0.0145,-0.1501,-0.0043,0.0053,0.1150,0.0703,0.0071,-0.0155,-0.0524,0.0062,-0.0295,0.0774,0.0098,-0.0386,-0.0530,0.0078,-0.0491,0.0000,0.1847,0.3736,-0.0460,-0.0568,-0.2481,-0.0211,0.0717,0.0631,-0.2464,0.0820,-0.0272,-0.0979,0.2756,-0.1329,-0.0406,-0.0156,0.3903,-0.0205,0.1590,0.0614,-0.7107
2,0.000976,-0.0145,-0.0447,0.1667,0.0904,-0.2353,0.0083,0.1862,-0.1293,0.0047,-0.1856,-0.1665,0.3065,0.3062,0.3089,-0.3058,-0.2402,-0.0943,0.0983,-0.0639,-0.0008,0.2408,-0.0000,-0.0000,0.0000,0.0000,-0.0000,0.0000,0.0000,0.0000,-0.0000,-0.0000,-0.0000,0.0000,0.0000,0.0000,-0.0000,-0.0000,0.0000,0.0000,-0.0000,0.0000,0.0000,0.2579,0.9976,0.0000,0.0686,-0.0684,0.0627,0.9957,0.0517,0.0132,0.1495,-0.0990,0.0126,0.1402,-0.0990,0.0126,0.1402,0.0807,0.0133,0.1513,-0.1354,0.0174,0.0806,0.1240,0.0174,0.0965,0.1026,-0.0101,-0.1838,-0.0499,-0.0145,-0.1970,-0.0043,0.0053,0.0680,0.0703,0.0071,-0.0625,-0.0524,0.0062,-0.0764,0.0774,0.0098,-0.0855,-0.0530,0.0078,-0.0961,0.0010,0.2866,0.0139,0.0416,-0.1478,0.0341,-0.0590,-0.0188,-0.1583,0.1841,0.0852,-0.0856,0.2134,-0.1514,-0.0351,0.0357,0.3163,0.2868,-0.0847,0.3541,-0.1482,-0.3848
3,0.001951,-0.0145,-0.0447,0.1667,0.0904,-0.2353,0.0083,0.1862,-0.1293,0.0047,-0.1856,-0.1665,0.3065,0.3062,0.3089,-0.3058,-0.2402,-0.0943,0.0983,-0.0639,-0.0008,0.2408,0.0000,-0.0000,0.0000,-0.0000,0.0000,-0.0000,0.0000,-0.0000,-0.0000,-0.0000,0.0000,0.0000,-0.0000,-0.0000,0.0000,0.0000,-0.0000,-0.0000,0.0000,-0.0000,0.0000,0.2433,0.9976,0.0000,0.0686,-0.0684,0.0627,0.9957,0.0517,0.0132,0.1517,-0.0990,0.0126,0.1424,-0.0990,0.0126,0.1424,0.0807,0.0133,0.1535,-0.1354,0.0174,0.0829,0.1240,0.0174,0.0987,0.1026,-0.0101,-0.1816,-0.0499,-0.0145,-0.1948,-0.0043,0.0053,0.0702,0.0703,0.0071,-0.0602,-0.0524,0.0062,-0.0742,0.0774,0.0098,-0.0833,-0.0530,0.0078,-0.0939,0.0020,0.2828,0.0620,0.0148,0.0499,0.0005,-0.0549,-0.0453,-0.0821,0.1099,0.0861,-0.0690,0.2298,0.0141,-0.0320,0.0114,0.5415,0.3084,-0.0478,0.2122,-0.1659,-0.3154
4,0.002927,-0.0212,-0.0389,0.1666,0.0681,-0.2489,0.0085,0.1919,-0.1282,0.0047,-0.1847,-0.1665,0.3344,0.3038,0.3086,-0.3057,-0.2446,-0.0943,0.0968,-0.0637,-0.0053,0.2399,-0.5399,0.5531,-0.0130,-2.7231,-1.4086,0.0036,0.6562,0.1089,-0.0001,0.0575,0.0002,2.8053,-0.2560,-0.0179,0.0047,-1.3076,-0.0000,-0.0861,0.0191,-0.2911,-0.0963,0.2351,0.9973,0.0000,0.0731,-0.0730,0.0407,0.9965,0.0561,0.0121,0.1487,-0.0948,0.0125,0.1440,-0.0948,0.0125,0.1440,0.0851,0.0120,0.1497,-0.1330,0.0179,0.0856,0.1267,0.0162,0.0936,0.1001,-0.0107,-0.1852,-0.0493,-0.0149,-0.1941,-0.0024,0.0051,0.0689,0.0694,0.0067,-0.0635,-0.0526,0.0077,-0.0741,0.0763,0.0093,-0.0866,-0.0532,0.0097,-0.0937,0.0029,0.2039,0.1079,-0.0204,0.1539,-0.0786,0.0061,-0.0251,0.0228,0.0528,0.0749,-0.0430,0.1254,0.1034,-0.0170,-0.0185,0.5550,0.3301,-0.0850,0.0256,-0.0579,-0.1924
5,0.003902,-0.0268,-0.0310,0.1663,0.0195,-0.2779,0.0085,0.2054,-0.1269,0.0047,-0.1843,-0.1665,0.3681,0.3001,0.3085,-0.3057,-0.2627,-0.1115,0.0962,-0.0631,-0.0097,0.2377,-0.1306,0.2278,-0.0109,-1.9841,-1.5756,0.0009,0.7136,0.1126,0.0000,0.0082,0.0001,0.7242,-0.2277,-0.0028,0.0021,-0.4379,-1.5603,-0.0078,0.0371,-0.2026,-0.0276,0.2325,0.9971,0.0000,0.0760,-0.0760,-0.0060,0.9971,0.0621,0.0111,0.1471,-0.0889,0.0127,0.1481,-0.0889,0.0127,0.1481,0.0911,0.0108,0.1469,-0.1292,0.0185,0.0912,0.1306,0.0147,0.0893,0.0979,-0.0124,-0.1872,-0.0480,-0.0160,-0.1910,0.0005,0.0047,0.0696,0.0689,0.0056,-0.0651,-0.0522,0.0084,-0.0715,0.0755,0.0080,-0.0883,-0.0527,0.0104,-0.0911,0.0039,0.1621,0.1174,-0.0259,0.1653,-0.0533,0.0122,-0.0365,0.0211,0.0095,0.0589,-0.0537,0.1239,0.1835,-0.0101,-0.0313,0.5411,0.4089,-0.0836,0.0098,-0.0710,-0.2584
6,0.004878,-0.0275,-0.0306,0.1662,0.0035,-0.2911,0.0085,0.2126,-0.1252,0.0047,-0.1842,-0.1665,0.3695,0.2964,0.3085,-0.3057,-0.2643,-0.1257,0.0962,-0.0628,-0.0122,0.2385,-0.0087,-0.0980,-0.0026,-0.6616,-0.5354,0.0001,0.4211,0.1189,0.0000,0.0021,-0.0000,-0.2690,-0.3062,-0.0009,0.0004,0.0543,-0.7585,-0.0006,0.0107,-0.1863,0.0642,0.2330,0.9974,-0.0000,0.0725,-0.0725,-0.0231,0.9971,0.0654,0.0114,0.1460,-0.0855,0.0141,0.1501,-0.0855,0.0141,0.1501,0.0944,0.0109,0.1452,-0.1270,0.0200,0.0940,0.1327,0.0143,0.0868,0.0970,-0.0134,-0.1882,-0.0482,-0.0163,-0.1896,0.0022,0.0051,0.0698,0.0687,0.0049,-0.0660,-0.0521,0.0085,-0.0702,0.0752,0.0071,-0.0893,-0.0526,0.0105,-0.0898,0.0049,0.1418,0.0678,-0.0232,0.1792,-0.0693,-0.0117,-0.0377,0.0094,-0.0100,0.0295,-0.0363,0.1121,0.1628,-0.0138,-0.0254,0.5194,0.4283,-0.0660,0.0087,-0.0531,-0.2684
7,0.005854,-0.0269,-0.0344,0.1662,0.0028,-0.2901,0.0085,0.2169,-0.1242,0.0047,-0.1842,-0.1665,0.3599,0.2925,0.3084,-0.3057,-0.2612,-0.1334,0.0961,-0.0628,-0.0154,0.2388,0.0559,-0.2466,-0.0004,0.3881,0.4596,-0.0001,0.0868,0.0084,0.0000,0.0004,-0.0001,-0.5779,-0.0919,-0.0002,-0.0000,0.1958,-0.1840,-0.0004,0.0011,-0.1596,-0.0280,0.2345,0.9979,-0.0000,0.0652,-0.0652,-0.0299,0.9974,0.0656,0.0120,0.1453,-0.0853,0.0151,0.1500,-0.0853,0.0151,0.1500,0.0946,0.0114,0.1445,-0.1269,0.0207,0.0940,0.1328,0.0144,0.0858,0.0956,-0.0139,-0.1891,-0.0495,-0.0166,-0.1899,0.0021,0.0054,0.0694,0.0680,0.0045,-0.0666,-0.0528,0.0082,-0.0704,0.0743,0.0066,-0.0900,-0.0534,0.0100,-0.0901,0.0059,0.1421,0.0680,-0.0264,0.1575,-0.0889,-0.0357,-0.0337,0.0158,0.0020,0.0214,-0.0261,0.1267,0.1572,-0.0226,-0.0163,0.5137,0.4769,-0.0654,0.0048,-0.0353,-0.2940
8,0.006829,-0.0260,-0.0376,0.1662,0.0108,-0.2812,0.0085,0.2173,-0.1244,0.0047,-0.1842,-0.1665,0.3523,0.2918,0.3084,-0.3057,-0.2587,-0.1349,0.0961,-0.0628,-0.0175,0.2380,0.0709,-0.1974,-0.0001,0.6846,0.7454,0.0000,-0.0112,-0.0437,0.0000,0.0001,-0.0001,-0.4950,-0.0177,-0.0001,-0.0000,0.1583,-0.0620,-0.0002,0.0001,-0.1370,-0.0736,0.2355,0.9982,0.0000,0.0604,-0.0604,-0.0283,0.9978,0.0660,0.0130,0.1458,-0.0849,0.0163,0.1500,-0.0849,0.0163,0.1500,0.0950,0.0124,0.1450,-0.1264,0.0217,0.0939,0.1333,0.0149,0.0865,0.0943,-0.0142,-0.1890,-0.0508,-0.0169,-0.1898,0.0027,0.0060,0.0697,0.0680,0.0044,-0.0663,-0.0527,0.0078,-0.0702,0.0741,0.0065,-0.0897,-0.0535,0.0095,-0.0899,0.0068,0.1587,0.0739,-0.0331,0.1426,-0.1057,-0.0446,-0.0339,0.0137,-0.0016,0.0245,-0.0208,0.1239,0.1591,-0.0283,-0.0109,0.5206,0.5082,-0.0690,0.0144,-0.0372,-0.3216
9,0.007805,-0.0246,-0.0405,0.1662,0.0250,-0.2659,0.0085,0.2163,-0.1259,0.0047,-0.1842,-0.1665,0.3441,0.2922,0.3084,-0.3057,-0.2563,-0.1361,0.0961,-0.0628,-0.0195,0.2366,0.0624,-0.1115,-0.0001,0.6793,0.7265,0.0000,-0.0732,-0.0958,0.0000,0.0000,-0.0000,-0.3443,0.0468,-0.0000,0.0000,0.0985,-0.0700,-0.0000,0.0000,-0.0577,-0.0675,0.2365,0.9985,-0.0000,0.0547,-0.0546,-0.0236,0.9982,0.0649,0.0135,0.1457,-0.0861,0.0168,0.1494,-0.0861,0.0168,0.1494,0.0938,0.0129,0.1450,-0.1273,0.0219,0.0931,0.1323,0.0152,0.0866,0.0922,-0.0147,-0.1894,-0.0529,-0.0174,-0.1903,0.0018,0.0062,0.0694,0.0669,0.0042,-0.0666,-0.0539,0.0073,-0.0707,0.0728,0.0062,-0.0900,-0.0548,0.0089,-0.0903,0.0078,0.1775,0.0730,-0.0380,0.1435,-0.1124,-0.0412,-0.0388,0.0032,-0.0158,0.0267,-0.0203,0.1119,0.1748,-0.0287,-0.0083,0.5384,0.5284,-0.0710,0.0270,-0.0544,-0.3529
10,0.008780,-0.0236,-0.0421,0.1662,0.0358,-0.2543,0.0085,0.2149,-0.1277,0.0047,-0.1842,-0.1665,0.3388,0.2934,0.3084,-0.3057,-0.2547,-0.1377,0.0961,-0.0628,-0.0200,0.2354,0.0533,-0.0721,-0.0000,0.5247,0.5656,0.0000,-0.0757,-0.0987,-0.0000,-0.0000,0.0000,-0.2604,0.0728,0.0000,0.0000,0.0790,-0.1056,-0.0026,0.0001,-0.0131,-0.0729,0.2370,0.9987,0.0000,0.0504,-0.0504,-0.0200,0.9985,0.0643,0.0141,0.1458,-0.0867,0.0174,0.1490,-0.0867,0.0174,0.1490,0.0933,0.0135,0.1452,-0.1278,0.0222,0.0925,0.1320,0.0156,0.0869,0.0906,-0.0151,-0.1895,-0.0545,-0.0179,-0.1905,0.0015,0.0064,0.0694,0.0663,0.0040,-0.0666,-0.0545,0.0069,-0.0709,0.0720,0.0060,-0.0901,-0.0555,0.0084,-0.0905,0.0088,0.1997,0.0658,-0.0426,0.1457,-0.1128,-0.0368,-0.0427,-0.0082,-0.0232,0.0266,-0.0211,0.1168,0.1851,-0.0248,-0.0043,0.5501,0.5450,-0.0756,0.0501,-0.0718,-0.3767
11,0.009756,-0.0228,-0.0431,0.1662,0.0426,-0.2470,0.0085,0.2139,-0.1291,0.0047,-0.1842,-0.1665,0.3353,0.2945,0.3084,-0.3057,-0.2536,-0.1394,0.0960,-0.0627,-0.0202,0.2342,0.0466,-0.0563,-0.0000,0.3951,0.4305,0.0000,-0.0621,-0.0842,-0.0000,-0.0000,0.0000,-0.2109,0.0731,0.0000,0.0000,0.0638,-0.1152,-0.0131,0.0041,-0.0206,-0.0914,0.2373,0.9989,-0.0000,0.0472,-0.0472,-0.0178,0.9987,0.0642,0.0148,0.1460,-0.0868,0.0180,0.1488,-0.0868,0.0180,0.1488,0.0931,0.0142,0.1454,-0.1278,0.0226,0.0922,0.1320,0.0161,0.0872,0.0896,-0.0155,-0.1896,-0.0554,-0.0183,-0.1906,0.0015,0.0068,0.0694,0.0661,0.0040,-0.0665,-0.0546,0.0067,-0.0710,0.0717,0.0060,-0.0900,-0.0558,0.0081,-0.0906,0.0098,0.2159,0.0613,-0.0474,0.1513,-0.1166,-0.0349,-0.0454,-0.0152,-0.0292,0.0261,-0.0206,0.1210,0.1952,-0.0219,-0.0012,0.5610,0.5614,-0.0794,0.0617,-0.0830,-0.3941
12,0.010732,-0.0220,-0.0439,0.1662,0.0484,-0.2406,0.0085,0.2129,-0.1304,0.0047,-0.1842,-0.1665,0.3320,0.2957,0.3084,-0.3057,-0.2527,-0.1414,0.0957,-0.0625,-0.0209,0.2322,0.0430,-0.0451,-0.0000,0.2629,0.2917,0.0000,-0.0461,-0.0629,-0.0000,-0.0000,0.0000,-0.1615,0.0694,0.0000,0.0000,0.0421,-0.1007,-0.0219,0.0164,-0.0526,-0.1230,0.2374,0.9990,0.0000,0.0437,-0.0437,-0.0161,0.9989,0.0638,0.0152,0.1460,-0.0872,0.0183,0.1486,-0.0872,0.0183,0.1486,0.0928,0.0146,0.1455,-0.1281,0.0227,0.0919,0.1317,0.0163,0.0873,0.0887,-0.0161,-0.1896,-0.0563,-0.0188,-0.1907,0.0013,0.0069,0.0694,0.0657,0.0038,-0.0665,-0.0551,0.0063,-0.0711,0.0712,0.0057,-0.0901,-0.0563,0.0076,-0.0907,0.0107,0.2297,0.0554,-0.0507,0.1568,-0.1181,-0.0329,-0.0476,-0.0217,-0.0381,0.0260,-0.0207,0.1264,0.2021,-0.0182,0.0008,0.5696,0.5742,-0.0825,0.0740,-0.0958,-0.4073
13,0.011707,-0.0214,-0.0446,0.1662,0.0516,-0.2370,0.0085,0.2123,-0.1312,0.0047,-0.1842,-0.1665,0.3298,0.2968,0.3084,-0.3057,-0.2522,-0.1427,0.0953,-0.0622,-0.0219,0.2302,0.0456,-0.0376,-0.0000,0.1765,0.1995,-0.0000,-0.0398,-0.0487,-0.0024,-0.0000,0.0000,-0.1274,0.0701,0.0000,0.0000,0.0231,-0.0701,-0.0280,0.0298,-0.0903,-0.1540,0.2375,0.9991,-0.0000,0.0412,-0.0412,-0.0150,0.9990,0.0637,0.0157,0.1460,-0.0873,0.0188,0.1484,-0.0873,0.0188,0.1484,0.0927,0.0152,0.1456,-0.1281,0.0230,0.0917,0.1316,0.0167,0.0874,0.0882,-0.0164,-0.1896,-0.0567,-0.0192,-0.1907,0.0013,0.0072,0.0693,0.0656,0.0038,-0.0665,-0.0552,0.0061,-0.0711,0.0710,0.0057,-0.0901,-0.0565,0.0074,-0.0908,0.0117,0.2403,0.0508,-0.0545,0.1627,-0.1181,-0.0329,-0.0488,-0.0279,-0.0439,0.0255,-0.0206,0.1318,0.2049,-0.0157,0.0027,0.5777,0.5861,-0.0858,0.0827,-0.1058,-0.4179
14,0.012683,-0.0204,-0.0452,0.1662,0.0542,-0.2341,0.0085,0.2115,-0.1321,0.0046,-0.1842,-0.1665,0.3277,0.2982,0.3084,-0.3057,-0.2520,-0.1435,0.0947,-0.0615,-0.0241,0.2268,0.0530,-0.0245,-0.0000,0.0805,0.0998,-0.0000,-0.0430,-0.0387,-0.0042,-0.0000,0.0000,-0.0888,0.0754,0.0000,0.0000,-0.0046,-0.0151,-0.0331,0.0353,-0.1117,-0.1835,0.2375,0.9993,-0.0000,0.0386,-0.0386,-0.0137,0.9992,0.0635,0.0160,0.1460,-0.0875,0.0190,0.1483,-0.0875,0.0190,0.1483,0.0925,0.0154,0.1456,-0.1283,0.0230,0.0915,0.1315,0.0169,0.0875,0.0879,-0.0169,-0.1896,-0.0571,-0.0197,-0.1908,0.0012,0.0073,0.0693,0.0655,0.0037,-0.0665,-0.0553,0.0058,-0.0712,0.0708,0.0055,-0.0901,-0.0566,0.0070,-0.0909,0.0127,0.2487,0.0434,-0.0560,0.1667,-0.1144,-0.0337,-0.0486,-0.0340,-0.0481,0.0245,-0.0214,0.1388,0.2034,-0.0132,0.0037,0.5843,0.5937,-0.0873,0.0932,-0.1159,-0.4261
15,0.013659,-0.0196,-0.0455,0.1662,0.0549,-0.2331,0.0085,0.2108,-0.1326,0.0045,-0.1842,-0.1665,0.3266,0.2993,0.3084,-0.3057,-0.2522,-0.1434,0.0942,-0.0608,-0.0257,0.2241,0.0598,-0.0175,-0.0000,0.0317,0.0503,-0.0000,-0.0495,-0.0358,-0.0052,-0.0000,0.0000,-0.0692,0.0808,0.0000,0.0000,-0.0218,0.0292,-0.0388,0.0500,-0.1252,-0.2085,0.2376,0.9993,0.0000,0.0372,-0.0372,-0.0130,0.9992,0.0633,0.0164,0.1461,-0.0876,0.0192,0.1482,-0.0876,0.0192,0.1482,0.0923,0.0158,0.1457,-0.1284,0.0231,0.0914,0.1314,0.0173,0.0876,0.0878,-0.0171,-0.1895,-0.0571,-0.0201,-0.1908,0.0011,0.0075,0.0693,0.0654,0.0037,-0.0664,-0.0553,0.0056,-0.0713,0.0708,0.0055,-0.0900,-0.0566,0.0068,-0.0909,0.0137,0.2549,0.0396,-0.0576,0.1693,-0.1121,-0.0348,-0.0483,-0.0377,-0.0494,0.0243,-0.0218,0.1467,0.2015,-0.0117,0.0044,0.5898,0.5991,-0.0878,0.0999,-0.1224,-0.4308
16,0.014634,-0.0184,-0.0457,0.1662,0.0551,-0.2326,0.0085,0.2098,-0.1332,0.0044,-0.1842,-0.1665,0.3256,0.3009,0.3084,-0.3057,-0.2528,-0.1421,0.0934,-0.0598,-0.0283,0.2200,0.0679,-0.0055,-0.0000,0.0042,0.0156,-0.0000,-0.0588,-0.0291,-0.0058,-0.0000,0.0000,-0.0342,0.0895,0.0000,0.0000,-0.0377,0.0951,-0.0403,0.0527,-0.1472,-0.2209,0.2376,0.9994,0.0000,0.0360,-0.0360,-0.0119,0.9993,0.0632,0.0165,0.1461,-0.0877,0.0192,0.1481,-0.0877,0.0192,0.1481,0.0922,0.0160,0.1457,-0.1284,0.0230,0.0912,0.1313,0.0174,0.0877,0.0879,-0.0174,-0.1894,-0.0569,-0.0205,-0.1908,0.0010,0.0075,0.0693,0.0655,0.0036,-0.0664,-0.0552,0.0053,-0.0713,0.0709,0.0054,-0.0900,-0.0565,0.0064,-0.0910,0.0146,0.2616,0.0349,-0.0587,0.1734,-0.1108,-0.0359,-0.0482,-0.0410,-0.0494,0.0254,-0.0213,0.1530,0.2008,-0.0105,0.0053,0.5972,0.6008,-0.0880,0.1045,-0.1281,-0.4333
17,0.015610,-0.0174,-0.0457,0.1662,0.0551,-0.2324,0.0085,0.2089,-0.1336,0.0043,-0.1842,-0.1665,0.3253,0.3022,0.3084,-0.3057,-0.2534,-0.1405,0.0928,-0.0590,-0.0304,0.2168,0.0764,-0.0012,-0.0000,0.0007,0.0076,0.0000,-0.0636,-0.0231,-0.0063,0.0000,-0.0000,-0.0149,0.1029,0.0000,0.0000,-0.0395,0.1364,-0.0459,0.0635,-0.1631,-0.2336,0.2376,0.9994,-0.0000,0.0356,-0.0356,-0.0110,0.9993,0.0629,0.0167,0.1462,-0.0880,0.0192,0.1480,-0.0880,0.0192,0.1480,0.0919,0.0163,0.1458,-0.1287,0.0230,0.0911,0.1311,0.0177,0.0879,0.0880,-0.0175,-0.1893,-0.0568,-0.0208,-0.1908,0.0009,0.0076,0.0693,0.0655,0.0038,-0.0663,-0.0553,0.0052,-0.0714,0.0709,0.0055,-0.0899,-0.0565,0.0063,-0.0911,0.0156,0.2661,0.0325,-0.0589,0.1740,-0.1080,-0.0367,-0.0480,-0.0436,-0.0488,0.0260,-0.0217,0.1622,0.1979,-0.0087,0.0058,0.6023,0.6013,-0.0875,0.1083,-0.1334,-0.4326
18,0.016585,-0.0159,-0.0457,0.1662,0.0551,-0.2323,0.0085,0.2077,-0.1339,0.0042,-0.1842,-0.1665,0.3252,0.3044,0.3084,-0.3057,-0.2541,-0.1374,0.0919,-0.0578,-0.0336,0.2123,0.0863,-0.0002,-0.0000,-0.0013,0.0024,-0.0000,-0.0665,-0.0150,-0.0065,-0.0000,0.0000,-0.0019,0.1161,-0.0000,0.0000,-0.0346,0.1852,-0.0464,0.0648,-0.1680,-0.2380,0.2376,0.9994,-0.0000,0.0358,-0.0358,-0.0096,0.9993,0.0628,0.0167,0.1463,-0.0881,0.0191,0.1479,-0.0881,0.0191,0.1479,0.0918,0.0162,0.1459,-0.1287,0.0228,0.0909,0.1311,0.0177,0.0880,0.0882,-0.0176,-0.1891,-0.0565,-0.0211,-0.1909,0.0009,0.0075,0.0693,0.0656,0.0038,-0.0662,-0.0551,0.0050,-0.0715,0.0710,0.0056,-0.0898,-0.0563,0.0061,-0.0911,0.0166,0.2689,0.0297,-0.0584,0.1744,-0.1056,-0.0379,-0.0479,-0.0455,-0.0470,0.0269,-0.0217,0.1674,0.1944,-0.0075,0.0063,0.6067,0.5981,-0.0871,0.1099,-0.1362,-0.4299
19,0.017561,-0.0145,-0.0457,0.1662,0.0551,-0.2323,0.0085,0.2067,-0.1341,0.0041,-0.1842,-0.1665,0.3252,0.3062,0.3084,-0.3057,-0.2545,-0.1344,0.0912,-0.0567,-0.0361,0.2087,0.0940,-0.0000,-0.0000,-0.0015,0.0016,-0.0000,-0.0678,-0.0112,-0.0068,-0.0000,0.0000,-0.0002,0.1245,-0.0000,-0.0000,-0.0244,0.2095,-0.0482,0.0672,-0.1704,-0.2447,0.2377,0.9993,-0.0000,0.0364,-0.0364,-0.0084,0.9993,0.0625,0.0167,0.1464,-0.0884,0.0189,0.1478,-0.0884,0.0189,0.1478,0.0915,0.0163,0.1461,-0.1289,0.0226,0.0908,0.1309,0.0178,0.0882,0.0884,-0.0175,-0.1890,-0.0564,-0.0213,-0.1909,0.0007,0.0075,0.0693,0.0656,0.0039,-0.0661,-0.0551,0.0049,-0.0715,0.0711,0.0058,-0.0897,-0.0563,0.0060,-0.0912,0.0176,0.2699,0.0284,-0.0563,0.1702,-0.1006,-0.0388,-0.0473,-0.0476,-0.0458,0.0274,-0.0229,0.1754,0.1875,-0.0056,0.0064,0.6073,0.5944,-0.0862,0.1133,-0.1402,-0.4255
20,0.018537,-0.0127,-0.0457,0.1662,0.0551,-0.2323,0.0085,0.2054,-0.1343,0.0040,-0.1842,-0.1665,0.3252,0.3086,0.3084,-0.3057,-0.2548,-0.1302,0.0902,-0.0553,-0.0393,0.2041,0.0970,-0.0001,-0.0000,-0.0014,0.0013,-0.0029,-0.0687,-0.0038,-0.0068,-0.0000,0.0000,0.0001,0.1279,-0.0000,0.0000,-0.0073,0.2319,-0.0524,0.0773,-0.1638,-0.2418,0.2377,0.9993,-0.0000,0.0378,-0.0378,-0.0070,0.9993,0.0624,0.0166,0.1464,-0.0886,0.0186,0.1477,-0.0886,0.0186,0.1477,0.0914,0.0162,0.1462,-0.1290,0.0223,0.0906,0.1308,0.0178,0.0884,0.0887,-0.0174,-0.1889,-0.0561,-0.0215,-0.1910,0.0007,0.0074,0.0693,0.0658,0.0041,-0.0661,-0.0549,0.0048,-0.0716,0.0713,0.0059,-0.0896,-0.0561,0.0058,-0.0913,0.0185,0.2688,0.0272,-0.0541,0.1659,-0.0965,-0.0397,-0.0467,-0.0489,-0.0439,0.0281,-0.0237,0.1802,0.1804,-0.0044,0.0062,0.6064,0.5878,-0.0849,0.1142,-0.1418,-0.4195
21,0.019512,-0.0113,-0.0457,0.1662,0.0550,-0.2323,0.0084,0.2044,-0.1343,0.0039,-0.1842,-0.1665,0.3252,0.3104,0.3084,-0.3057,-0.2549,-0.1269,0.0895,-0.0542,-0.0416,0.2007,0.1004,-0.0001,-0.0000,-0.0014,0.0013,-0.0064,-0.0681,-0.0008,-0.0070,-0.0000,0.0000,0.0002,0.1322,-0.0000,-0.0000,0.0014,0.2390,-0.0535,0.0777,-0.1618,-0.2441,0.2377,0.9992,0.0000,0.0391,-0.0391,-0.0060,0.9992,0.0621,0.0164,0.1466,-0.0889,0.0182,0.1476,-0.0889,0.0182,0.1476,0.0911,0.0160,0.1464,-0.1292,0.0220,0.0905,0.1306,0.0178,0.0886,0.0888,-0.0172,-0.1887,-0.0559,-0.0216,-0.1911,0.0005,0.0072,0.0694,0.0658,0.0043,-0.0660,-0.0549,0.0048,-0.0717,0.0713,0.0062,-0.0895,-0.0561,0.0058,-0.0913,0.0195,0.2667,0.0270,-0.0505,0.1589,-0.0892,-0.0402,-0.0458,-0.0500,-0.0398,0.0286,-0.0251,0.1856,0.1722,-0.0033,0.0062,0.6021,0.5781,-0.0838,0.1175,-0.1436,-0.4128
22,0.020488,-0.0093,-0.0457,0.1662,0.0550,-0.2322,0.0082,0.2031,-0.1343,0.0037,-0.1842,-0.1665,0.3252,0.3130,0.3084,-0.3057,-0.2546,-0.1220,0.0883,-0.0525,-0.0447,0.1959,0.0965,0.0024,-0.0010,-0.0011,0.0017,-0.0113,-0.0666,0.0001,-0.0070,-0.0000,0.0000,0.0047,0.1309,-0.0000,0.0000,0.0353,0.2483,-0.0587,0.0976,-0.1469,-0.2387,0.2378,0.9991,-0.0000,0.0417,-0.0417,-0.0049,0.9991,0.0621,0.0161,0.1466,-0.0889,0.0178,0.1475,-0.0889,0.0178,0.1475,0.0911,0.0158,0.1465,-0.1292,0.0217,0.0904,0.1306,0.0178,0.0887,0.0890,-0.0169,-0.1887,-0.0557,-0.0215,-0.1911,0.0005,0.0071,0.0694,0.0659,0.0045,-0.0659,-0.0548,0.0048,-0.0717,0.0714,0.0064,-0.0895,-0.0559,0.0058,-0.0914,0.0205,0.2615,0.0271,-0.0470,0.1523,-0.0835,-0.0405,-0.0447,-0.0502,-0.0340,0.0288,-0.0259,0.1870,0.1633,-0.0028,0.0056,0.5961,0.5648,-0.0817,0.1169,-0.1417,-0.4036
23,0.021463,-0.0081,-0.0456,0.1662,0.0550,-0.2322,0.0081,0.2022,-0.1343,0.0037,-0.1842,-0.1665,0.3254,0.3147,0.3084,-0.3057,-0.2539,-0.1188,0.0876,-0.0513,-0.0466,0.1928,0.0993,0.0127,-0.0012,-0.0008,0.0012,-0.0144,-0.0633,0.0001,-0.0068,0.0030,-0.0032,0.0167,0.1330,-0.0000,0.0000,0.0608,0.2477,-0.0564,0.0957,-0.1463,-0.2461,0.2379,0.9990,-0.0000,0.0438,-0.0438,-0.0042,0.9990,0.0618,0.0157,0.1468,-0.0891,0.0173,0.1475,-0.0891,0.0173,0.1475,0.0908,0.0154,0.1466,-0.1294,0.0213,0.0904,0.1304,0.0176,0.0889,0.0890,-0.0166,-0.1886,-0.0556,-0.0214,-0.1912,0.0004,0.0069,0.0694,0.0659,0.0047,-0.0658,-0.0548,0.0047,-0.0718,0.0714,0.0067,-0.0894,-0.0559,0.0058,-0.0914,0.0215,0.2560,0.0271,-0.0421,0.1435,-0.0766,-0.0406,-0.0434,-0.0502,-0.0287,0.0294,-0.0268,0.1871,0.1538,-0.0023,0.0050,0.5877,0.5497,-0.0798,0.1182,-0.1410,-0.3943
24,0.022439,-0.0062,-0.0453,0.1662,0.0550,-0.2322,0.0078,0.2013,-0.1343,0.0035,-0.1841,-0.1666,0.3259,0.3171,0.3084,-0.3057,-0.2525,-0.1143,0.0866,-0.0496,-0.0491,0.1884,0.1038,0.0215,-0.0009,-0.0003,0.0005,-0.0173,-0.0438,0.0001,-0.0068,0.0077,-0.0073,0.0346,0.1308,-0.0000,-0.0000,0.0886,0.2460,-0.0617,0.0930,-0.1385,-0.2427,0.2379,0.9989,-0.0000,0.0473,-0.0473,-0.0035,0.9989,0.0618,0.0154,0.1468,-0.0892,0.0169,0.1475,-0.0892,0.0169,0.1475,0.0908,0.0151,0.1467,-0.1294,0.0211,0.0904,0.1304,0.0174,0.0890,0.0892,-0.0162,-0.1885,-0.0554,-0.0212,-0.1912,0.0004,0.0067,0.0694,0.0660,0.0049,-0.0658,-0.0547,0.0049,-0.0718,0.0715,0.0070,-0.0893,-0.0558,0.0059,-0.0915,0.0224,0.2484,0.0278,-0.0379,0.1359,-0.0715,-0.0403,-0.0420,-0.0493,-0.0224,0.0299,-0.0271,0.1836,0.1446,-0.0022,0.0039,0.5781,0.5320,-0.0774,0.1154,-0.1375,-0.3825
25,0.023415,-0.0042,-0.0448,0.1661,0.0550,-0.2322,0.0074,0.2007,-0.1344,0.0034,-0.1839,-0.1668,0.3265,0.3192,0.3084,-0.3057,-0.2509,-0.1104,0.0856,-0.0481,-0.0513,0.1845,0.1087,0.0279,-0.0006,-0.0001,0.0001,-0.0211,-0.0265,-0.0106,-0.0072,0.0109,-0.0092,0.0466,0.1303,0.0000,-0.0000,0.1124,0.2444,-0.0452,0.0944,-0.1339,-0.2432,0.2380,0.9987,0.0000,0.0518,-0.0518,-0.0030,0.9987,0.0617,0.0147,0.1469,-0.0893,0.0163,0.1475,-0.0893,0.0163,0.1475,0.0907,0.0145,0.1468,-0.1295,0.0207,0.0904,0.1304,0.0171,0.0892,0.0893,-0.0156,-0.1885,-0.0553,-0.0209,-0.1913,0.0003,0.0064,0.0694,0.0660,0.0052,-0.0657,-0.0546,0.0050,-0.0718,0.0716,0.0074,-0.0893,-0.0558,0.0061,-0.0915,0.0234,0.2379,0.0294,-0.0319,0.1269,-0.0648,-0.0394,-0.0401,-0.0476,-0.0140,0.0317,-0.0275,0.1784,0.1330,-0.0025,0.0019,0.5648,0.5074,-0.0736,0.1124,-0.1335,-0.3680
26,0.024390,-0.0028,-0.0444,0.1661,0.0550,-0.2322,0.0071,0.2004,-0.1346,0.0033,-0.1837,-0.1669,0.3274,0.3213,0.3084,-0.3057,-0.2489,-0.1065,0.0847,-0.0466,-0.0533,0.1806,0.1105,0.0339,-0.0007,0.0001,-0.0003,-0.0236,-0.0092,-0.0204,-0.0067,0.0161,-0.0114,0.0584,0.1259,-0.0000,-0.0000,0.1315,0.2387,-0.0622,0.0960,-0.1291,-0.2425,0.2381,0.9985,-0.0000,0.0553,-0.0553,-0.0027,0.9985,0.0616,0.0139,0.1471,-0.0894,0.0154,0.1476,-0.0894,0.0154,0.1476,0.0906,0.0136,0.1470,-0.1296,0.0201,0.0904,0.1303,0.0165,0.0894,0.0892,-0.0152,-0.1885,-0.0553,-0.0205,-0.1913,0.0002,0.0060,0.0695,0.0660,0.0054,-0.0657,-0.0547,0.0051,-0.0718,0.0716,0.0077,-0.0892,-0.0558,0.0063,-0.0915,0.0244,0.2258,0.0292,-0.0245,0.1170,-0.0574,-0.0385,-0.0375,-0.0452,-0.0050,0.0330,-0.0283,0.1718,0.1214,-0.0028,-0.0004,0.5498,0.4806,-0.0683,0.1096,-0.1290,-0.3528
27,0.025366,-0.0007,-0.0437,0.1661,0.0550,-0.2322,0.0066,0.2004,-0.1351,0.0032,-0.1834,-0.1672,0.3286,0.3235,0.3084,-0.3057,-0.2463,-0.1021,0.0836,-0.0448,-0.0557,0.1761,0.1034,0.0405,-0.0001,0.0004,-0.0009,-0.0273,-0.0013,-0.0293,-0.0060,0.0192,-0.0131,0.0688,0.1167,0.0000,0.0000,0.1499,0.2285,-0.0583,0.1035,-0.1180,-0.2326,0.2382,0.9981,0.0000,0.0609,-0.0609,-0.0024,0.9981,0.0616,0.0134,0.1471,-0.0894,0.0150,0.1476,-0.0894,0.0150,0.1476,0.0906,0.0130,0.1470,-0.1295,0.0199,0.0905,0.1303,0.0162,0.0895,0.0893,-0.0145,-0.1885,-0.0552,-0.0199,-0.1914,0.0003,0.0058,0.0695,0.0661,0.0058,-0.0656,-0.0546,0.0054,-0.0718,0.0717,0.0081,-0.0891,-0.0557,0.0067,-0.0915,0.0254,0.2120,0.0302,-0.0186,0.1092,-0.0521,-0.0368,-0.0351,-0.0427,0.0024,0.0344,-0.0283,0.1637,0.1107,-0.0038,-0.0023,0.5324,0.4548,-0.0634,0.1034,-0.1228,-0.3384
28,0.026341,0.0009,-0.0430,0.1661,0.0550,-0.2322,0.0062,0.2004,-0.1357,0.0031,-0.1830,-0.1674,0.3298,0.3254,0.3084,-0.3057,-0.2438,-0.0985,0.0827,-0.0432,-0.0575,0.1724,0.0985,0.0470,-0.0000,0.0005,-0.0009,-0.0286,0.0001,-0.0385,-0.0099,0.0243,-0.0144,0.0779,0.1117,0.0000,-0.0000,0.1622,0.2168,-0.0428,0.0618,-0.1109,-0.2284,0.2382,0.9978,-0.0000,0.0662,-0.0662,-0.0024,0.9978,0.0616,0.0123,0.1472,-0.0894,0.0140,0.1477,-0.0894,0.0140,0.1477,0.0906,0.0119,0.1471,-0.1296,0.0193,0.0906,0.1303,0.0154,0.0896,0.0892,-0.0138,-0.1885,-0.0551,-0.0193,-0.1914,0.0002,0.0052,0.0695,0.0661,0.0060,-0.0656,-0.0546,0.0056,-0.0718,0.0716,0.0085,-0.0891,-0.0557,0.0070,-0.0914,0.0263,0.1958,0.0299,-0.0093,0.0999,-0.0445,-0.0343,-0.0322,-0.0393,0.0130,0.0366,-0.0289,0.1521,0.0990,-0.0054,-0.0047,0.5129,0.4207,-0.0567,0.0967,-0.1157,-0.3206
29,0.027317,0.0026,-0.0421,0.1661,0.0550,-0.2322,0.0056,0.2004,-0.1364,0.0029,-0.1825,-0.1677,0.3313,0.3274,0.3084,-0.3057,-0.2405,-0.0946,0.0816,-0.0413,-0.0595,0.1682,0.0869,0.0510,-0.0000,0.0003,-0.0005,-0.0277,0.0009,-0.0344,-0.0065,0.0285,-0.0160,0.0815,0.1009,-0.0000,-0.0000,0.1799,0.1938,-0.0807,0.0841,-0.0993,-0.2178,0.2383,0.9973,-0.0000,0.0730,-0.0730,-0.0024,0.9973,0.0616,0.0115,0.1473,-0.0894,0.0133,0.1477,-0.0894,0.0133,0.1477,0.0906,0.0112,0.1472,-0.1295,0.0190,0.0906,0.1303,0.0150,0.0897,0.0892,-0.0129,-0.1886,-0.0551,-0.0185,-0.1915,0.0003,0.0050,0.0695,0.0661,0.0064,-0.0656,-0.0546,0.0061,-0.0718,0.0717,0.0091,-0.0890,-0.0557,0.0075,-0.0914,0.0273,0.1778,0.0313,-0.0015,0.0886,-0.0375,-0.0320,-0.0289,-0.0356,0.0244,0.0375,-0.0295,0.1402,0.0861,-0.0073,-0.0069,0.4889,0.3884,-0.0503,0.0882,-0.1066,-0.3012
30,0.028293,0.0039,-0.0413,0.1661,0.0550,-0.2323,0.0052,0.2004,-0.1369,0.0028,-0.1821,-0.1679,0.3326,0.3289,0.3084,-0.3057,-0.2377,-0.0919,0.0808,-0.0401,-0.0609,0.1650,0.0771,0.0589,0.0000,0.0001,-0.0001,-0.0268,0.0040,-0.0303,-0.0069,0.0332,-0.0185,0.0898,0.0881,0.0000,-0.0000,0.1895,0.1697,-0.0484,0.0878,-0.0881,-0.2111,0.2383,0.9969,0.0000,0.0787,-0.0787,-0.0027,0.9969,0.0616,0.0103,0.1474,-0.0894,0.0122,0.1478,-0.0894,0.0122,0.1478,0.0906,0.0099,0.1473,-0.1295,0.0182,0.0908,0.1303,0.0141,0.0898,0.0891,-0.0122,-0.1886,-0.0551,-0.0178,-0.1915,0.0003,0.0043,0.0696,0.0661,0.0066,-0.0655,-0.0546,0.0063,-0.0717,0.0716,0.0094,-0.0890,-0.0557,0.0079,-0.0914,0.0283,0.1568,0.0315,0.0093,0.0773,-0.0308,-0.0296,-0.0252,-0.0300,0.0346,0.0385,-0.0306,0.1237,0.0730,-0.0097,-0.0104,0.4649,0.3517,-0.0422,0.0784,-0.0954,-0.2818
31,0.029268,0.0051,-0.0402,0.1661,0.0550,-0.2323,0.0048,0.2006,-0.1373,0.0027,-0.1814,-0.1683,0.3342,0.3303,0.3084,-0.3057,-0.2342,-0.0891,0.0801,-0.0387,-0.0623,0.1613,0.0619,0.0571,0.0000,-0.0007,-0.0001,-0.0240,0.0167,-0.0230,-0.0043,0.0347,-0.0203,0.0892,0.0701,0.0000,-0.0000,0.2048,0.1403,-0.0362,0.0656,-0.0729,-0.1971,0.2384,0.9963,-0.0000,0.0859,-0.0859,-0.0031,0.9963,0.0616,0.0095,0.1474,-0.0893,0.0116,0.1479,-0.0893,0.0116,0.1479,0.0906,0.0091,0.1473,-0.1295,0.0179,0.0909,0.1304,0.0136,0.0898,0.0890,-0.0112,-0.1887,-0.0551,-0.0167,-0.1916,0.0003,0.0041,0.0696,0.0661,0.0071,-0.0655,-0.0546,0.0069,-0.0717,0.0716,0.0100,-0.0890,-0.0557,0.0085,-0.0913,0.0293,0.1405,0.0335,0.0149,0.0727,-0.0248,-0.0258,-0.0226,-0.0261,0.0413,0.0412,-0.0308,0.1157,0.0637,-0.0102,-0.0131,0.4423,0.3204,-0.0383,0.0690,-0.0857,-0.2624
32,0.030244,0.0060,-0.0393,0.1662,0.0550,-0.2323,0.0044,0.2009,-0.1376,0.0026,-0.1809,-0.1686,0.3357,0.3313,0.3084,-0.3057,-0.2310,-0.0872,0.0795,-0.0376,-0.0633,0.1584,0.0525,0.0653,0.0053,-0.0001,0.0000,-0.0201,0.0265,-0.0175,-0.0036,0.0433,-0.0220,0.1051,0.0599,-0.0000,-0.0000,0.2146,0.1114,-0.0515,0.0703,-0.0603,-0.1880,0.2384,0.9957,-0.0000,0.0922,-0.0922,-0.0037,0.9957,0.0617,0.0081,0.1474,-0.0893,0.0103,0.1481,-0.0893,0.0103,0.1481,0.0907,0.0077,0.1473,-0.1294,0.0171,0.0911,0.1304,0.0126,0.0899,0.0888,-0.0103,-0.1888,-0.0552,-0.0158,-0.1916,0.0003,0.0034,0.0696,0.0660,0.0073,-0.0655,-0.0547,0.0072,-0.0716,0.0716,0.0103,-0.0889,-0.0558,0.0089,-0.0912,0.0302,0.1246,0.0338,0.0204,0.0734,-0.0241,-0.0193,-0.0196,-0.0201,0.0465,0.0457,-0.0285,0.1110,0.0580,-0.0080,-0.0159,0.4175,0.2951,-0.0363,0.0595,-0.0758,-0.2415
33,0.031220,0.0069,-0.0380,0.1664,0.0550,-0.2323,0.0042,0.2016,-0.1379,0.0025,-0.1800,-0.1690,0.3379,0.3324,0.3084,-0.3057,-0.2268,-0.0854,0.0787,-0.0364,-0.0643,0.1550,0.0418,0.0649,0.0158,-0.0000,-0.0029,-0.0084,0.0422,-0.0091,-0.0059,0.0489,-0.0172,0.1206,0.0545,0.0000,-0.0000,0.2308,0.0893,-0.0366,0.0482,-0.0475,-0.1674,0.2384,0.9949,0.0000,0.1007,-0.1007,-0.0047,0.9949,0.0618,0.0072,0.1474,-0.0891,0.0096,0.1482,-0.0891,0.0096,0.1482,0.0908,0.0068,0.1473,-0.1293,0.0168,0.0913,0.1305,0.0121,0.0899,0.0887,-0.0091,-0.1889,-0.0553,-0.0145,-0.1916,0.0004,0.0031,0.0697,0.0660,0.0079,-0.0655,-0.0547,0.0079,-0.0715,0.0715,0.0110,-0.0889,-0.0558,0.0098,-0.0911,0.0312,0.1073,0.0374,0.0229,0.0803,-0.0265,-0.0039,-0.0199,-0.0143,0.0557,0.0542,-0.0242,0.1053,0.0598,-0.0076,-0.0150,0.3821,0.2715,-0.0307,0.0370,-0.0606,-0.2153
34,0.032195,0.0074,-0.0370,0.1666,0.0550,-0.2324,0.0041,0.2022,-0.1380,0.0024,-0.1791,-0.1692,0.3399,0.3332,0.3084,-0.3057,-0.2233,-0.0842,0.0782,-0.0356,-0.0649,0.1527,0.0316,0.0710,0.0205,-0.0000,-0.0080,-0.0026,0.0478,-0.0039,-0.0045,0.0704,-0.0097,0.1491,0.0608,0.0000,0.0000,0.2316,0.0619,-0.0316,0.1610,-0.0262,-0.1402,0.2384,0.9942,0.0000,0.1077,-0.1077,-0.0057,0.9942,0.0620,0.0057,0.1474,-0.0890,0.0082,0.1484,-0.0890,0.0082,0.1484,0.0910,0.0052,0.1473,-0.1292,0.0159,0.0916,0.1306,0.0110,0.0898,0.0885,-0.0081,-0.1890,-0.0554,-0.0134,-0.1916,0.0005,0.0022,0.0697,0.0659,0.0081,-0.0655,-0.0548,0.0083,-0.0714,0.0715,0.0114,-0.0889,-0.0559,0.0103,-0.0910,0.0322,0.0905,0.0247,0.0270,0.1014,-0.0267,0.0035,-0.0194,-0.0116,0.0596,0.0583,-0.0206,0.0817,0.0549,-0.0084,-0.0180,0.3344,0.2330,-0.0271,0.0224,-0.0417,-0.1871
35,0.033171,0.0079,-0.0359,0.1670,0.0550,-0.2325,0.0041,0.2032,-0.1380,0.0024,-0.1778,-0.1693,0.3426,0.3343,0.3084,-0.3057,-0.2191,-0.0834,0.0777,-0.0383,-0.0652,0.1505,0.0191,0.0584,0.0241,0.0014,-0.0087,-0.0004,0.0639,-0.0006,-0.0042,0.0746,-0.0041,0.1487,0.0608,-0.0000,-0.0022,0.2369,0.0246,-0.0285,-0.1408,-0.0067,-0.1089,0.2383,0.9932,0.0000,0.1165,-0.1165,-0.0071,0.9932,0.0621,0.0048,0.1474,-0.0888,0.0075,0.1485,-0.0888,0.0075,0.1485,0.0911,0.0043,0.1472,-0.1291,0.0155,0.0918,0.1307,0.0104,0.0898,0.0882,-0.0069,-0.1891,-0.0556,-0.0119,-0.1916,0.0005,0.0020,0.0697,0.0659,0.0087,-0.0655,-0.0549,0.0091,-0.0713,0.0714,0.0121,-0.0889,-0.0560,0.0113,-0.0908,0.0332,0.0713,0.0097,0.0288,0.1200,-0.0194,0.0176,-0.0190,-0.0124,0.0660,0.0614,-0.0206,0.0648,0.0484,-0.0069,-0.0199,0.2952,0.1955,-0.0183,0.0080,-0.0268,-0.1483
36,0.034146,0.0081,-0.0351,0.1674,0.0551,-0.2327,0.0041,0.2044,-0.1380,0.0023,-0.1766,-0.1694,0.3449,0.3353,0.3084,-0.3057,-0.2155,-0.0832,0.0774,-0.0404,-0.0652,0.1493,0.0071,0.0480,0.0258,0.0090,-0.0103,0.0052,0.0842,-0.0001,-0.0039,0.0821,-0.0050,0.1594,0.0612,-0.0000,-0.0059,0.2468,-0.0005,-0.0242,0.3041,0.0001,-0.0616,0.2382,0.9923,0.0000,0.1239,-0.1239,-0.0085,0.9923,0.0624,0.0030,0.1473,-0.0885,0.0059,0.1487,-0.0885,0.0059,0.1487,0.0914,0.0024,0.1471,-0.1289,0.0144,0.0921,0.1309,0.0090,0.0896,0.0880,-0.0059,-0.1893,-0.0558,-0.0107,-0.1916,0.0007,0.0009,0.0697,0.0659,0.0087,-0.0656,-0.0549,0.0095,-0.0711,0.0713,0.0124,-0.0889,-0.0561,0.0119,-0.0907,0.0341,0.0482,-0.0078,0.0332,0.1366,-0.0122,0.0148,-0.0158,-0.0135,0.0671,0.0600,-0.0185,0.0300,0.0333,-0.0094,-0.0269,0.2271,0.1485,-0.0156,-0.0022,-0.0049,-0.1202
37,0.035122,0.0082,-0.0342,0.1679,0.0553,-0.2328,0.0042,0.2063,-0.1380,0.0022,-0.1751,-0.1694,0.3478,0.3362,0.3084,-0.3059,-0.2107,-0.0837,0.0771,-0.0386,-0.0649,0.1483,0.0009,0.0413,0.0279,0.0164,-0.0017,0.0033,0.1169,-0.0000,-0.0035,0.0748,-0.0008,0.1522,0.0414,-0.0000,-0.0148,0.2608,-0.0423,-0.0164,0.2865,0.0187,-0.0347,0.2381,0.9911,-0.0000,0.1333,-0.1333,-0.0106,0.9910,0.0626,0.0021,0.1473,-0.0884,0.0053,0.1489,-0.0884,0.0053,0.1489,0.0916,0.0015,0.1470,-0.1288,0.0143,0.0924,0.1310,0.0085,0.0895,0.0876,-0.0044,-0.1895,-0.0561,-0.0090,-0.1915,0.0007,0.0008,0.0697,0.0657,0.0094,-0.0656,-0.0551,0.0105,-0.0709,0.0712,0.0132,-0.0889,-0.0563,0.0130,-0.0905,0.0351,0.0221,-0.0297,0.0317,0.1464,-0.0005,0.0235,-0.0127,-0.0147,0.0840,0.0536,-0.0173,0.0117,0.0141,-0.0069,-0.0268,0.1622,0.1012,-0.0044,-0.0216,0.0138,-0.0780
38,0.036098,0.0080,-0.0336,0.1683,0.0556,-0.2328,0.0043,0.2083,-0.1380,0.0022,-0.1740,-0.1694,0.3504,0.3367,0.3084,-0.3061,-0.2069,-0.0849,0.0770,-0.0365,-0.0645,0.1480,-0.0204,0.0320,0.0212,0.0233,-0.0002,0.0177,0.1573,-0.0001,-0.0055,0.0672,-0.0002,0.1784,0.0236,0.0000,-0.0128,0.2513,-0.1017,-0.0034,-0.6147,0.0286,0.0014,0.2380,0.9901,-0.0000,0.1406,-0.1406,-0.0126,0.9900,0.0630,0.0004,0.1471,-0.0880,0.0040,0.1491,-0.0880,0.0040,0.1491,0.0920,-0.0003,0.1468,-0.1285,0.0134,0.0928,0.1313,0.0070,0.0893,0.0873,-0.0035,-0.1897,-0.0564,-0.0077,-0.1914,0.0009,-0.0001,0.0697,0.0657,0.0095,-0.0657,-0.0551,0.0110,-0.0707,0.0711,0.0135,-0.0890,-0.0564,0.0137,-0.0902,0.0361,-0.0042,-0.0564,0.0293,0.1666,0.0185,0.0452,-0.0112,-0.0180,0.1035,0.0499,-0.0198,-0.0012,0.0048,-0.0029,-0.0212,0.1111,0.0636,0.0170,-0.0526,0.0262,-0.0315
39,0.037073,0.0073,-0.0333,0.1686,0.0563,-0.2327,0.0050,0.2114,-0.1381,0.0021,-0.1729,-0.1694,0.3539,0.3370,0.3084,-0.3063,-0.2024,-0.0870,0.0772,-0.0399,-0.0640,0.1487,-0.0489,0.0070,0.0111,0.0480,0.0156,0.0579,0.1835,-0.0036,-0.0041,0.0592,-0.0007,0.1860,0.0122,0.0000,-0.0085,0.2574,-0.1377,0.0372,0.0927,0.0294,0.0493,0.2379,0.9889,-0.0000,0.1489,-0.1489,-0.0152,0.9887,0.0632,-0.0004,0.1470,-0.0877,0.0035,0.1493,-0.0877,0.0035,0.1493,0.0922,-0.0012,0.1466,-0.1284,0.0133,0.0932,0.1314,0.0064,0.0891,0.0868,-0.0022,-0.1899,-0.0568,-0.0060,-0.1913,0.0010,-0.0003,0.0697,0.0655,0.0100,-0.0657,-0.0554,0.0120,-0.0705,0.0709,0.0142,-0.0890,-0.0567,0.0149,-0.0900,0.0371,-0.0295,-0.0741,0.0308,0.1790,0.0337,0.0445,-0.0107,-0.0191,0.1065,0.0392,-0.0235,-0.0218,-0.0100,-0.0011,-0.0222,0.0415,0.0178,0.0234,-0.0554,0.0439,-0.0109
40,0.038049,0.0059,-0.0332,0.1687,0.0574,-0.2322,0.0062,0.2148,-0.1381,0.0020,-0.1720,-0.1696,0.3578,0.3372,0.3084,-0.3065,-0.1977,-0.0905,0.0776,-0.0297,-0.0635,0.1495,-0.0964,0.0018,0.0069,0.0618,0.0327,0.0613,0.1586,0.0203,-0.0053,0.0375,-0.0099,0.1961,0.0045,-0.0001,-0.0084,0.2514,-0.2392,-0.2610,0.3090,0.0578,0.0661,0.2377,0.9876,0.0000,0.1570,-0.1570,-0.0183,0.9874,0.0636,-0.0018,0.1468,-0.0873,0.0025,0.1496,-0.0873,0.0025,0.1496,0.0926,-0.0027,0.1463,-0.1281,0.0128,0.0936,0.1317,0.0053,0.0888,0.0861,-0.0010,-0.1901,-0.0574,-0.0043,-0.1911,0.0012,-0.0009,0.0697,0.0653,0.0103,-0.0658,-0.0556,0.0129,-0.0702,0.0706,0.0146,-0.0891,-0.0570,0.0160,-0.0897,0.0380,-0.0556,-0.0957,0.0323,0.2022,0.0469,0.0470,-0.0112,-0.0207,0.1225,0.0276,-0.0288,-0.0376,-0.0243,0.0052,-0.0199,-0.0214,-0.0244,0.0344,-0.0717,0.0567,0.0171
41,0.039024,0.0044,-0.0332,0.1688,0.0583,-0.2317,0.0070,0.2166,-0.1376,0.0020,-0.1716,-0.1697,0.3604,0.3373,0.3084,-0.3066,-0.1945,-0.0937,0.0741,-0.0353,-0.0627,0.1505,-0.1551,0.0006,0.0065,0.0937,0.0511,0.0665,0.1296,0.0379,-0.0013,0.0196,-0.0232,0.2597,0.0012,-0.0003,-0.0097,0.2051,-0.2888,-1.7808,1.1849,0.0534,0.0874,0.2376,0.9868,0.0000,0.1622,-0.1621,-0.0204,0.9866,0.0641,-0.0033,0.1466,-0.0868,0.0012,0.1498,-0.0868,0.0012,0.1498,0.0931,-0.0042,0.1460,-0.1277,0.0120,0.0940,0.1321,0.0041,0.0885,0.0857,-0.0003,-0.1904,-0.0578,-0.0032,-0.1909,0.0015,-0.0018,0.0697,0.0653,0.0102,-0.0660,-0.0557,0.0133,-0.0700,0.0705,0.0147,-0.0892,-0.0571,0.0165,-0.0894,0.0390,-0.0644,-0.1151,0.0496,0.1971,0.0285,0.0080,-0.0118,-0.0202,0.1517,0.0127,-0.0307,-0.0667,-0.0703,0.0023,-0.0209,-0.1031,-0.0843,0.0154,-0.0355,0.0780,0.0185
42,0.040000,0.0020,-0.0333,0.1692,0.0598,-0.2308,0.0079,0.2189,-0.1367,0.0019,-0.1713,-0.1701,0.3641,0.3370,0.3084,-0.3067,-0.1912,-0.0988,0.0775,-0.0341,-0.0615,0.1522,-0.0917,-0.0140,0.0341,0.0871,0.0530,0.0174,0.0766,0.0518,-0.0018,0.0061,-0.0127,0.1339,-0.0160,-0.0002,-0.0044,0.1326,-0.1224,-0.6504,-1.2249,0.0555,0.1528,0.2374,0.9856,-0.0000,0.1690,-0.1689,-0.0236,0.9853,0.0643,-0.0040,0.1465,-0.0865,0.0008,0.1500,-0.0865,0.0008,0.1500,0.0933,-0.0049,0.1458,-0.1275,0.0119,0.0944,0.1322,0.0037,0.0882,0.0850,0.0010,-0.1906,-0.0584,-0.0015,-0.1907,0.0016,-0.0019,0.0697,0.0650,0.0108,-0.0660,-0.0560,0.0143,-0.0697,0.0702,0.0153,-0.0893,-0.0575,0.0177,-0.0891,0.0400,-0.0761,-0.1169,0.0252,0.2200,0.0562,0.0654,-0.0119,-0.0296,0.1387,0.0316,-0.0369,-0.0573,-0.0340,-0.0027,-0.0068,-0.1016,-0.0607,0.0626,-0.1012,0.0571,0.0426
43,0.040976,0.0005,-0.0341,0.1696,0.0629,-0.2285,0.0088,0.2195,-0.1358,0.0019,-0.1710,-0.1703,0.3663,0.3379,0.3084,-0.3068,-0.1895,-0.0996,0.0777,-0.0379,-0.0608,0.1540,-0.0419,-0.0419,0.0085,0.2004,0.1542,0.0900,0.0061,0.0450,-0.0018,0.0384,-0.0241,0.1682,0.1342,0.0000,-0.0033,0.1150,-0.0063,0.3103,-1.1388,0.0455,0.1175,0.2374,0.9845,0.0000,0.1757,-0.1756,-0.0252,0.9841,0.0645,-0.0048,0.1464,-0.0864,-0.0000,0.1501,-0.0864,-0.0000,0.1501,0.0934,-0.0058,0.1457,-0.1275,0.0114,0.0946,0.1322,0.0032,0.0881,0.0843,0.0022,-0.1907,-0.0592,-0.0002,-0.1906,0.0016,-0.0023,0.0697,0.0647,0.0112,-0.0661,-0.0563,0.0150,-0.0696,0.0698,0.0160,-0.0893,-0.0579,0.0185,-0.0889,0.0410,-0.0936,-0.1263,0.0224,0.2278,0.0747,0.0673,-0.0139,-0.0334,0.1522,0.0322,-0.0391,-0.0766,-0.0372,-0.0085,-0.0003,-0.1649,-0.0851,0.0726,-0.1078,0.0776,0.0542
44,0.041951,-0.0001,-0.0347,0.1697,0.0657,-0.2263,0.0102,0.2194,-0.1353,0.0018,-0.1703,-0.1708,0.3693,0.3407,0.3084,-0.3068,-0.1880,-0.0989,0.0797,-0.0407,-0.0597,0.1563,-0.0531,-0.0600,0.0020,0.2060,0.1608,0.1100,-0.0163,0.0263,-0.0030,0.0374,-0.0300,0.1624,0.1632,-0.0029,-0.0005,0.0310,0.0492,0.4200,-0.2942,0.0744,0.1168,0.2374,0.9836,0.0000,0.1803,-0.1803,-0.0257,0.9833,0.0646,-0.0057,0.1463,-0.0862,-0.0012,0.1501,-0.0862,-0.0012,0.1501,0.0936,-0.0067,0.1456,-0.1273,0.0105,0.0947,0.1324,0.0027,0.0881,0.0839,0.0030,-0.1908,-0.0597,0.0007,-0.1905,0.0017,-0.0029,0.0697,0.0647,0.0115,-0.0660,-0.0564,0.0153,-0.0694,0.0697,0.0164,-0.0893,-0.0581,0.0189,-0.0887,0.0420,-0.1033,-0.1356,0.0277,0.2306,0.0835,0.0540,-0.0146,-0.0337,0.1487,0.0237,-0.0445,-0.0964,-0.0453,-0.0091,-0.0004,-0.2107,-0.1178,0.0673,-0.1001,0.0939,0.0519
45,0.042927,-0.0008,-0.0357,0.1697,0.0688,-0.2239,0.0118,0.2191,-0.1351,0.0018,-0.1699,-0.1714,0.3714,0.3432,0.3084,-0.3068,-0.1878,-0.0981,0.0820,-0.0430,-0.0586,0.1578,-0.0513,-0.0739,0.0004,0.1993,0.1650,0.0968,-0.0227,0.0095,-0.0033,0.0201,-0.0414,0.1316,0.1611,-0.0040,-0.0000,-0.0074,0.0405,-0.5481,0.1224,0.0836,0.0932,0.2374,0.9826,-0.0000,0.1856,-0.1855,-0.0258,0.9823,0.0645,-0.0062,0.1463,-0.0864,-0.0018,0.1501,-0.0864,-0.0018,0.1501,0.0935,-0.0070,0.1456,-0.1275,0.0100,0.0947,0.1322,0.0027,0.0881,0.0832,0.0040,-0.1908,-0.0604,0.0017,-0.1904,0.0016,-0.0030,0.0696,0.0644,0.0120,-0.0660,-0.0568,0.0158,-0.0693,0.0694,0.0170,-0.0892,-0.0585,0.0196,-0.0886,0.0429,-0.1062,-0.1412,0.0365,0.2210,0.0802,0.0340,-0.0221,-0.0421,0.1440,0.0092,-0.0458,-0.1059,-0.0701,-0.0064,-0.0004,-0.2590,-0.1572,0.0519,-0.0851,0.0997,0.0513
46,0.043902,-0.0018,-0.0370,0.1697,0.0723,-0.2209,0.0133,0.2187,-0.1350,0.0017,-0.1696,-0.1721,0.3736,0.3458,0.3083,-0.3068,-0.1883,-0.0975,0.0859,-0.0454,-0.0572,0.1594,-0.0656,-0.0768,0.0001,0.1849,0.1545,0.0620,-0.0194,0.0018,-0.0027,0.0096,-0.0490,0.1561,0.1403,-0.0034,-0.0003,-0.1158,0.0182,1.6567,-1.5112,0.0829,0.0855,0.2375,0.9821,-0.0000,0.1882,-0.1881,-0.0258,0.9818,0.0646,-0.0068,0.1463,-0.0863,-0.0026,0.1501,-0.0863,-0.0026,0.1501,0.0936,-0.0076,0.1456,-0.1274,0.0094,0.0947,0.1324,0.0024,0.0882,0.0829,0.0045,-0.1908,-0.0608,0.0021,-0.1904,0.0017,-0.0034,0.0696,0.0644,0.0121,-0.0659,-0.0569,0.0160,-0.0692,0.0693,0.0173,-0.0891,-0.0586,0.0198,-0.0885,0.0439,-0.1396,-0.1449,0.0216,0.2317,0.1026,0.0511,-0.0203,-0.0345,0.1655,0.0262,-0.0349,-0.1318,-0.0529,-0.0167,0.0217,-0.3303,-0.1193,0.0905,-0.1009,0.1239,0.0664
47,0.044878,-0.0033,-0.0390,0.1697,0.0760,-0.2177,0.0146,0.2184,-0.1349,0.0017,-0.1691,-0.1726,0.3761,0.3482,0.3081,-0.3066,-0.1906,-0.0970,0.0842,-0.0450,-0.0554,0.1610,-0.0824,-0.1129,0.0000,0.1877,0.1684,0.0752,-0.0071,0.0028,-0.0022,0.0241,-0.0194,0.1034,0.1086,-0.0172,0.0222,-0.1162,0.0238,0.8458,0.2069,0.0828,0.0766,0.2375,0.9817,0.0000,0.1905,-0.1905,-0.0255,0.9814,0.0644,-0.0068,0.1463,-0.0865,-0.0028,0.1501,-0.0865,-0.0028,0.1501,0.0934,-0.0076,0.1456,-0.1276,0.0093,0.0947,0.1322,0.0025,0.0882,0.0823,0.0051,-0.1909,-0.0614,0.0027,-0.1903,0.0016,-0.0034,0.0696,0.0641,0.0125,-0.0659,-0.0572,0.0164,-0.0692,0.0690,0.0177,-0.0891,-0.0590,0.0202,-0.0885,0.0449,-0.1288,-0.1574,0.0306,0.2230,0.0938,0.0360,-0.0319,-0.0405,0.1459,0.0116,-0.0449,-0.1240,-0.0655,-0.0154,0.0126,-0.3330,-0.1618,0.0816,-0.0925,0.1198,0.0522
48,0.045854,-0.0045,-0.0405,0.1697,0.0783,-0.2156,0.0155,0.2183,-0.1349,0.0017,-0.1689,-0.1730,0.3776,0.3497,0.3080,-0.3063,-0.1924,-0.0969,0.0875,-0.0427,-0.0544,0.1618,-0.1057,-0.1252,0.0000,0.1940,0.1749,0.0591,-0.0112,0.0005,-0.0017,0.0113,-0.0613,0.1418,0.1284,-0.0181,0.0133,-0.1512,-0.0227,1.6036,1.6844,0.0707,0.0431,0.2375,0.9815,-0.0000,0.1912,-0.1912,-0.0252,0.9812,0.0645,-0.0070,0.1464,-0.0864,-0.0031,0.1500,-0.0864,-0.0031,0.1500,0.0935,-0.0077,0.1457,-0.1274,0.0090,0.0946,0.1323,0.0025,0.0883,0.0820,0.0053,-0.1909,-0.0617,0.0029,-0.1903,0.0017,-0.0035,0.0696,0.0641,0.0126,-0.0659,-0.0572,0.0164,-0.0692,0.0689,0.0179,-0.0891,-0.0591,0.0204,-0.0884,0.0459,-0.1328,-0.1791,0.0384,0.1943,0.0818,0.0157,-0.0379,-0.0377,0.1648,0.0047,-0.0390,-0.1405,-0.1049,-0.0151,0.0117,-0.3617,-0.2209,0.0575,-0.0377,0.1474,0.0359
49,0.046829,-0.0064,-0.0429,0.1697,0.0811,-0.2129,0.0162,0.2182,-0.1350,0.0016,-0.1688,-0.1737,0.3794,0.3515,0.3077,-0.3061,-0.1955,-0.0976,0.0935,-0.0392,-0.0525,0.1626,-0.1104,-0.1341,0.0000,0.1267,0.1303,0.0161,-0.0024,-0.0108,-0.0015,0.0014,-0.0278,0.0681,0.0711,-0.0110,0.0084,-0.1725,-0.0568,-0.2884,-0.2192,0.0955,0.0330,0.2376,0.9816,0.0000,0.1909,-0.1908,-0.0249,0.9813,0.0643,-0.0068,0.1464,-0.0866,-0.0030,0.1500,-0.0866,-0.0030,0.1500,0.0933,-0.0076,0.1457,-0.1276,0.0090,0.0946,0.1321,0.0027,0.0883,0.0814,0.0056,-0.1909,-0.0621,0.0030,-0.1902,0.0015,-0.0034,0.0696,0.0638,0.0128,-0.0659,-0.0575,0.0166,-0.0692,0.0686,0.0181,-0.0891,-0.0594,0.0206,-0.0884,0.0468,-0.1219,-0.1447,0.0300,0.2272,0.0922,0.0370,-0.0344,-0.0489,0.1432,0.0049,-0.0492,-0.1341,-0.0671,-0.0086,0.0081,-0.3350,-0.1619,0.0795,-0.1124,0.0926,0.0517
50,0.047805,-0.0083,-0.0452,0.1697,0.0840,-0.2102,0.0167,0.2181,-0.1351,0.0016,-0.1688,-0.1743,0.3806,0.3525,0.3075,-0.3060,-0.1978,-0.0985,0.0916,-0.0412,-0.0518,0.1632,-0.0846,-0.1006,-0.0000,0.1666,0.1478,0.0416,-0.0007,-0.0032,-0.0010,0.0003,-0.0504,0.0956,0.0755,-0.0083,0.0022,-0.1315,-0.0516,0.5183,0.4583,0.0046,0.0430,0.2376,0.9819,-0.0000,0.1894,-0.1893,-0.0244,0.9816,0.0643,-0.0066,0.1464,-0.0866,-0.0027,0.1500,-0.0866,-0.0027,0.1500,0.0932,-0.0073,0.1457,-0.1276,0.0092,0.0945,0.1321,0.0029,0.0884,0.0810,0.0055,-0.1909,-0.0626,0.0030,-0.1902,0.0015,-0.0033,0.0696,0.0637,0.0128,-0.0659,-0.0577,0.0167,-0.0692,0.0684,0.0181,-0.0891,-0.0596,0.0206,-0.0884,0.0478,-0.1268,-0.1556,0.0320,0.2170,0.0908,0.0325,-0.0370,-0.0461,0.1446,0.0038,-0.0461,-0.1262,-0.0730,-0.0133,0.0112,-0.3393,-0.1778,0.0818,-0.0938,0.1109,0.0453
51,0.048780,-0.0097,-0.0468,0.1697,0.0864,-0.2080,0.0173,0.2181,-0.1352,0.0016,-0.1688,-0.1751,0.3825,0.3541,0.3074,-0.3060,-0.2005,-0.0996,0.0942,-0.0413,-0.0512,0.1638,-0.1122,-0.1146,0.0000,0.1632,0.1501,0.0415,-0.0001,-0.0049,-0.0010,0.0001,-0.0413,0.1101,0.0807,-0.0096,0.0049,-0.1430,-0.0800,0.7096,0.6824,0.0406,0.0271,0.2376,0.9822,-0.0000,0.1877,-0.1877,-0.0237,0.9819,0.0642,-0.0063,0.1465,-0.0867,-0.0025,0.1499,-0.0867,-0.0025,0.1499,0.0932,-0.0070,0.1458,-0.1277,0.0093,0.0944,0.1320,0.0031,0.0884,0.0807,0.0054,-0.1909,-0.0629,0.0028,-0.1902,0.0015,-0.0032,0.0696,0.0636,0.0128,-0.0658,-0.0578,0.0167,-0.0692,0.0683,0.0181,-0.0891,-0.0598,0.0206,-0.0884,0.0488,-0.1243,-0.1564,0.0321,0.2109,0.0865,0.0311,-0.0345,-0.0437,0.1445,0.0044,-0.0445,-0.1208,-0.0753,-0.0134,0.0109,-0.3241,-0.1813,0.0822,-0.0873,0.1131,0.0395
52,0.049756,-0.0118,-0.0488,0.1697,0.0892,-0.2054,0.0181,0.2181,-0.1353,0.0016,-0.1688,-0.1758,0.3844,0.3555,0.3072,-0.3059,-0.2029,-0.1014,0.1048,-0.0426,-0.0506,0.1642,-0.1145,-0.1095,0.0000,0.1396,0.1306,0.0387,0.0001,-0.0062,-0.0022,0.0001,-0.0365,0.0974,0.0664,-0.0090,0.0061,-0.1305,-0.1086,-0.0659,-1.1045,0.0368,0.0232,0.2376,0.9828,0.0000,0.1847,-0.1847,-0.0228,0.9825,0.0641,-0.0059,0.1465,-0.0868,-0.0021,0.1499,-0.0868,-0.0021,0.1499,0.0931,-0.0066,0.1459,-0.1277,0.0095,0.0943,0.1319,0.0034,0.0885,0.0803,0.0051,-0.1909,-0.0632,0.0025,-0.1902,0.0014,-0.0030,0.0696,0.0635,0.0126,-0.0658,-0.0579,0.0166,-0.0692,0.0681,0.0180,-0.0891,-0.0599,0.0206,-0.0884,0.0498,-0.1206,-0.1326,0.0218,0.2320,0.0884,0.0517,-0.0277,-0.0504,0.1437,0.0102,-0.0454,-0.1260,-0.0474,-0.0074,0.0106,-0.2907,-0.1233,0.0903,-0.1332,0.0797,0.0505
53,0.050732,-0.0133,-0.0501,0.1697,0.0912,-0.2036,0.0186,0.2181,-0.1354,0.0016,-0.1688,-0.1763,0.3856,0.3562,0.3071,-0.3058,-0.2042,-0.1028,0.1050,-0.0462,-0.0504,0.1645,-0.1141,-0.0996,-0.0000,0.1694,0.1483,0.0617,0.0000,-0.0042,-0.0007,0.0001,-0.0407,0.1002,0.0592,-0.0042,0.0054,-0.0780,-0.1002,-0.2913,0.1828,-0.0112,0.0277,0.2376,0.9833,-0.0000,0.1821,-0.1820,-0.0220,0.9830,0.0640,-0.0051,0.1466,-0.0869,-0.0014,0.1498,-0.0869,-0.0014,0.1498,0.0930,-0.0059,0.1460,-0.1277,0.0100,0.0941,0.1319,0.0040,0.0887,0.0801,0.0047,-0.1909,-0.0634,0.0022,-0.1902,0.0014,-0.0026,0.0696,0.0635,0.0127,-0.0658,-0.0579,0.0167,-0.0693,0.0681,0.0179,-0.0891,-0.0600,0.0206,-0.0885,0.0507,-0.1080,-0.1376,0.0300,0.2127,0.0781,0.0359,-0.0290,-0.0468,0.1431,0.0039,-0.0452,-0.1039,-0.0650,-0.0083,0.0048,-0.2616,-0.1569,0.0759,-0.1013,0.0863,0.0380
54,0.051707,-0.0156,-0.0520,0.1697,0.0945,-0.2006,0.0200,0.2181,-0.1354,0.0015,-0.1688,-0.1772,0.3878,0.3575,0.3071,-0.3057,-0.2056,-0.1055,0.1055,-0.0450,-0.0504,0.1649,-0.1099,-0.0739,0.0000,0.1427,0.1284,0.0511,0.0023,-0.0033,-0.0011,0.0000,-0.0380,0.1065,0.0473,-0.0038,0.0014,-0.0597,-0.1519,-0.5793,0.0475,0.0019,0.0138,0.2376,0.9842,0.0000,0.1773,-0.1773,-0.0202,0.9840,0.0638,-0.0047,0.1467,-0.0872,-0.0010,0.1497,-0.0872,-0.0010,0.1497,0.0927,-0.0054,0.1461,-0.1279,0.0101,0.0939,0.1317,0.0043,0.0888,0.0799,0.0040,-0.1909,-0.0636,0.0015,-0.1902,0.0013,-0.0025,0.0697,0.0633,0.0123,-0.0658,-0.0581,0.0164,-0.0694,0.0679,0.0175,-0.0891,-0.0602,0.0203,-0.0886,0.0517,-0.1050,-0.1343,0.0296,0.2142,0.0750,0.0426,-0.0243,-0.0465,0.1387,0.0053,-0.0441,-0.0973,-0.0546,-0.0065,0.0023,-0.2243,-0.1453,0.0777,-0.1057,0.0728,0.0325
55,0.052683,-0.0172,-0.0530,0.1697,0.0964,-0.1989,0.0206,0.2182,-0.1355,0.0015,-0.1688,-0.1777,0.3893,0.3581,0.3070,-0.3057,-0.2062,-0.1077,0.1024,-0.0429,-0.0505,0.1651,-0.1372,-0.0895,0.0000,0.1597,0.1361,0.0568,0.0030,-0.0013,-0.0008,0.0001,-0.0415,0.1241,0.0634,-0.0030,0.0006,-0.0103,-0.1867,-1.6348,1.0960,-0.0263,0.0057,0.2375,0.9848,0.0000,0.1739,-0.1739,-0.0190,0.9846,0.0636,-0.0037,0.1468,-0.0874,-0.0001,0.1495,-0.0874,-0.0001,0.1495,0.0926,-0.0045,0.1463,-0.1280,0.0108,0.0936,0.1316,0.0050,0.0890,0.0797,0.0034,-0.1908,-0.0637,0.0011,-0.1903,0.0012,-0.0019,0.0697,0.0633,0.0123,-0.0658,-0.0581,0.0165,-0.0695,0.0679,0.0174,-0.0891,-0.0602,0.0203,-0.0887,0.0527,-0.0970,-0.1365,0.0413,0.1878,0.0549,0.0245,-0.0331,-0.0507,0.1661,-0.0019,-0.0339,-0.0927,-0.0828,-0.0074,-0.0000,-0.2183,-0.1766,0.0351,-0.0473,0.0905,0.0263
56,0.053659,-0.0196,-0.0542,0.1698,0.0991,-0.1966,0.0215,0.2184,-0.1356,0.0015,-0.1688,-0.1782,0.3914,0.3588,0.3070,-0.3057,-0.2064,-0.1117,0.1029,-0.0348,-0.0505,0.1653,-0.1322,-0.0629,0.0141,0.1055,0.0962,0.0329,0.0134,-0.0088,-0.0007,0.0000,-0.0231,0.0968,0.0158,-0.0013,-0.0001,-0.0160,-0.2346,-0.9844,-0.5259,0.0132,0.0133,0.2374,0.9857,0.0000,0.1683,-0.1682,-0.0169,0.9856,0.0633,-0.0030,0.1469,-0.0876,0.0007,0.1494,-0.0876,0.0007,0.1494,0.0923,-0.0037,0.1465,-0.1282,0.0112,0.0934,0.1315,0.0054,0.0892,0.0796,0.0024,-0.1908,-0.0638,0.0003,-0.1903,0.0011,-0.0016,0.0697,0.0633,0.0118,-0.0658,-0.0582,0.0163,-0.0696,0.0679,0.0169,-0.0891,-0.0603,0.0200,-0.0889,0.0537,-0.0898,-0.1189,0.0247,0.2178,0.0624,0.0569,-0.0159,-0.0412,0.1424,0.0119,-0.0407,-0.0742,-0.0283,-0.0037,-0.0024,-0.1273,-0.0953,0.0800,-0.1162,0.0466,0.0163
57,0.054634,-0.0222,-0.0555,0.1700,0.1017,-0.1944,0.0225,0.2187,-0.1355,0.0015,-0.1688,-0.1788,0.3935,0.3593,0.3069,-0.3057,-0.2053,-0.1159,0.1031,-0.0398,-0.0512,0.1654,-0.1338,-0.0518,0.0043,0.1653,0.1353,0.0805,0.0281,0.0141,-0.0009,0.0001,-0.0317,0.1386,0.0319,-0.0008,0.0001,0.0796,-0.2290,0.3806,0.3064,-0.0434,0.0058,0.2373,0.9867,0.0000,0.1623,-0.1623,-0.0144,0.9866,0.0630,-0.0025,0.1471,-0.0879,0.0013,0.1493,-0.0879,0.0013,0.1493,0.0920,-0.0032,0.1467,-0.1284,0.0116,0.0931,0.1313,0.0057,0.0894,0.0796,0.0014,-0.1906,-0.0638,-0.0006,-0.1904,0.0009,-0.0014,0.0697,0.0633,0.0114,-0.0657,-0.0582,0.0159,-0.0698,0.0679,0.0163,-0.0890,-0.0603,0.0196,-0.0890,0.0546,-0.0915,-0.1255,0.0269,0.2032,0.0588,0.0503,-0.0151,-0.0312,0.1189,0.0189,-0.0305,-0.0537,-0.0337,-0.0057,-0.0025,-0.1159,-0.0836,0.0954,-0.1041,0.0597,0.0105
58,0.055610,-0.0244,-0.0563,0.1700,0.1041,-0.1925,0.0237,0.2192,-0.1353,0.0015,-0.1686,-0.1791,0.3957,0.3598,0.3069,-0.3057,-0.2039,-0.1194,0.1101,-0.0433,-0.0516,0.1655,-0.1892,-0.0714,0.0009,0.1762,0.1432,0.0842,0.0362,0.0251,-0.0003,0.0284,-0.0126,0.1934,0.0284,-0.0005,0.0003,0.1158,-0.2424,2.0704,1.5310,-0.0161,0.0049,0.2372,0.9876,0.0000,0.1573,-0.1572,-0.0120,0.9875,0.0626,-0.0012,0.1472,-0.0883,0.0025,0.1490,-0.0883,0.0025,0.1490,0.0916,-0.0019,0.1469,-0.1287,0.0124,0.0926,0.1310,0.0066,0.0897,0.0797,0.0004,-0.1905,-0.0638,-0.0012,-0.1905,0.0007,-0.0007,0.0697,0.0633,0.0112,-0.0656,-0.0582,0.0160,-0.0700,0.0679,0.0160,-0.0890,-0.0603,0.0197,-0.0893,0.0556,-0.0821,-0.1394,0.0315,0.1743,0.0418,0.0317,-0.0231,-0.0269,0.1175,0.0133,-0.0267,-0.0675,-0.0564,-0.0132,-0.0033,-0.1121,-0.0953,0.0773,-0.0536,0.0915,-0.0017
59,0.056585,-0.0271,-0.0578,0.1701,0.1056,-0.1913,0.0249,0.2200,-0.1350,0.0015,-0.1684,-0.1794,0.3981,0.3599,0.3069,-0.3057,-0.2047,-0.1239,0.1048,-0.0430,-0.0524,0.1653,-0.1549,-0.1082,0.0071,0.0336,0.0259,0.0425,0.0481,0.0071,-0.0003,0.0049,-0.0129,0.0807,-0.0129,-0.0088,0.0002,-0.1073,-0.2422,-0.0388,0.8612,-0.0424,-0.0226,0.2371,0.9886,0.0000,0.1503,-0.1503,-0.0097,0.9886,0.0625,-0.0006,0.1473,-0.0885,0.0031,0.1489,-0.0885,0.0031,0.1489,0.0914,-0.0013,0.1471,-0.1288,0.0126,0.0924,0.1309,0.0069,0.0899,0.0799,-0.0008,-0.1904,-0.0636,-0.0023,-0.1905,0.0007,-0.0006,0.0697,0.0634,0.0106,-0.0656,-0.0581,0.0155,-0.0701,0.0680,0.0153,-0.0889,-0.0602,0.0191,-0.0894,0.0566,-0.0618,-0.1152,0.0309,0.1875,0.0397,0.0427,-0.0180,-0.0307,0.1252,0.0188,-0.0223,-0.0241,-0.0240,-0.0013,-0.0077,-0.0245,-0.0365,0.0748,-0.0792,0.0361,-0.0147
60,0.057561,-0.0300,-0.0598,0.1704,0.1063,-0.1910,0.0257,0.2208,-0.1349,0.0015,-0.1683,-0.1795,0.3997,0.3596,0.3068,-0.3057,-0.2073,-0.1279,0.0979,-0.0345,-0.0540,0.1649,-0.1538,-0.1133,0.0280,0.0348,0.0159,0.0540,0.0364,0.0007,-0.0004,0.0082,-0.0049,0.0880,-0.0119,-0.0030,-0.0001,-0.1639,-0.2091,-0.1952,-0.0954,-0.1057,-0.0243,0.2371,0.9897,-0.0000,0.1428,-0.1428,-0.0083,0.9897,0.0623,0.0005,0.1474,-0.0886,0.0043,0.1488,-0.0886,0.0043,0.1488,0.0913,-0.0002,0.1471,-0.1288,0.0133,0.0922,0.1309,0.0076,0.0899,0.0800,-0.0018,-0.1903,-0.0634,-0.0033,-0.1905,0.0006,-0.0000,0.0697,0.0635,0.0102,-0.0656,-0.0581,0.0153,-0.0702,0.0681,0.0147,-0.0890,-0.0602,0.0188,-0.0895,0.0576,-0.0477,-0.0903,0.0230,0.1916,0.0316,0.0585,-0.0136,-0.0213,0.1182,0.0275,-0.0200,0.0019,0.0106,0.0052,-0.0121,0.0666,0.0228,0.0798,-0.1026,0.0082,-0.0269
61,0.058537,-0.0326,-0.0620,0.1709,0.1070,-0.1906,0.0266,0.2212,-0.1349,0.0015,-0.1681,-0.1796,0.4006,0.3595,0.3067,-0.3057,-0.2093,-0.1305,0.1008,-0.0316,-0.0555,0.1646,-0.1410,-0.1193,0.0253,0.0444,0.0233,0.0787,0.0271,-0.0003,-0.0003,0.0322,-0.0031,0.0582,-0.0056,-0.0011,0.0003,-0.1333,-0.1730,-1.4182,1.6959,-0.1710,-0.0389,0.2370,0.9907,-0.0000,0.1358,-0.1358,-0.0075,0.9907,0.0622,0.0017,0.1474,-0.0887,0.0053,0.1487,-0.0887,0.0053,0.1487,0.0912,0.0010,0.1472,-0.1289,0.0139,0.0920,0.1308,0.0084,0.0899,0.0801,-0.0028,-0.1903,-0.0634,-0.0042,-0.1905,0.0005,0.0005,0.0697,0.0635,0.0098,-0.0656,-0.0581,0.0150,-0.0703,0.0681,0.0143,-0.0890,-0.0602,0.0184,-0.0896,0.0585,-0.0303,-0.0950,0.0375,0.1644,0.0010,0.0185,-0.0253,-0.0293,0.1775,0.0075,-0.0108,-0.0023,-0.0302,0.0015,-0.0089,0.0593,0.0083,0.0181,-0.0339,0.0450,-0.0411
62,0.059512,-0.0343,-0.0633,0.1713,0.1074,-0.1903,0.0279,0.2216,-0.1350,0.0015,-0.1677,-0.1796,0.4015,0.3593,0.3067,-0.3057,-0.2119,-0.1336,0.0922,-0.0282,-0.0575,0.1640,-0.1210,-0.0869,0.0425,0.0175,0.0198,0.0447,0.0127,-0.0275,-0.0001,0.0079,-0.0016,0.0377,-0.0195,-0.0004,0.0003,-0.1562,-0.1900,-1.9959,1.5416,-0.0570,-0.0505,0.2370,0.9913,-0.0000,0.1313,-0.1313,-0.0071,0.9913,0.0622,0.0028,0.1474,-0.0887,0.0063,0.1486,-0.0887,0.0063,0.1486,0.0912,0.0022,0.1472,-0.1289,0.0145,0.0919,0.1308,0.0092,0.0899,0.0800,-0.0034,-0.1903,-0.0635,-0.0048,-0.1905,0.0005,0.0011,0.0697,0.0635,0.0097,-0.0656,-0.0581,0.0149,-0.0704,0.0681,0.0141,-0.0890,-0.0602,0.0183,-0.0897,0.0595,-0.0222,-0.0770,0.0336,0.1581,-0.0011,0.0168,-0.0265,-0.0239,0.1836,0.0075,-0.0088,0.0023,-0.0109,0.0014,-0.0088,0.0873,0.0404,0.0081,-0.0240,0.0467,-0.0665
63,0.060488,-0.0365,-0.0652,0.1722,0.1077,-0.1901,0.0283,0.2219,-0.1355,0.0015,-0.1677,-0.1796,0.4019,0.3592,0.3067,-0.3057,-0.2147,-0.1370,0.0903,-0.0246,-0.0589,0.1630,-0.1085,-0.0983,0.0514,0.0075,0.0090,0.0084,0.0112,-0.0245,-0.0004,0.0010,-0.0002,0.0162,-0.0032,-0.0002,-0.0002,-0.1421,-0.1652,-0.7860,-0.6126,-0.0688,-0.0577,0.2370,0.9921,-0.0000,0.1253,-0.1253,-0.0069,0.9921,0.0622,0.0034,0.1474,-0.0887,0.0069,0.1486,-0.0887,0.0069,0.1486,0.0912,0.0028,0.1471,-0.1289,0.0148,0.0919,0.1308,0.0095,0.0898,0.0800,-0.0042,-0.1903,-0.0635,-0.0055,-0.1904,0.0005,0.0012,0.0697,0.0634,0.0093,-0.0657,-0.0581,0.0146,-0.0704,0.0681,0.0136,-0.0891,-0.0602,0.0178,-0.0898,0.0605,-0.0109,-0.0349,0.0139,0.1561,0.0184,0.0660,-0.0188,-0.0141,0.1353,0.0282,-0.0189,0.0381,0.0782,0.0046,-0.0071,0.1821,0.1477,0.0600,-0.0909,-0.0102,-0.1127
64,0.061463,-0.0379,-0.0666,0.1729,0.1081,-0.1897,0.0287,0.2220,-0.1358,0.0015,-0.1675,-0.1796,0.4022,0.3593,0.3067,-0.3057,-0.2165,-0.1390,0.0902,-0.0247,-0.0603,0.1617,-0.0895,-0.1178,0.0339,0.0564,0.0503,0.0691,0.0062,-0.0102,-0.0009,0.0325,-0.0003,0.0196,0.0385,-0.0003,-0.0003,-0.0830,-0.0950,-1.4317,-1.3913,-0.1834,-0.1635,0.2370,0.9926,-0.0000,0.1215,-0.1215,-0.0068,0.9926,0.0623,0.0043,0.1474,-0.0887,0.0077,0.1486,-0.0887,0.0077,0.1486,0.0913,0.0037,0.1471,-0.1289,0.0153,0.0918,0.1308,0.0101,0.0897,0.0799,-0.0046,-0.1903,-0.0636,-0.0060,-0.1904,0.0006,0.0017,0.0697,0.0634,0.0093,-0.0657,-0.0582,0.0145,-0.0705,0.0681,0.0135,-0.0891,-0.0603,0.0177,-0.0898,0.0615,-0.0137,-0.0254,0.0074,0.1473,0.0342,0.0769,-0.0223,-0.0181,0.1658,0.0083,-0.0298,0.0452,0.0854,0.0128,-0.0032,0.2096,0.1764,0.0493,-0.0903,-0.0060,-0.1004
65,0.062439,-0.0395,-0.0683,0.1732,0.1091,-0.1888,0.0307,0.2221,-0.1359,0.0014,-0.1672,-0.1800,0.4031,0.3600,0.3067,-0.3057,-0.2178,-0.1405,0.0888,-0.0316,-0.0625,0.1599,-0.0732,-0.0775,0.0069,0.0571,0.0465,0.1307,0.0007,-0.0025,-0.0001,0.0054,-0.0304,0.0491,0.0408,-0.0001,0.0002,-0.0561,-0.0709,-0.6494,0.6405,-0.1110,-0.0947,0.2370,0.9930,-0.0000,0.1180,-0.1180,-0.0065,0.9930,0.0623,0.0048,0.1473,-0.0887,0.0080,0.1486,-0.0887,0.0080,0.1486,0.0912,0.0042,0.1471,-0.1289,0.0152,0.0917,0.1308,0.0106,0.0897,0.0797,-0.0051,-0.1902,-0.0637,-0.0064,-0.1904,0.0005,0.0018,0.0697,0.0634,0.0091,-0.0657,-0.0582,0.0143,-0.0705,0.0680,0.0133,-0.0892,-0.0603,0.0175,-0.0899,0.0624,0.0021,-0.0355,0.0213,0.1322,-0.0026,0.0450,-0.0310,-0.0220,0.1239,0.0256,-0.0114,0.0542,0.0630,-0.0043,-0.0064,0.1869,0.1641,0.0383,-0.0392,0.0003,-0.1494
66,0.063415,-0.0408,-0.0697,0.1735,0.1099,-0.1881,0.0328,0.2221,-0.1360,0.0014,-0.1669,-0.1803,0.4041,0.3609,0.3067,-0.3057,-0.2186,-0.1416,0.0898,-0.0320,-0.0640,0.1582,-0.0650,-0.0629,0.0264,0.0272,0.0264,0.0792,-0.0006,-0.0083,-0.0001,0.0175,-0.0039,0.0552,0.0402,-0.0001,0.0002,-0.0606,-0.0869,0.3159,-0.5600,-0.0930,-0.1533,0.2370,0.9933,-0.0000,0.1157,-0.1157,-0.0064,0.9933,0.0623,0.0052,0.1473,-0.0887,0.0081,0.1486,-0.0887,0.0081,0.1486,0.0912,0.0047,0.1471,-0.1290,0.0152,0.0917,0.1308,0.0110,0.0896,0.0796,-0.0053,-0.1902,-0.0638,-0.0067,-0.1904,0.0005,0.0019,0.0697,0.0633,0.0090,-0.0657,-0.0583,0.0142,-0.0705,0.0679,0.0132,-0.0892,-0.0604,0.0174,-0.0899,0.0634,0.0071,-0.0143,0.0156,0.1349,-0.0102,0.0588,-0.0218,-0.0094,0.0591,0.0395,-0.0162,0.0481,0.0942,-0.0079,-0.0081,0.2329,0.1955,0.0626,-0.0704,-0.0138,-0.1661
67,0.064390,-0.0415,-0.0705,0.1739,0.1102,-0.1878,0.0338,0.2221,-0.1361,0.0014,-0.1665,-0.1803,0.4048,0.3616,0.3067,-0.3057,-0.2195,-0.1428,0.0882,-0.0267,-0.0658,0.1555,-0.0394,-0.0712,0.0263,0.0272,0.0268,0.0848,-0.0008,-0.0022,-0.0004,0.0619,-0.0010,0.0356,0.0768,-0.0003,0.0003,-0.0170,-0.0602,-1.5553,1.6824,-0.1345,-0.1874,0.2370,0.9934,-0.0000,0.1149,-0.1149,-0.0064,0.9934,0.0623,0.0055,0.1473,-0.0887,0.0082,0.1486,-0.0887,0.0082,0.1486,0.0913,0.0050,0.1471,-0.1290,0.0151,0.0917,0.1308,0.0112,0.0896,0.0795,-0.0054,-0.1903,-0.0639,-0.0068,-0.1903,0.0005,0.0020,0.0697,0.0633,0.0090,-0.0657,-0.0583,0.0142,-0.0705,0.0679,0.0132,-0.0892,-0.0604,0.0174,-0.0899,0.0644,-0.0128,-0.0460,0.0302,0.1319,-0.0019,0.0184,-0.0335,-0.0215,0.1645,-0.0045,-0.0105,0.0473,0.0328,0.0046,-0.0059,0.1579,0.1374,0.0059,-0.0101,0.0301,-0.1337
68,0.065366,-0.0427,-0.0715,0.1744,0.1106,-0.1874,0.0349,0.2220,-0.1362,0.0014,-0.1661,-0.1803,0.4062,0.3625,0.3067,-0.3057,-0.2202,-0.1437,0.0867,-0.0280,-0.0671,0.1533,-0.0897,-0.0521,0.0372,0.0272,0.0243,0.0318,-0.0079,-0.0086,-0.0001,-0.0033,-0.0001,0.1001,0.0274,-0.0016,0.0001,-0.0529,-0.0424,-0.6889,0.2873,-0.0408,-0.1002,0.2370,0.9934,-0.0000,0.1146,-0.1146,-0.0064,0.9934,0.0623,0.0056,0.1473,-0.0887,0.0081,0.1486,-0.0887,0.0081,0.1486,0.0913,0.0051,0.1471,-0.1290,0.0149,0.0917,0.1307,0.0114,0.0896,0.0794,-0.0053,-0.1902,-0.0639,-0.0067,-0.1903,0.0005,0.0020,0.0697,0.0633,0.0090,-0.0657,-0.0583,0.0143,-0.0705,0.0679,0.0132,-0.0892,-0.0605,0.0175,-0.0898,0.0654,0.0026,-0.0300,0.0192,0.1210,0.0026,0.0507,-0.0295,-0.0186,0.1219,0.0233,-0.0129,0.0655,0.0724,-0.0025,-0.0042,0.2027,0.1850,0.0479,-0.0445,-0.0050,-0.1624
69,0.066341,-0.0440,-0.0726,0.1750,0.1113,-0.1868,0.0356,0.2218,-0.1362,0.0014,-0.1659,-0.1803,0.4078,0.3636,0.3067,-0.3057,-0.2206,-0.1442,0.0809,-0.0183,-0.0686,0.1507,-0.0540,-0.0502,0.0282,0.0379,0.0271,0.0641,-0.0159,0.0023,-0.0006,0.0172,-0.0001,0.1015,0.0858,-0.0001,-0.0001,-0.0078,-0.0088,0.0124,0.1940,-0.0841,-0.1391,0.2369,0.9934,-0.0000,0.1151,-0.1151,-0.0062,0.9933,0.0622,0.0056,0.1473,-0.0887,0.0081,0.1486,-0.0887,0.0081,0.1486,0.0912,0.0052,0.1471,-0.1290,0.0149,0.0917,0.1307,0.0115,0.0896,0.0793,-0.0051,-0.1902,-0.0639,-0.0066,-0.1903,0.0005,0.0020,0.0697,0.0633,0.0092,-0.0657,-0.0583,0.0144,-0.0705,0.0679,0.0134,-0.0891,-0.0605,0.0177,-0.0898,0.0663,0.0039,-0.0259,0.0174,0.1291,-0.0090,0.0510,-0.0284,-0.0143,0.0790,0.0349,-0.0105,0.0626,0.0840,-0.0116,-0.0048,0.2081,0.1852,0.0643,-0.0602,-0.0126,-0.1853
70,0.067317,-0.0447,-0.0733,0.1754,0.1119,-0.1865,0.0367,0.2215,-0.1362,0.0014,-0.1656,-0.1803,0.4093,0.3650,0.3066,-0.3057,-0.2206,-0.1442,0.0797,-0.0240,-0.0699,0.1485,-0.0418,-0.0453,0.0184,0.0382,0.0252,0.0775,-0.0245,0.0016,-0.0001,0.0392,0.0000,0.1138,0.1167,-0.0067,-0.0002,0.0134,0.0020,0.3662,-0.8094,-0.0949,-0.1672,0.2369,0.9932,-0.0000,0.1163,-0.1163,-0.0061,0.9932,0.0622,0.0054,0.1473,-0.0888,0.0077,0.1486,-0.0888,0.0077,0.1486,0.0912,0.0050,0.1471,-0.1290,0.0144,0.0917,0.1307,0.0114,0.0896,0.0793,-0.0049,-0.1902,-0.0640,-0.0064,-0.1903,0.0005,0.0018,0.0697,0.0633,0.0093,-0.0657,-0.0584,0.0145,-0.0705,0.0678,0.0136,-0.0891,-0.0605,0.0178,-0.0898,0.0673,-0.0021,-0.0211,0.0156,0.1357,-0.0029,0.0608,-0.0173,-0.0060,0.0554,0.0346,-0.0153,0.0446,0.0972,-0.0087,-0.0073,0.2197,0.1850,0.0742,-0.0834,-0.0094,-0.1655
71,0.068293,-0.0452,-0.0740,0.1756,0.1125,-0.1862,0.0381,0.2212,-0.1360,0.0014,-0.1650,-0.1803,0.4110,0.3671,0.3066,-0.3057,-0.2200,-0.1440,0.0849,-0.0315,-0.0713,0.1462,-0.0252,-0.0532,0.0113,0.0375,0.0182,0.0988,-0.0140,0.0205,-0.0001,0.0321,-0.0001,0.0996,0.1366,-0.0020,0.0000,0.0487,0.0207,0.0504,-0.3745,-0.0852,-0.1296,0.2369,0.9930,-0.0000,0.1183,-0.1183,-0.0061,0.9930,0.0622,0.0052,0.1473,-0.0888,0.0072,0.1486,-0.0888,0.0072,0.1486,0.0912,0.0048,0.1471,-0.1291,0.0139,0.0917,0.1307,0.0114,0.0897,0.0792,-0.0045,-0.1902,-0.0641,-0.0060,-0.1902,0.0005,0.0016,0.0697,0.0632,0.0094,-0.0656,-0.0584,0.0147,-0.0704,0.0678,0.0138,-0.0891,-0.0606,0.0180,-0.0897,0.0683,-0.0095,-0.0335,0.0192,0.1403,0.0054,0.0563,-0.0203,-0.0110,0.0715,0.0286,-0.0141,0.0491,0.0821,-0.0057,-0.0074,0.1961,0.1608,0.0701,-0.0762,-0.0057,-0.1498
72,0.069268,-0.0459,-0.0749,0.1758,0.1135,-0.1855,0.0401,0.2207,-0.1357,0.0014,-0.1645,-0.1803,0.4136,0.3698,0.3066,-0.3057,-0.2191,-0.1435,0.0888,-0.0285,-0.0729,0.1436,-0.0330,-0.0371,0.0109,0.0537,0.0321,0.0913,-0.0266,0.0130,-0.0000,0.0234,0.0000,0.1236,0.1292,-0.0011,-0.0001,0.0503,0.0310,0.8217,-0.7083,-0.0693,-0.1118,0.2368,0.9926,-0.0000,0.1216,-0.1216,-0.0059,0.9926,0.0622,0.0050,0.1474,-0.0888,0.0068,0.1486,-0.0888,0.0068,0.1486,0.0912,0.0047,0.1471,-0.1291,0.0136,0.0917,0.1306,0.0115,0.0897,0.0791,-0.0040,-0.1902,-0.0641,-0.0055,-0.1902,0.0005,0.0015,0.0697,0.0632,0.0098,-0.0656,-0.0585,0.0150,-0.0704,0.0678,0.0142,-0.0890,-0.0606,0.0184,-0.0897,0.0693,-0.0154,-0.0360,0.0192,0.1436,-0.0008,0.0515,-0.0133,-0.0047,0.0375,0.0305,-0.0152,0.0376,0.0678,-0.0086,-0.0097,0.1888,0.1490,0.0860,-0.0899,-0.0011,-0.1315
73,0.070244,-0.0463,-0.0754,0.1759,0.1142,-0.1851,0.0412,0.2204,-0.1355,0.0014,-0.1642,-0.1803,0.4153,0.3715,0.3065,-0.3057,-0.2184,-0.1430,0.0940,-0.0327,-0.0738,0.1423,-0.0419,-0.0502,0.0088,0.0600,0.0307,0.0867,-0.0183,0.0274,-0.0000,0.0348,0.0000,0.1369,0.1368,-0.0052,-0.0003,0.0567,0.0407,1.7064,-1.6566,-0.0678,-0.0823,0.2368,0.9923,-0.0000,0.1239,-0.1239,-0.0059,0.9923,0.0621,0.0045,0.1474,-0.0888,0.0061,0.1486,-0.0888,0.0061,0.1486,0.0911,0.0043,0.1471,-0.1291,0.0130,0.0917,0.1306,0.0113,0.0898,0.0790,-0.0036,-0.1901,-0.0642,-0.0052,-0.1902,0.0005,0.0012,0.0697,0.0632,0.0099,-0.0655,-0.0585,0.0152,-0.0703,0.0678,0.0144,-0.0889,-0.0607,0.0186,-0.0896,0.0702,-0.0280,-0.0394,0.0160,0.1343,0.0088,0.0490,-0.0116,-0.0100,0.0371,0.0240,-0.0210,0.0116,0.0383,-0.0062,-0.0093,0.1622,0.1354,0.0783,-0.0920,0.0244,-0.0831
74,0.071220,-0.0470,-0.0760,0.1760,0.1153,-0.1845,0.0428,0.2200,-0.1351,0.0014,-0.1638,-0.1804,0.4175,0.3735,0.3065,-0.3057,-0.2171,-0.1419,0.0998,-0.0382,-0.0746,0.1413,-0.0434,-0.0377,0.0020,0.0557,0.0326,0.0764,-0.0208,0.0196,-0.0000,0.0174,-0.0056,0.1102,0.0966,-0.0015,-0.0001,0.0697,0.0592,1.4554,-0.8973,-0.0271,-0.0397,0.2368,0.9918,-0.0000,0.1274,-0.1274,-0.0058,0.9918,0.0621,0.0042,0.1474,-0.0889,0.0055,0.1486,-0.0889,0.0055,0.1486,0.0911,0.0039,0.1472,-0.1292,0.0125,0.0918,0.1306,0.0112,0.0898,0.0789,-0.0030,-0.1901,-0.0643,-0.0046,-0.1902,0.0005,0.0010,0.0697,0.0632,0.0102,-0.0655,-0.0585,0.0155,-0.0703,0.0678,0.0148,-0.0889,-0.0607,0.0190,-0.0896,0.0712,-0.0393,-0.0546,0.0207,0.1475,0.0171,0.0441,-0.0091,-0.0077,0.0190,0.0254,-0.0190,0.0126,0.0326,-0.0075,-0.0098,0.1276,0.0990,0.0981,-0.0940,0.0188,-0.0816
75,0.072195,-0.0480,-0.0769,0.1761,0.1166,-0.1838,0.0441,0.2196,-0.1346,0.0014,-0.1634,-0.1804,0.4199,0.3756,0.3064,-0.3057,-0.2159,-0.1412,0.1001,-0.0409,-0.0750,0.1407,-0.0455,-0.0449,0.0014,0.0687,0.0420,0.0672,-0.0165,0.0260,-0.0001,0.0182,-0.0008,0.1232,0.1107,-0.0017,-0.0002,0.0646,0.0462,0.2560,0.3858,-0.0418,-0.0455,0.2367,0.9914,-0.0000,0.1309,-0.1309,-0.0057,0.9914,0.0620,0.0039,0.1474,-0.0889,0.0051,0.1486,-0.0889,0.0051,0.1486,0.0910,0.0037,0.1472,-0.1292,0.0122,0.0918,0.1305,0.0112,0.0899,0.0788,-0.0024,-0.1901,-0.0645,-0.0039,-0.1901,0.0004,0.0009,0.0697,0.0632,0.0105,-0.0654,-0.0586,0.0159,-0.0702,0.0677,0.0152,-0.0888,-0.0608,0.0195,-0.0895,0.0722,-0.0433,-0.0815,0.0265,0.1702,0.0213,0.0409,-0.0182,-0.0178,0.0682,0.0208,-0.0108,0.0229,0.0205,-0.0073,-0.0084,0.0905,0.0537,0.0947,-0.0786,0.0152,-0.0914
76,0.073171,-0.0492,-0.0779,0.1761,0.1183,-0.1826,0.0452,0.2192,-0.1343,0.0014,-0.1632,-0.1805,0.4228,0.3778,0.3064,-0.3057,-0.2153,-0.1405,0.1033,-0.0337,-0.0758,0.1398,-0.0731,-0.0602,0.0081,0.1037,0.0712,0.0594,-0.0274,0.0180,-0.0003,0.0124,-0.0002,0.1638,0.1353,-0.0003,-0.0001,0.0272,0.0232,0.0867,2.5335,-0.0675,-0.0876,0.2367,0.9910,-0.0000,0.1339,-0.1339,-0.0053,0.9910,0.0620,0.0035,0.1475,-0.0890,0.0045,0.1486,-0.0890,0.0045,0.1486,0.0910,0.0033,0.1473,-0.1293,0.0118,0.0917,0.1305,0.0110,0.0900,0.0787,-0.0019,-0.1900,-0.0647,-0.0034,-0.1901,0.0004,0.0007,0.0697,0.0631,0.0108,-0.0654,-0.0587,0.0162,-0.0702,0.0677,0.0156,-0.0887,-0.0609,0.0199,-0.0894,0.0732,-0.0514,-0.1259,0.0417,0.1615,0.0108,0.0072,-0.0267,-0.0366,0.1312,-0.0028,-0.0111,-0.0198,-0.0638,-0.0014,-0.0126,0.0023,-0.0429,0.0495,-0.0284,0.0474,-0.0539
77,0.074146,-0.0501,-0.0786,0.1763,0.1195,-0.1818,0.0458,0.2189,-0.1341,0.0014,-0.1631,-0.1805,0.4246,0.3792,0.3064,-0.3057,-0.2146,-0.1399,0.1041,-0.0273,-0.0764,0.1390,-0.0893,-0.0508,0.0174,0.0934,0.0691,0.0279,-0.0200,0.0086,-0.0001,0.0061,0.0000,0.1414,0.0710,-0.0001,0.0002,0.0183,0.0181,-0.0799,1.3573,-0.0004,-0.0069,0.2367,0.9907,-0.0000,0.1360,-0.1360,-0.0051,0.9907,0.0620,0.0031,0.1475,-0.0890,0.0040,0.1485,-0.0890,0.0040,0.1485,0.0910,0.0029,0.1473,-0.1293,0.0113,0.0917,0.1305,0.0107,0.0901,0.0786,-0.0015,-0.1900,-0.0648,-0.0030,-0.1901,0.0004,0.0004,0.0697,0.0631,0.0109,-0.0653,-0.0587,0.0163,-0.0701,0.0676,0.0158,-0.0887,-0.0610,0.0201,-0.0894,0.0741,-0.0579,-0.1215,0.0361,0.1746,0.0266,0.0275,-0.0211,-0.0274,0.1086,0.0093,-0.0074,0.0007,-0.0279,-0.0051,-0.0067,0.0175,-0.0224,0.0896,-0.0656,0.0372,-0.0574
78,0.075122,-0.0521,-0.0801,0.1768,0.1215,-0.1803,0.0463,0.2185,-0.1338,0.0014,-0.1630,-0.1805,0.4274,0.3811,0.3064,-0.3057,-0.2142,-0.1397,0.1040,-0.0279,-0.0767,0.1386,-0.0895,-0.0745,0.0238,0.0968,0.0684,0.0264,-0.0190,0.0145,-0.0001,0.0008,-0.0000,0.1386,0.1066,-0.0004,-0.0002,0.0249,0.0106,-1.0850,-1.3315,-0.0160,-0.0158,0.2366,0.9904,-0.0000,0.1382,-0.1382,-0.0047,0.9904,0.0619,0.0030,0.1475,-0.0891,0.0039,0.1485,-0.0891,0.0039,0.1485,0.0908,0.0028,0.1473,-0.1294,0.0113,0.0917,0.1304,0.0107,0.0901,0.0784,-0.0010,-0.1900,-0.0650,-0.0024,-0.1900,0.0003,0.0004,0.0697,0.0630,0.0112,-0.0653,-0.0588,0.0167,-0.0701,0.0675,0.0161,-0.0886,-0.0611,0.0205,-0.0893,0.0751,-0.0561,-0.0797,0.0151,0.1822,0.0480,0.0592,-0.0161,-0.0264,0.1310,0.0087,-0.0250,-0.0012,0.0348,-0.0018,0.0019,0.0642,0.0227,0.0999,-0.1283,0.0121,-0.0577
79,0.076098,-0.0535,-0.0815,0.1770,0.1237,-0.1788,0.0471,0.2181,-0.1335,0.0014,-0.1630,-0.1805,0.4294,0.3827,0.3064,-0.3057,-0.2138,-0.1396,0.1019,-0.0347,-0.0772,0.1383,-0.0599,-0.0639,0.0061,0.1397,0.0993,0.0805,-0.0265,0.0190,-0.0005,0.0003,-0.0133,0.1552,0.1720,-0.0004,-0.0002,0.0462,0.0075,-0.4963,-1.2393,-0.0824,-0.0409,0.2366,0.9901,-0.0000,0.1402,-0.1402,-0.0042,0.9901,0.0618,0.0027,0.1476,-0.0892,0.0035,0.1485,-0.0892,0.0035,0.1485,0.0908,0.0026,0.1474,-0.1294,0.0110,0.0916,0.1303,0.0106,0.0902,0.0782,-0.0006,-0.1899,-0.0652,-0.0020,-0.1900,0.0003,0.0002,0.0697,0.0630,0.0114,-0.0652,-0.0590,0.0170,-0.0701,0.0675,0.0164,-0.0885,-0.0613,0.0209,-0.0892,0.0761,-0.0624,-0.0875,0.0165,0.1857,0.0519,0.0594,-0.0141,-0.0267,0.1114,0.0101,-0.0246,-0.0035,0.0284,-0.0034,0.0003,0.0483,0.0103,0.1110,-0.1313,0.0123,-0.0489
80,0.077073,-0.0543,-0.0823,0.1771,0.1254,-0.1775,0.0483,0.2177,-0.1333,0.0014,-0.1630,-0.1807,0.4322,0.3856,0.3064,-0.3057,-0.2130,-0.1393,0.1090,-0.0359,-0.0782,0.1378,-0.0876,-0.0809,0.0016,0.1643,0.1173,0.0956,-0.0309,0.0168,-0.0001,0.0000,-0.0118,0.1902,0.1659,0.0002,0.0003,0.0270,0.0094,1.7614,1.5487,-0.0658,-0.0309,0.2365,0.9899,-0.0000,0.1417,-0.1417,-0.0038,0.9899,0.0617,0.0025,0.1476,-0.0893,0.0031,0.1484,-0.0893,0.0031,0.1484,0.0907,0.0024,0.1474,-0.1294,0.0106,0.0916,0.1303,0.0106,0.0903,0.0780,-0.0003,-0.1899,-0.0654,-0.0018,-0.1900,0.0003,0.0000,0.0697,0.0630,0.0115,-0.0651,-0.0590,0.0171,-0.0700,0.0675,0.0166,-0.0885,-0.0614,0.0211,-0.0892,0.0771,-0.0715,-0.1377,0.0349,0.1664,0.0289,0.0169,-0.0186,-0.0251,0.0676,0.0052,-0.0202,-0.0436,-0.0612,-0.0083,-0.0149,-0.0398,-0.0711,0.0974,-0.0618,0.0674,-0.0341
81,0.078049,-0.0560,-0.0839,0.1771,0.1278,-0.1757,0.0496,0.2173,-0.1331,0.0014,-0.1630,-0.1808,0.4348,0.3879,0.3064,-0.3057,-0.2126,-0.1393,0.1174,-0.0316,-0.0783,0.1376,-0.0994,-0.0942,0.0075,0.0940,0.0772,0.0240,-0.0097,0.0036,-0.0000,-0.0001,-0.0016,0.0935,0.0784,-0.0023,-0.0004,0.0001,-0.0114,-0.3245,-0.4671,0.0127,-0.0006,0.2365,0.9897,0.0000,0.1429,-0.1429,-0.0033,0.9897,0.0616,0.0025,0.1476,-0.0894,0.0030,0.1484,-0.0894,0.0030,0.1484,0.0906,0.0024,0.1475,-0.1295,0.0105,0.0915,0.1302,0.0107,0.0904,0.0777,-0.0000,-0.1899,-0.0657,-0.0015,-0.1899,0.0002,0.0000,0.0697,0.0629,0.0117,-0.0651,-0.0592,0.0174,-0.0700,0.0673,0.0169,-0.0884,-0.0615,0.0214,-0.0892,0.0780,-0.0728,-0.1004,0.0204,0.1938,0.0526,0.0500,-0.0111,-0.0242,0.1000,0.0084,-0.0220,-0.0099,0.0100,-0.0037,-0.0013,0.0097,-0.0193,0.1249,-0.1324,0.0175,-0.0484
82,0.079024,-0.0574,-0.0853,0.1772,0.1293,-0.1745,0.0500,0.2172,-0.1330,0.0014,-0.1630,-0.1808,0.4363,0.3891,0.3064,-0.3057,-0.2127,-0.1395,0.1147,-0.0363,-0.0787,0.1373,-0.1187,-0.1280,0.0052,0.1582,0.1115,0.0541,-0.0139,0.0211,-0.0006,0.0001,-0.0033,0.1731,0.1565,-0.0023,-0.0004,-0.0124,-0.0278,-1.6449,-1.7389,-0.1107,-0.0534,0.2365,0.9897,-0.0000,0.1430,-0.1430,-0.0029,0.9897,0.0616,0.0024,0.1477,-0.0894,0.0029,0.1483,-0.0894,0.0029,0.1483,0.0906,0.0023,0.1475,-0.1295,0.0104,0.0915,0.1302,0.0106,0.0904,0.0776,0.0001,-0.1899,-0.0659,-0.0013,-0.1899,0.0003,-0.0000,0.0697,0.0629,0.0118,-0.0651,-0.0592,0.0175,-0.0700,0.0673,0.0170,-0.0884,-0.0616,0.0215,-0.0891,0.0790,-0.0635,-0.0864,0.0138,0.1859,0.0520,0.0565,-0.0245,-0.0405,0.1348,-0.0022,-0.0383,-0.0382,0.0213,-0.0051,0.0026,0.0198,-0.0114,0.0893,-0.1312,0.0242,-0.0452
83,0.080000,-0.0588,-0.0869,0.1773,0.1320,-0.1725,0.0514,0.2169,-0.1328,0.0014,-0.1630,-0.1814,0.4386,0.3917,0.3063,-0.3057,-0.2124,-0.1398,0.1217,-0.0416,-0.0797,0.1368,-0.0617,-0.0834,0.0007,0.1234,0.0946,0.0865,-0.0279,0.0033,-0.0001,0.0001,-0.0450,0.0951,0.1394,-0.0004,-0.0001,0.0255,-0.0165,-0.1830,-0.7905,-0.0406,-0.0220,0.2364,0.9896,-0.0000,0.1436,-0.1436,-0.0023,0.9896,0.0615,0.0024,0.1477,-0.0895,0.0027,0.1483,-0.0895,0.0027,0.1483,0.0905,0.0024,0.1476,-0.1296,0.0103,0.0914,0.1301,0.0108,0.0905,0.0773,0.0003,-0.1898,-0.0662,-0.0011,-0.1899,0.0002,-0.0000,0.0697,0.0628,0.0119,-0.0650,-0.0593,0.0176,-0.0700,0.0672,0.0172,-0.0883,-0.0618,0.0217,-0.0891,0.0800,-0.0754,-0.0968,0.0179,0.1910,0.0554,0.0499,-0.0126,-0.0275,0.0964,0.0053,-0.0262,-0.0151,0.0088,-0.0045,-0.0005,0.0019,-0.0216,0.1243,-0.1368,0.0219,-0.0419
84,0.080976,-0.0605,-0.0885,0.1773,0.1347,-0.1704,0.0529,0.2164,-0.1327,0.0014,-0.1630,-0.1818,0.4411,0.3941,0.3063,-0.3057,-0.2125,-0.1402,0.1238,-0.0573,-0.0806,0.1363,-0.0929,-0.0860,0.0001,0.1533,0.1201,0.0814,-0.0207,0.0019,-0.0000,-0.0000,-0.0099,0.1421,0.1167,-0.0001,0.0001,-0.0171,-0.0267,0.0649,-0.4309,-0.0482,-0.0236,0.2364,0.9896,-0.0000,0.1437,-0.1437,-0.0016,0.9896,0.0613,0.0025,0.1477,-0.0897,0.0026,0.1482,-0.0897,0.0026,0.1482,0.0903,0.0025,0.1476,-0.1297,0.0101,0.0913,0.1300,0.0110,0.0906,0.0770,0.0004,-0.1898,-0.0665,-0.0010,-0.1898,0.0001,-0.0000,0.0697,0.0626,0.0120,-0.0650,-0.0595,0.0178,-0.0700,0.0670,0.0173,-0.0883,-0.0620,0.0219,-0.0891,0.0810,-0.0748,-0.1010,0.0200,0.1888,0.0510,0.0441,-0.0120,-0.0290,0.0843,0.0055,-0.0250,-0.0210,-0.0033,-0.0040,-0.0036,-0.0056,-0.0254,0.1213,-0.1259,0.0248,-0.0387
85,0.081951,-0.0622,-0.0902,0.1773,0.1373,-0.1684,0.0542,0.2160,-0.1327,0.0014,-0.1630,-0.1819,0.4434,0.3962,0.3063,-0.3057,-0.2128,-0.1408,0.1255,-0.0593,-0.0814,0.1361,-0.0986,-0.0946,0.0000,0.1493,0.1197,0.0671,-0.0146,0.0017,-0.0000,-0.0001,-0.0104,0.1249,0.1007,0.0002,0.0001,-0.0213,-0.0331,1.0436,0.1034,-0.0501,-0.0185,0.2364,0.9897,-0.0000,0.1435,-0.1435,-0.0009,0.9897,0.0613,0.0026,0.1478,-0.0897,0.0026,0.1482,-0.0897,0.0026,0.1482,0.0903,0.0026,0.1477,-0.1298,0.0100,0.0912,0.1300,0.0111,0.0907,0.0767,0.0004,-0.1897,-0.0668,-0.0010,-0.1898,0.0000,-0.0000,0.0697,0.0626,0.0121,-0.0649,-0.0596,0.0179,-0.0700,0.0669,0.0174,-0.0882,-0.0621,0.0220,-0.0891,0.0820,-0.0761,-0.1076,0.0251,0.1803,0.0427,0.0290,-0.0076,-0.0238,0.0588,0.0070,-0.0236,-0.0391,-0.0301,-0.0053,-0.0101,-0.0251,-0.0367,0.1162,-0.1069,0.0412,-0.0377
86,0.082927,-0.0634,-0.0914,0.1773,0.1390,-0.1669,0.0550,0.2159,-0.1327,0.0014,-0.1630,-0.1821,0.4448,0.3973,0.3063,-0.3057,-0.2131,-0.1413,0.1326,-0.0568,-0.0819,0.1357,-0.1069,-0.0985,0.0000,0.1400,0.1206,0.0453,-0.0068,0.0015,-0.0000,-0.0001,-0.0086,0.1118,0.0746,-0.0001,0.0002,-0.0342,-0.0343,1.8066,1.0706,-0.0208,-0.0250,0.2363,0.9897,-0.0000,0.1431,-0.1431,-0.0004,0.9897,0.0612,0.0027,0.1478,-0.0898,0.0026,0.1481,-0.0898,0.0026,0.1481,0.0902,0.0027,0.1477,-0.1298,0.0100,0.0912,0.1300,0.0113,0.0907,0.0765,0.0005,-0.1897,-0.0670,-0.0009,-0.1898,0.0001,0.0000,0.0697,0.0626,0.0121,-0.0649,-0.0597,0.0180,-0.0700,0.0669,0.0175,-0.0882,-0.0622,0.0221,-0.0891,0.0829,-0.0752,-0.1237,0.0337,0.1708,0.0319,0.0091,-0.0122,-0.0221,0.0693,-0.0017,-0.0243,-0.0628,-0.0628,-0.0091,-0.0144,-0.0505,-0.0751,0.0916,-0.0741,0.0600,-0.0402
87,0.083902,-0.0654,-0.0935,0.1774,0.1413,-0.1649,0.0555,0.2158,-0.1327,0.0014,-0.1630,-0.1822,0.4464,0.3986,0.3063,-0.3057,-0.2138,-0.1422,0.1398,-0.0572,-0.0822,0.1352,-0.1005,-0.1011,0.0137,0.1022,0.0944,0.0089,-0.0004,-0.0004,-0.0000,-0.0000,-0.0076,0.0586,0.0449,-0.0032,-0.0005,-0.0420,-0.0560,-0.4097,0.5474,-0.0109,-0.0226,0.2363,0.9899,-0.0000,0.1417,-0.1417,0.0002,0.9899,0.0611,0.0029,0.1478,-0.0899,0.0028,0.1481,-0.0899,0.0028,0.1481,0.0901,0.0029,0.1478,-0.1299,0.0101,0.0911,0.1299,0.0114,0.0908,0.0762,0.0005,-0.1897,-0.0673,-0.0009,-0.1897,-0.0000,0.0001,0.0697,0.0624,0.0122,-0.0649,-0.0598,0.0180,-0.0700,0.0667,0.0175,-0.0882,-0.0624,0.0222,-0.0891,0.0839,-0.0752,-0.1168,0.0287,0.1868,0.0567,0.0324,-0.0175,-0.0371,0.1017,-0.0035,-0.0222,-0.0363,-0.0244,-0.0036,-0.0030,-0.0314,-0.0688,0.1035,-0.0937,0.0285,-0.0537
88,0.084878,-0.0675,-0.0955,0.1777,0.1436,-0.1629,0.0558,0.2157,-0.1327,0.0014,-0.1630,-0.1823,0.4474,0.3994,0.3062,-0.3057,-0.2145,-0.1431,0.1377,-0.0539,-0.0827,0.1347,-0.1114,-0.1131,0.0135,0.1436,0.1220,0.0314,-0.0077,-0.0002,-0.0001,0.0001,-0.0033,0.1324,0.1070,-0.0033,0.0001,-0.0680,-0.0887,-1.5870,1.6493,-0.0982,-0.0841,0.2363,0.9901,-0.0000,0.1401,-0.1401,0.0009,0.9901,0.0610,0.0032,0.1479,-0.0900,0.0031,0.1480,-0.0900,0.0031,0.1480,0.0900,0.0032,0.1478,-0.1299,0.0103,0.0910,0.1298,0.0115,0.0908,0.0760,0.0004,-0.1897,-0.0676,-0.0010,-0.1897,-0.0001,0.0002,0.0697,0.0623,0.0122,-0.0648,-0.0599,0.0181,-0.0700,0.0666,0.0175,-0.0881,-0.0625,0.0223,-0.0891,0.0849,-0.0630,-0.1136,0.0375,0.1655,0.0408,0.0076,-0.0290,-0.0453,0.1563,-0.0141,-0.0208,-0.0582,-0.0645,-0.0001,-0.0078,-0.0524,-0.1151,0.0433,-0.0375,0.0572,-0.0538
89,0.085854,-0.0686,-0.0967,0.1779,0.1452,-0.1615,0.0562,0.2157,-0.1328,0.0014,-0.1630,-0.1824,0.4490,0.4008,0.3062,-0.3057,-0.2155,-0.1446,0.1334,-0.0504,-0.0836,0.1338,-0.0760,-0.0682,0.0203,0.1059,0.1025,0.0169,-0.0104,-0.0195,-0.0000,0.0000,-0.0019,0.0559,0.0504,-0.0008,0.0003,-0.0575,-0.1002,-1.6314,1.5442,-0.0161,-0.0500,0.2363,0.9903,0.0000,0.1389,-0.1389,0.0015,0.9903,0.0610,0.0034,0.1479,-0.0900,0.0034,0.1480,-0.0900,0.0034,0.1480,0.0900,0.0035,0.1479,-0.1299,0.0105,0.0909,0.1298,0.0117,0.0909,0.0758,0.0003,-0.1897,-0.0677,-0.0010,-0.1897,-0.0001,0.0004,0.0697,0.0623,0.0122,-0.0648,-0.0600,0.0181,-0.0700,0.0666,0.0176,-0.0881,-0.0626,0.0223,-0.0891,0.0859,-0.0608,-0.1137,0.0363,0.1643,0.0454,0.0112,-0.0301,-0.0472,0.1613,-0.0147,-0.0196,-0.0526,-0.0569,-0.0008,-0.0052,-0.0446,-0.1066,0.0482,-0.0413,0.0513,-0.0622
90,0.086829,-0.0704,-0.0983,0.1783,0.1472,-0.1596,0.0563,0.2155,-0.1331,0.0014,-0.1630,-0.1824,0.4503,0.4018,0.3062,-0.3057,-0.2167,-0.1464,0.1376,-0.0515,-0.0842,0.1327,-0.0980,-0.0949,0.0259,0.1111,0.1046,0.0027,-0.0033,-0.0152,0.0000,0.0001,-0.0009,0.0622,0.0522,-0.0002,0.0001,-0.0668,-0.0984,-0.0979,0.4837,-0.0356,-0.0589,0.2363,0.9906,0.0000,0.1368,-0.1368,0.0021,0.9906,0.0609,0.0038,0.1479,-0.0901,0.0037,0.1479,-0.0901,0.0037,0.1479,0.0899,0.0038,0.1479,-0.1300,0.0107,0.0908,0.1298,0.0119,0.0909,0.0755,0.0001,-0.1896,-0.0680,-0.0012,-0.1897,-0.0001,0.0005,0.0697,0.0622,0.0121,-0.0648,-0.0601,0.0181,-0.0700,0.0664,0.0175,-0.0881,-0.0627,0.0223,-0.0891,0.0868,-0.0628,-0.1087,0.0251,0.1786,0.0509,0.0338,-0.0156,-0.0336,0.1008,-0.0023,-0.0205,-0.0284,-0.0155,-0.0031,-0.0029,0.0082,-0.0430,0.1095,-0.0988,0.0256,-0.0669
91,0.087805,-0.0724,-0.1003,0.1787,0.1494,-0.1576,0.0566,0.2154,-0.1333,0.0014,-0.1630,-0.1824,0.4516,0.4030,0.3062,-0.3057,-0.2178,-0.1480,0.1389,-0.0438,-0.0853,0.1316,-0.1096,-0.1221,0.0133,0.1245,0.1065,0.0339,-0.0064,-0.0034,0.0000,0.0001,-0.0028,0.0760,0.0819,-0.0002,-0.0001,-0.0455,-0.0727,-0.9340,0.0768,-0.0750,-0.0630,0.2362,0.9909,-0.0000,0.1344,-0.1344,0.0029,0.9909,0.0608,0.0041,0.1479,-0.0902,0.0040,0.1479,-0.0902,0.0040,0.1479,0.0898,0.0041,0.1479,-0.1301,0.0109,0.0907,0.1297,0.0120,0.0910,0.0752,-0.0001,-0.1896,-0.0682,-0.0014,-0.1897,-0.0002,0.0006,0.0697,0.0621,0.0121,-0.0648,-0.0602,0.0181,-0.0700,0.0663,0.0174,-0.0881,-0.0628,0.0223,-0.0891,0.0878,-0.0523,-0.0923,0.0238,0.1664,0.0690,0.0337,-0.0123,-0.0318,0.1297,-0.0141,-0.0289,-0.0214,0.0077,0.0039,-0.0004,0.0310,-0.0297,0.1027,-0.1081,0.0190,-0.0779
92,0.088780,-0.0740,-0.1023,0.1789,0.1518,-0.1556,0.0573,0.2154,-0.1333,0.0014,-0.1630,-0.1827,0.4530,0.4046,0.3062,-0.3057,-0.2187,-0.1494,0.1339,-0.0401,-0.0866,0.1301,-0.0807,-0.1021,0.0108,0.1325,0.1170,0.0409,-0.0020,-0.0002,0.0000,0.0001,-0.0239,0.0816,0.0979,0.0002,-0.0001,-0.0518,-0.0855,0.4759,0.0540,-0.0688,-0.0791,0.2362,0.9912,0.0000,0.1322,-0.1322,0.0036,0.9912,0.0607,0.0044,0.1479,-0.0903,0.0044,0.1478,-0.0903,0.0044,0.1478,0.0897,0.0045,0.1480,-0.1301,0.0110,0.0906,0.1296,0.0123,0.0910,0.0749,-0.0003,-0.1896,-0.0685,-0.0016,-0.1896,-0.0002,0.0008,0.0697,0.0620,0.0120,-0.0648,-0.0603,0.0181,-0.0701,0.0662,0.0174,-0.0881,-0.0630,0.0222,-0.0892,0.0888,-0.0549,-0.0871,0.0194,0.1685,0.0424,0.0351,-0.0096,-0.0224,0.0758,0.0025,-0.0204,-0.0181,0.0042,-0.0026,-0.0053,0.0457,0.0006,0.1215,-0.1152,0.0200,-0.0786
93,0.089756,-0.0751,-0.1036,0.1790,0.1535,-0.1541,0.0578,0.2154,-0.1333,0.0014,-0.1630,-0.1829,0.4540,0.4057,0.3062,-0.3057,-0.2193,-0.1504,0.1402,-0.0402,-0.0875,0.1292,-0.1028,-0.1127,0.0048,0.1458,0.1285,0.0419,-0.0016,0.0004,0.0000,0.0000,-0.0059,0.0895,0.0749,0.0003,0.0003,-0.0512,-0.0602,1.8627,1.6592,-0.0840,-0.0840,0.2362,0.9914,0.0000,0.1307,-0.1307,0.0041,0.9914,0.0607,0.0048,0.1480,-0.0903,0.0047,0.1478,-0.0903,0.0047,0.1478,0.0897,0.0048,0.1480,-0.1301,0.0113,0.0905,0.1296,0.0126,0.0910,0.0747,-0.0005,-0.1896,-0.0687,-0.0018,-0.1896,-0.0002,0.0010,0.0697,0.0620,0.0121,-0.0648,-0.0603,0.0181,-0.0701,0.0661,0.0174,-0.0881,-0.0631,0.0223,-0.0892,0.0898,-0.0487,-0.1077,0.0345,0.1525,0.0063,-0.0008,-0.0104,-0.0169,0.0594,-0.0095,-0.0215,-0.0630,-0.0584,-0.0083,-0.0201,0.0182,-0.0374,0.0711,-0.0558,0.0446,-0.0736
94,0.090732,-0.0769,-0.1057,0.1793,0.1554,-0.1523,0.0584,0.2154,-0.1333,0.0014,-0.1630,-0.1830,0.4549,0.4068,0.3062,-0.3058,-0.2203,-0.1517,0.1453,-0.0378,-0.0885,0.1280,-0.0912,-0.1063,0.0256,0.0701,0.0713,0.0102,0.0026,-0.0048,-0.0000,-0.0000,-0.0046,0.0136,0.0283,-0.0026,-0.0043,-0.0496,-0.0716,-0.5543,-0.6142,-0.0402,-0.0530,0.2362,0.9918,-0.0000,0.1281,-0.1281,0.0046,0.9917,0.0606,0.0051,0.1480,-0.0904,0.0050,0.1477,-0.0904,0.0050,0.1477,0.0896,0.0051,0.1480,-0.1302,0.0114,0.0905,0.1295,0.0128,0.0910,0.0745,-0.0007,-0.1896,-0.0689,-0.0020,-0.1896,-0.0003,0.0011,0.0697,0.0619,0.0120,-0.0648,-0.0605,0.0180,-0.0701,0.0660,0.0173,-0.0881,-0.0632,0.0222,-0.0892,0.0907,-0.0416,-0.0731,0.0169,0.1561,0.0605,0.0372,-0.0137,-0.0256,0.1298,-0.0133,-0.0290,-0.0046,0.0237,0.0032,0.0017,0.0874,0.0186,0.1057,-0.1230,0.0097,-0.0831
95,0.091707,-0.0782,-0.1073,0.1796,0.1567,-0.1511,0.0586,0.2154,-0.1334,0.0014,-0.1630,-0.1832,0.4554,0.4075,0.3061,-0.3058,-0.2210,-0.1528,0.1445,-0.0386,-0.0895,0.1269,-0.0948,-0.1118,0.0166,0.1273,0.1105,0.0324,-0.0052,-0.0009,0.0000,0.0000,-0.0213,0.0798,0.0872,-0.0021,-0.0035,-0.0485,-0.0788,0.2799,0.3266,-0.0990,-0.0968,0.2362,0.9920,-0.0000,0.1262,-0.1262,0.0050,0.9920,0.0606,0.0056,0.1480,-0.0904,0.0054,0.1477,-0.0904,0.0054,0.1477,0.0896,0.0056,0.1480,-0.1302,0.0117,0.0904,0.1296,0.0130,0.0910,0.0743,-0.0008,-0.1895,-0.0691,-0.0021,-0.1896,-0.0002,0.0013,0.0697,0.0619,0.0120,-0.0648,-0.0605,0.0181,-0.0701,0.0659,0.0173,-0.0881,-0.0633,0.0222,-0.0892,0.0917,-0.0412,-0.0748,0.0195,0.1632,0.0342,0.0309,-0.0111,-0.0208,0.0778,-0.0030,-0.0208,-0.0152,0.0150,-0.0012,-0.0065,0.0833,0.0233,0.1087,-0.1068,0.0149,-0.1035
96,0.092683,-0.0797,-0.1092,0.1798,0.1589,-0.1491,0.0593,0.2153,-0.1334,0.0014,-0.1630,-0.1834,0.4566,0.4091,0.3061,-0.3059,-0.2216,-0.1541,0.1466,-0.0330,-0.0910,0.1251,-0.0742,-0.1045,0.0076,0.1000,0.0888,0.0374,-0.0018,0.0002,0.0000,0.0001,-0.0038,0.0520,0.0872,-0.0004,-0.0006,-0.0303,-0.0628,-0.5558,-0.3704,-0.0714,-0.0864,0.2362,0.9922,-0.0000,0.1243,-0.1243,0.0056,0.9922,0.0605,0.0058,0.1480,-0.0905,0.0056,0.1476,-0.0905,0.0056,0.1476,0.0895,0.0058,0.1481,-0.1302,0.0118,0.0903,0.1295,0.0132,0.0911,0.0740,-0.0010,-0.1895,-0.0694,-0.0023,-0.1895,-0.0003,0.0014,0.0697,0.0618,0.0119,-0.0647,-0.0606,0.0180,-0.0702,0.0658,0.0173,-0.0881,-0.0634,0.0221,-0.0892,0.0927,-0.0346,-0.0634,0.0170,0.1478,0.0594,0.0327,-0.0111,-0.0220,0.1283,-0.0175,-0.0294,0.0016,0.0315,0.0064,-0.0004,0.1023,0.0316,0.1017,-0.1184,0.0096,-0.0985
97,0.093659,-0.0810,-0.1110,0.1799,0.1611,-0.1471,0.0601,0.2152,-0.1334,0.0014,-0.1630,-0.1836,0.4576,0.4104,0.3061,-0.3059,-0.2221,-0.1550,0.1439,-0.0352,-0.0922,0.1237,-0.0618,-0.0852,0.0055,0.1183,0.1042,0.0380,-0.0035,0.0006,0.0000,-0.0005,-0.0244,0.0804,0.0978,0.0000,-0.0002,-0.0367,-0.0682,0.1080,-0.2050,-0.0851,-0.1047,0.2361,0.9924,-0.0000,0.1228,-0.1228,0.0062,0.9924,0.0604,0.0060,0.1480,-0.0906,0.0058,0.1476,-0.0906,0.0058,0.1476,0.0894,0.0061,0.1481,-0.1303,0.0118,0.0903,0.1294,0.0134,0.0911,0.0737,-0.0011,-0.1895,-0.0696,-0.0024,-0.1895,-0.0004,0.0015,0.0697,0.0617,0.0119,-0.0647,-0.0608,0.0180,-0.0702,0.0657,0.0173,-0.0881,-0.0636,0.0221,-0.0893,0.0937,-0.0361,-0.0625,0.0174,0.1538,0.0427,0.0335,-0.0091,-0.0170,0.0918,-0.0090,-0.0240,-0.0025,0.0303,0.0027,-0.0036,0.1085,0.0412,0.1090,-0.1188,0.0081,-0.1086
98,0.094634,-0.0818,-0.1122,0.1800,0.1626,-0.1458,0.0605,0.2152,-0.1334,0.0014,-0.1630,-0.1839,0.4589,0.4121,0.3061,-0.3059,-0.2226,-0.1561,0.1487,-0.0333,-0.0936,0.1219,-0.0749,-0.1006,0.0038,0.1369,0.1224,0.0389,-0.0052,0.0010,-0.0000,-0.0001,-0.0081,0.0828,0.0989,0.0003,0.0002,-0.0285,-0.0567,1.6527,1.3035,-0.1015,-0.1279,0.2361,0.9925,-0.0000,0.1220,-0.1220,0.0066,0.9925,0.0604,0.0062,0.1480,-0.0906,0.0060,0.1475,-0.0906,0.0060,0.1475,0.0894,0.0063,0.1481,-0.1303,0.0119,0.0902,0.1294,0.0135,0.0912,0.0735,-0.0011,-0.1895,-0.0698,-0.0025,-0.1895,-0.0003,0.0016,0.0697,0.0616,0.0120,-0.0647,-0.0608,0.0181,-0.0702,0.0656,0.0173,-0.0880,-0.0636,0.0222,-0.0893,0.0946,-0.0356,-0.0756,0.0294,0.1472,-0.0006,-0.0007,-0.0060,-0.0091,0.0385,-0.0107,-0.0221,-0.0452,-0.0331,-0.0055,-0.0231,0.0830,0.0183,0.0696,-0.0664,0.0191,-0.0998
99,0.095610,-0.0831,-0.1139,0.1802,0.1645,-0.1440,0.0611,0.2152,-0.1334,0.0014,-0.1630,-0.1840,0.4597,0.4134,0.3061,-0.3060,-0.2230,-0.1570,0.1551,-0.0323,-0.0951,0.1202,-0.0626,-0.0836,0.0219,0.0735,0.0723,0.0095,0.0000,-0.0006,-0.0000,-0.0000,-0.0061,0.0128,0.0341,-0.0002,-0.0075,-0.0137,-0.0401,-0.5597,0.0141,-0.0679,-0.0785,0.2361,0.9927,-0.0000,0.1209,-0.1209,0.0070,0.9926,0.0603,0.0064,0.1480,-0.0907,0.0061,0.1475,-0.0907,0.0061,0.1475,0.0893,0.0064,0.1481,-0.1304,0.0120,0.0902,0.1294,0.0136,0.0912,0.0732,-0.0012,-0.1895,-0.0701,-0.0025,-0.1895,-0.0004,0.0016,0.0697,0.0615,0.0120,-0.0647,-0.0609,0.0181,-0.0702,0.0655,0.0173,-0.0880,-0.0638,0.0222,-0.0893,0.0956,-0.0316,-0.0587,0.0188,0.1381,0.0587,0.0242,-0.0093,-0.0203,0.1272,-0.0261,-0.0302,-0.0049,0.0297,0.0074,-0.0026,0.1041,0.0345,0.0920,-0.1082,0.0031,-0.1140
100,0.096585,-0.0841,-0.1153,0.1805,0.1659,-0.1427,0.0612,0.2151,-0.1334,0.0014,-0.1632,-0.1843,0.4604,0.4144,0.3061,-0.3060,-0.2234,-0.1578,0.1585,-0.0339,-0.0963,0.1186,-0.0618,-0.0906,0.0158,0.1126,0.1005,0.0172,-0.0071,0.0005,0.0000,-0.0179,-0.0227,0.0744,0.1041,-0.0005,-0.0024,-0.0275,-0.0611,-0.6369,0.0758,-0.0878,-0.1205,0.2361,0.9928,0.0000,0.1202,-0.1201,0.0074,0.9927,0.0603,0.0065,0.1480,-0.0907,0.0063,0.1475,-0.0907,0.0063,0.1475,0.0893,0.0066,0.1481,-0.1304,0.0121,0.0901,0.1294,0.0137,0.0912,0.0730,-0.0012,-0.1894,-0.0703,-0.0025,-0.1894,-0.0004,0.0017,0.0697,0.0615,0.0120,-0.0647,-0.0610,0.0181,-0.0702,0.0654,0.0174,-0.0880,-0.0639,0.0223,-0.0893,0.0966,-0.0294,-0.0551,0.0186,0.1350,0.0596,0.0226,-0.0099,-0.0205,0.1327,-0.0281,-0.0318,-0.0059,0.0296,0.0089,-0.0037,0.1054,0.0352,0.0866,-0.1039,0.0058,-0.1111
101,0.097561,-0.0850,-0.1167,0.1807,0.1679,-0.1409,0.0615,0.2150,-0.1334,0.0014,-0.1635,-0.1847,0.4616,0.4161,0.3061,-0.3060,-0.2236,-0.1587,0.1572,-0.0284,-0.0977,0.1166,-0.0522,-0.0815,0.0082,0.1197,0.1070,0.0178,-0.0096,0.0006,-0.0000,-0.0193,-0.0243,0.0712,0.1037,0.0001,-0.0005,-0.0121,-0.0476,0.5803,-0.0002,-0.0801,-0.1101,0.2360,0.9928,-0.0000,0.1198,-0.1198,0.0079,0.9928,0.0603,0.0066,0.1481,-0.0907,0.0063,0.1474,-0.0907,0.0063,0.1474,0.0893,0.0066,0.1482,-0.1304,0.0121,0.0900,0.1294,0.0138,0.0913,0.0728,-0.0011,-0.1894,-0.0705,-0.0025,-0.1894,-0.0004,0.0017,0.0697,0.0614,0.0121,-0.0646,-0.0611,0.0182,-0.0702,0.0653,0.0175,-0.0880,-0.0640,0.0223,-0.0892,0.0976,-0.0327,-0.0515,0.0180,0.1464,0.0272,0.0236,-0.0061,-0.0102,0.0713,-0.0102,-0.0227,-0.0150,0.0221,0.0018,-0.0079,0.1218,0.0474,0.0984,-0.1168,0.0105,-0.1205
102,0.098537,-0.0858,-0.1181,0.1808,0.1700,-0.1391,0.0619,0.2148,-0.1333,0.0014,-0.1637,-0.1849,0.4627,0.4178,0.3061,-0.3060,-0.2237,-0.1594,0.1650,-0.0217,-0.0991,0.1146,-0.0453,-0.0816,0.0051,0.0976,0.0872,0.0187,-0.0054,0.0017,0.0000,-0.0039,-0.0051,0.0503,0.0968,-0.0001,-0.0002,0.0063,-0.0319,0.0230,0.1867,-0.0701,-0.1031,0.2360,0.9928,0.0000,0.1197,-0.1197,0.0084,0.9928,0.0602,0.0066,0.1481,-0.0908,0.0064,0.1474,-0.0908,0.0064,0.1474,0.0892,0.0066,0.1482,-0.1305,0.0122,0.0900,0.1293,0.0138,0.0913,0.0725,-0.0011,-0.1894,-0.0708,-0.0024,-0.1894,-0.0005,0.0017,0.0697,0.0613,0.0121,-0.0646,-0.0612,0.0183,-0.0702,0.0652,0.0176,-0.0879,-0.0641,0.0224,-0.0892,0.0985,-0.0308,-0.0557,0.0191,0.1445,0.0385,0.0223,-0.0069,-0.0141,0.0981,-0.0209,-0.0263,-0.0111,0.0238,0.0045,-0.0053,0.1128,0.0375,0.0959,-0.1160,0.0067,-0.1225
103,0.099512,-0.0867,-0.1195,0.1809,0.1720,-0.1373,0.0622,0.2147,-0.1333,0.0014,-0.1638,-0.1852,0.4639,0.4197,0.3061,-0.3060,-0.2237,-0.1600,0.1713,-0.0227,-0.1006,0.1125,-0.0443,-0.0778,0.0066,0.1069,0.0940,0.0173,-0.0082,0.0016,-0.0000,-0.0065,-0.0166,0.0659,0.1076,-0.0002,-0.0001,0.0023,-0.0376,-0.3485,-0.1612,-0.0737,-0.1081,0.2360,0.9928,-0.0000,0.1197,-0.1197,0.0088,0.9928,0.0601,0.0066,0.1481,-0.0909,0.0064,0.1474,-0.0909,0.0064,0.1474,0.0891,0.0066,0.1483,-0.1305,0.0122,0.0899,0.1292,0.0138,0.0914,0.0722,-0.0010,-0.1894,-0.0710,-0.0023,-0.1894,-0.0005,0.0017,0.0697,0.0612,0.0122,-0.0646,-0.0613,0.0184,-0.0702,0.0651,0.0177,-0.0879,-0.0643,0.0225,-0.0892,0.0995,-0.0302,-0.0494,0.0172,0.1338,0.0537,0.0211,-0.0073,-0.0155,0.1250,-0.0288,-0.0318,-0.0076,0.0271,0.0084,-0.0036,0.1112,0.0325,0.0894,-0.1192,0.0073,-0.1094
104,0.100488,-0.0875,-0.1209,0.1810,0.1741,-0.1359,0.0624,0.2146,-0.1333,0.0014,-0.1640,-0.1854,0.4649,0.4212,0.3061,-0.3060,-0.2237,-0.1605,0.1677,-0.0210,-0.1017,0.1110,-0.0408,-0.0675,0.0030,0.1178,0.1040,0.0155,-0.0141,0.0011,-0.0000,-0.0369,-0.0371,0.0848,0.1191,-0.0003,0.0002,0.0011,-0.0415,-1.8812,1.0950,-0.0864,-0.1134,0.2359,0.9928,-0.0000,0.1201,-0.1201,0.0092,0.9927,0.0600,0.0065,0.1481,-0.0910,0.0063,0.1473,-0.0910,0.0063,0.1473,0.0890,0.0066,0.1483,-0.1306,0.0122,0.0899,0.1292,0.0138,0.0914,0.0719,-0.0008,-0.1893,-0.0713,-0.0022,-0.1893,-0.0006,0.0017,0.0697,0.0611,0.0123,-0.0645,-0.0614,0.0185,-0.0702,0.0650,0.0178,-0.0879,-0.0644,0.0227,-0.0892,0.1005,-0.0247,-0.0564,0.0271,0.1198,0.0525,-0.0036,-0.0151,-0.0271,0.1727,-0.0437,-0.0333,-0.0466,-0.0048,0.0099,-0.0103,0.0551,-0.0277,0.0367,-0.0556,0.0271,-0.1154
105,0.101463,-0.0879,-0.1217,0.1811,0.1756,-0.1340,0.0626,0.2144,-0.1333,0.0014,-0.1647,-0.1859,0.4661,0.4232,0.3061,-0.3060,-0.2237,-0.1614,0.1652,-0.0209,-0.1029,0.1090,-0.0164,-0.0554,0.0111,0.1005,0.0988,0.0048,-0.0050,-0.0039,0.0000,-0.0506,-0.0267,0.0394,0.0988,0.0001,0.0000,-0.0102,-0.0648,0.2576,0.2027,-0.0480,-0.1119,0.2359,0.9927,-0.0000,0.1205,-0.1205,0.0096,0.9927,0.0600,0.0065,0.1482,-0.0910,0.0063,0.1473,-0.0910,0.0063,0.1473,0.0890,0.0065,0.1483,-0.1306,0.0122,0.0899,0.1292,0.0137,0.0915,0.0717,-0.0007,-0.1893,-0.0715,-0.0021,-0.1893,-0.0006,0.0016,0.0697,0.0611,0.0124,-0.0645,-0.0615,0.0185,-0.0701,0.0649,0.0179,-0.0878,-0.0645,0.0228,-0.0892,0.1015,-0.0331,-0.0572,0.0194,0.1427,0.0364,0.0181,-0.0057,-0.0144,0.0925,-0.0214,-0.0262,-0.0234,0.0166,0.0031,-0.0065,0.1039,0.0276,0.0975,-0.1192,0.0039,-0.1231
106,0.102439,-0.0886,-0.1231,0.1813,0.1778,-0.1321,0.0627,0.2142,-0.1333,0.0014,-0.1651,-0.1862,0.4671,0.4250,0.3061,-0.3060,-0.2237,-0.1621,0.1762,-0.0121,-0.1043,0.1070,-0.0494,-0.0880,0.0068,0.1125,0.0977,0.0057,-0.0124,0.0007,0.0000,-0.0099,-0.0101,0.0567,0.1095,-0.0001,-0.0001,0.0185,-0.0248,0.0287,0.0993,-0.0837,-0.1046,0.2359,0.9927,-0.0000,0.1208,-0.1208,0.0100,0.9926,0.0599,0.0064,0.1482,-0.0911,0.0063,0.1473,-0.0911,0.0063,0.1473,0.0889,0.0065,0.1484,-0.1306,0.0123,0.0898,0.1291,0.0137,0.0915,0.0714,-0.0006,-0.1893,-0.0718,-0.0019,-0.1893,-0.0006,0.0016,0.0697,0.0610,0.0125,-0.0645,-0.0616,0.0186,-0.0701,0.0648,0.0181,-0.0878,-0.0647,0.0229,-0.0892,0.1024,-0.0315,-0.0534,0.0190,0.1403,0.0408,0.0158,-0.0050,-0.0131,0.1068,-0.0263,-0.0288,-0.0227,0.0181,0.0052,-0.0065,0.1054,0.0184,0.0926,-0.1244,0.0079,-0.1169
107,0.103415,-0.0892,-0.1242,0.1813,0.1793,-0.1307,0.0628,0.2140,-0.1333,0.0014,-0.1653,-0.1865,0.4679,0.4266,0.3061,-0.3060,-0.2235,-0.1625,0.1786,-0.0176,-0.1054,0.1055,-0.0348,-0.0723,0.0044,0.1163,0.1017,0.0048,-0.0135,0.0012,-0.0000,-0.0168,-0.0190,0.0668,0.1182,-0.0001,-0.0001,0.0155,-0.0328,-0.1684,-0.4683,-0.0784,-0.1087,0.2359,0.9926,-0.0000,0.1212,-0.1212,0.0103,0.9926,0.0599,0.0063,0.1482,-0.0911,0.0062,0.1472,-0.0911,0.0062,0.1472,0.0889,0.0063,0.1484,-0.1306,0.0122,0.0897,0.1292,0.0136,0.0916,0.0712,-0.0005,-0.1892,-0.0720,-0.0018,-0.1892,-0.0006,0.0016,0.0697,0.0610,0.0126,-0.0644,-0.0617,0.0187,-0.0701,0.0647,0.0182,-0.0878,-0.0647,0.0230,-0.0891,0.1034,-0.0312,-0.0467,0.0165,0.1319,0.0501,0.0201,-0.0065,-0.0148,0.1291,-0.0293,-0.0325,-0.0179,0.0206,0.0076,-0.0035,0.1094,0.0173,0.0892,-0.1299,0.0149,-0.1022
108,0.104390,-0.0898,-0.1254,0.1814,0.1815,-0.1288,0.0629,0.2137,-0.1333,0.0014,-0.1657,-0.1869,0.4693,0.4288,0.3061,-0.3060,-0.2231,-0.1631,0.1701,-0.0322,-0.1067,0.1037,-0.0293,-0.0568,0.0007,0.1268,0.1107,0.0098,-0.0153,0.0011,-0.0000,-0.0195,-0.0243,0.0758,0.1102,0.0001,0.0001,0.0169,-0.0287,0.1114,-0.4024,-0.0685,-0.0924,0.2358,0.9925,0.0000,0.1219,-0.1219,0.0107,0.9925,0.0598,0.0063,0.1482,-0.0912,0.0062,0.1472,-0.0912,0.0062,0.1472,0.0888,0.0063,0.1484,-0.1307,0.0123,0.0897,0.1291,0.0136,0.0916,0.0709,-0.0003,-0.1892,-0.0723,-0.0017,-0.1892,-0.0007,0.0016,0.0697,0.0608,0.0127,-0.0644,-0.0618,0.0188,-0.0701,0.0645,0.0184,-0.0877,-0.0649,0.0231,-0.0891,0.1044,-0.0311,-0.0505,0.0175,0.1363,0.0441,0.0197,-0.0067,-0.0165,0.1149,-0.0254,-0.0299,-0.0251,0.0157,0.0057,-0.0052,0.1094,0.0165,0.0907,-0.1252,0.0131,-0.1043
109,0.105366,-0.0902,-0.1263,0.1814,0.1832,-0.1273,0.0630,0.2135,-0.1333,0.0014,-0.1659,-0.1872,0.4702,0.4304,0.3061,-0.3060,-0.2228,-0.1635,0.1693,-0.0300,-0.1077,0.1024,-0.0316,-0.0669,0.0002,0.1280,0.1122,0.0096,-0.0158,0.0010,-0.0000,-0.0107,-0.0197,0.0668,0.1151,0.0001,0.0002,0.0232,-0.0276,0.4826,0.7013,-0.0756,-0.0975,0.2358,0.9925,-0.0000,0.1224,-0.1224,0.0111,0.9924,0.0598,0.0061,0.1483,-0.0912,0.0061,0.1472,-0.0912,0.0061,0.1472,0.0888,0.0061,0.1485,-0.1306,0.0122,0.0897,0.1291,0.0135,0.0917,0.0707,-0.0002,-0.1892,-0.0725,-0.0016,-0.1892,-0.0006,0.0015,0.0697,0.0608,0.0128,-0.0644,-0.0618,0.0189,-0.0701,0.0645,0.0185,-0.0877,-0.0650,0.0232,-0.0891,0.1054,-0.0351,-0.0663,0.0243,0.1467,0.0319,0.0044,-0.0038,-0.0180,0.0752,-0.0252,-0.0284,-0.0553,-0.0072,0.0014,-0.0145,0.0834,-0.0086,0.0847,-0.1025,0.0108,-0.1210
110,0.106341,-0.0907,-0.1275,0.1814,0.1854,-0.1254,0.0632,0.2133,-0.1333,0.0014,-0.1660,-0.1875,0.4710,0.4322,0.3061,-0.3060,-0.2224,-0.1640,0.1793,-0.0202,-0.1090,0.1005,-0.0289,-0.0820,0.0054,0.1156,0.1093,0.0036,-0.0067,0.0006,-0.0000,-0.0113,-0.0153,0.0242,0.1015,-0.0000,-0.0001,0.0248,-0.0339,0.5729,0.5757,-0.0771,-0.1123,0.2358,0.9924,-0.0000,0.1229,-0.1229,0.0115,0.9924,0.0597,0.0060,0.1483,-0.0913,0.0061,0.1471,-0.0913,0.0061,0.1471,0.0887,0.0060,0.1485,-0.1307,0.0122,0.0896,0.1291,0.0134,0.0918,0.0704,-0.0001,-0.1892,-0.0728,-0.0014,-0.1891,-0.0007,0.0015,0.0697,0.0607,0.0129,-0.0643,-0.0620,0.0190,-0.0701,0.0644,0.0186,-0.0876,-0.0651,0.0233,-0.0891,0.1063,-0.0352,-0.0612,0.0242,0.1439,0.0308,0.0020,-0.0018,-0.0142,0.0750,-0.0257,-0.0293,-0.0556,-0.0080,0.0023,-0.0142,0.0856,-0.0113,0.0829,-0.1108,0.0124,-0.1192
111,0.107317,-0.0913,-0.1292,0.1816,0.1878,-0.1232,0.0632,0.2132,-0.1333,0.0014,-0.1663,-0.1878,0.4716,0.4343,0.3061,-0.3060,-0.2219,-0.1646,0.1736,-0.0257,-0.1102,0.0988,-0.0253,-0.0716,0.0098,0.1206,0.1127,0.0005,-0.0034,0.0011,0.0000,-0.0114,-0.0162,0.0292,0.0924,0.0002,-0.0001,0.0234,-0.0369,-0.5373,-0.7032,-0.0724,-0.1042,0.2357,0.9924,-0.0000,0.1233,-0.1233,0.0118,0.9923,0.0596,0.0060,0.1483,-0.0914,0.0061,0.1471,-0.0914,0.0061,0.1471,0.0886,0.0060,0.1486,-0.1308,0.0123,0.0896,0.1290,0.0134,0.0918,0.0700,0.0001,-0.1891,-0.0732,-0.0013,-0.1891,-0.0007,0.0015,0.0697,0.0605,0.0130,-0.0643,-0.0621,0.0191,-0.0700,0.0642,0.0188,-0.0876,-0.0653,0.0235,-0.0890,0.1073,-0.0324,-0.0496,0.0174,0.1168,0.0656,0.0203,-0.0101,-0.0244,0.1668,-0.0392,-0.0365,-0.0345,0.0176,0.0080,-0.0018,0.0838,-0.0110,0.0853,-0.1264,0.0139,-0.0915
112,0.108293,-0.0916,-0.1301,0.1817,0.1893,-0.1218,0.0632,0.2131,-0.1332,0.0014,-0.1666,-0.1882,0.4721,0.4357,0.3061,-0.3060,-0.2217,-0.1653,0.1784,-0.0226,-0.1115,0.0971,-0.0390,-0.0748,0.0048,0.1437,0.1216,0.0042,-0.0181,0.0001,0.0000,-0.0598,-0.0444,0.0861,0.1382,0.0003,0.0002,0.0048,-0.0561,1.6831,1.6875,-0.0779,-0.0860,0.2357,0.9923,-0.0000,0.1236,-0.1235,0.0121,0.9923,0.0596,0.0059,0.1483,-0.0914,0.0061,0.1471,-0.0914,0.0061,0.1471,0.0886,0.0059,0.1486,-0.1308,0.0123,0.0895,0.1290,0.0133,0.0919,0.0698,0.0002,-0.1891,-0.0734,-0.0012,-0.1891,-0.0007,0.0014,0.0697,0.0605,0.0130,-0.0643,-0.0622,0.0192,-0.0700,0.0641,0.0189,-0.0876,-0.0654,0.0235,-0.0890,0.1083,-0.0367,-0.0761,0.0331,0.1321,-0.0171,-0.0160,0.0040,-0.0088,0.0577,-0.0296,-0.0245,-0.1079,-0.0640,-0.0047,-0.0256,0.0424,-0.0415,0.0468,-0.0702,0.0305,-0.0977
113,0.109268,-0.0921,-0.1314,0.1819,0.1912,-0.1200,0.0633,0.2129,-0.1333,0.0014,-0.1672,-0.1886,0.4727,0.4374,0.3061,-0.3061,-0.2214,-0.1660,0.1832,-0.0222,-0.1125,0.0958,-0.0326,-0.0692,0.0177,0.0754,0.0744,0.0004,-0.0034,-0.0004,-0.0000,-0.0150,-0.0069,-0.0010,0.0544,-0.0002,-0.0108,0.0117,-0.0306,-0.6168,-0.4197,-0.0504,-0.0663,0.2357,0.9923,0.0000,0.1238,-0.1238,0.0124,0.9922,0.0595,0.0059,0.1484,-0.0914,0.0061,0.1471,-0.0914,0.0061,0.1471,0.0885,0.0059,0.1486,-0.1308,0.0124,0.0895,0.1289,0.0133,0.0919,0.0695,0.0003,-0.1891,-0.0737,-0.0010,-0.1891,-0.0008,0.0014,0.0697,0.0604,0.0131,-0.0643,-0.0623,0.0193,-0.0700,0.0640,0.0190,-0.0875,-0.0656,0.0236,-0.0890,0.1093,-0.0341,-0.0491,0.0197,0.1142,0.0670,0.0124,-0.0085,-0.0238,0.1678,-0.0433,-0.0370,-0.0443,0.0121,0.0076,-0.0039,0.0705,-0.0236,0.0788,-0.1228,0.0100,-0.0930
114,0.110244,-0.0928,-0.1328,0.1822,0.1930,-0.1184,0.0633,0.2127,-0.1333,0.0014,-0.1680,-0.1891,0.4733,0.4392,0.3061,-0.3063,-0.2213,-0.1666,0.1792,-0.0263,-0.1134,0.0947,-0.0279,-0.0659,0.0093,0.1300,0.1141,-0.0007,-0.0150,-0.0007,0.0000,-0.0504,-0.0391,0.0642,0.1204,-0.0004,-0.0079,-0.0030,-0.0795,-1.6835,-1.7446,-0.1020,-0.1194,0.2357,0.9923,0.0000,0.1237,-0.1237,0.0127,0.9922,0.0595,0.0060,0.1484,-0.0915,0.0062,0.1470,-0.0915,0.0062,0.1470,0.0885,0.0059,0.1486,-0.1308,0.0125,0.0895,0.1289,0.0133,0.0919,0.0692,0.0004,-0.1891,-0.0739,-0.0010,-0.1890,-0.0008,0.0014,0.0697,0.0603,0.0132,-0.0642,-0.0624,0.0193,-0.0700,0.0639,0.0191,-0.0875,-0.0657,0.0237,-0.0890,0.1102,-0.0266,-0.0401,0.0152,0.1043,0.0618,0.0240,-0.0207,-0.0347,0.2171,-0.0531,-0.0496,-0.0588,0.0186,0.0120,0.0018,0.0809,-0.0128,0.0632,-0.1262,0.0337,-0.0716
115,0.111220,-0.0930,-0.1335,0.1822,0.1945,-0.1171,0.0633,0.2125,-0.1333,0.0014,-0.1686,-0.1896,0.4738,0.4407,0.3061,-0.3064,-0.2211,-0.1676,0.1757,-0.0379,-0.1146,0.0933,-0.0069,-0.0648,0.0024,0.0831,0.0718,0.0114,-0.0217,-0.0084,-0.0001,-0.0867,-0.0746,0.0206,0.1419,-0.0003,-0.0015,0.0254,-0.0596,-1.5318,-2.1022,-0.0288,-0.0502,0.2356,0.9923,0.0000,0.1239,-0.1239,0.0130,0.9922,0.0595,0.0059,0.1484,-0.0915,0.0061,0.1470,-0.0915,0.0061,0.1470,0.0885,0.0059,0.1486,-0.1308,0.0125,0.0894,0.1289,0.0134,0.0920,0.0690,0.0004,-0.1890,-0.0741,-0.0009,-0.1890,-0.0008,0.0014,0.0697,0.0603,0.0133,-0.0642,-0.0625,0.0193,-0.0700,0.0638,0.0192,-0.0875,-0.0658,0.0237,-0.0889,0.1112,-0.0237,-0.0376,0.0133,0.1104,0.0542,0.0309,-0.0246,-0.0414,0.2124,-0.0514,-0.0489,-0.0605,0.0161,0.0105,0.0029,0.0943,-0.0026,0.0572,-0.1282,0.0325,-0.0673
116,0.112195,-0.0931,-0.1345,0.1823,0.1966,-0.1152,0.0637,0.2120,-0.1336,0.0014,-0.1697,-0.1906,0.4742,0.4430,0.3061,-0.3064,-0.2206,-0.1685,0.1767,-0.0324,-0.1156,0.0921,-0.0055,-0.0516,0.0003,0.0980,0.0863,0.0316,-0.0306,-0.0194,-0.0000,-0.0544,-0.0475,0.0121,0.1200,-0.0002,-0.0003,0.0319,-0.0479,-0.7971,-0.0267,-0.0449,-0.0522,0.2356,0.9923,0.0000,0.1241,-0.1241,0.0134,0.9922,0.0594,0.0059,0.1484,-0.0916,0.0061,0.1470,-0.0916,0.0061,0.1470,0.0884,0.0059,0.1487,-0.1309,0.0125,0.0894,0.1289,0.0134,0.0921,0.0687,0.0004,-0.1890,-0.0745,-0.0009,-0.1890,-0.0008,0.0014,0.0697,0.0602,0.0133,-0.0642,-0.0626,0.0194,-0.0700,0.0637,0.0193,-0.0875,-0.0659,0.0238,-0.0889,0.1122,-0.0324,-0.0524,0.0236,0.1085,0.0733,0.0037,-0.0091,-0.0292,0.1766,-0.0502,-0.0386,-0.0621,0.0043,0.0079,-0.0081,0.0526,-0.0420,0.0667,-0.1064,0.0065,-0.0958
117,0.113171,-0.0932,-0.1356,0.1823,0.1989,-0.1132,0.0641,0.2116,-0.1338,0.0014,-0.1707,-0.1913,0.4746,0.4447,0.3061,-0.3064,-0.2204,-0.1694,0.1768,-0.0303,-0.1166,0.0909,-0.0101,-0.0653,0.0057,0.1189,0.1086,0.0077,-0.0085,-0.0052,0.0000,-0.0509,-0.0323,0.0318,0.1257,-0.0000,-0.0001,-0.0017,-0.0749,-0.1562,0.1392,-0.0889,-0.1080,0.2356,0.9923,-0.0000,0.1242,-0.1242,0.0138,0.9922,0.0593,0.0059,0.1484,-0.0916,0.0061,0.1469,-0.0916,0.0061,0.1469,0.0883,0.0059,0.1487,-0.1310,0.0126,0.0894,0.1288,0.0135,0.0921,0.0683,0.0004,-0.1890,-0.0748,-0.0009,-0.1889,-0.0009,0.0014,0.0697,0.0601,0.0134,-0.0642,-0.0628,0.0194,-0.0700,0.0635,0.0194,-0.0874,-0.0661,0.0238,-0.0889,0.1132,-0.0343,-0.0529,0.0227,0.1214,0.0575,-0.0000,-0.0050,-0.0231,0.1390,-0.0408,-0.0347,-0.0675,0.0008,0.0058,-0.0108,0.0614,-0.0403,0.0759,-0.1137,0.0064,-0.1084
118,0.114146,-0.0934,-0.1365,0.1824,0.2005,-0.1117,0.0642,0.2115,-0.1339,0.0014,-0.1713,-0.1917,0.4750,0.4467,0.3061,-0.3064,-0.2204,-0.1707,0.1789,-0.0403,-0.1180,0.0891,-0.0199,-0.0850,0.0063,0.1332,0.1248,0.0020,-0.0059,-0.0025,0.0000,-0.0277,-0.0242,0.0238,0.1225,0.0003,-0.0003,0.0014,-0.0773,1.4989,-1.7709,-0.1021,-0.1279,0.2355,0.9923,-0.0000,0.1241,-0.1241,0.0140,0.9922,0.0594,0.0059,0.1484,-0.0916,0.0061,0.1469,-0.0916,0.0061,0.1469,0.0884,0.0059,0.1487,-0.1309,0.0127,0.0893,0.1289,0.0135,0.0921,0.0680,0.0004,-0.1889,-0.0750,-0.0009,-0.1889,-0.0008,0.0014,0.0697,0.0600,0.0135,-0.0641,-0.0628,0.0194,-0.0700,0.0634,0.0195,-0.0874,-0.0662,0.0238,-0.0889,0.1141,-0.0285,-0.0163,0.0160,0.1014,0.0146,0.0037,-0.0047,-0.0230,0.1206,-0.0266,-0.0351,-0.0910,-0.0151,0.0094,-0.0084,0.1062,0.0039,0.0342,-0.1327,0.0415,-0.0802
119,0.115122,-0.0936,-0.1375,0.1825,0.2022,-0.1100,0.0642,0.2114,-0.1340,0.0014,-0.1717,-0.1921,0.4750,0.4481,0.3061,-0.3064,-0.2200,-0.1716,0.1818,-0.0448,-0.1189,0.0879,-0.0040,-0.0376,0.0020,0.0744,0.0739,0.0004,-0.0146,-0.0112,0.0000,-0.0115,-0.0279,-0.0146,0.0625,0.0000,-0.0001,0.0439,-0.0357,0.0777,-0.7918,-0.0284,-0.0497,0.2355,0.9923,0.0000,0.1239,-0.1239,0.0142,0.9922,0.0593,0.0060,0.1485,-0.0917,0.0062,0.1469,-0.0917,0.0062,0.1469,0.0883,0.0059,0.1488,-0.1310,0.0127,0.0893,0.1288,0.0135,0.0922,0.0678,0.0004,-0.1889,-0.0753,-0.0009,-0.1889,-0.0009,0.0014,0.0697,0.0599,0.0135,-0.0641,-0.0629,0.0194,-0.0700,0.0633,0.0195,-0.0874,-0.0663,0.0239,-0.0889,0.1151,-0.0281,-0.0376,0.0178,0.1189,0.0454,0.0134,-0.0100,-0.0248,0.1528,-0.0384,-0.0346,-0.0592,0.0044,0.0064,-0.0056,0.0959,-0.0148,0.0708,-0.1290,0.0208,-0.0978
120,0.116098,-0.0938,-0.1386,0.1825,0.2042,-0.1081,0.0642,0.2111,-0.1341,0.0014,-0.1722,-0.1926,0.4752,0.4497,0.3061,-0.3064,-0.2196,-0.1724,0.1826,-0.0487,-0.1200,0.0865,-0.0086,-0.0581,0.0004,0.1125,0.1054,0.0005,-0.0116,-0.0032,0.0000,-0.0387,-0.0268,0.0235,0.1101,-0.0002,0.0001,0.0189,-0.0592,-0.9100,0.3903,-0.0746,-0.0967,0.2355,0.9923,0.0000,0.1238,-0.1238,0.0145,0.9922,0.0592,0.0060,0.1485,-0.0917,0.0062,0.1469,-0.0917,0.0062,0.1469,0.0882,0.0059,0.1488,-0.1310,0.0128,0.0893,0.1288,0.0135,0.0922,0.0674,0.0005,-0.1889,-0.0757,-0.0008,-0.1889,-0.0009,0.0014,0.0697,0.0598,0.0136,-0.0641,-0.0631,0.0195,-0.0700,0.0631,0.0196,-0.0874,-0.0665,0.0239,-0.0889,0.1161,-0.0286,-0.0519,0.0286,0.1034,0.0682,-0.0070,-0.0075,-0.0304,0.1816,-0.0564,-0.0404,-0.0866,-0.0139,0.0081,-0.0125,0.0435,-0.0691,0.0442,-0.0823,0.0087,-0.0994
121,0.117073,-0.0938,-0.1395,0.1825,0.2058,-0.1066,0.0642,0.2109,-0.1342,0.0014,-0.1731,-0.1931,0.4754,0.4516,0.3061,-0.3064,-0.2194,-0.1736,0.1743,-0.0565,-0.1213,0.0847,-0.0019,-0.0702,0.0119,0.1100,0.1032,0.0000,-0.0127,-0.0139,0.0000,-0.1074,-0.0509,0.0054,0.1315,-0.0003,-0.0003,-0.0073,-0.1073,-2.0820,-2.1430,-0.0991,-0.1227,0.2355,0.9923,-0.0000,0.1237,-0.1237,0.0148,0.9922,0.0593,0.0060,0.1485,-0.0917,0.0063,0.1468,-0.0917,0.0063,0.1468,0.0883,0.0059,0.1488,-0.1310,0.0129,0.0892,0.1288,0.0135,0.0922,0.0672,0.0004,-0.1889,-0.0759,-0.0008,-0.1888,-0.0009,0.0015,0.0697,0.0597,0.0136,-0.0641,-0.0631,0.0195,-0.0700,0.0631,0.0197,-0.0874,-0.0666,0.0239,-0.0889,0.1171,-0.0194,-0.0320,0.0209,0.0944,0.0536,0.0199,-0.0271,-0.0450,0.2320,-0.0584,-0.0504,-0.0839,0.0053,0.0174,0.0003,0.0828,-0.0181,0.0388,-0.1120,0.0371,-0.0682
122,0.118049,-0.0939,-0.1404,0.1828,0.2079,-0.1047,0.0642,0.2105,-0.1347,0.0014,-0.1744,-0.1941,0.4754,0.4534,0.3061,-0.3064,-0.2193,-0.1751,0.1853,-0.0513,-0.1224,0.0834,-0.0077,-0.0460,0.0096,0.0925,0.0839,0.0062,-0.0378,-0.0346,0.0000,-0.0660,-0.0529,0.0006,0.1115,0.0036,-0.0001,0.0160,-0.0688,0.5603,0.0791,-0.0406,-0.0546,0.2354,0.9923,-0.0000,0.1235,-0.1235,0.0152,0.9922,0.0592,0.0060,0.1485,-0.0918,0.0063,0.1468,-0.0918,0.0063,0.1468,0.0882,0.0060,0.1488,-0.1310,0.0130,0.0892,0.1287,0.0136,0.0923,0.0668,0.0004,-0.1888,-0.0762,-0.0009,-0.1888,-0.0010,0.0015,0.0697,0.0596,0.0137,-0.0641,-0.0633,0.0195,-0.0700,0.0629,0.0198,-0.0873,-0.0668,0.0239,-0.0889,0.1180,-0.0292,-0.0380,0.0242,0.1240,0.0334,-0.0099,-0.0044,-0.0203,0.1109,-0.0386,-0.0324,-0.0878,-0.0131,0.0062,-0.0162,0.0872,-0.0271,0.0572,-0.1116,0.0135,-0.1229
123,0.119024,-0.0940,-0.1413,0.1829,0.2099,-0.1027,0.0644,0.2101,-0.1351,0.0014,-0.1752,-0.1947,0.4754,0.4552,0.3062,-0.3064,-0.2190,-0.1761,0.1838,-0.0478,-0.1240,0.0813,-0.0059,-0.0627,0.0101,0.1156,0.1139,0.0032,-0.0100,-0.0101,0.0000,-0.0292,-0.0186,0.0001,0.0957,0.0013,-0.0012,0.0166,-0.0635,-0.2675,0.0423,-0.0896,-0.1251,0.2354,0.9924,0.0000,0.1233,-0.1233,0.0155,0.9923,0.0591,0.0061,0.1485,-0.0919,0.0064,0.1468,-0.0919,0.0064,0.1468,0.0881,0.0060,0.1489,-0.1311,0.0130,0.0892,0.1287,0.0136,0.0923,0.0665,0.0004,-0.1888,-0.0766,-0.0009,-0.1888,-0.0010,0.0015,0.0697,0.0595,0.0137,-0.0641,-0.0634,0.0195,-0.0699,0.0628,0.0198,-0.0873,-0.0669,0.0239,-0.0888,0.1190,-0.0278,-0.0428,0.0258,0.1070,0.0568,-0.0072,-0.0059,-0.0249,0.1565,-0.0499,-0.0372,-0.0775,-0.0045,0.0086,-0.0125,0.0693,-0.0467,0.0564,-0.1023,0.0047,-0.1089
124,0.120000,-0.0941,-0.1425,0.1831,0.2120,-0.1007,0.0644,0.2100,-0.1352,0.0014,-0.1758,-0.1950,0.4754,0.4565,0.3062,-0.3064,-0.2189,-0.1771,0.1796,-0.0477,-0.1251,0.0799,-0.0020,-0.0660,0.0140,0.1204,0.1137,0.0005,-0.0057,-0.0089,0.0000,-0.0769,-0.0430,0.0002,0.1167,0.0001,0.0000,0.0069,-0.0882,-1.7770,1.6770,-0.1139,-0.1266,0.2354,0.9924,0.0000,0.1230,-0.1229,0.0158,0.9923,0.0591,0.0061,0.1485,-0.0919,0.0065,0.1467,-0.0919,0.0065,0.1467,0.0881,0.0061,0.1489,-0.1311,0.0132,0.0891,0.1286,0.0137,0.0923,0.0661,0.0004,-0.1888,-0.0769,-0.0009,-0.1887,-0.0010,0.0015,0.0697,0.0594,0.0138,-0.0640,-0.0635,0.0195,-0.0699,0.0626,0.0199,-0.0873,-0.0671,0.0239,-0.0888,0.1200,-0.0260,-0.0576,0.0328,0.1200,0.0257,-0.0086,-0.0098,-0.0351,0.1861,-0.0464,-0.0319,-0.1425,-0.0590,0.0047,-0.0089,0.0082,-0.1081,0.0208,-0.0407,0.0352,-0.1101
125,0.120976,-0.0941,-0.1432,0.1833,0.2135,-0.0992,0.0644,0.2099,-0.1355,0.0014,-0.1767,-0.1955,0.4753,0.4582,0.3062,-0.3064,-0.2188,-0.1787,0.1767,-0.0445,-0.1265,0.0780,-0.0009,-0.0433,0.0163,0.0974,0.1107,0.0002,-0.0106,-0.0319,-0.0002,-0.0519,-0.0150,-0.0444,0.0547,-0.0002,0.0002,-0.0058,-0.1015,-1.4406,1.5119,-0.0436,-0.1101,0.2354,0.9925,0.0000,0.1226,-0.1226,0.0161,0.9923,0.0591,0.0062,0.1485,-0.0919,0.0066,0.1467,-0.0919,0.0066,0.1467,0.0881,0.0061,0.1489,-0.1311,0.0133,0.0891,0.1287,0.0137,0.0924,0.0659,0.0004,-0.1888,-0.0771,-0.0009,-0.1887,-0.0010,0.0016,0.0697,0.0594,0.0138,-0.0640,-0.0635,0.0195,-0.0699,0.0625,0.0199,-0.0873,-0.0671,0.0239,-0.0888,0.1210,-0.0275,-0.0546,0.0307,0.1153,0.0355,-0.0109,-0.0086,-0.0347,0.1859,-0.0498,-0.0322,-0.1336,-0.0472,0.0046,-0.0090,0.0158,-0.0944,0.0310,-0.0505,0.0192,-0.1183
126,0.121951,-0.0942,-0.1443,0.1837,0.2155,-0.0971,0.0644,0.2098,-0.1360,0.0014,-0.1777,-0.1959,0.4745,0.4594,0.3062,-0.3064,-0.2192,-0.1807,0.1814,-0.0493,-0.1279,0.0759,-0.0044,-0.0591,0.0210,0.1072,0.1123,0.0001,-0.0030,-0.0246,-0.0000,-0.0500,-0.0200,-0.0387,0.0656,-0.0001,0.0001,-0.0150,-0.0995,-0.4560,0.4921,-0.0731,-0.1070,0.2354,0.9926,-0.0000,0.1216,-0.1216,0.0164,0.9924,0.0590,0.0064,0.1485,-0.0920,0.0067,0.1467,-0.0920,0.0067,0.1467,0.0880,0.0063,0.1489,-0.1311,0.0135,0.0891,0.1286,0.0138,0.0924,0.0655,0.0003,-0.1888,-0.0775,-0.0010,-0.1887,-0.0010,0.0016,0.0697,0.0592,0.0138,-0.0640,-0.0637,0.0194,-0.0700,0.0623,0.0199,-0.0873,-0.0673,0.0238,-0.0888,0.1220,-0.0260,-0.0388,0.0269,0.0995,0.0520,-0.0144,-0.0061,-0.0269,0.1593,-0.0551,-0.0374,-0.0917,-0.0092,0.0083,-0.0147,0.0628,-0.0543,0.0455,-0.0861,-0.0082,-0.1175
127,0.122927,-0.0943,-0.1456,0.1841,0.2177,-0.0949,0.0644,0.2097,-0.1363,0.0014,-0.1789,-0.1965,0.4741,0.4612,0.3062,-0.3064,-0.2193,-0.1821,0.1801,-0.0475,-0.1293,0.0743,-0.0012,-0.0670,0.0203,0.1187,0.1117,-0.0000,-0.0082,-0.0137,-0.0000,-0.0604,-0.0330,-0.0085,0.1063,-0.0003,-0.0002,-0.0011,-0.0969,-1.7636,1.7887,-0.1461,-0.1354,0.2353,0.9927,-0.0000,0.1205,-0.1205,0.0167,0.9926,0.0590,0.0065,0.1486,-0.0920,0.0070,0.1467,-0.0920,0.0070,0.1467,0.0880,0.0064,0.1489,-0.1312,0.0137,0.0890,0.1286,0.0139,0.0924,0.0651,0.0002,-0.1887,-0.0778,-0.0011,-0.1887,-0.0011,0.0017,0.0697,0.0591,0.0138,-0.0640,-0.0639,0.0194,-0.0700,0.0622,0.0200,-0.0873,-0.0675,0.0237,-0.0888,0.1229,-0.0229,-0.0477,0.0318,0.1214,0.0069,-0.0082,-0.0098,-0.0328,0.1781,-0.0443,-0.0289,-0.1468,-0.0527,0.0039,-0.0077,0.0211,-0.0866,0.0210,-0.0387,0.0347,-0.1236
128,0.123902,-0.0943,-0.1463,0.1844,0.2191,-0.0935,0.0644,0.2095,-0.1366,0.0014,-0.1795,-0.1968,0.4737,0.4622,0.3062,-0.3064,-0.2193,-0.1837,0.1718,-0.0410,-0.1309,0.0722,-0.0007,-0.0479,0.0178,0.0851,0.1051,0.0000,-0.0119,-0.0359,-0.0000,-0.0363,-0.0105,-0.0650,0.0468,-0.0003,0.0002,-0.0001,-0.0928,-1.9608,1.8174,-0.0397,-0.1240,0.2353,0.9928,-0.0000,0.1197,-0.1197,0.0170,0.9927,0.0590,0.0067,0.1485,-0.0920,0.0072,0.1466,-0.0920,0.0072,0.1466,0.0880,0.0066,0.1489,-0.1311,0.0138,0.0890,0.1286,0.0140,0.0924,0.0648,0.0001,-0.1887,-0.0781,-0.0012,-0.1887,-0.0010,0.0018,0.0697,0.0590,0.0138,-0.0640,-0.0639,0.0193,-0.0700,0.0621,0.0200,-0.0873,-0.0676,0.0237,-0.0889,0.1239,-0.0224,-0.0458,0.0314,0.1170,0.0030,-0.0087,-0.0099,-0.0300,0.1777,-0.0433,-0.0262,-0.1451,-0.0490,0.0035,-0.0068,0.0238,-0.0721,0.0247,-0.0322,0.0371,-0.1335
129,0.124878,-0.0943,-0.1474,0.1848,0.2207,-0.0917,0.0644,0.2094,-0.1372,0.0014,-0.1803,-0.1970,0.4727,0.4633,0.3062,-0.3064,-0.2196,-0.1855,0.1814,-0.0471,-0.1321,0.0701,0.0001,-0.0597,0.0245,0.0879,0.1007,0.0001,-0.0030,-0.0295,0.0000,-0.0406,-0.0110,-0.0621,0.0576,-0.0001,0.0001,-0.0140,-0.0958,0.3724,0.0510,-0.0595,-0.1155,0.2353,0.9930,0.0000,0.1182,-0.1182,0.0172,0.9928,0.0590,0.0070,0.1485,-0.0920,0.0074,0.1466,-0.0920,0.0074,0.1466,0.0880,0.0069,0.1489,-0.1311,0.0140,0.0889,0.1286,0.0142,0.0924,0.0645,-0.0001,-0.1887,-0.0784,-0.0014,-0.1887,-0.0010,0.0019,0.0697,0.0589,0.0138,-0.0640,-0.0640,0.0192,-0.0700,0.0620,0.0199,-0.0873,-0.0677,0.0235,-0.0889,0.1249,-0.0200,-0.0139,0.0216,0.1033,0.0190,-0.0128,-0.0045,-0.0153,0.1192,-0.0459,-0.0314,-0.0797,0.0019,0.0096,-0.0150,0.1214,0.0052,0.0496,-0.1106,-0.0038,-0.1420
130,0.125854,-0.0943,-0.1486,0.1852,0.2226,-0.0897,0.0644,0.2093,-0.1376,0.0014,-0.1811,-0.1974,0.4719,0.4648,0.3062,-0.3064,-0.2195,-0.1870,0.1787,-0.0500,-0.1339,0.0677,-0.0008,-0.0590,0.0174,0.1044,0.1029,0.0000,-0.0088,-0.0123,-0.0000,-0.0438,-0.0189,-0.0142,0.0882,0.0001,-0.0006,0.0206,-0.0641,0.5550,-0.0114,-0.0940,-0.1191,0.2353,0.9932,-0.0000,0.1167,-0.1167,0.0175,0.9930,0.0589,0.0072,0.1485,-0.0921,0.0076,0.1466,-0.0921,0.0076,0.1466,0.0879,0.0071,0.1489,-0.1312,0.0142,0.0889,0.1286,0.0143,0.0924,0.0641,-0.0003,-0.1887,-0.0787,-0.0016,-0.1886,-0.0011,0.0019,0.0697,0.0588,0.0137,-0.0640,-0.0642,0.0191,-0.0700,0.0618,0.0199,-0.0873,-0.0679,0.0234,-0.0889,0.1259,-0.0174,-0.0081,0.0204,0.1030,0.0082,-0.0108,-0.0041,-0.0137,0.1064,-0.0426,-0.0301,-0.0789,-0.0001,0.0105,-0.0154,0.1367,0.0175,0.0484,-0.1118,0.0017,-0.1448
131,0.126829,-0.0943,-0.1493,0.1854,0.2240,-0.0884,0.0644,0.2092,-0.1377,0.0014,-0.1817,-0.1977,0.4718,0.4659,0.3062,-0.3064,-0.2192,-0.1878,0.1797,-0.0483,-0.1352,0.0661,-0.0005,-0.0515,0.0130,0.1178,0.1170,0.0001,-0.0097,-0.0126,-0.0000,-0.0412,-0.0224,-0.0037,0.0799,0.0003,0.0000,0.0226,-0.0588,1.4852,1.0920,-0.1126,-0.1447,0.2353,0.9933,-0.0000,0.1159,-0.1159,0.0177,0.9931,0.0589,0.0074,0.1485,-0.0920,0.0079,0.1466,-0.0920,0.0079,0.1466,0.0879,0.0073,0.1489,-0.1311,0.0144,0.0889,0.1286,0.0144,0.0924,0.0639,-0.0004,-0.1887,-0.0789,-0.0017,-0.1886,-0.0010,0.0021,0.0697,0.0587,0.0138,-0.0640,-0.0642,0.0191,-0.0700,0.0617,0.0199,-0.0873,-0.0680,0.0234,-0.0889,0.1268,-0.0244,-0.0248,0.0267,0.1017,-0.0250,-0.0071,-0.0013,-0.0133,0.0599,-0.0318,-0.0236,-0.1090,-0.0396,0.0025,-0.0169,0.1076,0.0006,0.0443,-0.0752,0.0076,-0.1368
132,0.127805,-0.0943,-0.1503,0.1857,0.2256,-0.0867,0.0644,0.2090,-0.1380,0.0014,-0.1822,-0.1979,0.4712,0.4671,0.3062,-0.3064,-0.2188,-0.1890,0.1826,-0.0418,-0.1369,0.0639,-0.0039,-0.0589,0.0198,0.0662,0.0710,-0.0000,-0.0031,-0.0180,0.0000,-0.0211,-0.0069,-0.0538,0.0515,-0.0000,-0.0012,0.0136,-0.0645,-0.2130,-0.6381,-0.0883,-0.1045,0.2352,0.9934,-0.0000,0.1147,-0.1147,0.0179,0.9932,0.0589,0.0075,0.1485,-0.0921,0.0081,0.1465,-0.0921,0.0081,0.1465,0.0879,0.0074,0.1489,-0.1312,0.0145,0.0888,0.1286,0.0145,0.0924,0.0636,-0.0005,-0.1887,-0.0792,-0.0018,-0.1886,-0.0011,0.0021,0.0697,0.0586,0.0137,-0.0640,-0.0643,0.0190,-0.0700,0.0616,0.0199,-0.0873,-0.0681,0.0233,-0.0889,0.1278,-0.0126,0.0005,0.0204,0.0793,0.0268,-0.0066,-0.0056,-0.0119,0.1512,-0.0633,-0.0374,-0.0536,0.0222,0.0165,-0.0105,0.1484,0.0339,0.0434,-0.1110,0.0059,-0.1378
133,0.128780,-0.0944,-0.1515,0.1860,0.2272,-0.0851,0.0644,0.2089,-0.1383,0.0014,-0.1835,-0.1984,0.4707,0.4686,0.3062,-0.3065,-0.2185,-0.1902,0.1832,-0.0450,-0.1387,0.0617,-0.0010,-0.0570,0.0187,0.0858,0.0837,-0.0000,-0.0123,-0.0135,0.0000,-0.0715,-0.0296,-0.0054,0.0991,0.0022,-0.0008,0.0182,-0.0633,-0.6297,-0.7386,-0.0804,-0.1135,0.2352,0.9935,-0.0000,0.1137,-0.1137,0.0181,0.9933,0.0589,0.0077,0.1485,-0.0921,0.0082,0.1465,-0.0921,0.0082,0.1465,0.0879,0.0075,0.1489,-0.1312,0.0147,0.0888,0.1285,0.0146,0.0924,0.0633,-0.0006,-0.1886,-0.0795,-0.0019,-0.1886,-0.0011,0.0022,0.0697,0.0585,0.0137,-0.0640,-0.0644,0.0190,-0.0700,0.0614,0.0199,-0.0873,-0.0683,0.0232,-0.0889,0.1288,-0.0124,0.0035,0.0211,0.0677,0.0352,-0.0055,-0.0072,-0.0139,0.1730,-0.0722,-0.0408,-0.0499,0.0275,0.0190,-0.0079,0.1437,0.0377,0.0391,-0.1017,0.0053,-0.1320
134,0.129756,-0.0944,-0.1522,0.1863,0.2283,-0.0840,0.0644,0.2087,-0.1385,0.0014,-0.1846,-0.1989,0.4706,0.4699,0.3063,-0.3065,-0.2183,-0.1910,0.1791,-0.0495,-0.1398,0.0601,0.0001,-0.0615,0.0179,0.0798,0.0754,-0.0001,-0.0192,-0.0175,0.0000,-0.1195,-0.0477,-0.0011,0.1215,0.0062,-0.0004,0.0180,-0.0707,-1.6919,-1.6699,-0.0874,-0.1214,0.2352,0.9935,-0.0000,0.1134,-0.1134,0.0183,0.9934,0.0589,0.0077,0.1485,-0.0921,0.0083,0.1465,-0.0921,0.0083,0.1465,0.0879,0.0076,0.1489,-0.1312,0.0148,0.0888,0.1286,0.0147,0.0924,0.0631,-0.0007,-0.1886,-0.0797,-0.0020,-0.1885,-0.0011,0.0022,0.0697,0.0585,0.0138,-0.0640,-0.0645,0.0190,-0.0700,0.0614,0.0200,-0.0873,-0.0683,0.0232,-0.0889,0.1298,-0.0048,0.0043,0.0171,0.0521,0.0429,0.0059,-0.0138,-0.0304,0.2162,-0.0780,-0.0514,-0.0684,0.0226,0.0215,-0.0019,0.1478,0.0361,0.0198,-0.0913,0.0204,-0.1130
135,0.130732,-0.0944,-0.1530,0.1865,0.2300,-0.0824,0.0644,0.2082,-0.1390,0.0014,-0.1865,-0.1999,0.4706,0.4718,0.3063,-0.3065,-0.2179,-0.1922,0.1801,-0.0550,-0.1411,0.0582,-0.0000,-0.0411,0.0101,0.0758,0.0724,-0.0000,-0.0337,-0.0326,0.0000,-0.0969,-0.0526,-0.0069,0.1033,0.0084,-0.0002,0.0243,-0.0637,-0.8986,-0.8978,-0.0618,-0.0947,0.2352,0.9936,-0.0000,0.1132,-0.1132,0.0185,0.9934,0.0588,0.0078,0.1485,-0.0921,0.0083,0.1465,-0.0921,0.0083,0.1465,0.0878,0.0077,0.1489,-0.1312,0.0149,0.0888,0.1285,0.0148,0.0924,0.0628,-0.0007,-0.1886,-0.0800,-0.0020,-0.1885,-0.0011,0.0022,0.0697,0.0584,0.0138,-0.0640,-0.0646,0.0189,-0.0700,0.0612,0.0200,-0.0873,-0.0685,0.0232,-0.0889,0.1307,-0.0121,0.0070,0.0202,0.0609,0.0349,-0.0025,-0.0091,-0.0171,0.1857,-0.0759,-0.0420,-0.0561,0.0307,0.0198,-0.0065,0.1443,0.0430,0.0333,-0.0952,0.0084,-0.1271
136,0.131707,-0.0944,-0.1539,0.1867,0.2316,-0.0809,0.0644,0.2078,-0.1394,0.0014,-0.1882,-0.2007,0.4705,0.4738,0.3064,-0.3065,-0.2175,-0.1932,0.1780,-0.0552,-0.1425,0.0563,0.0003,-0.0536,0.0132,0.0899,0.0849,0.0000,-0.0222,-0.0197,0.0000,-0.0940,-0.0378,-0.0011,0.1080,0.0038,-0.0001,0.0254,-0.0529,0.4165,-0.1799,-0.0785,-0.1064,0.2351,0.9936,-0.0000,0.1133,-0.1133,0.0187,0.9934,0.0588,0.0078,0.1486,-0.0922,0.0083,0.1465,-0.0922,0.0083,0.1465,0.0878,0.0077,0.1490,-0.1313,0.0150,0.0888,0.1285,0.0148,0.0925,0.0625,-0.0007,-0.1885,-0.0802,-0.0020,-0.1885,-0.0012,0.0022,0.0697,0.0583,0.0139,-0.0640,-0.0647,0.0189,-0.0700,0.0611,0.0201,-0.0873,-0.0686,0.0232,-0.0889,0.1317,-0.0129,0.0104,0.0183,0.0905,-0.0071,-0.0075,-0.0052,-0.0123,0.1081,-0.0465,-0.0284,-0.0782,0.0087,0.0133,-0.0126,0.1563,0.0469,0.0427,-0.1121,0.0040,-0.1512
137,0.132683,-0.0944,-0.1546,0.1869,0.2328,-0.0797,0.0644,0.2075,-0.1397,0.0014,-0.1892,-0.2011,0.4705,0.4750,0.3065,-0.3065,-0.2171,-0.1938,0.1823,-0.0558,-0.1436,0.0548,0.0001,-0.0441,0.0107,0.1091,0.1080,0.0001,-0.0227,-0.0210,-0.0000,-0.0422,-0.0173,-0.0065,0.0774,0.0033,0.0001,0.0430,-0.0342,1.7232,0.4874,-0.1166,-0.1498,0.2351,0.9935,0.0000,0.1135,-0.1135,0.0188,0.9934,0.0588,0.0077,0.1486,-0.0921,0.0083,0.1464,-0.0921,0.0083,0.1464,0.0878,0.0076,0.1490,-0.1312,0.0150,0.0888,0.1286,0.0148,0.0925,0.0622,-0.0006,-0.1885,-0.0805,-0.0020,-0.1884,-0.0011,0.0022,0.0697,0.0583,0.0140,-0.0640,-0.0647,0.0189,-0.0700,0.0611,0.0202,-0.0873,-0.0687,0.0232,-0.0888,0.1327,-0.0203,0.0036,0.0227,0.0772,-0.0372,-0.0081,0.0003,-0.0075,0.0675,-0.0274,-0.0223,-0.1083,-0.0347,0.0079,-0.0147,0.1414,0.0302,0.0288,-0.0815,0.0195,-0.1323
138,0.133659,-0.0944,-0.1554,0.1871,0.2342,-0.0783,0.0644,0.2071,-0.1400,0.0014,-0.1898,-0.2013,0.4699,0.4763,0.3065,-0.3065,-0.2161,-0.1944,0.1914,-0.0557,-0.1451,0.0528,0.0001,-0.0465,0.0133,0.0502,0.0555,0.0000,-0.0117,-0.0174,0.0000,-0.0118,-0.0049,-0.0534,0.0477,0.0002,-0.0005,0.0558,-0.0275,-0.4423,-0.1813,-0.0640,-0.0877,0.2351,0.9935,-0.0000,0.1137,-0.1137,0.0188,0.9933,0.0588,0.0077,0.1486,-0.0922,0.0083,0.1465,-0.0922,0.0083,0.1465,0.0878,0.0076,0.1490,-0.1313,0.0151,0.0888,0.1285,0.0148,0.0925,0.0620,-0.0005,-0.1885,-0.0807,-0.0018,-0.1884,-0.0011,0.0022,0.0697,0.0581,0.0140,-0.0640,-0.0649,0.0190,-0.0700,0.0609,0.0203,-0.0872,-0.0688,0.0232,-0.0888,0.1337,-0.0143,0.0022,0.0227,0.0747,0.0127,-0.0063,-0.0072,-0.0164,0.1511,-0.0648,-0.0342,-0.0730,0.0169,0.0159,-0.0074,0.1309,0.0250,0.0360,-0.0943,0.0011,-0.1371
139,0.134634,-0.0944,-0.1565,0.1874,0.2354,-0.0771,0.0644,0.2068,-0.1404,0.0014,-0.1912,-0.2017,0.4695,0.4779,0.3065,-0.3065,-0.2154,-0.1953,0.1837,-0.0585,-0.1467,0.0508,0.0004,-0.0577,0.0183,0.0851,0.0776,-0.0000,-0.0268,-0.0224,0.0000,-0.1072,-0.0337,-0.0034,0.1178,0.0016,-0.0003,0.0336,-0.0503,-0.0843,-1.1268,-0.0921,-0.1122,0.2351,0.9935,0.0000,0.1141,-0.1141,0.0188,0.9933,0.0587,0.0077,0.1486,-0.0922,0.0083,0.1465,-0.0922,0.0083,0.1465,0.0877,0.0076,0.1490,-0.1313,0.0151,0.0888,0.1285,0.0148,0.0925,0.0617,-0.0004,-0.1885,-0.0810,-0.0017,-0.1884,-0.0012,0.0022,0.0697,0.0580,0.0141,-0.0639,-0.0650,0.0190,-0.0699,0.0608,0.0205,-0.0872,-0.0689,0.0233,-0.0888,0.1346,-0.0091,0.0194,0.0180,0.0727,0.0115,-0.0012,-0.0065,-0.0162,0.1512,-0.0605,-0.0357,-0.0659,0.0149,0.0173,-0.0059,0.1761,0.0471,0.0327,-0.1134,0.0208,-0.1307
140,0.135610,-0.0943,-0.1572,0.1877,0.2369,-0.0756,0.0644,0.2062,-0.1408,0.0014,-0.1925,-0.2022,0.4695,0.4797,0.3066,-0.3065,-0.2144,-0.1958,0.1766,-0.0721,-0.1480,0.0489,0.0071,-0.0308,0.0110,0.0912,0.0876,0.0000,-0.0340,-0.0230,-0.0000,-0.0692,-0.0308,-0.0005,0.0924,0.0026,0.0001,0.0734,-0.0180,-0.2020,-0.2127,-0.0690,-0.1054,0.2350,0.9934,-0.0000,0.1149,-0.1149,0.0190,0.9932,0.0587,0.0076,0.1486,-0.0923,0.0082,0.1464,-0.0923,0.0082,0.1464,0.0877,0.0075,0.1490,-0.1313,0.0151,0.0888,0.1284,0.0148,0.0925,0.0614,-0.0003,-0.1884,-0.0812,-0.0016,-0.1884,-0.0012,0.0021,0.0697,0.0580,0.0143,-0.0639,-0.0651,0.0191,-0.0699,0.0607,0.0206,-0.0872,-0.0691,0.0233,-0.0887,0.1356,-0.0143,0.0012,0.0229,0.0758,0.0103,-0.0055,-0.0075,-0.0194,0.1454,-0.0592,-0.0313,-0.0844,0.0112,0.0151,-0.0083,0.1298,0.0172,0.0386,-0.0937,0.0071,-0.1375
141,0.136585,-0.0942,-0.1578,0.1878,0.2383,-0.0744,0.0644,0.2058,-0.1411,0.0014,-0.1935,-0.2026,0.4695,0.4814,0.3066,-0.3065,-0.2134,-0.1963,0.1813,-0.0723,-0.1491,0.0473,0.0058,-0.0500,0.0111,0.0970,0.0900,0.0000,-0.0311,-0.0239,-0.0000,-0.0691,-0.0206,-0.0001,0.1181,0.0012,0.0002,0.0484,-0.0393,0.7538,0.4986,-0.0902,-0.1179,0.2350,0.9933,0.0000,0.1157,-0.1157,0.0191,0.9931,0.0587,0.0075,0.1486,-0.0923,0.0080,0.1464,-0.0923,0.0080,0.1464,0.0877,0.0074,0.1490,-0.1313,0.0151,0.0888,0.1285,0.0147,0.0926,0.0612,-0.0001,-0.1884,-0.0815,-0.0015,-0.1883,-0.0012,0.0020,0.0697,0.0579,0.0144,-0.0639,-0.0651,0.0191,-0.0699,0.0606,0.0207,-0.0871,-0.0691,0.0234,-0.0887,0.1366,-0.0170,-0.0021,0.0234,0.0886,-0.0227,-0.0090,-0.0023,-0.0155,0.0892,-0.0380,-0.0246,-0.1054,-0.0212,0.0109,-0.0132,0.1254,0.0048,0.0415,-0.0921,0.0018,-0.1365
142,0.137561,-0.0941,-0.1587,0.1880,0.2399,-0.0728,0.0644,0.2052,-0.1416,0.0014,-0.1943,-0.2028,0.4691,0.4832,0.3066,-0.3065,-0.2124,-0.1969,0.1826,-0.0750,-0.1508,0.0453,0.0024,-0.0445,0.0124,0.0889,0.0845,0.0001,-0.0244,-0.0215,-0.0000,-0.0274,-0.0093,-0.0203,0.0796,0.0005,0.0002,0.0534,-0.0292,0.8222,0.5407,-0.0896,-0.0993,0.2350,0.9932,-0.0000,0.1166,-0.1165,0.0192,0.9930,0.0587,0.0074,0.1486,-0.0923,0.0080,0.1464,-0.0923,0.0080,0.1464,0.0877,0.0073,0.1490,-0.1314,0.0151,0.0888,0.1284,0.0147,0.0926,0.0609,0.0001,-0.1884,-0.0818,-0.0013,-0.1883,-0.0012,0.0020,0.0697,0.0578,0.0145,-0.0639,-0.0653,0.0192,-0.0699,0.0605,0.0209,-0.0871,-0.0693,0.0235,-0.0887,0.1376,-0.0179,-0.0050,0.0245,0.0870,-0.0247,-0.0089,-0.0014,-0.0157,0.0875,-0.0371,-0.0239,-0.1111,-0.0264,0.0107,-0.0125,0.1190,-0.0061,0.0412,-0.0897,0.0053,-0.1350
143,0.138537,-0.0941,-0.1596,0.1883,0.2410,-0.0718,0.0644,0.2049,-0.1419,0.0014,-0.1947,-0.2030,0.4689,0.4843,0.3066,-0.3065,-0.2117,-0.1973,0.1878,-0.0717,-0.1520,0.0440,0.0015,-0.0517,0.0145,0.0979,0.0936,0.0001,-0.0255,-0.0231,-0.0000,-0.0330,-0.0097,-0.0198,0.0832,0.0003,0.0003,0.0546,-0.0338,1.7040,1.6475,-0.1001,-0.1127,0.2349,0.9931,-0.0000,0.1172,-0.1172,0.0193,0.9929,0.0587,0.0073,0.1486,-0.0923,0.0079,0.1464,-0.0923,0.0079,0.1464,0.0877,0.0072,0.1490,-0.1314,0.0151,0.0888,0.1284,0.0146,0.0926,0.0606,0.0002,-0.1884,-0.0821,-0.0011,-0.1883,-0.0012,0.0019,0.0697,0.0577,0.0146,-0.0638,-0.0654,0.0192,-0.0698,0.0603,0.0211,-0.0871,-0.0694,0.0235,-0.0886,0.1385,-0.0195,-0.0303,0.0354,0.0783,-0.0544,-0.0079,0.0015,-0.0195,0.0773,-0.0307,-0.0152,-0.1563,-0.0657,0.0024,-0.0107,0.0798,-0.0352,0.0201,-0.0517,0.0256,-0.1190
144,0.139512,-0.0941,-0.1602,0.1885,0.2423,-0.0705,0.0644,0.2045,-0.1423,0.0014,-0.1952,-0.2031,0.4681,0.4857,0.3066,-0.3065,-0.2106,-0.1979,0.1963,-0.0680,-0.1533,0.0424,0.0130,-0.0497,0.0222,0.0561,0.0631,0.0001,-0.0131,-0.0250,-0.0000,-0.0135,-0.0035,-0.0919,0.0460,0.0003,0.0003,0.0658,-0.0241,1.8838,1.5635,-0.0533,-0.0630,0.2349,0.9931,0.0000,0.1176,-0.1176,0.0193,0.9929,0.0587,0.0073,0.1486,-0.0923,0.0078,0.1464,-0.0923,0.0078,0.1464,0.0877,0.0072,0.1490,-0.1313,0.0150,0.0888,0.1285,0.0146,0.0926,0.0604,0.0003,-0.1883,-0.0822,-0.0010,-0.1883,-0.0012,0.0019,0.0697,0.0577,0.0147,-0.0638,-0.0654,0.0192,-0.0698,0.0603,0.0211,-0.0871,-0.0695,0.0235,-0.0886,0.1395,-0.0199,-0.0294,0.0355,0.0737,-0.0579,-0.0094,0.0031,-0.0163,0.0784,-0.0304,-0.0144,-0.1593,-0.0678,0.0024,-0.0097,0.0807,-0.0367,0.0151,-0.0532,0.0265,-0.1164
145,0.140488,-0.0939,-0.1613,0.1891,0.2430,-0.0697,0.0644,0.2042,-0.1428,0.0014,-0.1955,-0.2031,0.4664,0.4867,0.3066,-0.3065,-0.2096,-0.1985,0.1898,-0.0704,-0.1544,0.0411,0.0023,-0.0605,0.0334,0.0496,0.0552,0.0001,-0.0112,-0.0230,0.0000,-0.0185,-0.0005,-0.0822,0.0510,0.0000,0.0001,0.0518,-0.0308,-0.3194,0.3321,-0.0658,-0.0738,0.2349,0.9931,0.0000,0.1176,-0.1176,0.0190,0.9929,0.0587,0.0074,0.1486,-0.0923,0.0078,0.1464,-0.0923,0.0078,0.1464,0.0877,0.0073,0.1490,-0.1313,0.0150,0.0888,0.1284,0.0146,0.0926,0.0602,0.0005,-0.1883,-0.0825,-0.0009,-0.1882,-0.0012,0.0019,0.0697,0.0576,0.0148,-0.0638,-0.0655,0.0192,-0.0698,0.0602,0.0213,-0.0871,-0.0696,0.0235,-0.0886,0.1405,-0.0221,-0.0040,0.0245,0.0830,-0.0036,-0.0117,-0.0052,-0.0199,0.1425,-0.0521,-0.0264,-0.1203,-0.0034,0.0096,-0.0084,0.0834,-0.0372,0.0361,-0.0871,0.0022,-0.1314
146,0.141463,-0.0939,-0.1626,0.1896,0.2444,-0.0684,0.0644,0.2037,-0.1434,0.0014,-0.1967,-0.2034,0.4654,0.4886,0.3066,-0.3065,-0.2087,-0.1996,0.1866,-0.0585,-0.1562,0.0391,0.0060,-0.0554,0.0186,0.0933,0.0839,0.0000,-0.0373,-0.0367,-0.0000,-0.0763,-0.0186,-0.0186,0.1275,0.0001,-0.0001,0.0342,-0.0696,-0.1177,0.3586,-0.0996,-0.1080,0.2349,0.9931,-0.0000,0.1176,-0.1176,0.0191,0.9929,0.0587,0.0074,0.1486,-0.0923,0.0079,0.1464,-0.0923,0.0079,0.1464,0.0877,0.0073,0.1490,-0.1314,0.0151,0.0888,0.1284,0.0147,0.0926,0.0599,0.0005,-0.1883,-0.0828,-0.0008,-0.1882,-0.0012,0.0019,0.0697,0.0575,0.0149,-0.0638,-0.0656,0.0192,-0.0698,0.0600,0.0214,-0.0870,-0.0697,0.0235,-0.0886,0.1415,-0.0218,0.0018,0.0230,0.0776,-0.0080,-0.0157,-0.0021,-0.0145,0.1353,-0.0500,-0.0256,-0.1156,-0.0059,0.0114,-0.0097,0.0865,-0.0309,0.0396,-0.0956,0.0021,-0.1289
147,0.142439,-0.0937,-0.1632,0.1898,0.2456,-0.0673,0.0644,0.2033,-0.1438,0.0014,-0.1973,-0.2035,0.4652,0.4901,0.3066,-0.3065,-0.2083,-0.2003,0.1851,-0.0642,-0.1573,0.0379,0.0163,-0.0496,0.0117,0.0926,0.0853,-0.0005,-0.0286,-0.0281,-0.0000,-0.0580,-0.0121,-0.0240,0.1181,-0.0003,0.0002,0.0428,-0.0602,-1.7690,1.1786,-0.1006,-0.1102,0.2349,0.9930,0.0000,0.1177,-0.1177,0.0192,0.9929,0.0587,0.0074,0.1486,-0.0922,0.0078,0.1464,-0.0922,0.0078,0.1464,0.0877,0.0073,0.1490,-0.1313,0.0151,0.0888,0.1285,0.0147,0.0926,0.0597,0.0006,-0.1883,-0.0830,-0.0008,-0.1882,-0.0011,0.0019,0.0697,0.0575,0.0149,-0.0638,-0.0656,0.0192,-0.0698,0.0600,0.0215,-0.0870,-0.0698,0.0235,-0.0886,0.1424,-0.0207,-0.0161,0.0307,0.0887,-0.0262,-0.0089,-0.0085,-0.0237,0.1775,-0.0497,-0.0218,-0.1578,-0.0349,0.0073,-0.0017,0.0302,-0.0727,0.0222,-0.0412,0.0297,-0.1291
148,0.143415,-0.0934,-0.1640,0.1900,0.2470,-0.0659,0.0644,0.2028,-0.1444,0.0014,-0.1983,-0.2036,0.4644,0.4920,0.3066,-0.3065,-0.2078,-0.2017,0.1893,-0.0619,-0.1585,0.0362,0.0197,-0.0476,0.0182,0.0623,0.0667,-0.0004,-0.0269,-0.0428,0.0000,-0.0507,-0.0029,-0.0683,0.0992,-0.0001,-0.0002,0.0166,-0.0890,-0.2611,-0.9023,-0.0546,-0.0880,0.2348,0.9930,-0.0000,0.1177,-0.1177,0.0193,0.9929,0.0587,0.0075,0.1486,-0.0923,0.0079,0.1464,-0.0923,0.0079,0.1464,0.0877,0.0074,0.1490,-0.1313,0.0152,0.0888,0.1284,0.0148,0.0926,0.0594,0.0006,-0.1882,-0.0832,-0.0008,-0.1882,-0.0012,0.0019,0.0697,0.0574,0.0150,-0.0638,-0.0657,0.0191,-0.0697,0.0599,0.0216,-0.0870,-0.0699,0.0234,-0.0885,0.1434,-0.0122,0.0145,0.0201,0.0736,-0.0048,-0.0076,-0.0063,-0.0154,0.1521,-0.0568,-0.0291,-0.0932,0.0103,0.0166,-0.0028,0.1414,0.0016,0.0369,-0.1178,0.0174,-0.1334
149,0.144390,-0.0932,-0.1649,0.1903,0.2483,-0.0646,0.0644,0.2023,-0.1450,0.0014,-0.1994,-0.2039,0.4637,0.4938,0.3066,-0.3065,-0.2071,-0.2029,0.1827,-0.0729,-0.1597,0.0345,0.0093,-0.0467,0.0166,0.0929,0.0881,-0.0000,-0.0357,-0.0306,-0.0000,-0.0700,-0.0264,-0.0184,0.1177,0.0003,0.0000,0.0664,-0.0525,-0.0777,-0.5686,-0.0757,-0.1056,0.2348,0.9931,-0.0000,0.1174,-0.1174,0.0193,0.9929,0.0587,0.0075,0.1486,-0.0923,0.0079,0.1464,-0.0923,0.0079,0.1464,0.0877,0.0075,0.1490,-0.1314,0.0152,0.0888,0.1284,0.0148,0.0926,0.0591,0.0005,-0.1882,-0.0835,-0.0008,-0.1881,-0.0012,0.0019,0.0697,0.0573,0.0150,-0.0638,-0.0659,0.0191,-0.0697,0.0597,0.0217,-0.0870,-0.0701,0.0234,-0.0885,0.1444,-0.0133,0.0142,0.0215,0.0774,-0.0137,-0.0082,-0.0044,-0.0137,0.1353,-0.0508,-0.0254,-0.1022,0.0071,0.0155,-0.0052,0.1377,-0.0029,0.0360,-0.1128,0.0196,-0.1349
150,0.145366,-0.0929,-0.1657,0.1906,0.2500,-0.0630,0.0644,0.2017,-0.1456,0.0014,-0.2004,-0.2042,0.4633,0.4962,0.3066,-0.3065,-0.2059,-0.2040,0.1767,-0.0671,-0.1610,0.0326,0.0173,-0.0404,0.0114,0.0905,0.0865,0.0000,-0.0329,-0.0309,-0.0000,-0.0516,-0.0119,-0.0238,0.1152,0.0006,0.0001,0.0588,-0.0603,-0.1792,0.4076,-0.0731,-0.1015,0.2348,0.9931,-0.0000,0.1175,-0.1175,0.0193,0.9929,0.0586,0.0075,0.1486,-0.0923,0.0079,0.1464,-0.0923,0.0079,0.1464,0.0876,0.0075,0.1490,-0.1314,0.0152,0.0888,0.1284,0.0148,0.0926,0.0587,0.0005,-0.1882,-0.0839,-0.0009,-0.1881,-0.0012,0.0019,0.0697,0.0572,0.0151,-0.0638,-0.0660,0.0191,-0.0697,0.0596,0.0217,-0.0870,-0.0702,0.0233,-0.0885,0.1454,-0.0223,0.0020,0.0235,0.0723,-0.0155,-0.0155,-0.0012,-0.0143,0.1374,-0.0491,-0.0224,-0.1228,-0.0080,0.0118,-0.0082,0.0818,-0.0301,0.0420,-0.0877,0.0034,-0.1342
151,0.146341,-0.0926,-0.1666,0.1908,0.2516,-0.0615,0.0644,0.2012,-0.1461,0.0014,-0.2014,-0.2043,0.4627,0.4983,0.3067,-0.3065,-0.2052,-0.2054,0.1773,-0.0650,-0.1620,0.0313,0.0142,-0.0555,0.0112,0.0859,0.0811,-0.0012,-0.0232,-0.0320,-0.0000,-0.0497,-0.0050,-0.0394,0.1139,0.0002,-0.0001,0.0199,-0.0844,-1.5978,1.5853,-0.1051,-0.1090,0.2347,0.9931,-0.0000,0.1174,-0.1174,0.0193,0.9929,0.0586,0.0076,0.1486,-0.0923,0.0079,0.1464,-0.0923,0.0079,0.1464,0.0876,0.0075,0.1490,-0.1314,0.0153,0.0888,0.1284,0.0149,0.0926,0.0584,0.0005,-0.1881,-0.0842,-0.0009,-0.1880,-0.0012,0.0019,0.0697,0.0571,0.0152,-0.0637,-0.0661,0.0190,-0.0697,0.0594,0.0218,-0.0870,-0.0704,0.0233,-0.0885,0.1463,-0.0212,-0.0225,0.0328,0.0886,-0.0503,-0.0081,-0.0040,-0.0213,0.1554,-0.0469,-0.0161,-0.1608,-0.0528,0.0074,-0.0021,0.0318,-0.0700,0.0242,-0.0338,0.0274,-0.1245
152,0.147317,-0.0924,-0.1672,0.1909,0.2526,-0.0605,0.0643,0.2009,-0.1466,0.0014,-0.2020,-0.2044,0.4620,0.4995,0.3067,-0.3065,-0.2050,-0.2064,0.1701,-0.0600,-0.1635,0.0297,0.0207,-0.0492,0.0190,0.0608,0.0681,-0.0006,-0.0178,-0.0415,-0.0000,-0.0508,-0.0026,-0.0969,0.0727,-0.0003,0.0003,0.0168,-0.0916,-1.8562,1.6876,-0.0567,-0.0735,0.2347,0.9931,-0.0000,0.1171,-0.1171,0.0193,0.9929,0.0587,0.0077,0.1486,-0.0923,0.0080,0.1464,-0.0923,0.0080,0.1464,0.0877,0.0076,0.1490,-0.1313,0.0154,0.0888,0.1284,0.0150,0.0926,0.0581,0.0004,-0.1881,-0.0844,-0.0009,-0.1880,-0.0012,0.0020,0.0697,0.0570,0.0152,-0.0638,-0.0661,0.0190,-0.0697,0.0594,0.0219,-0.0870,-0.0704,0.0232,-0.0885,0.1473,-0.0222,-0.0259,0.0344,0.0903,-0.0563,-0.0072,-0.0040,-0.0195,0.1593,-0.0467,-0.0124,-0.1638,-0.0554,0.0062,-0.0018,0.0315,-0.0676,0.0270,-0.0282,0.0349,-0.1267
153,0.148293,-0.0922,-0.1683,0.1914,0.2538,-0.0592,0.0643,0.2006,-0.1473,0.0014,-0.2028,-0.2044,0.4603,0.5008,0.3067,-0.3065,-0.2048,-0.2082,0.1770,-0.0624,-0.1646,0.0283,0.0035,-0.0650,0.0312,0.0640,0.0720,-0.0001,-0.0145,-0.0397,0.0000,-0.0460,-0.0004,-0.0912,0.0697,-0.0001,0.0002,0.0079,-0.0922,0.0476,0.4927,-0.0554,-0.0778,0.2347,0.9932,-0.0000,0.1162,-0.1161,0.0193,0.9930,0.0587,0.0079,0.1486,-0.0923,0.0081,0.1464,-0.0923,0.0081,0.1464,0.0877,0.0078,0.1490,-0.1313,0.0155,0.0888,0.1284,0.0151,0.0925,0.0578,0.0004,-0.1881,-0.0847,-0.0010,-0.1880,-0.0012,0.0020,0.0697,0.0569,0.0153,-0.0638,-0.0662,0.0189,-0.0697,0.0593,0.0219,-0.0870,-0.0706,0.0231,-0.0884,0.1483,-0.0213,0.0083,0.0230,0.0636,-0.0315,-0.0172,0.0025,-0.0084,0.1151,-0.0454,-0.0193,-0.1185,-0.0120,0.0133,-0.0075,0.0927,-0.0109,0.0455,-0.0888,-0.0031,-0.1417
154,0.149268,-0.0922,-0.1695,0.1919,0.2552,-0.0577,0.0643,0.2003,-0.1480,0.0014,-0.2037,-0.2045,0.4591,0.5024,0.3067,-0.3065,-0.2045,-0.2097,0.1882,-0.0547,-0.1663,0.0265,0.0075,-0.0632,0.0215,0.0741,0.0696,-0.0030,-0.0203,-0.0279,-0.0000,-0.0450,-0.0037,-0.0489,0.1045,-0.0001,-0.0001,0.0347,-0.0749,0.3323,0.0813,-0.0969,-0.0972,0.2346,0.9933,-0.0000,0.1152,-0.1152,0.0193,0.9932,0.0587,0.0080,0.1486,-0.0923,0.0083,0.1464,-0.0923,0.0083,0.1464,0.0877,0.0080,0.1490,-0.1314,0.0156,0.0888,0.1284,0.0152,0.0925,0.0575,0.0003,-0.1881,-0.0850,-0.0011,-0.1880,-0.0012,0.0021,0.0697,0.0568,0.0153,-0.0638,-0.0664,0.0188,-0.0697,0.0591,0.0220,-0.0870,-0.0707,0.0230,-0.0884,0.1493,-0.0144,0.0209,0.0208,0.0608,-0.0436,-0.0157,0.0039,-0.0035,0.0980,-0.0438,-0.0205,-0.1053,-0.0095,0.0172,-0.0071,0.1321,0.0163,0.0394,-0.1078,0.0074,-0.1366
155,0.150244,-0.0920,-0.1704,0.1922,0.2565,-0.0565,0.0642,0.1999,-0.1484,0.0014,-0.2044,-0.2045,0.4583,0.5040,0.3067,-0.3065,-0.2037,-0.2108,0.1894,-0.0505,-0.1678,0.0248,0.0157,-0.0476,0.0149,0.0611,0.0596,-0.0030,-0.0199,-0.0228,-0.0000,-0.0426,-0.0047,-0.0462,0.0959,0.0028,-0.0001,0.0553,-0.0592,-0.1311,0.0704,-0.0724,-0.0860,0.2346,0.9934,0.0000,0.1146,-0.1145,0.0193,0.9932,0.0587,0.0081,0.1486,-0.0923,0.0084,0.1464,-0.0923,0.0084,0.1464,0.0877,0.0081,0.1490,-0.1314,0.0157,0.0888,0.1284,0.0153,0.0925,0.0572,0.0002,-0.1880,-0.0853,-0.0011,-0.1879,-0.0012,0.0021,0.0697,0.0567,0.0153,-0.0638,-0.0665,0.0187,-0.0697,0.0590,0.0220,-0.0870,-0.0708,0.0229,-0.0884,0.1502,-0.0156,0.0228,0.0205,0.0619,-0.0388,-0.0156,0.0021,-0.0033,0.1195,-0.0508,-0.0205,-0.1064,0.0026,0.0159,-0.0045,0.1199,0.0124,0.0403,-0.1046,0.0073,-0.1440
156,0.151220,-0.0918,-0.1710,0.1924,0.2573,-0.0557,0.0642,0.1997,-0.1487,0.0014,-0.2051,-0.2046,0.4578,0.5053,0.3067,-0.3065,-0.2031,-0.2117,0.1886,-0.0511,-0.1688,0.0235,0.0197,-0.0468,0.0134,0.0799,0.0774,-0.0024,-0.0217,-0.0267,-0.0000,-0.0714,-0.0048,-0.0295,0.1121,0.0009,0.0003,0.0342,-0.0753,-0.2217,1.6196,-0.0985,-0.1250,0.2346,0.9935,0.0000,0.1142,-0.1142,0.0193,0.9933,0.0588,0.0083,0.1485,-0.0922,0.0085,0.1464,-0.0922,0.0085,0.1464,0.0878,0.0082,0.1489,-0.1313,0.0158,0.0888,0.1285,0.0153,0.0925,0.0570,0.0002,-0.1880,-0.0855,-0.0012,-0.1879,-0.0011,0.0022,0.0697,0.0567,0.0154,-0.0638,-0.0665,0.0187,-0.0697,0.0589,0.0221,-0.0870,-0.0709,0.0229,-0.0884,0.1512,-0.0193,-0.0095,0.0305,0.0674,-0.0630,-0.0166,0.0065,-0.0114,0.0968,-0.0425,-0.0133,-0.1445,-0.0522,0.0103,-0.0025,0.0551,-0.0337,0.0345,-0.0561,0.0025,-0.1330
157,0.152195,-0.0914,-0.1719,0.1927,0.2584,-0.0546,0.0642,0.1994,-0.1492,0.0014,-0.2058,-0.2046,0.4566,0.5068,0.3067,-0.3065,-0.2026,-0.2130,0.1768,-0.0554,-0.1704,0.0220,0.0169,-0.0497,0.0224,0.0582,0.0603,-0.0038,-0.0064,-0.0323,0.0000,-0.0328,-0.0009,-0.0932,0.0512,0.0001,0.0001,0.0122,-0.0784,-0.8609,0.0949,-0.0944,-0.0787,0.2346,0.9935,0.0000,0.1136,-0.1136,0.0192,0.9933,0.0588,0.0084,0.1485,-0.0922,0.0086,0.1464,-0.0922,0.0086,0.1464,0.0878,0.0083,0.1489,-0.1313,0.0159,0.0888,0.1285,0.0154,0.0924,0.0568,0.0001,-0.1880,-0.0857,-0.0013,-0.1879,-0.0012,0.0022,0.0697,0.0566,0.0154,-0.0638,-0.0666,0.0186,-0.0696,0.0588,0.0221,-0.0870,-0.0710,0.0228,-0.0884,0.1522,-0.0205,0.0209,0.0220,0.0560,-0.0319,-0.0140,-0.0012,-0.0051,0.1397,-0.0563,-0.0196,-0.1160,0.0176,0.0148,-0.0008,0.0959,0.0003,0.0414,-0.0844,0.0061,-0.1569
158,0.153171,-0.0912,-0.1730,0.1932,0.2595,-0.0535,0.0641,0.1991,-0.1498,0.0014,-0.2070,-0.2046,0.4555,0.5087,0.3067,-0.3065,-0.2024,-0.2147,0.1741,-0.0560,-0.1719,0.0199,0.0149,-0.0579,0.0214,0.0688,0.0668,-0.0018,-0.0234,-0.0335,-0.0000,-0.0646,-0.0029,-0.0371,0.1254,0.0006,0.0001,0.0186,-0.0904,0.0744,0.5051,-0.0846,-0.1185,0.2345,0.9936,-0.0000,0.1129,-0.1128,0.0192,0.9934,0.0587,0.0085,0.1485,-0.0923,0.0087,0.1464,-0.0923,0.0087,0.1464,0.0877,0.0085,0.1489,-0.1314,0.0160,0.0888,0.1284,0.0155,0.0924,0.0565,0.0000,-0.1880,-0.0860,-0.0014,-0.1879,-0.0012,0.0022,0.0697,0.0565,0.0154,-0.0638,-0.0667,0.0185,-0.0696,0.0587,0.0221,-0.0870,-0.0711,0.0227,-0.0884,0.1532,-0.0168,0.0223,0.0216,0.0525,-0.0528,-0.0167,0.0055,-0.0011,0.0951,-0.0440,-0.0159,-0.1125,-0.0056,0.0163,-0.0065,0.1126,0.0220,0.0431,-0.0900,0.0020,-0.1471
159,0.154146,-0.0909,-0.1739,0.1935,0.2606,-0.0524,0.0641,0.1988,-0.1503,0.0014,-0.2078,-0.2047,0.4546,0.5105,0.3067,-0.3065,-0.2018,-0.2160,0.1695,-0.0502,-0.1734,0.0181,0.0163,-0.0527,0.0157,0.0584,0.0567,-0.0031,-0.0147,-0.0234,0.0000,-0.0403,-0.0005,-0.0503,0.0944,0.0002,-0.0001,0.0356,-0.0618,0.3603,0.0189,-0.0832,-0.0938,0.2345,0.9937,0.0000,0.1124,-0.1124,0.0192,0.9935,0.0587,0.0086,0.1485,-0.0923,0.0088,0.1464,-0.0923,0.0088,0.1464,0.0877,0.0086,0.1489,-0.1314,0.0160,0.0888,0.1284,0.0156,0.0924,0.0562,-0.0000,-0.1879,-0.0862,-0.0014,-0.1878,-0.0012,0.0023,0.0697,0.0564,0.0155,-0.0638,-0.0668,0.0185,-0.0696,0.0586,0.0222,-0.0870,-0.0713,0.0226,-0.0884,0.1541,-0.0112,0.0280,0.0195,0.0485,-0.0583,-0.0138,0.0060,-0.0002,0.0801,-0.0414,-0.0166,-0.1011,-0.0059,0.0194,-0.0053,0.1482,0.0493,0.0442,-0.1059,0.0115,-0.1519
160,0.155122,-0.0906,-0.1746,0.1937,0.2614,-0.0516,0.0640,0.1986,-0.1507,0.0014,-0.2083,-0.2047,0.4539,0.5117,0.3067,-0.3065,-0.2012,-0.2167,0.1776,-0.0469,-0.1745,0.0167,0.0175,-0.0434,0.0145,0.0678,0.0747,-0.0020,-0.0157,-0.0229,-0.0000,-0.0367,-0.0001,-0.0579,0.0686,0.0004,0.0003,0.0633,-0.0352,2.0370,2.0662,-0.0798,-0.1197,0.2345,0.9937,-0.0000,0.1121,-0.1121,0.0191,0.9935,0.0588,0.0087,0.1485,-0.0922,0.0088,0.1464,-0.0922,0.0088,0.1464,0.0878,0.0086,0.1489,-0.1313,0.0161,0.0888,0.1285,0.0156,0.0924,0.0560,-0.0001,-0.1879,-0.0864,-0.0015,-0.1878,-0.0011,0.0023,0.0697,0.0564,0.0155,-0.0638,-0.0668,0.0184,-0.0696,0.0585,0.0223,-0.0870,-0.0713,0.0226,-0.0884,0.1551,-0.0044,-0.0125,0.0354,0.0416,-0.1106,-0.0144,0.0161,-0.0032,0.0643,-0.0268,-0.0075,-0.1640,-0.0641,0.0069,0.0001,0.1059,0.0185,0.0232,-0.0449,0.0348,-0.1217
161,0.156098,-0.0902,-0.1755,0.1941,0.2619,-0.0509,0.0640,0.1984,-0.1511,0.0014,-0.2088,-0.2047,0.4520,0.5128,0.3068,-0.3065,-0.2000,-0.2174,0.1705,-0.0577,-0.1756,0.0154,0.0242,-0.0580,0.0346,0.0168,0.0298,-0.0025,-0.0042,-0.0255,-0.0000,-0.0105,0.0001,-0.1391,0.0404,0.0019,0.0001,0.0606,-0.0397,-0.1722,-0.5589,-0.0475,-0.0513,0.2345,0.9937,0.0000,0.1117,-0.1116,0.0189,0.9936,0.0588,0.0088,0.1485,-0.0922,0.0089,0.1464,-0.0922,0.0089,0.1464,0.0878,0.0088,0.1489,-0.1313,0.0161,0.0889,0.1285,0.0157,0.0923,0.0558,-0.0001,-0.1879,-0.0866,-0.0015,-0.1878,-0.0011,0.0023,0.0697,0.0563,0.0155,-0.0638,-0.0669,0.0183,-0.0696,0.0584,0.0223,-0.0870,-0.0714,0.0225,-0.0884,0.1561,-0.0101,0.0333,0.0192,0.0518,-0.0503,-0.0102,0.0008,-0.0021,0.1099,-0.0502,-0.0166,-0.0980,0.0143,0.0197,0.0024,0.1580,0.0569,0.0443,-0.1086,0.0189,-0.1734
162,0.157073,-0.0900,-0.1767,0.1947,0.2626,-0.0500,0.0640,0.1980,-0.1517,0.0014,-0.2099,-0.2047,0.4505,0.5145,0.3069,-0.3065,-0.1990,-0.2185,0.1600,-0.0637,-0.1769,0.0130,0.0133,-0.0502,0.0233,0.0617,0.0671,-0.0007,-0.0289,-0.0303,0.0000,-0.0796,-0.0000,-0.0354,0.1102,0.0059,0.0001,0.0568,-0.0519,-0.3872,-0.1195,-0.0729,-0.1406,0.2345,0.9938,0.0000,0.1113,-0.1112,0.0186,0.9936,0.0588,0.0089,0.1485,-0.0922,0.0090,0.1465,-0.0922,0.0090,0.1465,0.0878,0.0089,0.1488,-0.1313,0.0162,0.0889,0.1285,0.0158,0.0923,0.0556,-0.0000,-0.1879,-0.0868,-0.0015,-0.1878,-0.0011,0.0023,0.0697,0.0562,0.0156,-0.0638,-0.0670,0.0183,-0.0696,0.0583,0.0224,-0.0870,-0.0715,0.0224,-0.0883,0.1571,-0.0150,0.0328,0.0201,0.0477,-0.0478,-0.0136,0.0016,-0.0010,0.1170,-0.0506,-0.0152,-0.1051,0.0168,0.0188,0.0003,0.1289,0.0408,0.0451,-0.0948,0.0122,-0.1677
163,0.158049,-0.0895,-0.1776,0.1950,0.2636,-0.0490,0.0640,0.1976,-0.1521,0.0014,-0.2109,-0.2047,0.4498,0.5166,0.3070,-0.3065,-0.1980,-0.2195,0.1623,-0.0746,-0.1782,0.0109,0.0268,-0.0436,0.0145,0.0614,0.0616,-0.0009,-0.0243,-0.0277,-0.0000,-0.0529,0.0000,-0.0350,0.1177,0.0052,0.0001,0.0448,-0.0579,0.2352,-0.1731,-0.0758,-0.1200,0.2344,0.9938,0.0000,0.1115,-0.1115,0.0185,0.9936,0.0588,0.0089,0.1484,-0.0922,0.0089,0.1465,-0.0922,0.0089,0.1465,0.0878,0.0089,0.1488,-0.1313,0.0162,0.0889,0.1285,0.0158,0.0923,0.0553,-0.0000,-0.1878,-0.0871,-0.0014,-0.1877,-0.0011,0.0023,0.0697,0.0562,0.0157,-0.0638,-0.0671,0.0183,-0.0696,0.0582,0.0225,-0.0870,-0.0716,0.0224,-0.0883,0.1580,-0.0074,0.0352,0.0201,0.0463,-0.0628,-0.0119,0.0045,-0.0025,0.0871,-0.0401,-0.0152,-0.1039,-0.0033,0.0209,-0.0018,0.1572,0.0600,0.0394,-0.0978,0.0177,-0.1559
164,0.159024,-0.0890,-0.1783,0.1952,0.2645,-0.0481,0.0640,0.1972,-0.1526,0.0014,-0.2116,-0.2047,0.4489,0.5184,0.3070,-0.3065,-0.1973,-0.2201,0.1654,-0.0785,-0.1790,0.0096,0.0270,-0.0368,0.0153,0.0455,0.0494,-0.0002,-0.0244,-0.0263,-0.0000,-0.0340,0.0000,-0.0598,0.0871,0.0018,-0.0003,0.0832,-0.0318,0.7436,-1.9074,-0.0666,-0.0928,0.2344,0.9937,0.0000,0.1119,-0.1119,0.0184,0.9936,0.0589,0.0089,0.1484,-0.0921,0.0089,0.1465,-0.0921,0.0089,0.1465,0.0878,0.0088,0.1488,-0.1313,0.0162,0.0890,0.1285,0.0158,0.0922,0.0550,0.0001,-0.1878,-0.0873,-0.0014,-0.1877,-0.0011,0.0023,0.0697,0.0561,0.0158,-0.0637,-0.0672,0.0183,-0.0695,0.0581,0.0226,-0.0870,-0.0717,0.0224,-0.0883,0.1590,0.0105,0.0449,0.0151,0.0269,-0.0489,-0.0097,0.0042,-0.0093,0.1211,-0.0317,-0.0178,-0.1067,-0.0101,0.0235,0.0044,0.2157,0.0887,0.0201,-0.1153,0.0380,-0.1423
165,0.160000,-0.0886,-0.1787,0.1954,0.2651,-0.0474,0.0640,0.1968,-0.1530,0.0014,-0.2120,-0.2047,0.4480,0.5194,0.3071,-0.3065,-0.1957,-0.2205,0.1600,-0.0864,-0.1800,0.0079,0.0524,-0.0165,0.0117,0.0284,0.0429,-0.0001,-0.0260,-0.0288,0.0000,-0.0167,-0.0000,-0.1149,0.0599,0.0138,-0.0002,0.1371,-0.0096,-1.7633,-1.7443,-0.0364,-0.0837,0.2344,0.9937,0.0000,0.1123,-0.1123,0.0182,0.9935,0.0589,0.0088,0.1484,-0.0921,0.0088,0.1465,-0.0921,0.0088,0.1465,0.0879,0.0088,0.1488,-0.1313,0.0162,0.0890,0.1285,0.0157,0.0922,0.0549,0.0001,-0.1878,-0.0875,-0.0013,-0.1877,-0.0011,0.0022,0.0697,0.0561,0.0159,-0.0637,-0.0672,0.0182,-0.0695,0.0581,0.0227,-0.0869,-0.0718,0.0223,-0.0883,0.1600,-0.0023,0.0191,0.0218,0.0264,-0.0196,0.0050,-0.0064,-0.0223,0.1543,-0.0571,-0.0258,-0.1233,0.0128,0.0224,0.0121,0.1387,0.0155,0.0237,-0.0739,0.0154,-0.1468
166,0.160976,-0.0879,-0.1794,0.1956,0.2661,-0.0464,0.0640,0.1962,-0.1536,0.0014,-0.2131,-0.2049,0.4468,0.5216,0.3073,-0.3064,-0.1941,-0.2215,0.1641,-0.0895,-0.1812,0.0060,0.0401,-0.0468,0.0137,0.0481,0.0459,-0.0001,-0.0411,-0.0460,0.0000,-0.0814,-0.0162,-0.0720,0.1473,0.0094,0.0079,0.0684,-0.0778,-0.2772,-0.9859,-0.0700,-0.1003,0.2343,0.9936,-0.0000,0.1132,-0.1131,0.0180,0.9934,0.0589,0.0087,0.1484,-0.0920,0.0086,0.1465,-0.0920,0.0086,0.1465,0.0879,0.0087,0.1488,-0.1313,0.0161,0.0890,0.1285,0.0157,0.0922,0.0546,0.0002,-0.1878,-0.0878,-0.0012,-0.1877,-0.0011,0.0022,0.0697,0.0560,0.0160,-0.0637,-0.0673,0.0182,-0.0695,0.0580,0.0229,-0.0869,-0.0719,0.0223,-0.0882,0.1610,-0.0043,0.0366,0.0195,0.0523,-0.0507,-0.0069,-0.0019,-0.0099,0.1228,-0.0471,-0.0172,-0.1110,0.0103,0.0224,0.0059,0.1697,0.0467,0.0318,-0.1024,0.0293,-0.1675
167,0.161951,-0.0873,-0.1801,0.1959,0.2671,-0.0453,0.0640,0.1955,-0.1544,0.0014,-0.2140,-0.2050,0.4455,0.5237,0.3074,-0.3064,-0.1926,-0.2223,0.1556,-0.1016,-0.1822,0.0040,0.0344,-0.0360,0.0148,0.0682,0.0724,0.0000,-0.0375,-0.0380,-0.0000,-0.0456,-0.0027,-0.0562,0.1140,0.0080,0.0020,0.0902,-0.0343,0.0819,-0.1629,-0.0570,-0.1168,0.2343,0.9935,-0.0000,0.1141,-0.1140,0.0178,0.9933,0.0589,0.0086,0.1484,-0.0921,0.0085,0.1466,-0.0921,0.0085,0.1466,0.0879,0.0087,0.1488,-0.1313,0.0161,0.0891,0.1285,0.0157,0.0922,0.0543,0.0004,-0.1877,-0.0880,-0.0010,-0.1876,-0.0011,0.0021,0.0697,0.0559,0.0161,-0.0637,-0.0674,0.0182,-0.0694,0.0578,0.0231,-0.0869,-0.0720,0.0224,-0.0882,0.1620,-0.0104,0.0306,0.0234,0.0458,-0.0626,-0.0137,0.0055,-0.0029,0.1043,-0.0382,-0.0127,-0.1193,-0.0093,0.0202,0.0006,0.1359,0.0311,0.0396,-0.0819,0.0219,-0.1520
168,0.162927,-0.0866,-0.1807,0.1962,0.2680,-0.0443,0.0640,0.1950,-0.1549,0.0014,-0.2146,-0.2050,0.4445,0.5258,0.3076,-0.3064,-0.1911,-0.2230,0.1496,-0.1117,-0.1832,0.0023,0.0405,-0.0379,0.0166,0.0573,0.0574,-0.0008,-0.0260,-0.0283,-0.0000,-0.0277,-0.0004,-0.0610,0.1117,0.0053,0.0004,0.0771,-0.0369,-0.1777,-0.7230,-0.0627,-0.0921,0.2343,0.9933,0.0000,0.1151,-0.1151,0.0175,0.9932,0.0589,0.0085,0.1484,-0.0921,0.0084,0.1466,-0.0921,0.0084,0.1466,0.0879,0.0085,0.1488,-0.1313,0.0160,0.0891,0.1285,0.0156,0.0922,0.0540,0.0006,-0.1877,-0.0883,-0.0009,-0.1876,-0.0011,0.0021,0.0697,0.0558,0.0163,-0.0637,-0.0675,0.0183,-0.0694,0.0577,0.0232,-0.0869,-0.0721,0.0224,-0.0881,0.1629,-0.0069,0.0291,0.0223,0.0504,-0.0570,-0.0079,0.0009,-0.0094,0.1196,-0.0410,-0.0140,-0.1215,-0.0012,0.0217,0.0038,0.1526,0.0268,0.0344,-0.0863,0.0323,-0.1576
169,0.163902,-0.0861,-0.1813,0.1964,0.2688,-0.0435,0.0640,0.1946,-0.1554,0.0014,-0.2151,-0.2050,0.4436,0.5273,0.3076,-0.3063,-0.1899,-0.2235,0.1526,-0.1051,-0.1839,0.0009,0.0403,-0.0515,0.0180,0.0337,0.0395,-0.0007,-0.0396,-0.0399,0.0000,-0.0465,-0.0001,-0.0827,0.1433,0.0108,-0.0001,0.1053,-0.0524,-1.4867,-1.0742,-0.0490,-0.1133,0.2342,0.9932,-0.0000,0.1160,-0.1160,0.0173,0.9931,0.0591,0.0083,0.1484,-0.0919,0.0081,0.1466,-0.0919,0.0081,0.1466,0.0881,0.0083,0.1487,-0.1312,0.0158,0.0892,0.1286,0.0155,0.0922,0.0537,0.0007,-0.1877,-0.0885,-0.0007,-0.1875,-0.0010,0.0019,0.0697,0.0558,0.0164,-0.0637,-0.0675,0.0182,-0.0694,0.0577,0.0234,-0.0869,-0.0722,0.0223,-0.0881,0.1639,-0.0124,0.0137,0.0256,0.0357,-0.0268,-0.0042,-0.0027,-0.0182,0.1438,-0.0522,-0.0182,-0.1418,0.0074,0.0190,0.0083,0.1043,-0.0298,0.0208,-0.0692,0.0077,-0.1372
170,0.164878,-0.0853,-0.1821,0.1967,0.2699,-0.0425,0.0640,0.1938,-0.1561,0.0014,-0.2162,-0.2050,0.4424,0.5301,0.3077,-0.3063,-0.1884,-0.2248,0.1501,-0.1178,-0.1853,-0.0008,0.0471,-0.0463,0.0176,0.0677,0.0617,-0.0001,-0.0410,-0.0471,0.0000,-0.0585,-0.0000,-0.0750,0.1540,0.0043,0.0032,0.0710,-0.0829,-0.7912,-0.1632,-0.0764,-0.0895,0.2342,0.9931,0.0000,0.1172,-0.1172,0.0170,0.9930,0.0591,0.0082,0.1484,-0.0919,0.0080,0.1466,-0.0919,0.0080,0.1466,0.0881,0.0083,0.1487,-0.1312,0.0157,0.0892,0.1286,0.0155,0.0921,0.0534,0.0009,-0.1876,-0.0888,-0.0006,-0.1875,-0.0010,0.0019,0.0697,0.0557,0.0165,-0.0637,-0.0676,0.0182,-0.0693,0.0575,0.0236,-0.0868,-0.0723,0.0224,-0.0880,0.1649,-0.0219,0.0171,0.0277,0.0463,-0.0431,-0.0146,0.0034,-0.0070,0.1458,-0.0457,-0.0119,-0.1439,-0.0015,0.0184,0.0052,0.0816,-0.0322,0.0367,-0.0617,0.0170,-0.1494
171,0.165854,-0.0845,-0.1831,0.1971,0.2713,-0.0412,0.0639,0.1932,-0.1570,0.0014,-0.2170,-0.2050,0.4410,0.5328,0.3078,-0.3063,-0.1872,-0.2262,0.1500,-0.1164,-0.1866,-0.0026,0.0404,-0.0525,0.0210,0.0665,0.0648,-0.0014,-0.0313,-0.0394,-0.0000,-0.0430,0.0000,-0.0679,0.1447,0.0051,0.0009,0.0619,-0.0739,-0.3274,-0.3624,-0.0627,-0.0956,0.2341,0.9930,-0.0000,0.1183,-0.1183,0.0167,0.9928,0.0590,0.0082,0.1484,-0.0920,0.0079,0.1467,-0.0920,0.0079,0.1467,0.0880,0.0082,0.1487,-0.1313,0.0157,0.0893,0.1285,0.0155,0.0921,0.0531,0.0010,-0.1876,-0.0892,-0.0004,-0.1874,-0.0011,0.0018,0.0697,0.0555,0.0167,-0.0636,-0.0678,0.0183,-0.0693,0.0573,0.0238,-0.0868,-0.0725,0.0224,-0.0880,0.1659,-0.0150,0.0202,0.0263,0.0444,-0.0555,-0.0157,0.0066,-0.0050,0.1296,-0.0402,-0.0116,-0.1363,-0.0139,0.0206,0.0049,0.1109,-0.0147,0.0387,-0.0751,0.0261,-0.1470
172,0.166829,-0.0837,-0.1840,0.1974,0.2724,-0.0401,0.0639,0.1926,-0.1576,0.0014,-0.2177,-0.2050,0.4396,0.5353,0.3079,-0.3063,-0.1858,-0.2273,0.1462,-0.1232,-0.1873,-0.0038,0.0406,-0.0433,0.0208,0.0683,0.0694,-0.0028,-0.0309,-0.0358,-0.0000,-0.0323,0.0000,-0.0710,0.1227,0.0065,0.0003,0.0853,-0.0520,-1.7314,-1.8898,-0.0497,-0.0951,0.2341,0.9929,-0.0000,0.1192,-0.1191,0.0164,0.9927,0.0591,0.0081,0.1484,-0.0919,0.0078,0.1467,-0.0919,0.0078,0.1467,0.0881,0.0081,0.1487,-0.1313,0.0156,0.0893,0.1286,0.0154,0.0921,0.0527,0.0011,-0.1875,-0.0895,-0.0003,-0.1874,-0.0010,0.0018,0.0697,0.0554,0.0168,-0.0636,-0.0679,0.0183,-0.0692,0.0572,0.0240,-0.0868,-0.0726,0.0224,-0.0879,0.1668,-0.0048,0.0029,0.0275,0.0336,-0.0318,0.0011,-0.0008,-0.0217,0.1403,-0.0369,-0.0180,-0.1588,-0.0034,0.0194,0.0115,0.1091,-0.0428,0.0283,-0.0690,0.0168,-0.1394
173,0.167805,-0.0831,-0.1846,0.1977,0.2732,-0.0393,0.0639,0.1922,-0.1581,0.0014,-0.2181,-0.2050,0.4385,0.5371,0.3080,-0.3062,-0.1846,-0.2282,0.1417,-0.1300,-0.1884,-0.0055,0.0665,-0.0670,0.0209,0.0370,0.0360,-0.0019,-0.0382,-0.0474,0.0000,-0.0320,-0.0000,-0.1316,0.1842,0.0076,0.0089,0.1121,-0.0990,-1.5873,-1.6762,-0.0861,-0.1051,0.2340,0.9928,-0.0000,0.1197,-0.1197,0.0161,0.9927,0.0592,0.0080,0.1484,-0.0918,0.0076,0.1467,-0.0918,0.0076,0.1467,0.0882,0.0080,0.1487,-0.1312,0.0155,0.0894,0.1287,0.0154,0.0921,0.0525,0.0012,-0.1875,-0.0897,-0.0002,-0.1874,-0.0009,0.0017,0.0697,0.0554,0.0169,-0.0636,-0.0679,0.0182,-0.0692,0.0572,0.0241,-0.0867,-0.0727,0.0223,-0.0879,0.1678,-0.0096,0.0041,0.0287,0.0298,-0.0263,-0.0012,0.0007,-0.0204,0.1457,-0.0400,-0.0172,-0.1621,0.0032,0.0189,0.0113,0.0999,-0.0476,0.0281,-0.0657,0.0129,-0.1401
174,0.168780,-0.0820,-0.1858,0.1981,0.2744,-0.0380,0.0639,0.1914,-0.1591,0.0014,-0.2188,-0.2050,0.4364,0.5404,0.3081,-0.3061,-0.1828,-0.2300,0.1365,-0.1373,-0.1899,-0.0075,0.0518,-0.0571,0.0223,0.0748,0.0736,-0.0001,-0.0360,-0.0487,-0.0000,-0.0325,0.0000,-0.1020,0.1541,0.0041,0.0055,0.0845,-0.0859,0.4231,0.4224,-0.0730,-0.0969,0.2340,0.9927,0.0000,0.1204,-0.1204,0.0157,0.9926,0.0591,0.0080,0.1484,-0.0918,0.0075,0.1468,-0.0918,0.0075,0.1468,0.0881,0.0080,0.1487,-0.1313,0.0155,0.0895,0.1286,0.0154,0.0920,0.0521,0.0013,-0.1874,-0.0901,-0.0001,-0.1873,-0.0010,0.0017,0.0697,0.0552,0.0171,-0.0636,-0.0681,0.0182,-0.0692,0.0570,0.0243,-0.0867,-0.0729,0.0223,-0.0878,0.1688,-0.0186,0.0075,0.0320,0.0335,-0.0783,-0.0223,0.0173,0.0005,0.1149,-0.0282,-0.0080,-0.1586,-0.0573,0.0205,0.0035,0.0803,-0.0249,0.0353,-0.0521,0.0324,-0.1258
175,0.169756,-0.0812,-0.1867,0.1986,0.2756,-0.0368,0.0638,0.1909,-0.1599,0.0014,-0.2192,-0.2050,0.4345,0.5424,0.3082,-0.3060,-0.1813,-0.2311,0.1462,-0.1350,-0.1906,-0.0085,0.0380,-0.0553,0.0272,0.0431,0.0493,-0.0114,-0.0130,-0.0299,0.0000,-0.0125,0.0000,-0.1121,0.0926,0.0072,0.0025,0.0763,-0.0513,0.1263,1.5955,-0.0305,-0.0465,0.2339,0.9927,0.0000,0.1207,-0.1207,0.0154,0.9926,0.0592,0.0080,0.1483,-0.0918,0.0075,0.1468,-0.0918,0.0075,0.1468,0.0882,0.0080,0.1486,-0.1312,0.0155,0.0895,0.1286,0.0154,0.0920,0.0517,0.0014,-0.1874,-0.0905,-0.0000,-0.1873,-0.0010,0.0017,0.0697,0.0551,0.0172,-0.0636,-0.0682,0.0181,-0.0691,0.0568,0.0244,-0.0867,-0.0730,0.0222,-0.0878,0.1698,-0.0214,-0.0258,0.0418,0.0626,-0.0963,-0.0171,0.0182,-0.0034,0.1345,-0.0387,-0.0005,-0.1744,-0.0867,0.0139,0.0028,0.0557,-0.0707,0.0347,-0.0429,0.0360,-0.1025
176,0.170732,-0.0808,-0.1875,0.1990,0.2762,-0.0362,0.0636,0.1908,-0.1602,0.0014,-0.2195,-0.2050,0.4330,0.5436,0.3083,-0.3060,-0.1804,-0.2319,0.1489,-0.1287,-0.1915,-0.0095,0.0220,-0.0666,0.0374,0.0693,0.0654,-0.0105,-0.0063,-0.0278,0.0000,-0.0523,0.0000,-0.1148,0.0766,0.0033,0.0010,0.0658,-0.0699,1.8286,1.7911,-0.0750,-0.0323,0.2339,0.9927,-0.0000,0.1206,-0.1206,0.0151,0.9926,0.0593,0.0080,0.1483,-0.0917,0.0076,0.1468,-0.0917,0.0076,0.1468,0.0883,0.0081,0.1486,-0.1311,0.0155,0.0895,0.1287,0.0155,0.0919,0.0515,0.0014,-0.1874,-0.0907,0.0000,-0.1872,-0.0009,0.0017,0.0697,0.0551,0.0172,-0.0636,-0.0682,0.0181,-0.0691,0.0568,0.0245,-0.0867,-0.0731,0.0222,-0.0878,0.1707,-0.0107,-0.0354,0.0452,0.0412,-0.1179,-0.0251,0.0266,0.0018,0.1183,-0.0278,0.0024,-0.1841,-0.0950,0.0092,0.0075,0.0848,-0.0266,0.0345,-0.0416,0.0514,-0.1044
177,0.171707,-0.0805,-0.1890,0.1998,0.2769,-0.0354,0.0634,0.1908,-0.1607,0.0014,-0.2200,-0.2050,0.4303,0.5447,0.3083,-0.3060,-0.1789,-0.2329,0.1473,-0.1346,-0.1923,-0.0101,0.0136,-0.0855,0.0556,0.0300,0.0429,-0.0203,-0.0011,-0.0264,-0.0000,-0.0094,0.0001,-0.1600,0.0522,0.0006,0.0003,0.0930,-0.0356,0.4840,0.0817,-0.0326,-0.0386,0.2339,0.9928,-0.0000,0.1198,-0.1198,0.0147,0.9927,0.0594,0.0082,0.1483,-0.0916,0.0078,0.1468,-0.0916,0.0078,0.1468,0.0884,0.0083,0.1485,-0.1311,0.0156,0.0896,0.1288,0.0155,0.0918,0.0513,0.0014,-0.1874,-0.0910,0.0001,-0.1872,-0.0009,0.0017,0.0697,0.0550,0.0173,-0.0636,-0.0683,0.0180,-0.0691,0.0567,0.0246,-0.0867,-0.0732,0.0220,-0.0877,0.1717,-0.0140,0.0131,0.0313,0.0288,-0.0898,-0.0237,0.0194,0.0045,0.0950,-0.0249,-0.0060,-0.1510,-0.0602,0.0223,0.0060,0.1059,-0.0062,0.0313,-0.0552,0.0353,-0.1347
178,0.172683,-0.0801,-0.1902,0.2008,0.2775,-0.0345,0.0630,0.1907,-0.1612,0.0014,-0.2202,-0.2050,0.4280,0.5460,0.3083,-0.3060,-0.1774,-0.2337,0.1544,-0.1361,-0.1932,-0.0115,0.0388,-0.0465,0.0401,0.0349,0.0462,-0.0201,-0.0079,-0.0260,-0.0000,-0.0096,-0.0000,-0.1107,0.0754,0.0076,0.0002,0.0794,-0.0514,0.0073,0.8441,-0.0491,-0.0859,0.2339,0.9929,0.0000,0.1191,-0.1190,0.0143,0.9928,0.0594,0.0084,0.1482,-0.0916,0.0079,0.1469,-0.0916,0.0079,0.1469,0.0884,0.0084,0.1485,-0.1311,0.0157,0.0896,0.1287,0.0156,0.0918,0.0510,0.0014,-0.1873,-0.0912,0.0000,-0.1872,-0.0009,0.0018,0.0697,0.0549,0.0173,-0.0636,-0.0684,0.0179,-0.0691,0.0565,0.0246,-0.0867,-0.0733,0.0220,-0.0877,0.1727,-0.0206,-0.0009,0.0351,0.0474,-0.0880,-0.0222,0.0188,0.0038,0.1349,-0.0396,-0.0020,-0.1612,-0.0631,0.0177,0.0058,0.0744,-0.0417,0.0335,-0.0503,0.0287,-0.1212
179,0.173659,-0.0795,-0.1912,0.2014,0.2783,-0.0337,0.0627,0.1906,-0.1616,0.0014,-0.2208,-0.2050,0.4261,0.5475,0.3084,-0.3059,-0.1763,-0.2349,0.1661,-0.1226,-0.1944,-0.0127,0.0255,-0.0653,0.0359,0.0515,0.0514,-0.0164,-0.0036,-0.0262,0.0000,-0.0512,-0.0001,-0.1058,0.0877,0.0047,0.0020,0.0529,-0.0804,0.6451,0.7743,-0.0786,-0.0614,0.2339,0.9930,-0.0000,0.1184,-0.1184,0.0141,0.9929,0.0594,0.0085,0.1482,-0.0916,0.0081,0.1469,-0.0916,0.0081,0.1469,0.0884,0.0086,0.1485,-0.1311,0.0159,0.0896,0.1288,0.0156,0.0917,0.0507,0.0014,-0.1873,-0.0915,-0.0000,-0.1872,-0.0009,0.0018,0.0697,0.0548,0.0174,-0.0636,-0.0685,0.0178,-0.0690,0.0564,0.0247,-0.0867,-0.0734,0.0218,-0.0877,0.1737,-0.0141,0.0083,0.0335,0.0350,-0.0988,-0.0260,0.0217,0.0058,0.1020,-0.0327,-0.0031,-0.1573,-0.0708,0.0206,0.0071,0.0988,-0.0123,0.0244,-0.0568,0.0341,-0.1252
180,0.174634,-0.0791,-0.1921,0.2019,0.2788,-0.0330,0.0624,0.1905,-0.1621,0.0014,-0.2212,-0.2050,0.4243,0.5485,0.3085,-0.3059,-0.1753,-0.2359,0.1645,-0.1222,-0.1953,-0.0137,0.0288,-0.0580,0.0384,0.0280,0.0378,-0.0211,-0.0016,-0.0275,0.0000,-0.0223,-0.0001,-0.1305,0.0603,0.0071,0.0028,0.0708,-0.0568,-0.5795,-0.4457,-0.0549,-0.0645,0.2339,0.9931,-0.0000,0.1176,-0.1176,0.0139,0.9930,0.0595,0.0087,0.1482,-0.0915,0.0083,0.1469,-0.0915,0.0083,0.1469,0.0885,0.0088,0.1484,-0.1310,0.0160,0.0897,0.1288,0.0157,0.0916,0.0505,0.0013,-0.1873,-0.0916,-0.0001,-0.1871,-0.0008,0.0019,0.0697,0.0548,0.0174,-0.0637,-0.0685,0.0177,-0.0690,0.0564,0.0247,-0.0868,-0.0735,0.0217,-0.0877,0.1746,-0.0174,0.0270,0.0275,0.0267,-0.0718,-0.0207,0.0141,0.0033,0.1155,-0.0398,-0.0064,-0.1440,-0.0247,0.0231,0.0127,0.1130,-0.0029,0.0291,-0.0616,0.0216,-0.1520
181,0.175610,-0.0785,-0.1932,0.2026,0.2794,-0.0323,0.0621,0.1904,-0.1626,0.0014,-0.2219,-0.2050,0.4223,0.5501,0.3087,-0.3058,-0.1741,-0.2372,0.1557,-0.1317,-0.1965,-0.0155,0.0365,-0.0509,0.0318,0.0417,0.0486,-0.0156,-0.0154,-0.0337,0.0000,-0.0365,-0.0000,-0.0972,0.1000,0.0096,0.0082,0.0612,-0.0758,-0.1146,-0.1136,-0.0715,-0.1070,0.2338,0.9932,0.0000,0.1167,-0.1167,0.0136,0.9931,0.0595,0.0088,0.1482,-0.0915,0.0084,0.1469,-0.0915,0.0084,0.1469,0.0885,0.0089,0.1484,-0.1311,0.0161,0.0897,0.1288,0.0158,0.0916,0.0503,0.0012,-0.1873,-0.0919,-0.0002,-0.1871,-0.0008,0.0019,0.0697,0.0547,0.0174,-0.0637,-0.0686,0.0176,-0.0690,0.0562,0.0247,-0.0868,-0.0736,0.0216,-0.0877,0.1756,-0.0126,0.0277,0.0285,0.0262,-0.0896,-0.0235,0.0182,0.0080,0.0992,-0.0328,-0.0041,-0.1417,-0.0398,0.0229,0.0101,0.1180,0.0114,0.0312,-0.0573,0.0272,-0.1474
182,0.176585,-0.0778,-0.1941,0.2031,0.2800,-0.0315,0.0618,0.1902,-0.1632,0.0014,-0.2223,-0.2050,0.4203,0.5517,0.3088,-0.3057,-0.1729,-0.2384,0.1495,-0.1420,-0.1976,-0.0171,0.0367,-0.0478,0.0302,0.0372,0.0467,-0.0175,-0.0067,-0.0281,0.0000,-0.0213,-0.0000,-0.1071,0.0755,0.0093,0.0060,0.0632,-0.0589,-0.1579,-0.2853,-0.0615,-0.0914,0.2338,0.9932,-0.0000,0.1160,-0.1160,0.0133,0.9932,0.0596,0.0090,0.1481,-0.0914,0.0086,0.1469,-0.0914,0.0086,0.1469,0.0885,0.0090,0.1484,-0.1310,0.0162,0.0897,0.1288,0.0159,0.0915,0.0500,0.0011,-0.1873,-0.0921,-0.0002,-0.1871,-0.0008,0.0020,0.0697,0.0546,0.0174,-0.0637,-0.0687,0.0175,-0.0690,0.0562,0.0248,-0.0868,-0.0737,0.0214,-0.0877,0.1766,-0.0101,0.0310,0.0282,0.0228,-0.0922,-0.0215,0.0172,0.0064,0.0955,-0.0308,-0.0038,-0.1416,-0.0343,0.0239,0.0107,0.1291,0.0255,0.0284,-0.0512,0.0311,-0.1519
183,0.177561,-0.0774,-0.1947,0.2035,0.2804,-0.0310,0.0616,0.1901,-0.1635,0.0014,-0.2226,-0.2050,0.4189,0.5527,0.3090,-0.3056,-0.1721,-0.2392,0.1494,-0.1413,-0.1984,-0.0183,0.0450,-0.0582,0.0326,0.0187,0.0302,-0.0143,-0.0076,-0.0288,0.0000,-0.0220,-0.0001,-0.1303,0.0930,0.0146,0.0090,0.0790,-0.0639,-1.6580,-1.5427,-0.0686,-0.1035,0.2338,0.9933,0.0000,0.1155,-0.1155,0.0131,0.9932,0.0596,0.0091,0.1481,-0.0913,0.0088,0.1470,-0.0913,0.0088,0.1470,0.0886,0.0092,0.1483,-0.1310,0.0163,0.0898,0.1289,0.0159,0.0914,0.0499,0.0011,-0.1872,-0.0923,-0.0003,-0.1871,-0.0007,0.0020,0.0697,0.0546,0.0175,-0.0637,-0.0687,0.0174,-0.0690,0.0561,0.0248,-0.0868,-0.0737,0.0213,-0.0877,0.1776,-0.0059,0.0211,0.0293,0.0250,-0.0642,-0.0070,0.0086,-0.0033,0.1267,-0.0376,-0.0083,-0.1524,-0.0035,0.0208,0.0147,0.1244,-0.0027,0.0326,-0.0568,0.0128,-0.1526
184,0.178537,-0.0764,-0.1960,0.2042,0.2812,-0.0301,0.0614,0.1898,-0.1642,0.0014,-0.2233,-0.2050,0.4166,0.5551,0.3091,-0.3055,-0.1708,-0.2409,0.1683,-0.1255,-0.2002,-0.0204,0.0475,-0.0665,0.0353,0.0413,0.0429,-0.0037,-0.0216,-0.0424,0.0000,-0.0373,-0.0000,-0.1250,0.1352,0.0088,0.0120,0.0674,-0.0990,0.8747,0.5598,-0.0866,-0.0978,0.2338,0.9934,-0.0000,0.1150,-0.1149,0.0128,0.9933,0.0597,0.0092,0.1481,-0.0913,0.0088,0.1470,-0.0913,0.0088,0.1470,0.0887,0.0093,0.1483,-0.1310,0.0164,0.0898,0.1289,0.0160,0.0914,0.0496,0.0010,-0.1872,-0.0926,-0.0004,-0.1870,-0.0007,0.0021,0.0697,0.0545,0.0176,-0.0637,-0.0688,0.0173,-0.0690,0.0560,0.0249,-0.0868,-0.0738,0.0212,-0.0877,0.1785,-0.0046,0.0243,0.0313,0.0217,-0.1096,-0.0302,0.0250,0.0142,0.0871,-0.0268,-0.0008,-0.1482,-0.0626,0.0225,0.0104,0.1301,0.0365,0.0241,-0.0532,0.0432,-0.1438
185,0.179512,-0.0757,-0.1969,0.2048,0.2817,-0.0294,0.0611,0.1896,-0.1648,0.0014,-0.2236,-0.2050,0.4142,0.5566,0.3093,-0.3053,-0.1695,-0.2420,0.1646,-0.1314,-0.2010,-0.0219,0.0358,-0.0456,0.0373,0.0253,0.0413,-0.0266,-0.0054,-0.0281,-0.0000,-0.0106,0.0000,-0.1320,0.0470,0.0086,0.0080,0.0776,-0.0378,0.1819,0.1665,-0.0391,-0.0764,0.2337,0.9934,0.0000,0.1144,-0.1144,0.0124,0.9934,0.0597,0.0093,0.1480,-0.0913,0.0089,0.1470,-0.0913,0.0089,0.1470,0.0887,0.0094,0.1482,-0.1310,0.0164,0.0898,0.1289,0.0161,0.0913,0.0493,0.0010,-0.1872,-0.0928,-0.0004,-0.1870,-0.0008,0.0021,0.0697,0.0544,0.0176,-0.0637,-0.0689,0.0172,-0.0690,0.0559,0.0250,-0.0868,-0.0739,0.0210,-0.0876,0.1795,-0.0065,0.0307,0.0292,0.0268,-0.1127,-0.0255,0.0224,0.0137,0.0774,-0.0292,-0.0003,-0.1398,-0.0530,0.0236,0.0104,0.1357,0.0403,0.0267,-0.0531,0.0338,-0.1487
186,0.180488,-0.0751,-0.1977,0.2054,0.2820,-0.0289,0.0607,0.1895,-0.1652,0.0014,-0.2239,-0.2050,0.4123,0.5574,0.3094,-0.3052,-0.1683,-0.2426,0.1660,-0.1317,-0.2017,-0.0231,0.0383,-0.0519,0.0373,0.0186,0.0310,-0.0254,-0.0017,-0.0232,0.0000,-0.0196,-0.0000,-0.1240,0.0677,0.0072,0.0044,0.0775,-0.0482,0.2090,-0.4751,-0.0541,-0.0852,0.2337,0.9935,-0.0000,0.1139,-0.1139,0.0120,0.9934,0.0598,0.0094,0.1480,-0.0912,0.0091,0.1470,-0.0912,0.0091,0.1470,0.0888,0.0095,0.1482,-0.1309,0.0166,0.0899,0.1290,0.0161,0.0912,0.0491,0.0010,-0.1872,-0.0930,-0.0004,-0.1870,-0.0007,0.0021,0.0697,0.0544,0.0176,-0.0637,-0.0689,0.0171,-0.0689,0.0558,0.0250,-0.0868,-0.0740,0.0209,-0.0876,0.1805,-0.0015,0.0393,0.0272,0.0135,-0.1084,-0.0273,0.0239,0.0171,0.0726,-0.0252,-0.0008,-0.1318,-0.0426,0.0259,0.0139,0.1568,0.0602,0.0260,-0.0575,0.0363,-0.1586
187,0.181463,-0.0744,-0.1985,0.2060,0.2823,-0.0283,0.0603,0.1895,-0.1656,0.0014,-0.2241,-0.2050,0.4100,0.5586,0.3095,-0.3050,-0.1667,-0.2434,0.1774,-0.1374,-0.2026,-0.0248,0.0479,-0.0427,0.0349,0.0097,0.0265,-0.0261,-0.0010,-0.0192,0.0000,-0.0108,-0.0000,-0.1210,0.0688,0.0141,0.0099,0.0949,-0.0329,0.2301,0.0240,-0.0379,-0.0943,0.2337,0.9935,-0.0000,0.1136,-0.1136,0.0116,0.9935,0.0598,0.0095,0.1480,-0.0912,0.0092,0.1471,-0.0912,0.0092,0.1471,0.0888,0.0096,0.1481,-0.1309,0.0166,0.0899,0.1290,0.0161,0.0912,0.0489,0.0010,-0.1872,-0.0932,-0.0004,-0.1870,-0.0007,0.0021,0.0697,0.0543,0.0177,-0.0637,-0.0690,0.0170,-0.0689,0.0557,0.0251,-0.0868,-0.0741,0.0208,-0.0876,0.1815,-0.0042,0.0343,0.0297,0.0234,-0.1128,-0.0278,0.0240,0.0164,0.0792,-0.0300,0.0010,-0.1373,-0.0506,0.0241,0.0124,0.1468,0.0506,0.0218,-0.0541,0.0329,-0.1513
188,0.182439,-0.0735,-0.1993,0.2067,0.2826,-0.0278,0.0598,0.1895,-0.1660,0.0014,-0.2244,-0.2050,0.4079,0.5599,0.3098,-0.3049,-0.1651,-0.2440,0.1811,-0.1417,-0.2035,-0.0264,0.0450,-0.0444,0.0359,0.0187,0.0306,-0.0282,-0.0010,-0.0213,0.0000,-0.0203,-0.0000,-0.1230,0.0635,0.0133,0.0069,0.0874,-0.0324,-0.0128,0.5291,-0.0521,-0.0813,0.2337,0.9935,0.0000,0.1136,-0.1136,0.0111,0.9935,0.0599,0.0095,0.1479,-0.0911,0.0093,0.1471,-0.0911,0.0093,0.1471,0.0889,0.0096,0.1481,-0.1309,0.0167,0.0900,0.1290,0.0161,0.0911,0.0487,0.0010,-0.1871,-0.0934,-0.0004,-0.1870,-0.0007,0.0021,0.0697,0.0542,0.0177,-0.0638,-0.0691,0.0169,-0.0689,0.0556,0.0251,-0.0868,-0.0742,0.0208,-0.0876,0.1824,-0.0079,0.0239,0.0326,0.0416,-0.1165,-0.0252,0.0221,0.0134,0.1001,-0.0385,0.0033,-0.1455,-0.0581,0.0209,0.0117,0.1282,0.0249,0.0205,-0.0499,0.0326,-0.1431
189,0.183415,-0.0730,-0.1999,0.2071,0.2829,-0.0274,0.0594,0.1895,-0.1662,0.0014,-0.2248,-0.2050,0.4063,0.5607,0.3099,-0.3048,-0.1641,-0.2444,0.1845,-0.1385,-0.2043,-0.0274,0.0448,-0.0493,0.0389,0.0438,0.0476,-0.0268,-0.0011,-0.0261,0.0000,-0.0509,-0.0000,-0.1249,0.0675,0.0055,0.0055,0.0734,-0.0455,1.4168,1.6450,-0.0884,-0.0779,0.2337,0.9935,-0.0000,0.1135,-0.1135,0.0109,0.9935,0.0600,0.0096,0.1479,-0.0910,0.0093,0.1471,-0.0910,0.0093,0.1471,0.0890,0.0096,0.1481,-0.1308,0.0168,0.0900,0.1291,0.0160,0.0910,0.0485,0.0011,-0.1871,-0.0935,-0.0003,-0.1869,-0.0006,0.0021,0.0697,0.0542,0.0178,-0.0638,-0.0691,0.0169,-0.0689,0.0556,0.0252,-0.0868,-0.0742,0.0207,-0.0876,0.1834,-0.0026,-0.0073,0.0415,0.0359,-0.1309,-0.0336,0.0324,0.0188,0.1112,-0.0338,0.0099,-0.1651,-0.0780,0.0135,0.0127,0.1202,0.0292,0.0239,-0.0424,0.0463,-0.1250
190,0.184390,-0.0723,-0.2012,0.2080,0.2833,-0.0268,0.0589,0.1895,-0.1667,0.0014,-0.2253,-0.2050,0.4036,0.5619,0.3100,-0.3046,-0.1625,-0.2451,0.1957,-0.1329,-0.2053,-0.0284,0.0246,-0.0828,0.0550,0.0078,0.0193,-0.0361,0.0002,-0.0224,0.0000,-0.0242,0.0000,-0.1613,0.0592,0.0027,0.0096,0.0886,-0.0248,0.0839,-0.7278,-0.0447,-0.0463,0.2337,0.9936,-0.0000,0.1132,-0.1132,0.0106,0.9935,0.0600,0.0097,0.1479,-0.0910,0.0095,0.1471,-0.0910,0.0095,0.1471,0.0890,0.0097,0.1480,-0.1308,0.0169,0.0901,0.1291,0.0161,0.0910,0.0483,0.0012,-0.1871,-0.0937,-0.0002,-0.1869,-0.0006,0.0022,0.0697,0.0541,0.0179,-0.0638,-0.0692,0.0168,-0.0689,0.0555,0.0253,-0.0868,-0.0743,0.0206,-0.0875,0.1844,-0.0028,0.0417,0.0282,0.0125,-0.1051,-0.0300,0.0267,0.0212,0.0781,-0.0305,0.0009,-0.1302,-0.0395,0.0272,0.0178,0.1674,0.0625,0.0159,-0.0631,0.0317,-0.1611
191,0.185366,-0.0717,-0.2023,0.2089,0.2836,-0.0262,0.0582,0.1895,-0.1671,0.0014,-0.2257,-0.2050,0.4012,0.5631,0.3101,-0.3044,-0.1608,-0.2455,0.2045,-0.1422,-0.2062,-0.0301,0.0535,-0.0412,0.0436,0.0140,0.0297,-0.0335,-0.0005,-0.0121,0.0000,-0.0194,-0.0001,-0.1130,0.0750,0.0150,0.0147,0.1083,-0.0200,0.2205,-0.0750,-0.0441,-0.0999,0.2337,0.9936,0.0000,0.1131,-0.1131,0.0102,0.9935,0.0600,0.0097,0.1479,-0.0910,0.0096,0.1472,-0.0910,0.0096,0.1472,0.0890,0.0097,0.1480,-0.1308,0.0170,0.0901,0.1291,0.0160,0.0909,0.0481,0.0013,-0.1871,-0.0939,-0.0001,-0.1869,-0.0006,0.0022,0.0697,0.0541,0.0179,-0.0638,-0.0692,0.0168,-0.0688,0.0554,0.0254,-0.0868,-0.0743,0.0205,-0.0875,0.1854,-0.0046,0.0348,0.0321,0.0242,-0.1130,-0.0316,0.0274,0.0213,0.0886,-0.0349,0.0035,-0.1360,-0.0532,0.0247,0.0155,0.1532,0.0487,0.0118,-0.0587,0.0325,-0.1501
192,0.186341,-0.0707,-0.2031,0.2097,0.2839,-0.0257,0.0576,0.1895,-0.1673,0.0014,-0.2262,-0.2050,0.3991,0.5645,0.3103,-0.3042,-0.1594,-0.2458,0.2040,-0.1475,-0.2069,-0.0312,0.0495,-0.0426,0.0401,0.0197,0.0304,-0.0359,-0.0009,-0.0164,0.0000,-0.0280,-0.0000,-0.1173,0.0681,0.0099,0.0197,0.1036,-0.0212,1.5659,-2.0378,-0.0741,-0.0854,0.2336,0.9935,-0.0000,0.1135,-0.1135,0.0098,0.9935,0.0601,0.0097,0.1478,-0.0909,0.0097,0.1472,-0.0909,0.0097,0.1472,0.0891,0.0097,0.1480,-0.1308,0.0171,0.0902,0.1291,0.0159,0.0909,0.0479,0.0013,-0.1871,-0.0941,-0.0000,-0.1869,-0.0006,0.0021,0.0697,0.0540,0.0180,-0.0638,-0.0693,0.0167,-0.0688,0.0553,0.0255,-0.0868,-0.0744,0.0205,-0.0875,0.1863,0.0056,0.0164,0.0327,0.0122,-0.1043,-0.0218,0.0305,0.0226,0.1181,-0.0123,0.0005,-0.1415,-0.0535,0.0272,0.0200,0.1847,0.0458,0.0237,-0.0468,0.0479,-0.1517
193,0.187317,-0.0701,-0.2037,0.2102,0.2842,-0.0253,0.0572,0.1895,-0.1675,0.0014,-0.2264,-0.2050,0.3975,0.5654,0.3105,-0.3039,-0.1574,-0.2461,0.2128,-0.1514,-0.2078,-0.0327,0.0476,-0.0726,0.0425,0.0113,0.0305,-0.0252,-0.0003,-0.0144,0.0000,-0.0109,-0.0000,-0.1558,0.0850,0.0096,0.0242,0.1442,-0.0171,1.7139,-1.3766,-0.0451,-0.1001,0.2336,0.9935,-0.0000,0.1137,-0.1137,0.0095,0.9935,0.0602,0.0096,0.1478,-0.0908,0.0097,0.1472,-0.0908,0.0097,0.1472,0.0892,0.0096,0.1479,-0.1307,0.0171,0.0902,0.1292,0.0158,0.0908,0.0478,0.0014,-0.1871,-0.0942,0.0001,-0.1869,-0.0005,0.0021,0.0697,0.0540,0.0181,-0.0638,-0.0693,0.0166,-0.0688,0.0553,0.0256,-0.0868,-0.0744,0.0204,-0.0875,0.1873,0.0021,0.0135,0.0357,0.0152,-0.1107,-0.0249,0.0317,0.0233,0.1144,-0.0154,0.0023,-0.1480,-0.0606,0.0276,0.0187,0.1774,0.0421,0.0208,-0.0481,0.0515,-0.1512
194,0.188293,-0.0692,-0.2050,0.2111,0.2844,-0.0247,0.0568,0.1894,-0.1678,0.0014,-0.2265,-0.2050,0.3947,0.5669,0.3108,-0.3035,-0.1549,-0.2463,0.2166,-0.1534,-0.2084,-0.0343,0.0435,-0.0602,0.0483,0.0230,0.0406,-0.0231,-0.0001,-0.0154,-0.0000,-0.0014,0.0000,-0.1379,0.0668,0.0128,0.0150,0.1234,-0.0088,1.3311,1.2862,-0.0338,-0.0845,0.2336,0.9935,0.0000,0.1140,-0.1140,0.0089,0.9934,0.0602,0.0097,0.1478,-0.0908,0.0098,0.1473,-0.0908,0.0098,0.1473,0.0892,0.0096,0.1479,-0.1307,0.0172,0.0903,0.1292,0.0158,0.0907,0.0475,0.0016,-0.1870,-0.0944,0.0002,-0.1869,-0.0005,0.0021,0.0697,0.0539,0.0182,-0.0637,-0.0694,0.0167,-0.0688,0.0551,0.0257,-0.0868,-0.0745,0.0204,-0.0874,0.1883,-0.0019,-0.0062,0.0423,0.0450,-0.1268,-0.0332,0.0325,0.0206,0.1238,-0.0385,0.0102,-0.1653,-0.0791,0.0165,0.0147,0.1305,0.0160,0.0114,-0.0471,0.0452,-0.1255
195,0.189268,-0.0685,-0.2062,0.2120,0.2848,-0.0242,0.0563,0.1894,-0.1681,0.0014,-0.2271,-0.2050,0.3921,0.5682,0.3111,-0.3032,-0.1529,-0.2466,0.2189,-0.1521,-0.2093,-0.0354,0.0367,-0.0783,0.0571,0.0199,0.0283,-0.0349,0.0000,-0.0218,0.0000,-0.0473,0.0000,-0.1581,0.0718,0.0060,0.0129,0.0995,-0.0200,-1.0033,-0.4296,-0.0515,-0.0478,0.2336,0.9935,-0.0000,0.1142,-0.1142,0.0085,0.9934,0.0603,0.0097,0.1478,-0.0907,0.0098,0.1473,-0.0907,0.0098,0.1473,0.0893,0.0096,0.1478,-0.1307,0.0173,0.0903,0.1292,0.0158,0.0906,0.0473,0.0018,-0.1870,-0.0947,0.0004,-0.1868,-0.0005,0.0021,0.0697,0.0538,0.0183,-0.0637,-0.0694,0.0166,-0.0687,0.0551,0.0259,-0.0868,-0.0746,0.0204,-0.0874,0.1893,-0.0130,0.0278,0.0342,0.0413,-0.1014,-0.0238,0.0226,0.0168,0.1222,-0.0473,0.0055,-0.1406,-0.0498,0.0235,0.0193,0.1411,0.0070,0.0026,-0.0531,0.0219,-0.1446
196,0.190244,-0.0679,-0.2073,0.2128,0.2853,-0.0235,0.0558,0.1894,-0.1684,0.0014,-0.2277,-0.2050,0.3900,0.5694,0.3112,-0.3030,-0.1515,-0.2471,0.2165,-0.1510,-0.2102,-0.0364,0.0424,-0.0567,0.0519,0.0538,0.0572,-0.0270,-0.0101,-0.0253,-0.0000,-0.0531,-0.0000,-0.1115,0.0909,0.0070,0.0158,0.0930,-0.0413,0.7219,0.7057,-0.0802,-0.0864,0.2336,0.9934,0.0000,0.1143,-0.1143,0.0082,0.9934,0.0604,0.0097,0.1477,-0.0906,0.0099,0.1473,-0.0906,0.0099,0.1473,0.0894,0.0096,0.1478,-0.1306,0.0174,0.0904,0.1292,0.0157,0.0906,0.0471,0.0019,-0.1870,-0.0949,0.0005,-0.1868,-0.0004,0.0021,0.0697,0.0538,0.0184,-0.0637,-0.0695,0.0165,-0.0687,0.0550,0.0260,-0.0867,-0.0747,0.0203,-0.0874,0.1902,-0.0041,0.0141,0.0383,0.0381,-0.1237,-0.0361,0.0321,0.0243,0.1159,-0.0398,0.0091,-0.1515,-0.0799,0.0227,0.0152,0.1321,0.0149,0.0061,-0.0535,0.0433,-0.1303
197,0.191220,-0.0672,-0.2081,0.2136,0.2858,-0.0229,0.0554,0.1893,-0.1688,0.0014,-0.2283,-0.2050,0.3881,0.5705,0.3113,-0.3028,-0.1499,-0.2475,0.2168,-0.1512,-0.2110,-0.0374,0.0470,-0.0565,0.0508,0.0199,0.0309,-0.0384,-0.0033,-0.0204,-0.0000,-0.0326,0.0000,-0.1441,0.0690,0.0106,0.0148,0.1106,-0.0187,-0.9705,-0.4312,-0.0377,-0.0545,0.2335,0.9934,0.0000,0.1146,-0.1146,0.0079,0.9934,0.0605,0.0096,0.1477,-0.0905,0.0099,0.1474,-0.0905,0.0099,0.1474,0.0895,0.0096,0.1478,-0.1306,0.0174,0.0904,0.1293,0.0156,0.0905,0.0469,0.0020,-0.1870,-0.0951,0.0006,-0.1868,-0.0004,0.0020,0.0697,0.0538,0.0184,-0.0637,-0.0695,0.0165,-0.0687,0.0549,0.0261,-0.0867,-0.0747,0.0202,-0.0873,0.1912,-0.0128,0.0257,0.0347,0.0416,-0.1054,-0.0243,0.0246,0.0193,0.1192,-0.0460,0.0071,-0.1405,-0.0570,0.0241,0.0197,0.1402,0.0017,0.0037,-0.0532,0.0254,-0.1413
198,0.192195,-0.0664,-0.2092,0.2145,0.2865,-0.0221,0.0547,0.1892,-0.1692,0.0014,-0.2292,-0.2050,0.3858,0.5722,0.3115,-0.3024,-0.1480,-0.2481,0.2070,-0.1580,-0.2122,-0.0388,0.0442,-0.0497,0.0487,0.0557,0.0601,-0.0258,-0.0052,-0.0212,0.0000,-0.0406,-0.0000,-0.1063,0.0821,0.0093,0.0175,0.0992,-0.0323,0.4016,0.3587,-0.0632,-0.0744,0.2335,0.9934,-0.0000,0.1149,-0.1149,0.0075,0.9933,0.0605,0.0097,0.1477,-0.0905,0.0100,0.1474,-0.0905,0.0100,0.1474,0.0895,0.0096,0.1477,-0.1306,0.0175,0.0905,0.1293,0.0156,0.0905,0.0466,0.0021,-0.1869,-0.0953,0.0007,-0.1868,-0.0004,0.0020,0.0697,0.0537,0.0185,-0.0637,-0.0696,0.0165,-0.0686,0.0548,0.0262,-0.0867,-0.0749,0.0202,-0.0873,0.1922,-0.0046,0.0167,0.0382,0.0362,-0.1247,-0.0356,0.0341,0.0283,0.1089,-0.0371,0.0110,-0.1458,-0.0798,0.0255,0.0159,0.1359,0.0117,0.0090,-0.0514,0.0469,-0.1328
199,0.193171,-0.0655,-0.2102,0.2154,0.2872,-0.0212,0.0542,0.1891,-0.1695,0.0014,-0.2298,-0.2050,0.3835,0.5736,0.3117,-0.3021,-0.1460,-0.2486,0.2171,-0.1493,-0.2130,-0.0399,0.0458,-0.0590,0.0510,0.0230,0.0342,-0.0398,-0.0015,-0.0180,-0.0000,-0.0291,0.0000,-0.1344,0.0771,0.0135,0.0158,0.1094,-0.0214,0.1433,0.1380,-0.0320,-0.0586,0.2335,0.9933,0.0000,0.1152,-0.1152,0.0071,0.9933,0.0605,0.0097,0.1477,-0.0905,0.0101,0.1474,-0.0905,0.0101,0.1474,0.0895,0.0096,0.1477,-0.1306,0.0176,0.0905,0.1293,0.0155,0.0904,0.0464,0.0022,-0.1869,-0.0956,0.0009,-0.1867,-0.0004,0.0020,0.0697,0.0536,0.0186,-0.0637,-0.0697,0.0165,-0.0686,0.0547,0.0263,-0.0867,-0.0750,0.0202,-0.0873,0.1932,-0.0067,0.0208,0.0372,0.0358,-0.1249,-0.0340,0.0334,0.0284,0.1016,-0.0395,0.0116,-0.1415,-0.0786,0.0259,0.0169,0.1390,0.0147,0.0049,-0.0564,0.0428,-0.1327
200,0.194146,-0.0650,-0.2109,0.2161,0.2876,-0.0207,0.0536,0.1891,-0.1698,0.0014,-0.2302,-0.2050,0.3819,0.5745,0.3119,-0.3020,-0.1447,-0.2488,0.2180,-0.1500,-0.2135,-0.0408,0.0489,-0.0486,0.0518,0.0498,0.0590,-0.0450,-0.0006,-0.0196,-0.0000,-0.0399,0.0000,-0.1299,0.0594,0.0080,0.0091,0.1080,-0.0145,1.6958,1.6019,-0.0622,-0.0724,0.2334,0.9933,-0.0000,0.1153,-0.1153,0.0068,0.9933,0.0606,0.0096,0.1476,-0.0904,0.0102,0.1474,-0.0904,0.0102,0.1474,0.0896,0.0095,0.1477,-0.1305,0.0177,0.0906,0.1293,0.0154,0.0903,0.0462,0.0023,-0.1869,-0.0958,0.0009,-0.1867,-0.0003,0.0020,0.0697,0.0536,0.0187,-0.0637,-0.0697,0.0164,-0.0686,0.0546,0.0264,-0.0867,-0.0750,0.0201,-0.0872,0.1941,-0.0050,-0.0278,0.0470,0.0488,-0.1380,-0.0329,0.0379,0.0250,0.1253,-0.0390,0.0155,-0.1719,-0.0927,0.0136,0.0174,0.1260,-0.0010,0.0181,-0.0428,0.0544,-0.1126
201,0.195122,-0.0644,-0.2126,0.2172,0.2882,-0.0200,0.0528,0.1891,-0.1701,0.0014,-0.2309,-0.2050,0.3788,0.5760,0.3120,-0.3016,-0.1424,-0.2491,0.1985,-0.1695,-0.2145,-0.0416,0.0160,-0.1034,0.0681,0.0355,0.0471,-0.0419,0.0021,-0.0229,-0.0000,-0.0312,0.0055,-0.1686,0.0654,0.0035,0.0165,0.1091,-0.0131,-0.9576,-0.8915,-0.0389,-0.0418,0.2334,0.9934,0.0000,0.1150,-0.1150,0.0064,0.9933,0.0607,0.0098,0.1476,-0.0903,0.0104,0.1475,-0.0903,0.0104,0.1475,0.0897,0.0096,0.1476,-0.1305,0.0179,0.0906,0.1293,0.0154,0.0903,0.0460,0.0024,-0.1869,-0.0960,0.0011,-0.1867,-0.0003,0.0020,0.0697,0.0535,0.0188,-0.0637,-0.0698,0.0163,-0.0686,0.0545,0.0265,-0.0867,-0.0751,0.0200,-0.0872,0.1951,-0.0062,0.0176,0.0357,0.0357,-0.1174,-0.0230,0.0315,0.0276,0.1005,-0.0357,0.0096,-0.1371,-0.0610,0.0286,0.0198,0.1496,-0.0041,0.0131,-0.0490,0.0323,-0.1394
202,0.196098,-0.0638,-0.2141,0.2184,0.2888,-0.0192,0.0522,0.1891,-0.1705,0.0014,-0.2314,-0.2049,0.3762,0.5776,0.3122,-0.3013,-0.1405,-0.2498,0.1946,-0.1716,-0.2154,-0.0429,0.0478,-0.0600,0.0564,0.0414,0.0492,-0.0228,-0.0001,-0.0152,0.0000,-0.0266,0.0007,-0.1160,0.0973,0.0164,0.0191,0.1068,-0.0459,0.0384,0.1553,-0.0584,-0.0813,0.2334,0.9934,-0.0000,0.1148,-0.1148,0.0060,0.9934,0.0607,0.0098,0.1476,-0.0903,0.0106,0.1475,-0.0903,0.0106,0.1475,0.0897,0.0097,0.1476,-0.1305,0.0181,0.0906,0.1293,0.0153,0.0902,0.0457,0.0025,-0.1868,-0.0963,0.0012,-0.1866,-0.0003,0.0020,0.0697,0.0534,0.0189,-0.0637,-0.0699,0.0163,-0.0685,0.0544,0.0267,-0.0867,-0.0752,0.0200,-0.0872,0.1961,-0.0046,0.0136,0.0405,0.0378,-0.1307,-0.0324,0.0366,0.0332,0.1049,-0.0353,0.0158,-0.1414,-0.0815,0.0273,0.0169,0.1366,0.0049,0.0134,-0.0435,0.0516,-0.1322
203,0.197073,-0.0632,-0.2148,0.2190,0.2892,-0.0186,0.0519,0.1891,-0.1707,0.0014,-0.2318,-0.2049,0.3747,0.5787,0.3124,-0.3011,-0.1391,-0.2503,0.1918,-0.1697,-0.2159,-0.0437,0.0491,-0.0569,0.0552,0.0183,0.0346,-0.0300,-0.0000,-0.0175,-0.0000,-0.0307,0.0050,-0.1442,0.0728,0.0211,0.0153,0.1189,-0.0243,-1.3189,0.6034,-0.0209,-0.0641,0.2334,0.9934,0.0000,0.1148,-0.1148,0.0056,0.9934,0.0608,0.0099,0.1475,-0.0902,0.0106,0.1475,-0.0902,0.0106,0.1475,0.0898,0.0097,0.1475,-0.1304,0.0181,0.0907,0.1294,0.0153,0.0901,0.0455,0.0026,-0.1868,-0.0964,0.0012,-0.1866,-0.0002,0.0020,0.0697,0.0534,0.0189,-0.0637,-0.0699,0.0162,-0.0685,0.0544,0.0267,-0.0867,-0.0752,0.0199,-0.0871,0.1971,-0.0122,0.0003,0.0437,0.0675,-0.1175,-0.0235,0.0310,0.0308,0.1638,-0.0476,0.0193,-0.1564,-0.0844,0.0187,0.0183,0.1099,-0.0495,0.0128,-0.0263,0.0553,-0.1273
204,0.198049,-0.0624,-0.2161,0.2202,0.2900,-0.0177,0.0514,0.1891,-0.1710,0.0014,-0.2326,-0.2047,0.3722,0.5803,0.3127,-0.3007,-0.1373,-0.2512,0.1808,-0.1678,-0.2168,-0.0450,0.0319,-0.0713,0.0607,0.0533,0.0627,-0.0226,0.0000,-0.0246,0.0000,-0.0516,0.0119,-0.1278,0.0860,0.0064,0.0189,0.0802,-0.0682,-0.1407,-0.1229,-0.0416,-0.0612,0.2333,0.9934,0.0000,0.1146,-0.1146,0.0052,0.9934,0.0609,0.0099,0.1475,-0.0901,0.0108,0.1475,-0.0901,0.0108,0.1475,0.0899,0.0098,0.1475,-0.1304,0.0183,0.0907,0.1294,0.0153,0.0900,0.0452,0.0026,-0.1868,-0.0967,0.0013,-0.1866,-0.0002,0.0020,0.0697,0.0533,0.0190,-0.0637,-0.0700,0.0162,-0.0685,0.0543,0.0268,-0.0867,-0.0754,0.0198,-0.0871,0.1980,-0.0059,0.0181,0.0393,0.0304,-0.1343,-0.0318,0.0383,0.0373,0.0892,-0.0314,0.0171,-0.1344,-0.0797,0.0287,0.0179,0.1397,0.0115,0.0194,-0.0412,0.0539,-0.1366
205,0.199024,-0.0618,-0.2173,0.2213,0.2907,-0.0167,0.0509,0.1891,-0.1714,0.0014,-0.2332,-0.2046,0.3698,0.5817,0.3129,-0.3004,-0.1355,-0.2520,0.1750,-0.1691,-0.2173,-0.0462,0.0368,-0.0667,0.0610,0.0258,0.0406,-0.0324,0.0003,-0.0153,-0.0000,-0.0176,0.0043,-0.1247,0.0795,0.0162,0.0207,0.1030,-0.0275,-0.1365,-1.0296,-0.0247,-0.0705,0.2333,0.9935,-0.0000,0.1142,-0.1142,0.0049,0.9934,0.0609,0.0100,0.1475,-0.0901,0.0110,0.1476,-0.0901,0.0110,0.1476,0.0899,0.0099,0.1475,-0.1304,0.0184,0.0908,0.1294,0.0153,0.0900,0.0450,0.0027,-0.1867,-0.0970,0.0014,-0.1865,-0.0002,0.0021,0.0697,0.0531,0.0191,-0.0637,-0.0701,0.0161,-0.0684,0.0541,0.0269,-0.0866,-0.0755,0.0198,-0.0871,0.1990,0.0014,0.0222,0.0347,0.0199,-0.1367,-0.0323,0.0426,0.0434,0.0777,-0.0245,0.0155,-0.1255,-0.0692,0.0326,0.0205,0.1597,0.0247,0.0229,-0.0456,0.0563,-0.1480
206,0.200000,-0.0610,-0.2185,0.2223,0.2911,-0.0160,0.0503,0.1891,-0.1716,0.0014,-0.2334,-0.2046,0.3675,0.5832,0.3133,-0.3001,-0.1336,-0.2525,0.1683,-0.1815,-0.2178,-0.0477,0.0475,-0.0597,0.0525,0.0254,0.0427,-0.0376,0.0009,-0.0078,-0.0000,-0.0077,0.0013,-0.1183,0.0855,0.0255,0.0202,0.1125,-0.0236,-0.1777,-0.1680,-0.0291,-0.0855,0.2333,0.9935,-0.0000,0.1141,-0.1141,0.0044,0.9935,0.0609,0.0101,0.1474,-0.0901,0.0111,0.1476,-0.0901,0.0111,0.1476,0.0899,0.0099,0.1474,-0.1304,0.0186,0.0908,0.1294,0.0152,0.0899,0.0447,0.0027,-0.1867,-0.0972,0.0014,-0.1865,-0.0002,0.0021,0.0697,0.0531,0.0191,-0.0637,-0.0702,0.0161,-0.0684,0.0540,0.0270,-0.0866,-0.0756,0.0197,-0.0870,0.2000,-0.0049,0.0112,0.0411,0.0320,-0.1408,-0.0311,0.0412,0.0414,0.0891,-0.0283,0.0203,-0.1330,-0.0804,0.0298,0.0177,0.1390,0.0078,0.0257,-0.0322,0.0598,-0.1367
207,0.200976,-0.0604,-0.2194,0.2230,0.2914,-0.0155,0.0498,0.1892,-0.1718,0.0014,-0.2336,-0.2044,0.3658,0.5844,0.3137,-0.2998,-0.1321,-0.2529,0.1649,-0.1857,-0.2182,-0.0487,0.0375,-0.0668,0.0591,0.0271,0.0430,-0.0378,0.0009,-0.0137,-0.0000,-0.0176,0.0121,-0.1240,0.0793,0.0215,0.0163,0.0962,-0.0311,0.2285,0.2187,-0.0259,-0.0717,0.2332,0.9935,-0.0000,0.1140,-0.1140,0.0040,0.9935,0.0611,0.0101,0.1474,-0.0899,0.0113,0.1476,-0.0899,0.0113,0.1476,0.0901,0.0099,0.1473,-0.1303,0.0187,0.0909,0.1295,0.0151,0.0898,0.0445,0.0027,-0.1867,-0.0974,0.0015,-0.1865,-0.0001,0.0021,0.0697,0.0530,0.0192,-0.0637,-0.0702,0.0160,-0.0684,0.0540,0.0271,-0.0866,-0.0756,0.0196,-0.0870,0.2010,-0.0044,0.0075,0.0429,0.0301,-0.1458,-0.0335,0.0433,0.0429,0.0928,-0.0261,0.0218,-0.1359,-0.0886,0.0286,0.0169,0.1320,0.0160,0.0292,-0.0272,0.0659,-0.1329
208,0.201951,-0.0597,-0.2206,0.2242,0.2917,-0.0148,0.0491,0.1892,-0.1720,0.0014,-0.2339,-0.2042,0.3634,0.5858,0.3140,-0.2995,-0.1304,-0.2534,0.1666,-0.1859,-0.2185,-0.0499,0.0295,-0.0748,0.0683,0.0169,0.0350,-0.0417,0.0047,-0.0144,-0.0000,-0.0128,0.0122,-0.1324,0.0691,0.0175,0.0154,0.0882,-0.0238,0.6625,-0.0969,-0.0143,-0.0653,0.2332,0.9935,-0.0000,0.1137,-0.1137,0.0035,0.9935,0.0611,0.0102,0.1473,-0.0899,0.0115,0.1477,-0.0899,0.0115,0.1477,0.0901,0.0100,0.1473,-0.1302,0.0188,0.0910,0.1296,0.0151,0.0897,0.0443,0.0028,-0.1867,-0.0976,0.0015,-0.1864,-0.0001,0.0021,0.0697,0.0530,0.0192,-0.0637,-0.0703,0.0159,-0.0684,0.0539,0.0272,-0.0866,-0.0757,0.0195,-0.0870,0.2020,-0.0015,0.0123,0.0409,0.0219,-0.1492,-0.0340,0.0456,0.0468,0.0820,-0.0193,0.0204,-0.1324,-0.0874,0.0306,0.0173,0.1445,0.0357,0.0302,-0.0263,0.0688,-0.1403
209,0.202927,-0.0591,-0.2220,0.2255,0.2919,-0.0142,0.0483,0.1894,-0.1722,0.0014,-0.2340,-0.2040,0.3608,0.5870,0.3144,-0.2992,-0.1286,-0.2537,0.1679,-0.1869,-0.2187,-0.0513,0.0318,-0.0720,0.0656,0.0084,0.0294,-0.0411,0.0069,-0.0075,-0.0000,-0.0029,0.0100,-0.1282,0.0668,0.0205,0.0179,0.0980,-0.0131,0.6897,-0.7082,-0.0077,-0.0711,0.2332,0.9936,-0.0000,0.1133,-0.1133,0.0029,0.9936,0.0612,0.0103,0.1473,-0.0898,0.0117,0.1477,-0.0898,0.0117,0.1477,0.0902,0.0101,0.1472,-0.1303,0.0190,0.0910,0.1296,0.0150,0.0896,0.0440,0.0029,-0.1867,-0.0978,0.0016,-0.1864,-0.0001,0.0021,0.0697,0.0529,0.0193,-0.0637,-0.0704,0.0159,-0.0683,0.0537,0.0273,-0.0866,-0.0758,0.0195,-0.0869,0.2029,0.0022,0.0153,0.0392,0.0165,-0.1499,-0.0321,0.0471,0.0494,0.0746,-0.0157,0.0202,-0.1273,-0.0796,0.0331,0.0189,0.1592,0.0430,0.0303,-0.0275,0.0688,-0.1471
210,0.203902,-0.0586,-0.2230,0.2264,0.2920,-0.0139,0.0477,0.1895,-0.1723,0.0014,-0.2341,-0.2039,0.3590,0.5880,0.3148,-0.2990,-0.1271,-0.2539,0.1685,-0.1883,-0.2188,-0.0524,0.0411,-0.0710,0.0638,0.0024,0.0259,-0.0388,0.0078,-0.0041,0.0000,-0.0006,0.0098,-0.1365,0.0731,0.0303,0.0155,0.1145,-0.0107,-0.7901,0.7428,-0.0121,-0.0844,0.2332,0.9936,0.0000,0.1132,-0.1132,0.0025,0.9936,0.0613,0.0104,0.1473,-0.0897,0.0118,0.1477,-0.0897,0.0118,0.1477,0.0903,0.0101,0.1472,-0.1302,0.0191,0.0911,0.1296,0.0150,0.0895,0.0439,0.0030,-0.1866,-0.0979,0.0017,-0.1864,-0.0000,0.0021,0.0697,0.0528,0.0194,-0.0637,-0.0704,0.0158,-0.0683,0.0537,0.0273,-0.0866,-0.0758,0.0194,-0.0869,0.2039,-0.0091,-0.0014,0.0455,0.0527,-0.1402,-0.0273,0.0394,0.0433,0.1341,-0.0377,0.0275,-0.1421,-0.0911,0.0222,0.0175,0.1133,-0.0210,0.0260,-0.0119,0.0676,-0.1264
211,0.204878,-0.0580,-0.2242,0.2275,0.2922,-0.0133,0.0471,0.1895,-0.1725,0.0014,-0.2345,-0.2035,0.3568,0.5893,0.3151,-0.2987,-0.1255,-0.2544,0.1611,-0.1808,-0.2192,-0.0535,0.0257,-0.0768,0.0683,0.0309,0.0435,-0.0300,0.0025,-0.0167,0.0000,-0.0427,0.0248,-0.1236,0.0798,0.0132,0.0189,0.0715,-0.0509,0.0640,-0.0619,-0.0290,-0.0573,0.2332,0.9936,0.0000,0.1130,-0.1130,0.0021,0.9936,0.0614,0.0104,0.1472,-0.0896,0.0120,0.1477,-0.0896,0.0120,0.1477,0.0904,0.0102,0.1471,-0.1301,0.0193,0.0911,0.1297,0.0149,0.0894,0.0437,0.0030,-0.1866,-0.0981,0.0018,-0.1863,0.0000,0.0021,0.0697,0.0528,0.0194,-0.0637,-0.0704,0.0158,-0.0683,0.0536,0.0274,-0.0866,-0.0759,0.0193,-0.0869,0.2049,-0.0038,0.0153,0.0409,0.0238,-0.1517,-0.0328,0.0451,0.0487,0.0747,-0.0236,0.0249,-0.1256,-0.0907,0.0300,0.0181,0.1379,0.0265,0.0297,-0.0246,0.0678,-0.1347
212,0.205854,-0.0575,-0.2256,0.2288,0.2926,-0.0125,0.0465,0.1896,-0.1728,0.0014,-0.2349,-0.2032,0.3543,0.5906,0.3154,-0.2983,-0.1239,-0.2550,0.1558,-0.1768,-0.2194,-0.0547,0.0289,-0.0700,0.0672,0.0106,0.0302,-0.0362,0.0047,-0.0086,-0.0000,-0.0058,0.0168,-0.1219,0.0667,0.0173,0.0197,0.0941,-0.0168,0.2450,-0.4066,-0.0066,-0.0663,0.2331,0.9936,-0.0000,0.1127,-0.1127,0.0017,0.9936,0.0614,0.0106,0.1472,-0.0896,0.0122,0.1478,-0.0896,0.0122,0.1478,0.0904,0.0102,0.1471,-0.1302,0.0194,0.0912,0.1296,0.0149,0.0893,0.0434,0.0031,-0.1866,-0.0983,0.0019,-0.1863,-0.0000,0.0022,0.0697,0.0527,0.0195,-0.0637,-0.0705,0.0158,-0.0682,0.0535,0.0275,-0.0866,-0.0760,0.0193,-0.0869,0.2059,-0.0016,0.0191,0.0392,0.0137,-0.1552,-0.0344,0.0485,0.0550,0.0621,-0.0176,0.0249,-0.1216,-0.0901,0.0318,0.0183,0.1459,0.0368,0.0319,-0.0249,0.0748,-0.1384
213,0.206829,-0.0569,-0.2268,0.2299,0.2928,-0.0120,0.0458,0.1897,-0.1728,0.0014,-0.2349,-0.2029,0.3522,0.5915,0.3157,-0.2981,-0.1225,-0.2552,0.1573,-0.1771,-0.2195,-0.0557,0.0349,-0.0640,0.0629,0.0051,0.0257,-0.0403,0.0072,-0.0028,0.0000,-0.0016,0.0173,-0.1164,0.0633,0.0232,0.0150,0.1035,-0.0063,0.4857,0.9066,-0.0049,-0.0737,0.2331,0.9936,-0.0000,0.1126,-0.1126,0.0012,0.9936,0.0615,0.0106,0.1472,-0.0895,0.0123,0.1478,-0.0895,0.0123,0.1478,0.0905,0.0103,0.1470,-0.1301,0.0195,0.0912,0.1297,0.0148,0.0892,0.0432,0.0032,-0.1866,-0.0985,0.0020,-0.1863,0.0000,0.0022,0.0697,0.0526,0.0196,-0.0637,-0.0705,0.0157,-0.0682,0.0534,0.0276,-0.0866,-0.0760,0.0192,-0.0868,0.2068,-0.0060,-0.0031,0.0446,0.0307,-0.1602,-0.0355,0.0478,0.0492,0.0849,-0.0265,0.0290,-0.1311,-0.1045,0.0260,0.0165,0.1150,0.0165,0.0363,-0.0179,0.0740,-0.1172
214,0.207805,-0.0565,-0.2277,0.2307,0.2929,-0.0117,0.0453,0.1899,-0.1729,0.0014,-0.2351,-0.2026,0.3506,0.5926,0.3161,-0.2978,-0.1209,-0.2553,0.1534,-0.1719,-0.2196,-0.0567,0.0273,-0.0807,0.0657,0.0036,0.0172,-0.0430,0.0132,-0.0020,0.0000,-0.0268,0.0335,-0.1303,0.0672,0.0234,0.0116,0.0847,-0.0132,-1.6804,1.3191,-0.0103,-0.0329,0.2331,0.9936,0.0000,0.1125,-0.1125,0.0008,0.9936,0.0616,0.0106,0.1471,-0.0894,0.0125,0.1478,-0.0894,0.0125,0.1478,0.0906,0.0103,0.1470,-0.1300,0.0197,0.0913,0.1298,0.0147,0.0891,0.0431,0.0033,-0.1866,-0.0986,0.0021,-0.1863,0.0001,0.0022,0.0697,0.0526,0.0196,-0.0637,-0.0705,0.0157,-0.0682,0.0534,0.0277,-0.0866,-0.0760,0.0192,-0.0868,0.2078,-0.0153,-0.0162,0.0495,0.0699,-0.1346,-0.0228,0.0388,0.0454,0.1652,-0.0371,0.0305,-0.1562,-0.1088,0.0131,0.0176,0.0859,-0.0612,0.0340,0.0047,0.0838,-0.1107
215,0.208780,-0.0560,-0.2292,0.2321,0.2933,-0.0110,0.0446,0.1901,-0.1731,0.0014,-0.2357,-0.2020,0.3481,0.5939,0.3163,-0.2975,-0.1196,-0.2561,0.1482,-0.1609,-0.2199,-0.0576,0.0175,-0.0852,0.0750,0.0450,0.0584,-0.0241,0.0093,-0.0214,0.0000,-0.0326,0.0278,-0.1375,0.0697,0.0038,0.0180,0.0607,-0.0697,0.7908,0.1421,-0.0226,-0.0435,0.2331,0.9937,-0.0000,0.1121,-0.1121,0.0005,0.9937,0.0616,0.0108,0.1471,-0.0894,0.0127,0.1478,-0.0894,0.0127,0.1478,0.0906,0.0104,0.1469,-0.1300,0.0198,0.0913,0.1298,0.0146,0.0891,0.0429,0.0034,-0.1865,-0.0988,0.0022,-0.1862,0.0001,0.0022,0.0697,0.0525,0.0197,-0.0637,-0.0706,0.0156,-0.0682,0.0533,0.0278,-0.0866,-0.0761,0.0191,-0.0868,0.2088,-0.0058,0.0201,0.0383,0.0057,-0.1652,-0.0362,0.0484,0.0588,0.0484,-0.0135,0.0252,-0.1192,-0.1012,0.0299,0.0162,0.1348,0.0573,0.0390,-0.0199,0.0823,-0.1321
216,0.209756,-0.0557,-0.2307,0.2334,0.2938,-0.0101,0.0441,0.1902,-0.1734,0.0014,-0.2360,-0.2017,0.3457,0.5948,0.3165,-0.2973,-0.1180,-0.2565,0.1581,-0.1542,-0.2198,-0.0587,0.0233,-0.0678,0.0676,0.0071,0.0316,-0.0392,0.0078,-0.0065,-0.0000,-0.0071,0.0173,-0.1170,0.0471,0.0194,0.0154,0.0986,0.0144,0.0927,0.1729,0.0149,-0.0685,0.2330,0.9938,0.0000,0.1115,-0.1115,0.0001,0.9938,0.0616,0.0109,0.1470,-0.0894,0.0129,0.1478,-0.0894,0.0129,0.1478,0.0906,0.0105,0.1469,-0.1300,0.0200,0.0913,0.1298,0.0146,0.0890,0.0426,0.0035,-0.1865,-0.0990,0.0022,-0.1862,0.0001,0.0022,0.0697,0.0524,0.0198,-0.0637,-0.0707,0.0156,-0.0681,0.0532,0.0279,-0.0866,-0.0762,0.0190,-0.0868,0.2098,-0.0071,0.0208,0.0382,0.0142,-0.1638,-0.0349,0.0469,0.0573,0.0522,-0.0221,0.0291,-0.1158,-0.1061,0.0288,0.0173,0.1301,0.0383,0.0320,-0.0231,0.0767,-0.1240
217,0.210732,-0.0552,-0.2317,0.2345,0.2939,-0.0096,0.0433,0.1903,-0.1735,0.0014,-0.2361,-0.2013,0.3437,0.5957,0.3168,-0.2970,-0.1168,-0.2564,0.1618,-0.1541,-0.2198,-0.0594,0.0270,-0.0601,0.0604,0.0065,0.0254,-0.0431,0.0069,-0.0022,0.0000,-0.0078,0.0255,-0.1070,0.0539,0.0213,0.0166,0.0910,0.0008,1.9096,1.6558,0.0032,-0.0576,0.2330,0.9938,0.0000,0.1113,-0.1113,-0.0004,0.9938,0.0617,0.0110,0.1470,-0.0893,0.0131,0.1479,-0.0893,0.0131,0.1479,0.0907,0.0106,0.1468,-0.1300,0.0202,0.0914,0.1298,0.0145,0.0889,0.0424,0.0035,-0.1865,-0.0992,0.0023,-0.1862,0.0001,0.0023,0.0697,0.0524,0.0198,-0.0637,-0.0707,0.0155,-0.0681,0.0531,0.0279,-0.0866,-0.0763,0.0190,-0.0867,0.2107,-0.0025,-0.0094,0.0375,0.0285,-0.1663,-0.0352,0.0501,0.0489,0.0789,-0.0290,0.0210,-0.1285,-0.0913,0.0183,0.0221,0.1353,0.0497,0.0474,-0.0285,0.0722,-0.1251
218,0.211707,-0.0549,-0.2327,0.2353,0.2940,-0.0093,0.0428,0.1905,-0.1735,0.0014,-0.2363,-0.2010,0.3422,0.5965,0.3171,-0.2968,-0.1151,-0.2565,0.1668,-0.1471,-0.2199,-0.0605,0.0226,-0.1117,0.0570,0.0103,0.0284,-0.0467,0.0159,-0.0013,-0.0000,-0.0289,0.0100,-0.1543,0.0818,0.0117,0.0170,0.1181,-0.0018,1.5275,1.8128,-0.0322,-0.0705,0.2330,0.9938,0.0000,0.1110,-0.1110,-0.0008,0.9938,0.0618,0.0110,0.1470,-0.0891,0.0133,0.1479,-0.0891,0.0133,0.1479,0.0908,0.0106,0.1468,-0.1299,0.0203,0.0914,0.1299,0.0144,0.0888,0.0423,0.0036,-0.1865,-0.0993,0.0024,-0.1861,0.0002,0.0023,0.0697,0.0524,0.0198,-0.0637,-0.0707,0.0155,-0.0681,0.0530,0.0280,-0.0866,-0.0763,0.0189,-0.0867,0.2117,-0.0040,-0.0122,0.0389,0.0330,-0.1696,-0.0356,0.0502,0.0498,0.0772,-0.0328,0.0253,-0.1278,-0.0979,0.0180,0.0213,0.1246,0.0438,0.0435,-0.0285,0.0715,-0.1158
219,0.212683,-0.0546,-0.2345,0.2364,0.2941,-0.0089,0.0420,0.1907,-0.1735,0.0014,-0.2367,-0.2007,0.3397,0.5978,0.3172,-0.2963,-0.1134,-0.2565,0.1700,-0.1528,-0.2202,-0.0614,0.0152,-0.0921,0.0620,0.0095,0.0269,-0.0453,0.0165,-0.0014,0.0000,-0.0240,0.0189,-0.1283,0.0595,0.0026,0.0229,0.0878,-0.0003,0.2152,0.0885,-0.0071,-0.0471,0.2330,0.9939,-0.0000,0.1104,-0.1104,-0.0013,0.9939,0.0619,0.0111,0.1469,-0.0891,0.0136,0.1479,-0.0891,0.0136,0.1479,0.0909,0.0107,0.1467,-0.1298,0.0205,0.0914,0.1299,0.0144,0.0887,0.0421,0.0037,-0.1865,-0.0995,0.0025,-0.1861,0.0002,0.0023,0.0697,0.0523,0.0199,-0.0637,-0.0708,0.0154,-0.0681,0.0530,0.0281,-0.0866,-0.0763,0.0189,-0.0867,0.2127,-0.0037,0.0265,0.0366,0.0094,-0.1721,-0.0361,0.0481,0.0619,0.0458,-0.0213,0.0309,-0.1113,-0.1120,0.0290,0.0172,0.1360,0.0545,0.0244,-0.0229,0.0772,-0.1210
220,0.213659,-0.0542,-0.2358,0.2375,0.2942,-0.0084,0.0411,0.1909,-0.1735,0.0014,-0.2370,-0.2002,0.3376,0.5986,0.3173,-0.2959,-0.1117,-0.2565,0.1808,-0.1536,-0.2202,-0.0623,0.0295,-0.0454,0.0611,0.0016,0.0232,-0.0467,0.0054,-0.0013,0.0000,-0.0062,0.0283,-0.1096,0.0330,0.0183,0.0136,0.0945,-0.0006,0.1586,0.8911,0.0036,-0.0516,0.2330,0.9939,0.0000,0.1101,-0.1101,-0.0017,0.9939,0.0619,0.0112,0.1469,-0.0890,0.0137,0.1479,-0.0890,0.0137,0.1479,0.0909,0.0107,0.1467,-0.1298,0.0207,0.0915,0.1299,0.0143,0.0886,0.0419,0.0038,-0.1864,-0.0996,0.0026,-0.1861,0.0002,0.0023,0.0697,0.0522,0.0200,-0.0637,-0.0708,0.0154,-0.0680,0.0529,0.0282,-0.0866,-0.0764,0.0188,-0.0867,0.2137,-0.0049,0.0134,0.0389,0.0284,-0.1748,-0.0356,0.0470,0.0544,0.0671,-0.0307,0.0332,-0.1154,-0.1183,0.0245,0.0166,0.1195,0.0413,0.0231,-0.0204,0.0681,-0.1079
221,0.214634,-0.0538,-0.2368,0.2386,0.2944,-0.0080,0.0403,0.1911,-0.1735,0.0014,-0.2374,-0.1997,0.3356,0.5993,0.3176,-0.2957,-0.1101,-0.2565,0.1871,-0.1423,-0.2204,-0.0630,0.0171,-0.0664,0.0613,0.0133,0.0259,-0.0443,0.0089,-0.0015,0.0000,-0.0269,0.0322,-0.1097,0.0406,0.0147,0.0159,0.0820,-0.0002,0.1054,0.1489,-0.0193,-0.0338,0.2330,0.9939,0.0000,0.1099,-0.1099,-0.0021,0.9939,0.0620,0.0113,0.1469,-0.0890,0.0139,0.1479,-0.0890,0.0139,0.1479,0.0910,0.0107,0.1466,-0.1298,0.0209,0.0915,0.1299,0.0142,0.0886,0.0418,0.0039,-0.1864,-0.0998,0.0027,-0.1861,0.0003,0.0023,0.0697,0.0522,0.0200,-0.0637,-0.0709,0.0154,-0.0680,0.0528,0.0283,-0.0865,-0.0765,0.0188,-0.0866,0.2146,-0.0042,0.0311,0.0347,0.0131,-0.1754,-0.0358,0.0469,0.0610,0.0450,-0.0260,0.0315,-0.1088,-0.1158,0.0280,0.0175,0.1369,0.0571,0.0167,-0.0266,0.0722,-0.1174
222,0.215610,-0.0534,-0.2377,0.2396,0.2945,-0.0076,0.0395,0.1912,-0.1736,0.0014,-0.2376,-0.1992,0.3337,0.5999,0.3178,-0.2955,-0.1085,-0.2565,0.1973,-0.1405,-0.2205,-0.0636,0.0262,-0.0477,0.0582,0.0014,0.0202,-0.0452,0.0069,-0.0012,0.0000,-0.0138,0.0284,-0.1058,0.0321,0.0181,0.0173,0.0941,0.0046,0.2619,1.7403,-0.0054,-0.0600,0.2330,0.9940,-0.0000,0.1098,-0.1098,-0.0024,0.9940,0.0621,0.0113,0.1468,-0.0889,0.0141,0.1480,-0.0889,0.0141,0.1480,0.0910,0.0108,0.1466,-0.1298,0.0210,0.0915,0.1299,0.0141,0.0885,0.0417,0.0040,-0.1864,-0.0999,0.0028,-0.1861,0.0003,0.0024,0.0697,0.0522,0.0201,-0.0637,-0.0709,0.0154,-0.0680,0.0528,0.0283,-0.0865,-0.0765,0.0188,-0.0866,0.2156,-0.0054,-0.0040,0.0413,0.0390,-0.1696,-0.0356,0.0469,0.0497,0.0917,-0.0374,0.0337,-0.1252,-0.1251,0.0200,0.0164,0.1096,0.0205,0.0194,-0.0227,0.0681,-0.0868
223,0.216585,-0.0531,-0.2385,0.2403,0.2946,-0.0073,0.0390,0.1913,-0.1736,0.0014,-0.2379,-0.1988,0.3323,0.6003,0.3180,-0.2952,-0.1074,-0.2564,0.1955,-0.1352,-0.2207,-0.0643,0.0190,-0.0796,0.0595,0.0244,0.0320,-0.0473,0.0152,-0.0014,0.0000,-0.0498,0.0368,-0.1314,0.0407,0.0110,0.0099,0.0877,-0.0010,1.4579,1.6376,-0.0427,-0.0197,0.2329,0.9940,-0.0000,0.1096,-0.1096,-0.0026,0.9940,0.0621,0.0113,0.1468,-0.0888,0.0143,0.1480,-0.0888,0.0143,0.1480,0.0911,0.0108,0.1466,-0.1297,0.0212,0.0916,0.1300,0.0139,0.0884,0.0416,0.0040,-0.1864,-0.1000,0.0029,-0.1860,0.0003,0.0023,0.0697,0.0521,0.0201,-0.0637,-0.0709,0.0153,-0.0680,0.0527,0.0284,-0.0865,-0.0765,0.0187,-0.0866,0.2166,-0.0012,-0.0026,0.0373,0.0317,-0.1748,-0.0351,0.0492,0.0512,0.0717,-0.0354,0.0271,-0.1219,-0.1075,0.0184,0.0215,0.1287,0.0538,0.0292,-0.0301,0.0722,-0.1099
224,0.217561,-0.0528,-0.2401,0.2415,0.2948,-0.0068,0.0381,0.1916,-0.1736,0.0014,-0.2385,-0.1983,0.3298,0.6012,0.3182,-0.2949,-0.1057,-0.2564,0.2051,-0.1314,-0.2211,-0.0650,0.0115,-0.0866,0.0623,0.0043,0.0196,-0.0426,0.0105,-0.0018,0.0000,-0.0301,0.0207,-0.1216,0.0531,0.0067,0.0275,0.0921,0.0072,-0.4844,-1.1133,-0.0125,-0.0428,0.2329,0.9940,-0.0000,0.1092,-0.1092,-0.0029,0.9940,0.0622,0.0114,0.1468,-0.0888,0.0145,0.1480,-0.0888,0.0145,0.1480,0.0912,0.0108,0.1465,-0.1297,0.0214,0.0916,0.1300,0.0139,0.0884,0.0414,0.0042,-0.1864,-0.1001,0.0030,-0.1860,0.0004,0.0024,0.0697,0.0521,0.0202,-0.0637,-0.0709,0.0153,-0.0680,0.0527,0.0285,-0.0865,-0.0765,0.0187,-0.0866,0.2176,0.0010,0.0444,0.0321,0.0150,-0.1716,-0.0296,0.0445,0.0612,0.0341,-0.0262,0.0256,-0.1063,-0.1071,0.0308,0.0204,0.1493,0.0534,0.0046,-0.0382,0.0676,-0.1262
225,0.218537,-0.0523,-0.2411,0.2426,0.2950,-0.0063,0.0374,0.1918,-0.1736,0.0014,-0.2389,-0.1980,0.3277,0.6019,0.3184,-0.2945,-0.1039,-0.2563,0.2008,-0.1379,-0.2214,-0.0660,0.0425,-0.0304,0.0548,0.0105,0.0294,-0.0363,0.0039,-0.0013,0.0000,-0.0110,0.0167,-0.1006,0.0357,0.0187,0.0190,0.1012,0.0027,0.5348,0.7153,-0.0104,-0.0604,0.2329,0.9940,0.0000,0.1091,-0.1091,-0.0032,0.9940,0.0622,0.0115,0.1467,-0.0888,0.0147,0.1480,-0.0888,0.0147,0.1480,0.0912,0.0109,0.1465,-0.1297,0.0216,0.0916,0.1300,0.0138,0.0883,0.0413,0.0043,-0.1864,-0.1003,0.0031,-0.1860,0.0004,0.0024,0.0697,0.0520,0.0202,-0.0637,-0.0710,0.0153,-0.0680,0.0526,0.0286,-0.0865,-0.0766,0.0186,-0.0866,0.2185,-0.0040,0.0223,0.0353,0.0203,-0.1820,-0.0356,0.0473,0.0590,0.0538,-0.0295,0.0326,-0.1098,-0.1237,0.0259,0.0170,0.1282,0.0576,0.0150,-0.0243,0.0722,-0.1047
226,0.219512,-0.0518,-0.2417,0.2433,0.2950,-0.0060,0.0369,0.1918,-0.1737,0.0014,-0.2391,-0.1976,0.3263,0.6024,0.3187,-0.2942,-0.1026,-0.2562,0.2024,-0.1374,-0.2215,-0.0666,0.0200,-0.0549,0.0535,0.0015,0.0156,-0.0400,0.0057,-0.0013,0.0000,-0.0211,0.0331,-0.1065,0.0310,0.0186,0.0177,0.0927,0.0163,-0.6762,-0.2207,-0.0069,-0.0315,0.2329,0.9940,0.0000,0.1092,-0.1092,-0.0035,0.9940,0.0623,0.0115,0.1467,-0.0887,0.0148,0.1480,-0.0887,0.0148,0.1480,0.0913,0.0108,0.1465,-0.1296,0.0217,0.0916,0.1300,0.0136,0.0883,0.0412,0.0044,-0.1864,-0.1003,0.0032,-0.1860,0.0004,0.0024,0.0697,0.0520,0.0203,-0.0637,-0.0710,0.0152,-0.0679,0.0526,0.0286,-0.0865,-0.0766,0.0186,-0.0865,0.2195,-0.0061,0.0345,0.0346,0.0266,-0.1762,-0.0282,0.0435,0.0577,0.0413,-0.0303,0.0306,-0.1069,-0.1172,0.0275,0.0183,0.1364,0.0384,0.0076,-0.0261,0.0637,-0.1149
227,0.220488,-0.0514,-0.2426,0.2443,0.2951,-0.0057,0.0362,0.1919,-0.1737,0.0014,-0.2395,-0.1971,0.3244,0.6031,0.3190,-0.2939,-0.1009,-0.2560,0.1926,-0.1477,-0.2218,-0.0675,0.0294,-0.0420,0.0583,0.0133,0.0275,-0.0342,0.0031,-0.0017,0.0000,-0.0196,0.0250,-0.0983,0.0349,0.0151,0.0156,0.0908,-0.0002,-0.1506,-0.0972,-0.0232,-0.0495,0.2329,0.9940,-0.0000,0.1093,-0.1093,-0.0039,0.9940,0.0623,0.0115,0.1467,-0.0886,0.0149,0.1480,-0.0886,0.0149,0.1480,0.0913,0.0108,0.1464,-0.1296,0.0218,0.0917,0.1300,0.0136,0.0882,0.0410,0.0045,-0.1863,-0.1005,0.0033,-0.1860,0.0004,0.0024,0.0697,0.0520,0.0203,-0.0637,-0.0710,0.0152,-0.0679,0.0525,0.0287,-0.0865,-0.0767,0.0186,-0.0865,0.2205,-0.0035,0.0334,0.0354,0.0175,-0.1807,-0.0322,0.0464,0.0638,0.0396,-0.0253,0.0334,-0.1060,-0.1209,0.0287,0.0175,0.1355,0.0516,0.0099,-0.0212,0.0758,-0.1142
228,0.221463,-0.0509,-0.2434,0.2454,0.2952,-0.0053,0.0356,0.1920,-0.1737,0.0014,-0.2397,-0.1966,0.3226,0.6037,0.3193,-0.2936,-0.0992,-0.2559,0.1867,-0.1564,-0.2220,-0.0683,0.0276,-0.0435,0.0575,0.0033,0.0216,-0.0368,0.0042,-0.0014,0.0000,-0.0103,0.0300,-0.1024,0.0280,0.0175,0.0154,0.0926,0.0146,-0.1452,-0.2168,-0.0034,-0.0467,0.2329,0.9940,0.0000,0.1094,-0.1094,-0.0042,0.9940,0.0624,0.0115,0.1467,-0.0886,0.0150,0.1480,-0.0886,0.0150,0.1480,0.0913,0.0108,0.1464,-0.1296,0.0219,0.0917,0.1300,0.0135,0.0881,0.0409,0.0046,-0.1863,-0.1006,0.0035,-0.1860,0.0004,0.0024,0.0697,0.0519,0.0204,-0.0637,-0.0711,0.0152,-0.0679,0.0524,0.0288,-0.0865,-0.0767,0.0186,-0.0865,0.2215,-0.0024,0.0312,0.0367,0.0174,-0.1812,-0.0316,0.0475,0.0658,0.0379,-0.0232,0.0343,-0.1064,-0.1214,0.0295,0.0175,0.1344,0.0483,0.0114,-0.0177,0.0797,-0.1146
229,0.222439,-0.0503,-0.2442,0.2464,0.2952,-0.0050,0.0349,0.1921,-0.1737,0.0014,-0.2399,-0.1960,0.3207,0.6043,0.3197,-0.2933,-0.0976,-0.2557,0.1833,-0.1574,-0.2220,-0.0691,0.0298,-0.0444,0.0594,0.0046,0.0229,-0.0377,0.0077,-0.0011,0.0000,-0.0069,0.0301,-0.1021,0.0307,0.0178,0.0132,0.0912,0.0140,0.4365,0.5962,-0.0005,-0.0473,0.2329,0.9940,-0.0000,0.1096,-0.1096,-0.0046,0.9940,0.0624,0.0115,0.1466,-0.0885,0.0151,0.1480,-0.0885,0.0151,0.1480,0.0914,0.0108,0.1464,-0.1296,0.0220,0.0917,0.1301,0.0134,0.0881,0.0408,0.0047,-0.1863,-0.1007,0.0036,-0.1859,0.0004,0.0024,0.0697,0.0519,0.0205,-0.0637,-0.0711,0.0152,-0.0679,0.0524,0.0289,-0.0865,-0.0767,0.0186,-0.0865,0.2224,-0.0046,0.0192,0.0372,0.0193,-0.1886,-0.0348,0.0501,0.0661,0.0448,-0.0230,0.0368,-0.1060,-0.1313,0.0271,0.0155,0.1233,0.0500,0.0174,-0.0121,0.0797,-0.1008
230,0.223415,-0.0499,-0.2452,0.2475,0.2952,-0.0047,0.0344,0.1922,-0.1738,0.0014,-0.2400,-0.1956,0.3194,0.6047,0.3199,-0.2931,-0.0964,-0.2555,0.1863,-0.1536,-0.2220,-0.0696,0.0155,-0.0605,0.0600,-0.0029,0.0113,-0.0434,0.0105,-0.0007,-0.0000,-0.0073,0.0440,-0.1129,0.0271,0.0121,0.0093,0.0916,0.0231,1.6204,1.6748,-0.0002,-0.0212,0.2328,0.9940,0.0000,0.1097,-0.1097,-0.0049,0.9940,0.0625,0.0115,0.1466,-0.0885,0.0153,0.1481,-0.0885,0.0153,0.1481,0.0914,0.0108,0.1463,-0.1295,0.0221,0.0918,0.1301,0.0132,0.0880,0.0407,0.0049,-0.1863,-0.1008,0.0038,-0.1859,0.0005,0.0024,0.0697,0.0518,0.0205,-0.0637,-0.0711,0.0152,-0.0678,0.0523,0.0289,-0.0864,-0.0768,0.0185,-0.0864,0.2234,0.0001,-0.0027,0.0356,0.0326,-0.1797,-0.0348,0.0518,0.0567,0.0703,-0.0330,0.0284,-0.1122,-0.1123,0.0192,0.0217,0.1277,0.0500,0.0302,-0.0241,0.0757,-0.1059
231,0.224390,-0.0497,-0.2460,0.2482,0.2952,-0.0045,0.0337,0.1923,-0.1738,0.0014,-0.2403,-0.1950,0.3176,0.6053,0.3202,-0.2928,-0.0949,-0.2552,0.1935,-0.1487,-0.2221,-0.0702,0.0184,-0.0901,0.0579,0.0066,0.0211,-0.0452,0.0148,-0.0006,-0.0000,-0.0366,0.0168,-0.1271,0.0580,0.0096,0.0151,0.1015,0.0164,1.6819,1.4539,-0.0221,-0.0501,0.2328,0.9940,0.0000,0.1097,-0.1097,-0.0051,0.9940,0.0625,0.0115,0.1466,-0.0884,0.0154,0.1481,-0.0884,0.0154,0.1481,0.0915,0.0108,0.1463,-0.1295,0.0222,0.0918,0.1301,0.0131,0.0880,0.0406,0.0050,-0.1863,-0.1009,0.0039,-0.1859,0.0005,0.0023,0.0697,0.0518,0.0206,-0.0637,-0.0711,0.0152,-0.0678,0.0523,0.0290,-0.0864,-0.0768,0.0185,-0.0864,0.2244,0.0005,-0.0002,0.0354,0.0300,-0.1789,-0.0343,0.0518,0.0576,0.0700,-0.0318,0.0275,-0.1118,-0.1139,0.0205,0.0219,0.1326,0.0520,0.0269,-0.0253,0.0765,-0.1063
232,0.225366,-0.0494,-0.2476,0.2493,0.2954,-0.0041,0.0329,0.1926,-0.1738,0.0014,-0.2407,-0.1946,0.3153,0.6063,0.3203,-0.2924,-0.0931,-0.2548,0.2034,-0.1374,-0.2223,-0.0710,0.0156,-0.0788,0.0581,0.0062,0.0203,-0.0412,0.0106,-0.0011,0.0000,-0.0232,0.0208,-0.1116,0.0517,0.0077,0.0278,0.0961,0.0195,-0.3295,-0.0414,-0.0077,-0.0405,0.2328,0.9940,0.0000,0.1096,-0.1096,-0.0055,0.9940,0.0626,0.0116,0.1466,-0.0884,0.0156,0.1481,-0.0884,0.0156,0.1481,0.0916,0.0108,0.1463,-0.1295,0.0224,0.0918,0.1301,0.0130,0.0879,0.0404,0.0052,-0.1863,-0.1010,0.0040,-0.1859,0.0005,0.0023,0.0697,0.0518,0.0206,-0.0637,-0.0712,0.0152,-0.0678,0.0523,0.0291,-0.0864,-0.0768,0.0185,-0.0864,0.2254,-0.0075,0.0325,0.0358,0.0212,-0.1849,-0.0307,0.0475,0.0662,0.0334,-0.0262,0.0347,-0.1055,-0.1360,0.0276,0.0164,0.1262,0.0328,0.0030,-0.0199,0.0753,-0.0998
233,0.226341,-0.0490,-0.2486,0.2503,0.2954,-0.0037,0.0322,0.1927,-0.1738,0.0014,-0.2410,-0.1940,0.3134,0.6070,0.3205,-0.2920,-0.0914,-0.2546,0.1914,-0.1260,-0.2224,-0.0716,0.0249,-0.0404,0.0586,0.0015,0.0171,-0.0364,0.0037,-0.0011,0.0000,-0.0124,0.0345,-0.0981,0.0264,0.0139,0.0175,0.0895,0.0073,-0.2861,0.3949,-0.0014,-0.0323,0.2328,0.9940,0.0000,0.1097,-0.1097,-0.0059,0.9939,0.0626,0.0116,0.1465,-0.0883,0.0157,0.1481,-0.0883,0.0157,0.1481,0.0916,0.0108,0.1462,-0.1294,0.0226,0.0919,0.1301,0.0129,0.0878,0.0403,0.0053,-0.1863,-0.1011,0.0042,-0.1859,0.0005,0.0024,0.0697,0.0517,0.0207,-0.0636,-0.0712,0.0152,-0.0678,0.0522,0.0292,-0.0864,-0.0769,0.0185,-0.0864,0.2263,-0.0118,0.0295,0.0353,0.0209,-0.1857,-0.0320,0.0477,0.0656,0.0301,-0.0249,0.0357,-0.1055,-0.1430,0.0257,0.0147,0.1130,0.0271,0.0099,-0.0175,0.0769,-0.0917
234,0.227317,-0.0486,-0.2494,0.2513,0.2954,-0.0035,0.0316,0.1928,-0.1738,0.0014,-0.2412,-0.1934,0.3116,0.6074,0.3208,-0.2918,-0.0899,-0.2544,0.1905,-0.1282,-0.2224,-0.0719,0.0150,-0.0465,0.0558,0.0002,0.0146,-0.0368,0.0027,-0.0014,0.0000,-0.0108,0.0348,-0.0960,0.0217,0.0135,0.0140,0.0806,0.0089,0.0864,-0.2343,-0.0004,-0.0169,0.2328,0.9940,-0.0000,0.1098,-0.1098,-0.0062,0.9939,0.0627,0.0116,0.1465,-0.0883,0.0158,0.1481,-0.0883,0.0158,0.1481,0.0917,0.0108,0.1462,-0.1294,0.0227,0.0919,0.1302,0.0128,0.0878,0.0402,0.0054,-0.1863,-0.1012,0.0043,-0.1859,0.0006,0.0023,0.0697,0.0517,0.0208,-0.0636,-0.0712,0.0152,-0.0678,0.0522,0.0293,-0.0864,-0.0769,0.0185,-0.0864,0.2273,-0.0081,0.0363,0.0349,0.0086,-0.1881,-0.0341,0.0497,0.0735,0.0166,-0.0193,0.0351,-0.1037,-0.1448,0.0289,0.0156,0.1191,0.0395,0.0059,-0.0198,0.0904,-0.0968
235,0.228293,-0.0484,-0.2499,0.2520,0.2954,-0.0033,0.0311,0.1928,-0.1738,0.0014,-0.2413,-0.1930,0.3104,0.6076,0.3210,-0.2916,-0.0889,-0.2542,0.1900,-0.1311,-0.2223,-0.0724,0.0265,-0.0367,0.0572,-0.0049,0.0154,-0.0380,0.0070,-0.0010,0.0000,-0.0057,0.0365,-0.1067,0.0105,0.0186,0.0143,0.0906,0.0214,-0.6334,-0.9437,0.0121,-0.0335,0.2328,0.9939,0.0000,0.1098,-0.1098,-0.0064,0.9939,0.0627,0.0116,0.1465,-0.0882,0.0159,0.1481,-0.0882,0.0159,0.1481,0.0917,0.0108,0.1462,-0.1294,0.0227,0.0919,0.1302,0.0126,0.0877,0.0401,0.0055,-0.1863,-0.1013,0.0044,-0.1858,0.0006,0.0023,0.0697,0.0517,0.0208,-0.0636,-0.0712,0.0151,-0.0677,0.0521,0.0293,-0.0864,-0.0769,0.0184,-0.0863,0.2283,-0.0089,0.0354,0.0362,0.0188,-0.1827,-0.0263,0.0470,0.0689,0.0139,-0.0200,0.0320,-0.1066,-0.1426,0.0285,0.0159,0.1184,0.0091,0.0059,-0.0211,0.0807,-0.0946
236,0.229268,-0.0479,-0.2506,0.2531,0.2954,-0.0030,0.0305,0.1929,-0.1739,0.0014,-0.2414,-0.1925,0.3085,0.6081,0.3213,-0.2913,-0.0872,-0.2540,0.1805,-0.1442,-0.2223,-0.0729,0.0272,-0.0361,0.0602,0.0062,0.0211,-0.0296,0.0042,-0.0014,0.0000,-0.0036,0.0264,-0.0945,0.0262,0.0177,0.0131,0.0830,-0.0000,-0.2680,-0.3122,-0.0023,-0.0295,0.2328,0.9939,-0.0000,0.1100,-0.1100,-0.0068,0.9939,0.0628,0.0116,0.1465,-0.0882,0.0160,0.1481,-0.0882,0.0160,0.1481,0.0918,0.0108,0.1461,-0.1293,0.0229,0.0919,0.1302,0.0125,0.0877,0.0400,0.0056,-0.1862,-0.1014,0.0045,-0.1858,0.0006,0.0023,0.0697,0.0517,0.0209,-0.0636,-0.0712,0.0151,-0.0677,0.0521,0.0294,-0.0863,-0.0769,0.0184,-0.0863,0.2293,-0.0089,0.0305,0.0375,0.0164,-0.1866,-0.0297,0.0494,0.0720,0.0183,-0.0183,0.0364,-0.1058,-0.1453,0.0283,0.0147,0.1145,0.0214,0.0089,-0.0118,0.0884,-0.0934
237,0.230244,-0.0474,-0.2514,0.2543,0.2954,-0.0026,0.0299,0.1930,-0.1739,0.0014,-0.2415,-0.1918,0.3067,0.6084,0.3217,-0.2911,-0.0856,-0.2539,0.1844,-0.1391,-0.2222,-0.0735,0.0193,-0.0439,0.0605,-0.0031,0.0134,-0.0298,0.0066,-0.0009,0.0000,-0.0010,0.0344,-0.0963,0.0206,0.0205,0.0137,0.0784,0.0122,-0.6367,-0.5847,0.0089,-0.0265,0.2328,0.9939,-0.0000,0.1100,-0.1100,-0.0070,0.9939,0.0628,0.0117,0.1464,-0.0881,0.0162,0.1481,-0.0881,0.0162,0.1481,0.0918,0.0108,0.1461,-0.1293,0.0230,0.0920,0.1302,0.0125,0.0876,0.0399,0.0057,-0.1862,-0.1015,0.0047,-0.1858,0.0006,0.0023,0.0697,0.0516,0.0209,-0.0636,-0.0713,0.0151,-0.0677,0.0520,0.0295,-0.0863,-0.0770,0.0184,-0.0863,0.2302,-0.0104,0.0311,0.0374,0.0214,-0.1847,-0.0264,0.0480,0.0697,0.0149,-0.0195,0.0345,-0.1063,-0.1466,0.0276,0.0145,0.1123,0.0050,0.0073,-0.0140,0.0817,-0.0894
238,0.231220,-0.0470,-0.2521,0.2553,0.2954,-0.0024,0.0294,0.1932,-0.1739,0.0014,-0.2415,-0.1912,0.3049,0.6087,0.3219,-0.2910,-0.0846,-0.2537,0.1803,-0.1422,-0.2221,-0.0738,0.0217,-0.0397,0.0606,0.0077,0.0226,-0.0266,0.0067,-0.0013,0.0000,-0.0044,0.0310,-0.0979,0.0233,0.0227,0.0161,0.0833,0.0061,-1.6962,-1.5969,-0.0024,-0.0225,0.2327,0.9939,-0.0000,0.1099,-0.1099,-0.0073,0.9939,0.0628,0.0117,0.1464,-0.0881,0.0163,0.1481,-0.0881,0.0163,0.1481,0.0918,0.0109,0.1461,-0.1293,0.0231,0.0920,0.1302,0.0124,0.0876,0.0398,0.0058,-0.1862,-0.1016,0.0048,-0.1858,0.0006,0.0023,0.0697,0.0516,0.0209,-0.0636,-0.0713,0.0151,-0.0677,0.0520,0.0295,-0.0863,-0.0770,0.0184,-0.0863,0.2312,-0.0046,0.0074,0.0421,0.0360,-0.1744,-0.0140,0.0439,0.0569,0.0079,-0.0135,0.0336,-0.1107,-0.1524,0.0283,0.0131,0.1156,-0.0632,0.0159,-0.0114,0.0600,-0.0727
239,0.232195,-0.0468,-0.2527,0.2561,0.2955,-0.0021,0.0291,0.1932,-0.1739,0.0014,-0.2415,-0.1908,0.3036,0.6091,0.3222,-0.2908,-0.0833,-0.2538,0.1756,-0.1496,-0.2223,-0.0742,0.0285,-0.0589,0.0642,0.0058,0.0114,-0.0141,0.0032,-0.0016,0.0000,-0.0011,0.0365,-0.1254,0.0534,0.0222,0.0132,0.0899,-0.0404,-1.4278,-1.7099,-0.0448,-0.0122,0.2327,0.9940,-0.0000,0.1098,-0.1098,-0.0074,0.9939,0.0629,0.0118,0.1464,-0.0880,0.0165,0.1481,-0.0880,0.0165,0.1481,0.0919,0.0109,0.1460,-0.1293,0.0231,0.0920,0.1303,0.0123,0.0875,0.0397,0.0059,-0.1862,-0.1017,0.0048,-0.1858,0.0007,0.0023,0.0697,0.0516,0.0210,-0.0636,-0.0713,0.0150,-0.0677,0.0520,0.0296,-0.0863,-0.0770,0.0183,-0.0863,0.2322,-0.0056,0.0131,0.0418,0.0363,-0.1780,-0.0153,0.0445,0.0607,0.0138,-0.0123,0.0330,-0.1112,-0.1480,0.0286,0.0130,0.1137,-0.0486,0.0159,-0.0097,0.0699,-0.0806
240,0.233171,-0.0464,-0.2537,0.2574,0.2958,-0.0016,0.0290,0.1933,-0.1741,0.0014,-0.2416,-0.1902,0.3015,0.6098,0.3226,-0.2906,-0.0818,-0.2544,0.1631,-0.1578,-0.2227,-0.0745,0.0163,-0.0519,0.0689,0.0193,0.0322,-0.0050,0.0037,-0.0105,-0.0000,-0.0002,0.0290,-0.1104,0.0288,0.0168,0.0076,0.0748,-0.0226,-0.0929,0.5164,-0.0077,-0.0198,0.2327,0.9940,-0.0000,0.1093,-0.1093,-0.0076,0.9940,0.0629,0.0120,0.1464,-0.0880,0.0166,0.1481,-0.0880,0.0166,0.1481,0.0919,0.0111,0.1460,-0.1293,0.0232,0.0920,0.1303,0.0124,0.0875,0.0396,0.0059,-0.1862,-0.1018,0.0049,-0.1858,0.0007,0.0024,0.0697,0.0515,0.0210,-0.0636,-0.0713,0.0150,-0.0677,0.0519,0.0296,-0.0863,-0.0770,0.0183,-0.0863,0.2332,-0.0117,0.0282,0.0359,0.0208,-0.1941,-0.0322,0.0504,0.0730,0.0288,-0.0186,0.0390,-0.1003,-0.1500,0.0265,0.0121,0.1023,0.0299,0.0138,-0.0026,0.0824,-0.0849
241,0.234146,-0.0462,-0.2547,0.2585,0.2960,-0.0012,0.0287,0.1934,-0.1742,0.0014,-0.2416,-0.1895,0.2997,0.6103,0.3229,-0.2904,-0.0806,-0.2544,0.1562,-0.1497,-0.2227,-0.0748,0.0121,-0.0536,0.0622,0.0031,0.0177,-0.0295,0.0110,-0.0028,-0.0000,-0.0006,0.0400,-0.0941,0.0165,0.0149,0.0100,0.0608,0.0246,-0.1909,0.0926,0.0083,-0.0213,0.2327,0.9941,0.0000,0.1088,-0.1088,-0.0078,0.9940,0.0629,0.0121,0.1463,-0.0880,0.0168,0.1481,-0.0880,0.0168,0.1481,0.0919,0.0112,0.1460,-0.1293,0.0233,0.0920,0.1302,0.0123,0.0874,0.0395,0.0060,-0.1862,-0.1019,0.0050,-0.1858,0.0007,0.0024,0.0697,0.0515,0.0210,-0.0636,-0.0714,0.0150,-0.0677,0.0518,0.0297,-0.0863,-0.0771,0.0182,-0.0863,0.2341,-0.0129,0.0354,0.0352,0.0150,-0.1924,-0.0319,0.0496,0.0760,0.0133,-0.0157,0.0376,-0.0994,-0.1506,0.0278,0.0123,0.1006,0.0301,0.0145,-0.0046,0.0902,-0.0900
242,0.235122,-0.0459,-0.2555,0.2596,0.2960,-0.0009,0.0281,0.1936,-0.1742,0.0014,-0.2416,-0.1889,0.2980,0.6105,0.3232,-0.2903,-0.0795,-0.2541,0.1513,-0.1410,-0.2225,-0.0753,0.0154,-0.0439,0.0590,0.0002,0.0172,-0.0367,0.0119,-0.0014,0.0000,-0.0003,0.0369,-0.0911,0.0131,0.0155,0.0095,0.0601,0.0113,-0.0915,0.2648,0.0113,-0.0286,0.2327,0.9941,0.0000,0.1083,-0.1083,-0.0082,0.9941,0.0630,0.0122,0.1463,-0.0879,0.0170,0.1482,-0.0879,0.0170,0.1482,0.0920,0.0113,0.1459,-0.1293,0.0235,0.0921,0.1303,0.0123,0.0873,0.0393,0.0060,-0.1862,-0.1020,0.0050,-0.1857,0.0007,0.0024,0.0697,0.0514,0.0211,-0.0636,-0.0714,0.0149,-0.0677,0.0518,0.0297,-0.0863,-0.0771,0.0182,-0.0862,0.2351,-0.0144,0.0382,0.0334,0.0137,-0.1945,-0.0327,0.0489,0.0758,0.0094,-0.0162,0.0371,-0.0965,-0.1509,0.0270,0.0121,0.0970,0.0377,0.0164,-0.0058,0.0887,-0.0889
243,0.236098,-0.0457,-0.2560,0.2604,0.2960,-0.0007,0.0276,0.1938,-0.1742,0.0014,-0.2416,-0.1884,0.2968,0.6106,0.3234,-0.2902,-0.0787,-0.2540,0.1485,-0.1430,-0.2224,-0.0756,0.0174,-0.0404,0.0568,-0.0001,0.0175,-0.0374,0.0130,-0.0013,0.0000,-0.0000,0.0399,-0.0952,0.0052,0.0218,0.0057,0.0602,0.0151,-1.8790,1.4759,0.0098,-0.0268,0.2327,0.9942,-0.0000,0.1080,-0.1080,-0.0084,0.9941,0.0631,0.0123,0.1463,-0.0878,0.0172,0.1481,-0.0878,0.0172,0.1481,0.0921,0.0114,0.1459,-0.1292,0.0236,0.0921,0.1303,0.0122,0.0873,0.0393,0.0060,-0.1862,-0.1021,0.0050,-0.1857,0.0008,0.0025,0.0697,0.0514,0.0211,-0.0636,-0.0714,0.0149,-0.0676,0.0518,0.0297,-0.0863,-0.0771,0.0181,-0.0862,0.2361,-0.0219,0.0088,0.0407,0.0503,-0.1629,-0.0267,0.0431,0.0574,0.0981,-0.0225,0.0394,-0.1242,-0.1701,0.0123,0.0107,0.0616,-0.0579,0.0292,0.0183,0.0825,-0.0642
244,0.237073,-0.0455,-0.2569,0.2614,0.2963,-0.0001,0.0270,0.1940,-0.1744,0.0014,-0.2417,-0.1876,0.2949,0.6107,0.3236,-0.2900,-0.0779,-0.2542,0.1561,-0.1401,-0.2224,-0.0760,0.0031,-0.0561,0.0635,0.0235,0.0371,-0.0305,0.0107,-0.0185,0.0000,-0.0117,0.0407,-0.1221,0.0059,0.0038,0.0031,0.0352,-0.0432,0.1366,0.3905,-0.0043,-0.0073,0.2327,0.9942,-0.0000,0.1072,-0.1072,-0.0084,0.9942,0.0631,0.0125,0.1462,-0.0878,0.0175,0.1481,-0.0878,0.0175,0.1481,0.0921,0.0115,0.1459,-0.1292,0.0238,0.0920,0.1303,0.0122,0.0873,0.0392,0.0060,-0.1862,-0.1022,0.0050,-0.1857,0.0008,0.0025,0.0697,0.0514,0.0211,-0.0636,-0.0714,0.0148,-0.0676,0.0517,0.0297,-0.0863,-0.0772,0.0180,-0.0862,0.2371,-0.0114,0.0445,0.0307,0.0113,-0.2011,-0.0339,0.0475,0.0757,0.0088,-0.0175,0.0367,-0.0912,-0.1478,0.0268,0.0122,0.1012,0.0615,0.0133,-0.0065,0.0856,-0.0915
245,0.238049,-0.0455,-0.2579,0.2626,0.2965,0.0004,0.0264,0.1942,-0.1746,0.0014,-0.2418,-0.1870,0.2930,0.6108,0.3237,-0.2900,-0.0770,-0.2544,0.1642,-0.1338,-0.2222,-0.0764,0.0087,-0.0422,0.0591,0.0020,0.0207,-0.0369,0.0093,-0.0048,0.0000,-0.0017,0.0353,-0.0853,0.0009,0.0137,0.0086,0.0601,0.0288,0.1822,0.0668,0.0162,-0.0361,0.2327,0.9943,-0.0000,0.1062,-0.1062,-0.0085,0.9943,0.0631,0.0126,0.1462,-0.0878,0.0177,0.1481,-0.0878,0.0177,0.1481,0.0921,0.0117,0.1458,-0.1292,0.0240,0.0920,0.1303,0.0122,0.0872,0.0390,0.0061,-0.1862,-0.1023,0.0050,-0.1857,0.0008,0.0026,0.0697,0.0513,0.0211,-0.0636,-0.0715,0.0147,-0.0676,0.0516,0.0297,-0.0863,-0.0772,0.0179,-0.0862,0.2380,-0.0092,0.0512,0.0293,0.0076,-0.2029,-0.0344,0.0476,0.0787,0.0021,-0.0169,0.0355,-0.0887,-0.1472,0.0281,0.0127,0.1061,0.0705,0.0084,-0.0095,0.0898,-0.0957
246,0.239024,-0.0452,-0.2585,0.2636,0.2965,0.0007,0.0256,0.1944,-0.1747,0.0014,-0.2418,-0.1864,0.2914,0.6108,0.3240,-0.2898,-0.0758,-0.2539,0.1627,-0.1323,-0.2220,-0.0771,0.0160,-0.0318,0.0504,-0.0056,0.0129,-0.0426,0.0105,-0.0010,-0.0000,-0.0002,0.0317,-0.0815,0.0002,0.0146,0.0074,0.0595,0.0230,0.6782,0.5842,0.0159,-0.0333,0.2327,0.9944,-0.0000,0.1056,-0.1056,-0.0088,0.9944,0.0631,0.0127,0.1462,-0.0878,0.0179,0.1481,-0.0878,0.0179,0.1481,0.0921,0.0117,0.1458,-0.1292,0.0242,0.0920,0.1303,0.0121,0.0872,0.0389,0.0061,-0.1862,-0.1024,0.0050,-0.1857,0.0008,0.0026,0.0697,0.0513,0.0211,-0.0636,-0.0715,0.0147,-0.0676,0.0516,0.0297,-0.0863,-0.0772,0.0179,-0.0862,0.2390,-0.0078,0.0501,0.0266,0.0074,-0.2034,-0.0358,0.0470,0.0750,0.0121,-0.0194,0.0335,-0.0858,-0.1428,0.0264,0.0133,0.1051,0.0867,0.0127,-0.0119,0.0855,-0.0935
247,0.240000,-0.0450,-0.2590,0.2642,0.2964,0.0009,0.0251,0.1945,-0.1747,0.0014,-0.2418,-0.1860,0.2903,0.6108,0.3242,-0.2897,-0.0751,-0.2535,0.1672,-0.1264,-0.2219,-0.0775,0.0161,-0.0397,0.0474,-0.0041,0.0129,-0.0469,0.0126,-0.0006,-0.0000,-0.0065,0.0289,-0.0918,0.0001,0.0118,0.0048,0.0654,0.0309,1.1912,1.6798,0.0046,-0.0321,0.2327,0.9944,-0.0000,0.1053,-0.1053,-0.0090,0.9944,0.0632,0.0128,0.1461,-0.0877,0.0181,0.1481,-0.0877,0.0181,0.1481,0.0922,0.0118,0.1458,-0.1292,0.0243,0.0920,0.1304,0.0120,0.0871,0.0389,0.0061,-0.1862,-0.1024,0.0051,-0.1857,0.0008,0.0026,0.0697,0.0513,0.0211,-0.0637,-0.0715,0.0146,-0.0676,0.0516,0.0297,-0.0863,-0.0772,0.0178,-0.0862,0.2400,-0.0037,0.0351,0.0239,0.0189,-0.1960,-0.0365,0.0480,0.0662,0.0344,-0.0278,0.0280,-0.0873,-0.1298,0.0204,0.0163,0.1051,0.0799,0.0215,-0.0177,0.0808,-0.0913
248,0.240976,-0.0448,-0.2598,0.2650,0.2963,0.0010,0.0242,0.1947,-0.1747,0.0014,-0.2421,-0.1856,0.2887,0.6110,0.3244,-0.2895,-0.0740,-0.2531,0.1780,-0.1259,-0.2218,-0.0781,0.0104,-0.0513,0.0422,-0.0023,0.0123,-0.0468,0.0131,-0.0007,0.0000,-0.0211,0.0191,-0.0891,0.0143,0.0101,0.0100,0.0584,0.0189,0.0122,0.8269,0.0007,-0.0300,0.2327,0.9945,0.0000,0.1047,-0.1047,-0.0092,0.9945,0.0632,0.0129,0.1461,-0.0877,0.0183,0.1481,-0.0877,0.0183,0.1481,0.0922,0.0119,0.1457,-0.1291,0.0245,0.0920,0.1304,0.0120,0.0871,0.0388,0.0061,-0.1862,-0.1025,0.0051,-0.1857,0.0008,0.0027,0.0697,0.0513,0.0211,-0.0637,-0.0715,0.0146,-0.0676,0.0515,0.0298,-0.0863,-0.0773,0.0178,-0.0862,0.2410,-0.0090,0.0490,0.0282,0.0142,-0.2054,-0.0342,0.0462,0.0709,0.0208,-0.0228,0.0373,-0.0869,-0.1511,0.0243,0.0111,0.0999,0.0722,0.0046,-0.0067,0.0737,-0.0771
249,0.241951,-0.0445,-0.2605,0.2658,0.2963,0.0013,0.0234,0.1949,-0.1747,0.0014,-0.2423,-0.1849,0.2872,0.6111,0.3245,-0.2893,-0.0730,-0.2528,0.1893,-0.1145,-0.2218,-0.0785,0.0141,-0.0310,0.0483,-0.0039,0.0080,-0.0424,0.0057,-0.0011,0.0000,-0.0094,0.0380,-0.0796,0.0034,0.0108,0.0101,0.0537,0.0137,0.3348,0.1962,0.0000,-0.0142,0.2327,0.9945,-0.0000,0.1044,-0.1044,-0.0093,0.9945,0.0632,0.0130,0.1461,-0.0877,0.0185,0.1481,-0.0877,0.0185,0.1481,0.0922,0.0119,0.1457,-0.1291,0.0247,0.0920,0.1304,0.0119,0.0871,0.0387,0.0062,-0.1862,-0.1025,0.0051,-0.1857,0.0008,0.0027,0.0697,0.0512,0.0211,-0.0637,-0.0715,0.0146,-0.0676,0.0515,0.0298,-0.0863,-0.0773,0.0177,-0.0862,0.2420,-0.0064,0.0608,0.0252,0.0058,-0.2080,-0.0346,0.0453,0.0760,0.0004,-0.0205,0.0342,-0.0838,-0.1475,0.0267,0.0118,0.1100,0.0927,-0.0015,-0.0139,0.0825,-0.0905
250,0.242927,-0.0442,-0.2611,0.2667,0.2962,0.0014,0.0227,0.1950,-0.1747,0.0014,-0.2425,-0.1844,0.2858,0.6112,0.3247,-0.2892,-0.0719,-0.2524,0.1879,-0.1106,-0.2218,-0.0789,0.0194,-0.0265,0.0457,-0.0054,0.0105,-0.0418,0.0066,-0.0006,0.0000,-0.0055,0.0308,-0.0774,0.0005,0.0150,0.0088,0.0636,0.0291,-0.2377,0.0516,0.0021,-0.0352,0.2327,0.9946,0.0000,0.1043,-0.1042,-0.0095,0.9945,0.0633,0.0130,0.1461,-0.0876,0.0187,0.1481,-0.0876,0.0187,0.1481,0.0922,0.0119,0.1457,-0.1291,0.0248,0.0920,0.1304,0.0118,0.0870,0.0387,0.0062,-0.1862,-0.1026,0.0052,-0.1857,0.0008,0.0027,0.0697,0.0512,0.0212,-0.0637,-0.0715,0.0145,-0.0676,0.0515,0.0298,-0.0863,-0.0773,0.0177,-0.0862,0.2429,-0.0100,0.0619,0.0269,0.0096,-0.2067,-0.0320,0.0435,0.0739,-0.0042,-0.0205,0.0357,-0.0861,-0.1518,0.0257,0.0109,0.1038,0.0763,-0.0026,-0.0106,0.0799,-0.0868
251,0.243902,-0.0439,-0.2615,0.2675,0.2961,0.0016,0.0219,0.1951,-0.1747,0.0014,-0.2426,-0.1838,0.2844,0.6112,0.3249,-0.2891,-0.0711,-0.2521,0.1840,-0.1065,-0.2218,-0.0792,0.0173,-0.0220,0.0460,-0.0051,0.0084,-0.0389,0.0018,-0.0010,0.0000,-0.0052,0.0331,-0.0731,0.0002,0.0168,0.0038,0.0649,0.0200,-1.1725,1.9761,0.0005,-0.0198,0.2327,0.9945,-0.0000,0.1043,-0.1043,-0.0096,0.9945,0.0633,0.0130,0.1461,-0.0876,0.0188,0.1481,-0.0876,0.0188,0.1481,0.0922,0.0119,0.1457,-0.1291,0.0249,0.0920,0.1304,0.0116,0.0870,0.0386,0.0063,-0.1862,-0.1026,0.0053,-0.1857,0.0008,0.0027,0.0697,0.0512,0.0212,-0.0636,-0.0715,0.0145,-0.0676,0.0515,0.0299,-0.0863,-0.0773,0.0177,-0.0862,0.2439,-0.0165,0.0329,0.0327,0.0389,-0.1792,-0.0312,0.0429,0.0569,0.0903,-0.0276,0.0382,-0.1059,-0.1689,0.0123,0.0105,0.0705,0.0074,0.0142,0.0055,0.0711,-0.0541
252,0.244878,-0.0437,-0.2618,0.2681,0.2961,0.0017,0.0215,0.1951,-0.1748,0.0014,-0.2427,-0.1833,0.2834,0.6112,0.3251,-0.2890,-0.0701,-0.2518,0.1864,-0.1048,-0.2219,-0.0795,0.0112,-0.0361,0.0483,0.0217,0.0242,-0.0392,0.0031,-0.0114,-0.0000,-0.0281,0.0474,-0.0955,-0.0000,0.0075,0.0050,0.0466,-0.0060,1.7684,1.2617,-0.0328,0.0083,0.2327,0.9945,-0.0000,0.1044,-0.1043,-0.0096,0.9945,0.0633,0.0130,0.1461,-0.0876,0.0189,0.1480,-0.0876,0.0189,0.1480,0.0923,0.0119,0.1457,-0.1291,0.0250,0.0920,0.1304,0.0115,0.0870,0.0386,0.0064,-0.1862,-0.1026,0.0054,-0.1857,0.0008,0.0027,0.0697,0.0512,0.0212,-0.0636,-0.0715,0.0145,-0.0676,0.0515,0.0299,-0.0863,-0.0773,0.0176,-0.0862,0.2449,0.0029,0.0450,0.0196,0.0123,-0.1993,-0.0349,0.0454,0.0670,0.0197,-0.0262,0.0210,-0.0845,-0.1289,0.0191,0.0173,0.1208,0.0944,0.0134,-0.0253,0.0806,-0.0969
253,0.245854,-0.0435,-0.2626,0.2689,0.2963,0.0021,0.0207,0.1952,-0.1749,0.0014,-0.2430,-0.1828,0.2816,0.6112,0.3252,-0.2888,-0.0689,-0.2515,0.1910,-0.1028,-0.2221,-0.0800,0.0155,-0.0380,0.0373,-0.0034,0.0125,-0.0412,0.0039,-0.0022,-0.0000,-0.0146,0.0089,-0.0844,0.0055,0.0042,0.0140,0.0787,0.0428,-0.1987,-0.0738,0.0002,-0.0397,0.2327,0.9946,0.0000,0.1042,-0.1042,-0.0097,0.9945,0.0633,0.0131,0.1461,-0.0876,0.0190,0.1480,-0.0876,0.0190,0.1480,0.0923,0.0119,0.1457,-0.1291,0.0251,0.0920,0.1304,0.0115,0.0870,0.0385,0.0065,-0.1862,-0.1027,0.0055,-0.1857,0.0008,0.0027,0.0697,0.0512,0.0212,-0.0636,-0.0715,0.0145,-0.0676,0.0514,0.0300,-0.0863,-0.0773,0.0176,-0.0862,0.2459,-0.0110,0.0658,0.0257,0.0060,-0.2066,-0.0325,0.0437,0.0758,-0.0080,-0.0195,0.0352,-0.0860,-0.1569,0.0260,0.0104,0.1012,0.0728,-0.0062,-0.0122,0.0823,-0.0821
254,0.246829,-0.0431,-0.2631,0.2696,0.2962,0.0022,0.0201,0.1952,-0.1749,0.0014,-0.2432,-0.1825,0.2805,0.6113,0.3253,-0.2886,-0.0678,-0.2509,0.1904,-0.1029,-0.2221,-0.0804,0.0242,-0.0146,0.0410,-0.0031,0.0070,-0.0403,0.0014,-0.0009,-0.0000,-0.0050,0.0398,-0.0689,0.0039,0.0089,0.0056,0.0642,0.0279,0.4713,0.1248,-0.0001,-0.0154,0.2327,0.9945,-0.0000,0.1045,-0.1045,-0.0099,0.9945,0.0633,0.0130,0.1461,-0.0875,0.0191,0.1480,-0.0875,0.0191,0.1480,0.0923,0.0118,0.1457,-0.1290,0.0252,0.0920,0.1304,0.0113,0.0870,0.0385,0.0067,-0.1862,-0.1028,0.0056,-0.1857,0.0008,0.0027,0.0697,0.0511,0.0213,-0.0636,-0.0716,0.0145,-0.0676,0.0514,0.0300,-0.0863,-0.0773,0.0176,-0.0862,0.2468,-0.0078,0.0651,0.0232,0.0027,-0.2079,-0.0350,0.0455,0.0782,-0.0064,-0.0191,0.0326,-0.0806,-0.1529,0.0268,0.0112,0.1052,0.0900,-0.0043,-0.0153,0.0857,-0.0852
255,0.247805,-0.0428,-0.2633,0.2702,0.2961,0.0023,0.0195,0.1953,-0.1749,0.0014,-0.2433,-0.1820,0.2793,0.6113,0.3255,-0.2885,-0.0667,-0.2504,0.1867,-0.1074,-0.2221,-0.0808,0.0211,-0.0218,0.0408,-0.0118,0.0040,-0.0387,0.0009,-0.0004,-0.0000,-0.0042,0.0279,-0.0737,0.0006,0.0198,0.0072,0.0755,0.0429,-1.6754,-1.5090,0.0064,-0.0356,0.2327,0.9945,-0.0000,0.1047,-0.1047,-0.0101,0.9944,0.0634,0.0130,0.1460,-0.0875,0.0192,0.1480,-0.0875,0.0192,0.1480,0.0923,0.0118,0.1457,-0.1290,0.0253,0.0920,0.1304,0.0112,0.0869,0.0384,0.0068,-0.1862,-0.1028,0.0057,-0.1857,0.0009,0.0026,0.0697,0.0511,0.0213,-0.0636,-0.0716,0.0145,-0.0676,0.0514,0.0301,-0.0863,-0.0773,0.0176,-0.0862,0.2478,-0.0063,0.0363,0.0338,0.0215,-0.1914,-0.0160,0.0385,0.0615,-0.0356,-0.0125,0.0335,-0.0923,-0.1693,0.0271,0.0104,0.1040,-0.0327,0.0043,-0.0109,0.0586,-0.0615
256,0.248780,-0.0424,-0.2637,0.2710,0.2960,0.0024,0.0189,0.1953,-0.1749,0.0014,-0.2433,-0.1814,0.2778,0.6115,0.3258,-0.2884,-0.0653,-0.2503,0.1845,-0.1097,-0.2223,-0.0811,0.0146,-0.0241,0.0510,0.0038,0.0116,-0.0133,0.0007,-0.0009,-0.0000,-0.0006,0.0283,-0.0837,0.0068,0.0126,0.0022,0.0706,-0.0230,0.7616,0.5125,-0.0181,-0.0033,0.2327,0.9945,0.0000,0.1051,-0.1051,-0.0103,0.9944,0.0634,0.0130,0.1460,-0.0875,0.0192,0.1480,-0.0875,0.0192,0.1480,0.0923,0.0118,0.1456,-0.1290,0.0254,0.0920,0.1304,0.0111,0.0869,0.0384,0.0069,-0.1862,-0.1029,0.0059,-0.1857,0.0009,0.0027,0.0697,0.0511,0.0214,-0.0636,-0.0716,0.0145,-0.0676,0.0513,0.0301,-0.0862,-0.0773,0.0176,-0.0862,0.2488,-0.0085,0.0601,0.0223,0.0049,-0.2081,-0.0351,0.0452,0.0752,0.0043,-0.0206,0.0317,-0.0801,-0.1541,0.0254,0.0115,0.1007,0.0880,-0.0003,-0.0149,0.0826,-0.0792
257,0.249756,-0.0422,-0.2642,0.2719,0.2960,0.0027,0.0185,0.1953,-0.1750,0.0014,-0.2434,-0.1809,0.2764,0.6115,0.3260,-0.2884,-0.0640,-0.2499,0.1941,-0.1039,-0.2223,-0.0813,0.0166,-0.0261,0.0423,-0.0031,0.0114,-0.0351,0.0042,-0.0009,-0.0000,-0.0063,0.0260,-0.0658,-0.0019,0.0145,0.0081,0.0666,0.0582,0.0825,0.0188,0.0164,-0.0268,0.2327,0.9944,-0.0000,0.1052,-0.1052,-0.0104,0.9944,0.0634,0.0130,0.1460,-0.0875,0.0193,0.1480,-0.0875,0.0193,0.1480,0.0924,0.0118,0.1456,-0.1290,0.0254,0.0920,0.1304,0.0110,0.0869,0.0383,0.0070,-0.1862,-0.1029,0.0060,-0.1857,0.0009,0.0026,0.0697,0.0511,0.0214,-0.0636,-0.0716,0.0145,-0.0676,0.0513,0.0302,-0.0862,-0.0773,0.0176,-0.0862,0.2498,-0.0112,0.0643,0.0246,0.0046,-0.2068,-0.0351,0.0461,0.0790,-0.0039,-0.0187,0.0359,-0.0839,-0.1644,0.0268,0.0095,0.0978,0.0672,-0.0110,-0.0119,0.0851,-0.0726
258,0.250732,-0.0419,-0.2645,0.2724,0.2960,0.0028,0.0180,0.1954,-0.1750,0.0014,-0.2434,-0.1805,0.2756,0.6115,0.3262,-0.2883,-0.0632,-0.2493,0.1964,-0.0994,-0.2222,-0.0815,0.0315,-0.0118,0.0393,-0.0023,0.0080,-0.0465,0.0017,-0.0009,-0.0000,-0.0020,0.0418,-0.0760,-0.0004,0.0082,0.0034,0.0717,0.0393,1.8032,2.0209,0.0044,-0.0069,0.2327,0.9944,0.0000,0.1055,-0.1055,-0.0105,0.9944,0.0634,0.0129,0.1460,-0.0874,0.0193,0.1480,-0.0874,0.0193,0.1480,0.0924,0.0116,0.1456,-0.1290,0.0255,0.0921,0.1305,0.0108,0.0869,0.0383,0.0071,-0.1862,-0.1029,0.0061,-0.1857,0.0009,0.0026,0.0697,0.0511,0.0214,-0.0636,-0.0716,0.0145,-0.0676,0.0513,0.0302,-0.0862,-0.0773,0.0176,-0.0862,0.2507,-0.0013,0.0317,0.0184,0.0202,-0.1987,-0.0353,0.0494,0.0652,0.0327,-0.0316,0.0215,-0.0879,-0.1418,0.0149,0.0174,0.1061,0.0609,0.0115,-0.0281,0.0763,-0.0737
259,0.251707,-0.0416,-0.2651,0.2730,0.2960,0.0029,0.0172,0.1954,-0.1750,0.0014,-0.2438,-0.1801,0.2741,0.6116,0.3264,-0.2881,-0.0618,-0.2486,0.1941,-0.1106,-0.2223,-0.0818,0.0113,-0.0507,0.0292,0.0012,0.0100,-0.0466,0.0084,-0.0005,-0.0000,-0.0328,0.0088,-0.0873,0.0157,0.0051,0.0136,0.0779,0.0366,0.4358,-0.5726,-0.0089,-0.0158,0.2327,0.9944,0.0000,0.1058,-0.1057,-0.0107,0.9943,0.0635,0.0129,0.1460,-0.0874,0.0194,0.1480,-0.0874,0.0194,0.1480,0.0924,0.0116,0.1456,-0.1290,0.0256,0.0921,0.1305,0.0107,0.0869,0.0382,0.0072,-0.1861,-0.1030,0.0062,-0.1857,0.0009,0.0026,0.0697,0.0511,0.0215,-0.0636,-0.0716,0.0145,-0.0675,0.0513,0.0303,-0.0862,-0.0774,0.0176,-0.0861,0.2517,-0.0073,0.0653,0.0234,-0.0022,-0.2017,-0.0367,0.0469,0.0835,-0.0048,-0.0133,0.0355,-0.0866,-0.1661,0.0302,0.0096,0.1009,0.0585,-0.0139,-0.0139,0.0998,-0.0750
260,0.252683,-0.0412,-0.2656,0.2736,0.2958,0.0030,0.0163,0.1955,-0.1750,0.0014,-0.2441,-0.1796,0.2726,0.6118,0.3266,-0.2879,-0.0604,-0.2480,0.1934,-0.1096,-0.2220,-0.0821,0.0293,-0.0103,0.0370,-0.0093,0.0066,-0.0481,0.0020,-0.0003,-0.0000,-0.0043,0.0323,-0.0717,0.0019,0.0167,0.0054,0.0710,0.0304,0.5068,0.3404,0.0267,-0.0157,0.2327,0.9944,0.0000,0.1061,-0.1061,-0.0109,0.9943,0.0635,0.0128,0.1460,-0.0874,0.0195,0.1481,-0.0874,0.0195,0.1481,0.0924,0.0116,0.1456,-0.1289,0.0257,0.0921,0.1305,0.0106,0.0868,0.0382,0.0074,-0.1861,-0.1030,0.0064,-0.1857,0.0009,0.0026,0.0697,0.0511,0.0215,-0.0636,-0.0716,0.0145,-0.0675,0.0513,0.0304,-0.0862,-0.0774,0.0176,-0.0861,0.2527,-0.0111,0.0599,0.0238,0.0073,-0.2063,-0.0356,0.0475,0.0784,0.0035,-0.0198,0.0344,-0.0806,-0.1665,0.0262,0.0100,0.0941,0.0663,-0.0095,-0.0115,0.0843,-0.0679
261,0.253659,-0.0408,-0.2659,0.2743,0.2957,0.0031,0.0155,0.1955,-0.1750,0.0014,-0.2441,-0.1790,0.2714,0.6118,0.3269,-0.2878,-0.0592,-0.2475,0.1944,-0.1053,-0.2218,-0.0824,0.0153,-0.0215,0.0380,-0.0058,0.0039,-0.0447,0.0010,-0.0000,-0.0000,-0.0051,0.0312,-0.0619,0.0003,0.0167,0.0067,0.0650,0.0423,1.4842,1.7626,0.0105,-0.0098,0.2327,0.9943,-0.0000,0.1065,-0.1065,-0.0111,0.9943,0.0635,0.0128,0.1460,-0.0873,0.0196,0.1481,-0.0873,0.0196,0.1481,0.0925,0.0115,0.1456,-0.1289,0.0258,0.0921,0.1305,0.0104,0.0868,0.0381,0.0075,-0.1861,-0.1031,0.0065,-0.1857,0.0009,0.0026,0.0697,0.0510,0.0216,-0.0636,-0.0716,0.0145,-0.0675,0.0512,0.0304,-0.0862,-0.0774,0.0176,-0.0861,0.2537,-0.0042,0.0362,0.0196,0.0169,-0.1945,-0.0345,0.0490,0.0664,0.0319,-0.0283,0.0249,-0.0864,-0.1499,0.0177,0.0152,0.0976,0.0517,0.0080,-0.0230,0.0786,-0.0644
262,0.254634,-0.0406,-0.2663,0.2748,0.2956,0.0032,0.0149,0.1956,-0.1750,0.0014,-0.2443,-0.1787,0.2705,0.6118,0.3270,-0.2877,-0.0583,-0.2468,0.2020,-0.1002,-0.2217,-0.0825,0.0170,-0.0394,0.0306,-0.0026,0.0098,-0.0462,0.0075,-0.0003,-0.0000,-0.0314,0.0133,-0.0969,0.0013,0.0072,0.0032,0.0863,0.0379,1.4701,1.6156,0.0013,-0.0101,0.2327,0.9943,-0.0000,0.1067,-0.1067,-0.0113,0.9942,0.0635,0.0127,0.1460,-0.0873,0.0196,0.1481,-0.0873,0.0196,0.1481,0.0925,0.0114,0.1456,-0.1289,0.0259,0.0921,0.1305,0.0102,0.0868,0.0381,0.0076,-0.1861,-0.1031,0.0066,-0.1857,0.0009,0.0025,0.0697,0.0510,0.0216,-0.0636,-0.0716,0.0145,-0.0675,0.0512,0.0305,-0.0862,-0.0774,0.0176,-0.0861,0.2546,-0.0051,0.0370,0.0200,0.0160,-0.1945,-0.0345,0.0493,0.0673,0.0315,-0.0280,0.0257,-0.0878,-0.1549,0.0184,0.0149,0.0975,0.0478,0.0036,-0.0240,0.0791,-0.0610
263,0.255610,-0.0404,-0.2669,0.2753,0.2956,0.0034,0.0141,0.1957,-0.1750,0.0014,-0.2446,-0.1784,0.2690,0.6119,0.3271,-0.2875,-0.0569,-0.2462,0.2039,-0.1003,-0.2217,-0.0827,0.0138,-0.0330,0.0292,-0.0007,0.0092,-0.0428,0.0022,-0.0007,-0.0000,-0.0168,0.0164,-0.0817,0.0021,0.0036,0.0091,0.0730,0.0324,-0.8196,0.7532,-0.0001,-0.0047,0.2326,0.9943,0.0000,0.1069,-0.1069,-0.0114,0.9942,0.0635,0.0127,0.1460,-0.0873,0.0197,0.1481,-0.0873,0.0197,0.1481,0.0925,0.0113,0.1456,-0.1289,0.0260,0.0921,0.1305,0.0101,0.0868,0.0381,0.0078,-0.1861,-0.1032,0.0068,-0.1856,0.0010,0.0025,0.0697,0.0510,0.0217,-0.0635,-0.0716,0.0145,-0.0675,0.0512,0.0305,-0.0861,-0.0774,0.0176,-0.0861,0.2556,-0.0181,0.0482,0.0285,0.0171,-0.1975,-0.0316,0.0461,0.0689,0.0234,-0.0180,0.0402,-0.0941,-0.1915,0.0213,0.0042,0.0755,0.0006,-0.0143,-0.0032,0.0686,-0.0310
264,0.256585,-0.0401,-0.2674,0.2759,0.2956,0.0035,0.0134,0.1957,-0.1750,0.0014,-0.2449,-0.1777,0.2676,0.6119,0.3272,-0.2874,-0.0558,-0.2458,0.1935,-0.0898,-0.2217,-0.0824,0.0142,-0.0210,0.0420,0.0000,0.0047,-0.0381,0.0011,-0.0009,0.0000,-0.0048,0.0491,-0.0765,-0.0011,0.0069,0.0041,0.0560,0.0043,-0.1714,0.1702,-0.0025,0.0218,0.2326,0.9943,0.0000,0.1071,-0.1071,-0.0115,0.9942,0.0636,0.0127,0.1460,-0.0873,0.0198,0.1480,-0.0873,0.0198,0.1480,0.0925,0.0113,0.1456,-0.1289,0.0261,0.0921,0.1305,0.0100,0.0868,0.0380,0.0079,-0.1861,-0.1032,0.0069,-0.1856,0.0009,0.0025,0.0697,0.0510,0.0217,-0.0635,-0.0716,0.0145,-0.0675,0.0512,0.0306,-0.0861,-0.0774,0.0176,-0.0861,0.2566,-0.0187,0.0615,0.0246,0.0075,-0.2040,-0.0341,0.0463,0.0778,-0.0085,-0.0170,0.0379,-0.0871,-0.1859,0.0240,0.0062,0.0781,0.0275,-0.0156,-0.0103,0.0817,-0.0470
265,0.257561,-0.0399,-0.2677,0.2767,0.2956,0.0036,0.0127,0.1957,-0.1750,0.0014,-0.2449,-0.1770,0.2663,0.6118,0.3274,-0.2873,-0.0550,-0.2457,0.1938,-0.0908,-0.2217,-0.0823,0.0157,-0.0158,0.0399,-0.0015,0.0059,-0.0402,0.0007,-0.0007,-0.0000,-0.0007,0.0364,-0.0644,-0.0048,0.0114,0.0017,0.0582,0.0233,0.5156,-0.5645,0.0031,0.0051,0.2326,0.9942,0.0000,0.1072,-0.1072,-0.0116,0.9942,0.0636,0.0127,0.1460,-0.0872,0.0199,0.1480,-0.0872,0.0199,0.1480,0.0925,0.0113,0.1456,-0.1288,0.0262,0.0921,0.1305,0.0099,0.0868,0.0380,0.0080,-0.1861,-0.1033,0.0070,-0.1856,0.0010,0.0025,0.0697,0.0510,0.0217,-0.0635,-0.0716,0.0145,-0.0675,0.0512,0.0306,-0.0861,-0.0774,0.0176,-0.0861,0.2576,-0.0118,0.0660,0.0213,-0.0042,-0.1987,-0.0384,0.0481,0.0849,-0.0125,-0.0119,0.0349,-0.0846,-0.1818,0.0286,0.0083,0.0878,0.0365,-0.0170,-0.0165,0.1026,-0.0594
266,0.258537,-0.0396,-0.2679,0.2772,0.2955,0.0036,0.0122,0.1957,-0.1750,0.0014,-0.2449,-0.1766,0.2655,0.6117,0.3276,-0.2873,-0.0540,-0.2452,0.1902,-0.0873,-0.2214,-0.0823,0.0241,-0.0079,0.0348,-0.0204,0.0028,-0.0470,0.0049,-0.0002,-0.0000,-0.0002,0.0302,-0.0769,-0.0131,0.0217,0.0008,0.0722,0.0319,-1.7686,1.7781,0.0547,-0.0160,0.2326,0.9942,-0.0000,0.1073,-0.1073,-0.0118,0.9942,0.0636,0.0126,0.1460,-0.0872,0.0200,0.1480,-0.0872,0.0200,0.1480,0.0926,0.0112,0.1456,-0.1288,0.0263,0.0921,0.1305,0.0097,0.0868,0.0380,0.0081,-0.1861,-0.1033,0.0071,-0.1856,0.0010,0.0025,0.0697,0.0510,0.0217,-0.0635,-0.0716,0.0145,-0.0675,0.0512,0.0306,-0.0861,-0.0774,0.0176,-0.0861,0.2585,-0.0275,0.0217,0.0339,0.0318,-0.1679,-0.0274,0.0363,0.0501,0.0749,-0.0194,0.0410,-0.0988,-0.2227,0.0076,0.0059,0.0362,-0.0742,0.0010,0.0139,0.0670,0.0001
267,0.259512,-0.0393,-0.2682,0.2779,0.2957,0.0039,0.0114,0.1958,-0.1751,0.0014,-0.2450,-0.1758,0.2641,0.6115,0.3278,-0.2873,-0.0531,-0.2453,0.1950,-0.0913,-0.2217,-0.0816,0.0046,-0.0150,0.0477,0.0315,0.0270,-0.0336,0.0012,-0.0140,-0.0000,-0.0051,0.0438,-0.0808,-0.0219,0.0037,0.0014,0.0235,-0.0287,-0.2980,0.3689,-0.0245,0.0559,0.2326,0.9942,-0.0000,0.1073,-0.1073,-0.0117,0.9942,0.0636,0.0127,0.1460,-0.0872,0.0202,0.1480,-0.0872,0.0202,0.1480,0.0926,0.0112,0.1456,-0.1288,0.0264,0.0921,0.1305,0.0097,0.0868,0.0379,0.0081,-0.1861,-0.1033,0.0071,-0.1856,0.0010,0.0025,0.0697,0.0510,0.0218,-0.0635,-0.0716,0.0145,-0.0675,0.0512,0.0307,-0.0861,-0.0774,0.0176,-0.0861,0.2595,-0.0186,0.0607,0.0242,0.0095,-0.2040,-0.0327,0.0455,0.0749,-0.0048,-0.0169,0.0380,-0.0860,-0.1886,0.0228,0.0050,0.0744,0.0222,-0.0160,-0.0077,0.0772,-0.0409
268,0.260488,-0.0393,-0.2686,0.2788,0.2959,0.0042,0.0108,0.1958,-0.1753,0.0014,-0.2450,-0.1751,0.2626,0.6112,0.3279,-0.2873,-0.0523,-0.2453,0.1856,-0.0798,-0.2217,-0.0813,0.0075,-0.0212,0.0435,-0.0008,0.0076,-0.0366,0.0009,-0.0045,-0.0000,-0.0008,0.0363,-0.0675,-0.0124,0.0072,0.0011,0.0532,0.0272,0.0304,0.2535,0.0031,-0.0019,0.2326,0.9943,0.0000,0.1068,-0.1068,-0.0116,0.9942,0.0636,0.0128,0.1460,-0.0872,0.0203,0.1480,-0.0872,0.0203,0.1480,0.0925,0.0113,0.1456,-0.1288,0.0266,0.0920,0.1305,0.0096,0.0868,0.0379,0.0081,-0.1861,-0.1034,0.0072,-0.1856,0.0010,0.0025,0.0697,0.0509,0.0218,-0.0635,-0.0717,0.0144,-0.0675,0.0511,0.0307,-0.0861,-0.0774,0.0175,-0.0861,0.2605,-0.0194,0.0677,0.0215,0.0039,-0.2051,-0.0358,0.0460,0.0791,-0.0149,-0.0163,0.0361,-0.0812,-0.1874,0.0238,0.0060,0.0732,0.0365,-0.0143,-0.0114,0.0833,-0.0459
269,0.261463,-0.0391,-0.2688,0.2793,0.2959,0.0043,0.0102,0.1958,-0.1754,0.0014,-0.2450,-0.1746,0.2618,0.6110,0.3280,-0.2873,-0.0517,-0.2449,0.1840,-0.0830,-0.2217,-0.0813,0.0139,-0.0129,0.0361,-0.0038,0.0036,-0.0431,0.0007,-0.0019,-0.0000,-0.0002,0.0333,-0.0581,-0.0089,0.0078,0.0013,0.0482,0.0268,0.5283,-0.7113,0.0028,0.0003,0.2326,0.9943,-0.0000,0.1066,-0.1066,-0.0117,0.9942,0.0636,0.0128,0.1459,-0.0872,0.0205,0.1480,-0.0872,0.0205,0.1480,0.0926,0.0113,0.1456,-0.1288,0.0267,0.0920,0.1305,0.0095,0.0868,0.0378,0.0082,-0.1861,-0.1034,0.0072,-0.1856,0.0010,0.0025,0.0697,0.0509,0.0218,-0.0635,-0.0716,0.0144,-0.0675,0.0511,0.0307,-0.0861,-0.0774,0.0175,-0.0861,0.2615,-0.0122,0.0720,0.0186,-0.0078,-0.1990,-0.0392,0.0472,0.0861,-0.0226,-0.0097,0.0334,-0.0796,-0.1825,0.0284,0.0078,0.0829,0.0387,-0.0149,-0.0167,0.1054,-0.0596
270,0.262439,-0.0387,-0.2689,0.2799,0.2957,0.0043,0.0093,0.1959,-0.1754,0.0014,-0.2450,-0.1741,0.2606,0.6108,0.3282,-0.2872,-0.0507,-0.2445,0.1911,-0.0922,-0.2212,-0.0816,0.0238,-0.0027,0.0304,-0.0180,0.0010,-0.0529,0.0048,-0.0005,-0.0000,-0.0001,0.0289,-0.0646,-0.0116,0.0185,0.0029,0.0523,0.0183,0.0027,-0.0737,0.0366,-0.0185,0.2327,0.9943,-0.0000,0.1064,-0.1064,-0.0119,0.9943,0.0636,0.0128,0.1459,-0.0872,0.0206,0.1480,-0.0872,0.0206,0.1480,0.0926,0.0113,0.1455,-0.1288,0.0268,0.0920,0.1305,0.0094,0.0868,0.0378,0.0082,-0.1861,-0.1034,0.0072,-0.1856,0.0010,0.0026,0.0697,0.0509,0.0218,-0.0635,-0.0716,0.0144,-0.0675,0.0511,0.0307,-0.0861,-0.0774,0.0175,-0.0861,0.2624,-0.0152,0.0697,0.0206,0.0054,-0.2034,-0.0355,0.0455,0.0800,-0.0134,-0.0149,0.0377,-0.0826,-0.1830,0.0253,0.0056,0.0805,0.0402,-0.0202,-0.0102,0.0853,-0.0507
271,0.263415,-0.0384,-0.2691,0.2805,0.2955,0.0043,0.0084,0.1959,-0.1754,0.0014,-0.2450,-0.1734,0.2595,0.6107,0.3285,-0.2872,-0.0498,-0.2442,0.2020,-0.1024,-0.2210,-0.0817,0.0155,-0.0099,0.0315,-0.0069,0.0036,-0.0465,0.0016,-0.0010,0.0000,0.0000,0.0340,-0.0654,-0.0151,0.0162,0.0008,0.0465,0.0185,-0.1104,0.1422,0.0051,-0.0023,0.2327,0.9944,-0.0000,0.1061,-0.1061,-0.0120,0.9943,0.0636,0.0129,0.1459,-0.0871,0.0208,0.1479,-0.0871,0.0208,0.1479,0.0926,0.0113,0.1455,-0.1288,0.0270,0.0920,0.1305,0.0093,0.0867,0.0378,0.0082,-0.1862,-0.1035,0.0072,-0.1856,0.0010,0.0026,0.0697,0.0509,0.0218,-0.0635,-0.0716,0.0143,-0.0675,0.0511,0.0307,-0.0861,-0.0774,0.0174,-0.0861,0.2634,-0.0135,0.0674,0.0214,0.0089,-0.2047,-0.0334,0.0447,0.0766,-0.0025,-0.0167,0.0389,-0.0828,-0.1825,0.0242,0.0046,0.0830,0.0412,-0.0240,-0.0069,0.0770,-0.0452
272,0.264390,-0.0381,-0.2693,0.2811,0.2954,0.0044,0.0077,0.1959,-0.1754,0.0014,-0.2450,-0.1727,0.2582,0.6104,0.3287,-0.2872,-0.0490,-0.2439,0.2095,-0.1056,-0.2210,-0.0817,0.0167,-0.0102,0.0344,-0.0038,0.0055,-0.0412,0.0012,-0.0011,0.0000,0.0000,0.0359,-0.0692,-0.0154,0.0134,0.0003,0.0455,0.0149,-0.4517,0.8966,-0.0037,-0.0002,0.2327,0.9944,-0.0000,0.1058,-0.1058,-0.0121,0.9943,0.0636,0.0129,0.1459,-0.0871,0.0209,0.1479,-0.0871,0.0209,0.1479,0.0926,0.0114,0.1455,-0.1288,0.0271,0.0920,0.1305,0.0092,0.0867,0.0378,0.0082,-0.1862,-0.1035,0.0072,-0.1857,0.0010,0.0026,0.0697,0.0509,0.0218,-0.0635,-0.0717,0.0143,-0.0675,0.0511,0.0307,-0.0861,-0.0774,0.0174,-0.0861,0.2644,-0.0119,0.0595,0.0218,0.0163,-0.2021,-0.0304,0.0438,0.0666,0.0195,-0.0175,0.0392,-0.0839,-0.1833,0.0222,0.0042,0.0785,0.0309,-0.0173,0.0038,0.0620,-0.0342
273,0.265366,-0.0379,-0.2695,0.2815,0.2954,0.0045,0.0071,0.1960,-0.1754,0.0014,-0.2450,-0.1722,0.2572,0.6103,0.3288,-0.2872,-0.0484,-0.2438,0.2092,-0.1039,-0.2212,-0.0817,0.0143,-0.0192,0.0353,-0.0019,0.0045,-0.0375,0.0013,-0.0017,0.0000,-0.0009,0.0399,-0.0766,-0.0091,0.0074,0.0002,0.0437,0.0070,0.8703,0.4510,-0.0152,0.0060,0.2327,0.9944,0.0000,0.1056,-0.1055,-0.0121,0.9943,0.0637,0.0130,0.1459,-0.0871,0.0211,0.1479,-0.0871,0.0211,0.1479,0.0926,0.0114,0.1455,-0.1288,0.0272,0.0920,0.1306,0.0091,0.0867,0.0377,0.0082,-0.1862,-0.1035,0.0072,-0.1857,0.0010,0.0026,0.0697,0.0509,0.0217,-0.0635,-0.0716,0.0142,-0.0675,0.0511,0.0307,-0.0861,-0.0774,0.0173,-0.0861,0.2654,-0.0076,0.0661,0.0186,0.0098,-0.2071,-0.0331,0.0452,0.0754,0.0019,-0.0201,0.0306,-0.0707,-0.1686,0.0243,0.0088,0.0932,0.0722,-0.0184,-0.0105,0.0785,-0.0582
274,0.266341,-0.0377,-0.2699,0.2822,0.2953,0.0046,0.0064,0.1960,-0.1755,0.0014,-0.2451,-0.1717,0.2560,0.6101,0.3290,-0.2872,-0.0475,-0.2434,0.2199,-0.0994,-0.2213,-0.0818,0.0113,-0.0176,0.0351,-0.0033,0.0091,-0.0387,0.0011,-0.0009,-0.0000,-0.0062,0.0224,-0.0589,-0.0110,0.0119,0.0042,0.0492,0.0342,0.1178,-0.0243,0.0042,-0.0203,0.2327,0.9944,-0.0000,0.1052,-0.1052,-0.0121,0.9944,0.0637,0.0130,0.1459,-0.0871,0.0212,0.1479,-0.0871,0.0212,0.1479,0.0926,0.0114,0.1455,-0.1287,0.0273,0.0920,0.1306,0.0091,0.0867,0.0377,0.0082,-0.1862,-0.1035,0.0073,-0.1857,0.0010,0.0026,0.0697,0.0509,0.0218,-0.0635,-0.0716,0.0142,-0.0675,0.0510,0.0307,-0.0861,-0.0774,0.0173,-0.0861,0.2663,-0.0089,0.0734,0.0190,0.0062,-0.2057,-0.0350,0.0450,0.0784,0.0019,-0.0176,0.0381,-0.0791,-0.1803,0.0250,0.0050,0.0915,0.0571,-0.0336,-0.0094,0.0797,-0.0473
275,0.267317,-0.0374,-0.2700,0.2828,0.2952,0.0048,0.0057,0.1960,-0.1755,0.0014,-0.2452,-0.1710,0.2547,0.6098,0.3292,-0.2871,-0.0466,-0.2429,0.2182,-0.0984,-0.2212,-0.0820,0.0189,-0.0060,0.0314,-0.0043,0.0061,-0.0443,0.0021,-0.0007,-0.0000,-0.0010,0.0340,-0.0685,-0.0201,0.0100,0.0010,0.0490,0.0217,0.6710,0.7513,0.0004,-0.0019,0.2327,0.9945,-0.0000,0.1051,-0.1051,-0.0121,0.9944,0.0637,0.0130,0.1459,-0.0871,0.0213,0.1479,-0.0871,0.0213,0.1479,0.0926,0.0114,0.1455,-0.1287,0.0275,0.0919,0.1306,0.0090,0.0867,0.0377,0.0082,-0.1862,-0.1036,0.0073,-0.1857,0.0010,0.0026,0.0697,0.0509,0.0218,-0.0635,-0.0717,0.0142,-0.0675,0.0510,0.0307,-0.0861,-0.0774,0.0172,-0.0861,0.2673,-0.0085,0.0673,0.0174,0.0105,-0.2066,-0.0320,0.0444,0.0715,0.0080,-0.0220,0.0316,-0.0719,-0.1705,0.0234,0.0082,0.0886,0.0698,-0.0201,-0.0077,0.0715,-0.0496
276,0.268293,-0.0371,-0.2703,0.2834,0.2952,0.0048,0.0049,0.1960,-0.1755,0.0014,-0.2452,-0.1707,0.2540,0.6096,0.3293,-0.2871,-0.0460,-0.2426,0.2206,-0.0966,-0.2213,-0.0820,0.0122,-0.0162,0.0297,-0.0056,0.0021,-0.0361,0.0010,-0.0009,-0.0000,-0.0155,0.0197,-0.0618,-0.0093,0.0069,0.0004,0.0484,0.0305,0.8154,0.4993,-0.0075,-0.0016,0.2327,0.9945,-0.0000,0.1051,-0.1051,-0.0122,0.9944,0.0637,0.0130,0.1459,-0.0871,0.0214,0.1478,-0.0871,0.0214,0.1478,0.0926,0.0114,0.1455,-0.1287,0.0276,0.0919,0.1306,0.0089,0.0867,0.0377,0.0083,-0.1862,-0.1036,0.0074,-0.1857,0.0010,0.0026,0.0697,0.0509,0.0218,-0.0635,-0.0717,0.0142,-0.0675,0.0510,0.0307,-0.0861,-0.0774,0.0172,-0.0861,0.2683,-0.0074,0.0684,0.0173,0.0099,-0.2066,-0.0323,0.0448,0.0739,0.0040,-0.0210,0.0304,-0.0701,-0.1698,0.0240,0.0082,0.0925,0.0715,-0.0227,-0.0101,0.0757,-0.0532
277,0.269268,-0.0369,-0.2705,0.2837,0.2951,0.0049,0.0045,0.1961,-0.1755,0.0014,-0.2454,-0.1703,0.2528,0.6094,0.3295,-0.2871,-0.0451,-0.2420,0.2143,-0.1026,-0.2213,-0.0822,0.0174,-0.0127,0.0294,-0.0075,0.0022,-0.0362,0.0009,-0.0005,-0.0000,-0.0075,0.0231,-0.0637,-0.0105,0.0137,0.0012,0.0538,0.0331,-1.4187,-0.6141,-0.0015,-0.0110,0.2327,0.9945,-0.0000,0.1051,-0.1051,-0.0122,0.9944,0.0637,0.0130,0.1459,-0.0871,0.0215,0.1478,-0.0871,0.0215,0.1478,0.0926,0.0114,0.1455,-0.1287,0.0276,0.0919,0.1306,0.0087,0.0867,0.0377,0.0084,-0.1862,-0.1036,0.0074,-0.1857,0.0010,0.0026,0.0697,0.0509,0.0218,-0.0635,-0.0716,0.0142,-0.0675,0.0510,0.0307,-0.0861,-0.0774,0.0172,-0.0861,0.2693,-0.0076,0.0490,0.0258,0.0111,-0.1909,-0.0226,0.0415,0.0658,-0.0362,-0.0118,0.0394,-0.0831,-0.2043,0.0225,0.0034,0.0864,-0.0379,-0.0271,-0.0028,0.0551,-0.0174
278,0.270244,-0.0365,-0.2707,0.2843,0.2950,0.0049,0.0039,0.1961,-0.1755,0.0014,-0.2455,-0.1695,0.2515,0.6093,0.3297,-0.2871,-0.0441,-0.2420,0.2118,-0.1082,-0.2217,-0.0820,0.0203,-0.0058,0.0382,0.0044,0.0079,-0.0230,0.0009,-0.0012,0.0000,-0.0015,0.0423,-0.0854,-0.0148,0.0060,0.0003,0.0511,-0.0275,0.9304,0.0404,-0.0285,0.0208,0.2327,0.9945,0.0000,0.1052,-0.1052,-0.0123,0.9944,0.0637,0.0130,0.1459,-0.0870,0.0216,0.1478,-0.0870,0.0216,0.1478,0.0926,0.0114,0.1455,-0.1287,0.0277,0.0919,0.1306,0.0086,0.0867,0.0377,0.0084,-0.1862,-0.1036,0.0075,-0.1857,0.0010,0.0026,0.0697,0.0509,0.0218,-0.0635,-0.0716,0.0141,-0.0675,0.0510,0.0307,-0.0861,-0.0774,0.0171,-0.0861,0.2702,-0.0047,0.0712,0.0167,0.0070,-0.2062,-0.0337,0.0439,0.0780,-0.0018,-0.0165,0.0324,-0.0699,-0.1719,0.0252,0.0068,0.0952,0.0696,-0.0262,-0.0096,0.0833,-0.0561
279,0.271220,-0.0363,-0.2709,0.2850,0.2950,0.0050,0.0034,0.1961,-0.1755,0.0014,-0.2455,-0.1691,0.2502,0.6089,0.3298,-0.2871,-0.0432,-0.2417,0.2229,-0.1150,-0.2218,-0.0821,0.0151,-0.0139,0.0322,-0.0069,0.0070,-0.0353,0.0033,-0.0008,-0.0000,-0.0002,0.0253,-0.0595,-0.0153,0.0127,0.0003,0.0553,0.0479,0.1302,0.1895,0.0115,-0.0241,0.2327,0.9945,-0.0000,0.1052,-0.1051,-0.0123,0.9944,0.0637,0.0130,0.1459,-0.0870,0.0217,0.1478,-0.0870,0.0217,0.1478,0.0926,0.0114,0.1455,-0.1287,0.0278,0.0919,0.1306,0.0086,0.0867,0.0376,0.0085,-0.1862,-0.1036,0.0076,-0.1857,0.0010,0.0026,0.0697,0.0508,0.0218,-0.0635,-0.0717,0.0141,-0.0675,0.0510,0.0307,-0.0861,-0.0774,0.0171,-0.0861,0.2712,-0.0065,0.0725,0.0173,0.0087,-0.2039,-0.0336,0.0441,0.0753,0.0112,-0.0168,0.0396,-0.0784,-0.1778,0.0255,0.0038,0.0910,0.0574,-0.0352,-0.0012,0.0738,-0.0433
280,0.272195,-0.0359,-0.2710,0.2855,0.2949,0.0051,0.0027,0.1961,-0.1755,0.0014,-0.2455,-0.1684,0.2490,0.6088,0.3301,-0.2871,-0.0422,-0.2410,0.2271,-0.1143,-0.2218,-0.0823,0.0268,-0.0052,0.0274,-0.0035,0.0024,-0.0399,0.0012,-0.0009,-0.0000,-0.0000,0.0398,-0.0665,-0.0100,0.0139,-0.0000,0.0538,0.0336,0.0198,-0.4091,-0.0088,0.0009,0.2327,0.9944,-0.0000,0.1054,-0.1054,-0.0124,0.9944,0.0637,0.0130,0.1459,-0.0870,0.0218,0.1478,-0.0870,0.0218,0.1478,0.0927,0.0113,0.1455,-0.1287,0.0279,0.0919,0.1306,0.0085,0.0867,0.0376,0.0086,-0.1862,-0.1037,0.0077,-0.1857,0.0010,0.0026,0.0697,0.0508,0.0218,-0.0635,-0.0717,0.0141,-0.0675,0.0510,0.0308,-0.0861,-0.0774,0.0171,-0.0861,0.2722,-0.0070,0.0744,0.0180,0.0061,-0.2015,-0.0342,0.0450,0.0800,0.0046,-0.0145,0.0400,-0.0807,-0.1839,0.0259,0.0030,0.0919,0.0448,-0.0414,-0.0068,0.0843,-0.0435
281,0.273171,-0.0355,-0.2711,0.2859,0.2949,0.0052,0.0022,0.1962,-0.1756,0.0014,-0.2455,-0.1679,0.2482,0.6086,0.3302,-0.2871,-0.0415,-0.2406,0.2304,-0.1150,-0.2219,-0.0823,0.0291,-0.0028,0.0288,-0.0073,0.0021,-0.0424,0.0010,-0.0008,-0.0000,-0.0000,0.0471,-0.0772,-0.0149,0.0072,-0.0003,0.0624,0.0274,1.8961,-1.5022,-0.0023,0.0004,0.2327,0.9944,0.0000,0.1056,-0.1056,-0.0125,0.9943,0.0637,0.0129,0.1459,-0.0870,0.0218,0.1478,-0.0870,0.0218,0.1478,0.0927,0.0112,0.1455,-0.1287,0.0279,0.0919,0.1306,0.0083,0.0867,0.0376,0.0086,-0.1862,-0.1037,0.0077,-0.1857,0.0010,0.0026,0.0697,0.0508,0.0218,-0.0635,-0.0716,0.0141,-0.0675,0.0510,0.0308,-0.0861,-0.0774,0.0171,-0.0861,0.2732,-0.0032,0.0504,0.0209,0.0188,-0.1878,-0.0293,0.0465,0.0786,0.0153,-0.0113,0.0252,-0.0728,-0.1638,0.0272,0.0099,0.1010,0.0219,-0.0216,-0.0046,0.0955,-0.0732
282,0.274146,-0.0352,-0.2713,0.2864,0.2948,0.0054,0.0015,0.1962,-0.1756,0.0014,-0.2455,-0.1674,0.2470,0.6084,0.3305,-0.2870,-0.0404,-0.2402,0.2237,-0.1176,-0.2217,-0.0829,0.0106,-0.0230,0.0340,-0.0023,0.0174,-0.0353,0.0056,-0.0002,-0.0000,-0.0000,0.0108,-0.0643,-0.0050,0.0142,0.0017,0.0633,0.0168,-0.0590,-0.4891,0.0108,-0.0491,0.2327,0.9944,-0.0000,0.1058,-0.1058,-0.0125,0.9943,0.0637,0.0129,0.1459,-0.0870,0.0219,0.1478,-0.0870,0.0219,0.1478,0.0927,0.0112,0.1455,-0.1287,0.0280,0.0919,0.1306,0.0082,0.0867,0.0376,0.0087,-0.1862,-0.1037,0.0078,-0.1857,0.0010,0.0026,0.0697,0.0508,0.0219,-0.0635,-0.0716,0.0141,-0.0675,0.0510,0.0308,-0.0861,-0.0774,0.0171,-0.0861,0.2741,-0.0073,0.0737,0.0181,0.0064,-0.1996,-0.0334,0.0450,0.0796,0.0062,-0.0135,0.0400,-0.0819,-0.1859,0.0258,0.0025,0.0897,0.0360,-0.0417,-0.0060,0.0842,-0.0395
283,0.275122,-0.0348,-0.2716,0.2870,0.2947,0.0056,0.0008,0.1963,-0.1756,0.0014,-0.2455,-0.1668,0.2456,0.6082,0.3308,-0.2870,-0.0393,-0.2398,0.2226,-0.1154,-0.2216,-0.0831,0.0253,-0.0051,0.0302,-0.0029,0.0063,-0.0387,0.0033,-0.0009,-0.0000,-0.0000,0.0369,-0.0688,-0.0130,0.0116,0.0002,0.0531,0.0260,0.3765,-0.6187,0.0038,0.0014,0.2327,0.9944,0.0000,0.1060,-0.1059,-0.0126,0.9943,0.0637,0.0129,0.1459,-0.0870,0.0220,0.1478,-0.0870,0.0220,0.1478,0.0927,0.0112,0.1455,-0.1287,0.0281,0.0919,0.1306,0.0081,0.0867,0.0375,0.0088,-0.1862,-0.1037,0.0080,-0.1857,0.0010,0.0026,0.0697,0.0508,0.0219,-0.0635,-0.0717,0.0141,-0.0675,0.0509,0.0309,-0.0861,-0.0774,0.0171,-0.0861,0.2751,-0.0053,0.0733,0.0171,0.0035,-0.1974,-0.0348,0.0456,0.0816,0.0030,-0.0118,0.0387,-0.0794,-0.1848,0.0276,0.0032,0.0901,0.0370,-0.0404,-0.0073,0.0932,-0.0436
284,0.276098,-0.0345,-0.2716,0.2874,0.2947,0.0056,0.0003,0.1963,-0.1756,0.0014,-0.2455,-0.1663,0.2447,0.6080,0.3310,-0.2870,-0.0385,-0.2394,0.2196,-0.1149,-0.2215,-0.0831,0.0269,-0.0028,0.0274,-0.0043,0.0073,-0.0423,0.0015,-0.0009,-0.0000,-0.0000,0.0376,-0.0693,-0.0133,0.0133,0.0001,0.0573,0.0289,0.3837,0.0850,0.0139,0.0004,0.2327,0.9943,-0.0000,0.1062,-0.1062,-0.0127,0.9943,0.0638,0.0128,0.1459,-0.0869,0.0220,0.1478,-0.0869,0.0220,0.1478,0.0927,0.0111,0.1455,-0.1287,0.0282,0.0919,0.1306,0.0079,0.0867,0.0375,0.0089,-0.1862,-0.1038,0.0080,-0.1857,0.0010,0.0025,0.0697,0.0508,0.0219,-0.0635,-0.0716,0.0141,-0.0675,0.0509,0.0309,-0.0861,-0.0774,0.0171,-0.0861,0.2761,-0.0059,0.0735,0.0151,0.0069,-0.2030,-0.0339,0.0441,0.0765,0.0054,-0.0143,0.0387,-0.0762,-0.1810,0.0260,0.0032,0.0878,0.0507,-0.0365,-0.0009,0.0767,-0.0401
285,0.277073,-0.0340,-0.2717,0.2879,0.2946,0.0057,-0.0005,0.1964,-0.1756,0.0014,-0.2455,-0.1656,0.2435,0.6078,0.3312,-0.2870,-0.0375,-0.2388,0.2222,-0.1149,-0.2213,-0.0831,0.0255,-0.0060,0.0247,-0.0038,0.0036,-0.0421,0.0010,-0.0007,-0.0000,-0.0000,0.0371,-0.0626,-0.0085,0.0153,-0.0002,0.0529,0.0376,-0.1314,-1.0340,0.0007,-0.0010,0.2327,0.9943,-0.0000,0.1065,-0.1065,-0.0128,0.9942,0.0638,0.0128,0.1459,-0.0869,0.0221,0.1478,-0.0869,0.0221,0.1478,0.0927,0.0110,0.1455,-0.1287,0.0283,0.0919,0.1306,0.0078,0.0867,0.0375,0.0090,-0.1862,-0.1038,0.0081,-0.1857,0.0010,0.0025,0.0697,0.0508,0.0219,-0.0635,-0.0717,0.0141,-0.0675,0.0509,0.0309,-0.0860,-0.0774,0.0171,-0.0861,0.2771,-0.0070,0.0715,0.0191,0.0067,-0.1947,-0.0317,0.0453,0.0804,-0.0018,-0.0104,0.0394,-0.0845,-0.1914,0.0270,0.0025,0.0863,0.0109,-0.0416,-0.0074,0.0898,-0.0362
286,0.278049,-0.0335,-0.2718,0.2883,0.2945,0.0058,-0.0012,0.1964,-0.1756,0.0014,-0.2455,-0.1649,0.2422,0.6077,0.3315,-0.2870,-0.0365,-0.2384,0.2229,-0.1248,-0.2212,-0.0831,0.0279,-0.0009,0.0273,-0.0063,0.0058,-0.0375,0.0011,-0.0010,0.0000,0.0000,0.0382,-0.0736,-0.0124,0.0179,0.0001,0.0566,0.0140,-0.8133,0.0768,0.0116,0.0001,0.2327,0.9943,0.0000,0.1068,-0.1068,-0.0129,0.9942,0.0638,0.0128,0.1459,-0.0869,0.0221,0.1478,-0.0869,0.0221,0.1478,0.0927,0.0110,0.1455,-0.1287,0.0283,0.0919,0.1306,0.0076,0.0867,0.0374,0.0091,-0.1862,-0.1038,0.0082,-0.1857,0.0010,0.0025,0.0697,0.0508,0.0220,-0.0635,-0.0717,0.0141,-0.0675,0.0509,0.0310,-0.0860,-0.0775,0.0171,-0.0861,0.2780,-0.0076,0.0597,0.0185,0.0095,-0.1934,-0.0277,0.0417,0.0671,0.0006,-0.0095,0.0445,-0.0857,-0.2014,0.0238,-0.0016,0.0787,-0.0088,-0.0381,0.0107,0.0585,-0.0098
287,0.279024,-0.0330,-0.2719,0.2889,0.2945,0.0059,-0.0019,0.1964,-0.1756,0.0014,-0.2455,-0.1640,0.2407,0.6074,0.3317,-0.2870,-0.0354,-0.2382,0.2209,-0.1248,-0.2213,-0.0830,0.0195,-0.0099,0.0262,-0.0001,0.0031,-0.0284,0.0009,-0.0015,0.0000,0.0001,0.0450,-0.0759,-0.0122,0.0094,-0.0001,0.0474,0.0051,-0.3184,-0.6511,-0.0141,0.0278,0.2327,0.9943,0.0000,0.1069,-0.1069,-0.0130,0.9942,0.0638,0.0127,0.1459,-0.0869,0.0222,0.1478,-0.0869,0.0222,0.1478,0.0927,0.0109,0.1455,-0.1286,0.0284,0.0919,0.1306,0.0075,0.0867,0.0374,0.0092,-0.1862,-0.1039,0.0083,-0.1857,0.0011,0.0025,0.0697,0.0508,0.0220,-0.0635,-0.0717,0.0140,-0.0675,0.0509,0.0310,-0.0860,-0.0775,0.0170,-0.0861,0.2790,-0.0092,0.0719,0.0182,0.0094,-0.1980,-0.0302,0.0438,0.0781,-0.0005,-0.0108,0.0418,-0.0849,-0.1930,0.0252,0.0002,0.0818,0.0116,-0.0440,-0.0020,0.0804,-0.0292
288,0.280000,-0.0327,-0.2719,0.2892,0.2944,0.0060,-0.0023,0.1964,-0.1757,0.0014,-0.2455,-0.1634,0.2396,0.6072,0.3318,-0.2870,-0.0347,-0.2380,0.2184,-0.1249,-0.2214,-0.0827,0.0254,-0.0033,0.0281,-0.0050,0.0056,-0.0326,0.0011,-0.0014,0.0000,0.0000,0.0419,-0.0777,-0.0185,0.0091,0.0002,0.0542,0.0192,0.5209,0.8032,0.0041,0.0053,0.2327,0.9943,-0.0000,0.1070,-0.1070,-0.0130,0.9942,0.0638,0.0127,0.1459,-0.0869,0.0223,0.1478,-0.0869,0.0223,0.1478,0.0927,0.0109,0.1455,-0.1286,0.0285,0.0919,0.1306,0.0074,0.0868,0.0374,0.0092,-0.1862,-0.1039,0.0084,-0.1857,0.0011,0.0025,0.0697,0.0508,0.0220,-0.0635,-0.0717,0.0140,-0.0675,0.0509,0.0310,-0.0860,-0.0775,0.0170,-0.0861,0.2800,-0.0057,0.0677,0.0132,0.0118,-0.2034,-0.0299,0.0436,0.0687,0.0159,-0.0156,0.0357,-0.0724,-0.1771,0.0248,0.0045,0.0809,0.0502,-0.0259,0.0092,0.0629,-0.0329
289,0.280976,-0.0323,-0.2721,0.2897,0.2944,0.0060,-0.0029,0.1964,-0.1757,0.0014,-0.2455,-0.1628,0.2384,0.6070,0.3320,-0.2870,-0.0338,-0.2374,0.2173,-0.1234,-0.2216,-0.0826,0.0227,-0.0120,0.0203,-0.0015,0.0025,-0.0332,0.0009,-0.0010,-0.0000,-0.0000,0.0307,-0.0590,-0.0033,0.0099,0.0001,0.0461,0.0411,0.5173,0.5234,-0.0098,0.0008,0.2327,0.9943,-0.0000,0.1071,-0.1071,-0.0130,0.9942,0.0638,0.0127,0.1459,-0.0869,0.0223,0.1477,-0.0869,0.0223,0.1477,0.0927,0.0109,0.1455,-0.1286,0.0285,0.0919,0.1306,0.0073,0.0868,0.0374,0.0093,-0.1862,-0.1039,0.0084,-0.1857,0.0011,0.0025,0.0697,0.0508,0.0220,-0.0635,-0.0717,0.0140,-0.0675,0.0509,0.0310,-0.0860,-0.0775,0.0170,-0.0861,0.2810,-0.0052,0.0697,0.0127,0.0092,-0.2022,-0.0316,0.0435,0.0715,0.0124,-0.0136,0.0371,-0.0735,-0.1793,0.0256,0.0032,0.0829,0.0464,-0.0313,0.0074,0.0668,-0.0316
290,0.281951,-0.0318,-0.2723,0.2899,0.2943,0.0061,-0.0033,0.1964,-0.1757,0.0014,-0.2455,-0.1624,0.2376,0.6070,0.3322,-0.2870,-0.0332,-0.2369,0.2209,-0.1189,-0.2217,-0.0826,0.0231,-0.0066,0.0181,-0.0013,0.0058,-0.0373,0.0009,-0.0013,0.0000,-0.0000,0.0395,-0.0716,-0.0102,0.0077,0.0003,0.0569,0.0367,1.3275,1.7760,-0.0065,0.0004,0.2327,0.9942,0.0000,0.1073,-0.1072,-0.0131,0.9941,0.0638,0.0127,0.1459,-0.0869,0.0224,0.1477,-0.0869,0.0224,0.1477,0.0927,0.0108,0.1455,-0.1286,0.0286,0.0919,0.1306,0.0072,0.0868,0.0374,0.0094,-0.1862,-0.1039,0.0085,-0.1857,0.0011,0.0025,0.0697,0.0508,0.0220,-0.0635,-0.0717,0.0140,-0.0675,0.0509,0.0310,-0.0860,-0.0775,0.0169,-0.0861,0.2820,-0.0003,0.0515,0.0109,0.0184,-0.1974,-0.0261,0.0444,0.0602,0.0298,-0.0211,0.0238,-0.0726,-0.1650,0.0180,0.0094,0.0855,0.0389,-0.0104,0.0004,0.0596,-0.0329
291,0.282927,-0.0315,-0.2725,0.2902,0.2943,0.0061,-0.0039,0.1965,-0.1757,0.0014,-0.2456,-0.1619,0.2363,0.6069,0.3324,-0.2870,-0.0322,-0.2363,0.2317,-0.1139,-0.2220,-0.0826,0.0148,-0.0236,0.0140,0.0001,0.0030,-0.0271,0.0009,-0.0011,0.0000,-0.0098,0.0108,-0.0687,-0.0016,0.0077,0.0039,0.0524,0.0293,0.0673,-0.8791,-0.0237,-0.0007,0.2327,0.9942,-0.0000,0.1073,-0.1073,-0.0131,0.9941,0.0638,0.0127,0.1459,-0.0869,0.0224,0.1477,-0.0869,0.0224,0.1477,0.0927,0.0108,0.1455,-0.1286,0.0287,0.0919,0.1306,0.0071,0.0868,0.0374,0.0094,-0.1862,-0.1040,0.0085,-0.1857,0.0011,0.0025,0.0697,0.0508,0.0220,-0.0635,-0.0717,0.0139,-0.0675,0.0509,0.0311,-0.0860,-0.0775,0.0169,-0.0861,0.2829,-0.0076,0.0724,0.0168,0.0028,-0.1915,-0.0338,0.0460,0.0811,0.0077,-0.0094,0.0403,-0.0837,-0.1984,0.0266,0.0005,0.0829,0.0058,-0.0500,-0.0071,0.0917,-0.0241
292,0.283902,-0.0312,-0.2728,0.2906,0.2942,0.0062,-0.0045,0.1965,-0.1757,0.0014,-0.2457,-0.1613,0.2349,0.6066,0.3325,-0.2870,-0.0312,-0.2360,0.2317,-0.1145,-0.2219,-0.0826,0.0193,-0.0043,0.0229,-0.0067,0.0070,-0.0395,0.0024,-0.0008,-0.0000,-0.0013,0.0368,-0.0760,-0.0231,0.0104,0.0008,0.0528,0.0104,0.7415,0.5470,0.0132,0.0020,0.2327,0.9942,0.0000,0.1073,-0.1073,-0.0131,0.9941,0.0638,0.0127,0.1459,-0.0869,0.0225,0.1477,-0.0869,0.0225,0.1477,0.0927,0.0108,0.1455,-0.1286,0.0288,0.0919,0.1306,0.0070,0.0868,0.0374,0.0095,-0.1862,-0.1040,0.0086,-0.1857,0.0011,0.0025,0.0697,0.0507,0.0221,-0.0635,-0.0717,0.0139,-0.0675,0.0508,0.0311,-0.0860,-0.0775,0.0169,-0.0861,0.2839,-0.0051,0.0681,0.0126,0.0110,-0.2027,-0.0303,0.0436,0.0705,0.0118,-0.0160,0.0346,-0.0721,-0.1799,0.0246,0.0041,0.0837,0.0449,-0.0343,0.0026,0.0669,-0.0303
293,0.284878,-0.0309,-0.2729,0.2910,0.2942,0.0063,-0.0052,0.1965,-0.1757,0.0014,-0.2457,-0.1608,0.2339,0.6064,0.3327,-0.2870,-0.0304,-0.2357,0.2321,-0.1129,-0.2219,-0.0826,0.0200,-0.0101,0.0196,-0.0020,0.0029,-0.0349,0.0010,-0.0007,-0.0000,-0.0003,0.0290,-0.0629,-0.0087,0.0115,0.0001,0.0500,0.0323,-0.1600,-0.5421,-0.0134,0.0005,0.2327,0.9942,0.0000,0.1073,-0.1073,-0.0132,0.9941,0.0638,0.0127,0.1459,-0.0869,0.0226,0.1477,-0.0869,0.0226,0.1477,0.0927,0.0107,0.1455,-0.1286,0.0289,0.0919,0.1306,0.0069,0.0868,0.0373,0.0095,-0.1862,-0.1040,0.0087,-0.1857,0.0011,0.0025,0.0697,0.0507,0.0221,-0.0635,-0.0717,0.0139,-0.0675,0.0508,0.0311,-0.0860,-0.0775,0.0169,-0.0861,0.2849,-0.0110,0.0748,0.0156,0.0058,-0.1955,-0.0317,0.0440,0.0783,0.0050,-0.0098,0.0411,-0.0834,-0.2013,0.0252,-0.0010,0.0778,0.0069,-0.0507,-0.0020,0.0810,-0.0172
294,0.285854,-0.0306,-0.2730,0.2912,0.2941,0.0064,-0.0057,0.1965,-0.1758,0.0014,-0.2457,-0.1601,0.2327,0.6061,0.3329,-0.2870,-0.0295,-0.2351,0.2304,-0.1128,-0.2221,-0.0825,0.0197,-0.0032,0.0194,-0.0043,0.0050,-0.0342,0.0010,-0.0010,0.0000,-0.0000,0.0452,-0.0753,-0.0247,0.0133,-0.0001,0.0526,0.0165,-0.8749,-0.5737,-0.0003,0.0094,0.2327,0.9942,-0.0000,0.1074,-0.1074,-0.0132,0.9941,0.0638,0.0126,0.1459,-0.0869,0.0226,0.1477,-0.0869,0.0226,0.1477,0.0927,0.0107,0.1455,-0.1286,0.0289,0.0919,0.1306,0.0068,0.0868,0.0373,0.0096,-0.1862,-0.1040,0.0087,-0.1857,0.0011,0.0025,0.0697,0.0507,0.0221,-0.0635,-0.0717,0.0139,-0.0675,0.0508,0.0311,-0.0860,-0.0775,0.0168,-0.0861,0.2859,-0.0092,0.0595,0.0182,0.0052,-0.1903,-0.0257,0.0420,0.0701,-0.0244,-0.0082,0.0425,-0.0819,-0.2186,0.0228,-0.0025,0.0774,-0.0391,-0.0489,0.0008,0.0608,0.0050
295,0.286829,-0.0302,-0.2730,0.2916,0.2941,0.0064,-0.0063,0.1966,-0.1758,0.0014,-0.2457,-0.1593,0.2313,0.6056,0.3331,-0.2870,-0.0286,-0.2351,0.2286,-0.1113,-0.2222,-0.0820,0.0131,-0.0017,0.0242,-0.0009,0.0032,-0.0254,0.0008,-0.0010,0.0000,0.0000,0.0427,-0.0771,-0.0318,0.0078,-0.0001,0.0464,-0.0040,-0.3880,-0.1254,-0.0127,0.0310,0.2327,0.9942,-0.0000,0.1073,-0.1073,-0.0132,0.9941,0.0638,0.0126,0.1459,-0.0869,0.0227,0.1477,-0.0869,0.0227,0.1477,0.0927,0.0107,0.1455,-0.1286,0.0290,0.0918,0.1306,0.0067,0.0868,0.0373,0.0096,-0.1862,-0.1040,0.0088,-0.1857,0.0011,0.0025,0.0697,0.0507,0.0221,-0.0635,-0.0717,0.0139,-0.0675,0.0508,0.0311,-0.0860,-0.0775,0.0168,-0.0861,0.2868,-0.0119,0.0738,0.0136,0.0057,-0.1974,-0.0299,0.0416,0.0721,-0.0038,-0.0086,0.0418,-0.0819,-0.2067,0.0234,-0.0025,0.0713,0.0009,-0.0475,0.0058,0.0672,-0.0070
296,0.287805,-0.0300,-0.2731,0.2920,0.2941,0.0065,-0.0067,0.1966,-0.1758,0.0014,-0.2457,-0.1587,0.2301,0.6051,0.3332,-0.2870,-0.0279,-0.2350,0.2274,-0.1124,-0.2223,-0.0817,0.0161,-0.0009,0.0207,-0.0038,0.0032,-0.0297,0.0009,-0.0016,0.0000,0.0000,0.0423,-0.0734,-0.0330,0.0079,-0.0001,0.0418,0.0156,0.5383,-0.3094,-0.0058,0.0179,0.2328,0.9942,-0.0000,0.1071,-0.1071,-0.0131,0.9942,0.0638,0.0127,0.1459,-0.0869,0.0228,0.1477,-0.0869,0.0228,0.1477,0.0927,0.0107,0.1455,-0.1286,0.0291,0.0918,0.1306,0.0066,0.0868,0.0373,0.0097,-0.1862,-0.1041,0.0088,-0.1857,0.0011,0.0025,0.0697,0.0507,0.0221,-0.0635,-0.0717,0.0138,-0.0675,0.0508,0.0311,-0.0860,-0.0774,0.0168,-0.0861,0.2878,-0.0057,0.0769,0.0121,0.0033,-0.1974,-0.0339,0.0442,0.0786,0.0018,-0.0095,0.0385,-0.0746,-0.1929,0.0260,0.0004,0.0804,0.0276,-0.0469,-0.0008,0.0839,-0.0259
297,0.288780,-0.0297,-0.2731,0.2923,0.2939,0.0065,-0.0073,0.1966,-0.1758,0.0014,-0.2457,-0.1580,0.2289,0.6046,0.3334,-0.2870,-0.0271,-0.2345,0.2319,-0.1225,-0.2224,-0.0815,0.0221,-0.0002,0.0168,-0.0081,0.0012,-0.0389,0.0010,-0.0011,-0.0000,-0.0000,0.0356,-0.0634,-0.0222,0.0161,0.0002,0.0451,0.0317,-0.7770,0.2171,0.0026,0.0002,0.2328,0.9943,-0.0000,0.1070,-0.1069,-0.0131,0.9942,0.0638,0.0127,0.1459,-0.0868,0.0229,0.1476,-0.0868,0.0229,0.1476,0.0927,0.0107,0.1455,-0.1286,0.0292,0.0918,0.1306,0.0066,0.0868,0.0373,0.0097,-0.1863,-0.1041,0.0089,-0.1858,0.0011,0.0025,0.0697,0.0507,0.0221,-0.0635,-0.0717,0.0138,-0.0675,0.0508,0.0311,-0.0860,-0.0774,0.0167,-0.0861,0.2888,-0.0075,0.0640,0.0145,0.0094,-0.1921,-0.0280,0.0417,0.0662,0.0059,-0.0056,0.0450,-0.0822,-0.2086,0.0232,-0.0048,0.0697,-0.0166,-0.0460,0.0168,0.0543,0.0054
298,0.289756,-0.0292,-0.2731,0.2926,0.2939,0.0066,-0.0079,0.1966,-0.1758,0.0014,-0.2457,-0.1571,0.2275,0.6042,0.3336,-0.2870,-0.0263,-0.2342,0.2270,-0.1222,-0.2227,-0.0811,0.0211,-0.0003,0.0173,0.0043,0.0047,-0.0328,0.0011,-0.0024,0.0000,0.0000,0.0474,-0.0803,-0.0296,0.0078,0.0002,0.0373,0.0042,0.6198,1.0490,-0.0293,0.0324,0.2328,0.9943,-0.0000,0.1068,-0.1068,-0.0131,0.9942,0.0638,0.0127,0.1459,-0.0869,0.0230,0.1476,-0.0869,0.0230,0.1476,0.0927,0.0107,0.1455,-0.1286,0.0293,0.0918,0.1306,0.0065,0.0868,0.0374,0.0097,-0.1863,-0.1041,0.0089,-0.1858,0.0011,0.0025,0.0697,0.0507,0.0221,-0.0635,-0.0717,0.0137,-0.0675,0.0508,0.0311,-0.0860,-0.0774,0.0167,-0.0862,0.2898,-0.0053,0.0710,0.0103,0.0114,-0.2028,-0.0273,0.0406,0.0636,0.0168,-0.0141,0.0327,-0.0648,-0.1791,0.0231,0.0036,0.0737,0.0478,-0.0287,0.0138,0.0578,-0.0232
299,0.290732,-0.0290,-0.2732,0.2929,0.2939,0.0066,-0.0083,0.1966,-0.1759,0.0014,-0.2457,-0.1567,0.2266,0.6038,0.3337,-0.2870,-0.0258,-0.2340,0.2267,-0.1196,-0.2230,-0.0809,0.0149,-0.0087,0.0163,-0.0004,0.0023,-0.0276,0.0007,-0.0019,0.0000,0.0001,0.0236,-0.0554,-0.0173,0.0103,0.0002,0.0340,0.0352,-0.7868,1.0230,-0.0191,0.0033,0.2328,0.9943,-0.0000,0.1065,-0.1065,-0.0130,0.9942,0.0638,0.0127,0.1459,-0.0869,0.0231,0.1476,-0.0869,0.0231,0.1476,0.0927,0.0107,0.1455,-0.1286,0.0294,0.0918,0.1306,0.0064,0.0869,0.0374,0.0097,-0.1863,-0.1041,0.0089,-0.1858,0.0011,0.0025,0.0697,0.0507,0.0221,-0.0635,-0.0717,0.0137,-0.0675,0.0508,0.0311,-0.0860,-0.0774,0.0166,-0.0862,0.2907,-0.0090,0.0661,0.0125,0.0170,-0.1963,-0.0269,0.0366,0.0573,0.0373,-0.0061,0.0450,-0.0777,-0.1985,0.0215,-0.0036,0.0601,0.0022,-0.0369,0.0276,0.0468,0.0030
300,0.291707,-0.0287,-0.2733,0.2931,0.2940,0.0066,-0.0089,0.1966,-0.1760,0.0014,-0.2457,-0.1558,0.2254,0.6035,0.3339,-0.2870,-0.0253,-0.2336,0.2245,-0.1189,-0.2235,-0.0806,0.0154,-0.0020,0.0146,0.0025,0.0009,-0.0249,0.0004,-0.0061,0.0000,0.0001,0.0425,-0.0652,-0.0245,0.0091,-0.0002,0.0236,0.0079,-0.8004,-0.9010,-0.0326,0.0198,0.2328,0.9943,-0.0000,0.1063,-0.1063,-0.0129,0.9943,0.0638,0.0128,0.1459,-0.0869,0.0232,0.1476,-0.0869,0.0232,0.1476,0.0927,0.0108,0.1456,-0.1286,0.0294,0.0917,0.1306,0.0063,0.0869,0.0374,0.0097,-0.1863,-0.1041,0.0089,-0.1858,0.0010,0.0026,0.0697,0.0507,0.0221,-0.0635,-0.0716,0.0137,-0.0676,0.0508,0.0311,-0.0860,-0.0774,0.0166,-0.0862,0.2917,-0.0085,0.0674,0.0166,0.0065,-0.1919,-0.0243,0.0398,0.0709,-0.0263,-0.0070,0.0408,-0.0790,-0.2086,0.0238,-0.0033,0.0769,-0.0295,-0.0498,0.0015,0.0652,-0.0041
301,0.292683,-0.0284,-0.2733,0.2935,0.2939,0.0067,-0.0093,0.1966,-0.1761,0.0014,-0.2457,-0.1551,0.2240,0.6029,0.3341,-0.2870,-0.0246,-0.2336,0.2134,-0.1300,-0.2239,-0.0803,0.0123,-0.0005,0.0223,-0.0052,0.0026,-0.0221,0.0006,-0.0033,0.0000,0.0000,0.0383,-0.0785,-0.0347,0.0101,0.0001,0.0438,-0.0049,-0.1953,-0.1360,-0.0077,0.0157,0.2328,0.9944,0.0000,0.1059,-0.1059,-0.0128,0.9943,0.0637,0.0128,0.1459,-0.0869,0.0233,0.1475,-0.0869,0.0233,0.1475,0.0927,0.0108,0.1456,-0.1286,0.0295,0.0917,0.1306,0.0063,0.0869,0.0374,0.0097,-0.1863,-0.1041,0.0089,-0.1858,0.0010,0.0026,0.0697,0.0507,0.0220,-0.0635,-0.0716,0.0136,-0.0676,0.0508,0.0310,-0.0860,-0.0774,0.0165,-0.0862,0.2927,-0.0084,0.0842,0.0094,0.0049,-0.1985,-0.0310,0.0390,0.0724,0.0007,-0.0043,0.0422,-0.0781,-0.1917,0.0258,-0.0037,0.0715,0.0252,-0.0459,0.0152,0.0707,-0.0197
302,0.293659,-0.0282,-0.2733,0.2937,0.2939,0.0067,-0.0096,0.1967,-0.1761,0.0014,-0.2457,-0.1545,0.2230,0.6024,0.3342,-0.2870,-0.0240,-0.2335,0.2100,-0.1320,-0.2240,-0.0802,0.0174,-0.0001,0.0159,-0.0067,0.0035,-0.0302,0.0018,-0.0034,-0.0000,-0.0000,0.0441,-0.0728,-0.0352,0.0121,0.0001,0.0361,0.0213,-0.1886,-0.0727,-0.0042,0.0004,0.2328,0.9944,0.0000,0.1056,-0.1056,-0.0127,0.9943,0.0637,0.0129,0.1459,-0.0869,0.0234,0.1475,-0.0869,0.0234,0.1475,0.0927,0.0109,0.1456,-0.1286,0.0296,0.0917,0.1306,0.0063,0.0869,0.0374,0.0097,-0.1863,-0.1041,0.0089,-0.1858,0.0010,0.0026,0.0697,0.0507,0.0220,-0.0635,-0.0716,0.0136,-0.0676,0.0508,0.0310,-0.0860,-0.0774,0.0164,-0.0862,0.2937,-0.0078,0.0853,0.0088,0.0046,-0.1985,-0.0312,0.0386,0.0718,0.0008,-0.0034,0.0422,-0.0767,-0.1897,0.0262,-0.0039,0.0713,0.0287,-0.0447,0.0180,0.0692,-0.0203
303,0.294634,-0.0279,-0.2733,0.2940,0.2938,0.0068,-0.0102,0.1967,-0.1761,0.0014,-0.2457,-0.1537,0.2217,0.6019,0.3345,-0.2870,-0.0234,-0.2331,0.2008,-0.1411,-0.2242,-0.0802,0.0196,-0.0000,0.0103,-0.0049,0.0038,-0.0357,0.0012,-0.0024,0.0000,0.0000,0.0410,-0.0686,-0.0293,0.0134,0.0001,0.0333,0.0211,-0.2797,-0.2384,-0.0086,0.0010,0.2328,0.9944,0.0000,0.1052,-0.1052,-0.0127,0.9944,0.0637,0.0129,0.1459,-0.0869,0.0235,0.1475,-0.0869,0.0235,0.1475,0.0927,0.0109,0.1456,-0.1287,0.0297,0.0917,0.1306,0.0062,0.0869,0.0374,0.0097,-0.1863,-0.1041,0.0089,-0.1858,0.0010,0.0026,0.0697,0.0507,0.0220,-0.0635,-0.0716,0.0135,-0.0676,0.0508,0.0310,-0.0860,-0.0774,0.0164,-0.0862,0.2946,-0.0066,0.0859,0.0084,0.0046,-0.1970,-0.0303,0.0377,0.0717,-0.0026,-0.0010,0.0426,-0.0773,-0.1870,0.0268,-0.0045,0.0711,0.0249,-0.0424,0.0209,0.0704,-0.0231
304,0.295610,-0.0275,-0.2733,0.2941,0.2937,0.0068,-0.0108,0.1967,-0.1762,0.0014,-0.2457,-0.1530,0.2205,0.6014,0.3347,-0.2870,-0.0228,-0.2328,0.1962,-0.1425,-0.2243,-0.0802,0.0213,-0.0000,0.0091,-0.0053,0.0039,-0.0346,0.0012,-0.0021,0.0000,0.0000,0.0419,-0.0707,-0.0261,0.0141,0.0001,0.0329,0.0139,-0.0703,0.1089,-0.0087,-0.0001,0.2328,0.9945,-0.0000,0.1049,-0.1049,-0.0126,0.9944,0.0637,0.0130,0.1459,-0.0869,0.0236,0.1475,-0.0869,0.0236,0.1475,0.0926,0.0109,0.1456,-0.1287,0.0298,0.0916,0.1306,0.0061,0.0869,0.0374,0.0097,-0.1863,-0.1041,0.0088,-0.1859,0.0010,0.0026,0.0697,0.0507,0.0220,-0.0635,-0.0716,0.0135,-0.0676,0.0508,0.0310,-0.0860,-0.0774,0.0163,-0.0862,0.2956,-0.0059,0.0860,0.0068,0.0021,-0.2005,-0.0303,0.0344,0.0680,0.0034,-0.0002,0.0427,-0.0693,-0.1837,0.0266,-0.0034,0.0694,0.0390,-0.0404,0.0274,0.0659,-0.0223
305,0.296585,-0.0272,-0.2733,0.2943,0.2936,0.0069,-0.0114,0.1967,-0.1762,0.0014,-0.2457,-0.1522,0.2193,0.6009,0.3349,-0.2870,-0.0224,-0.2326,0.1910,-0.1433,-0.2245,-0.0801,0.0171,-0.0001,0.0073,-0.0037,0.0030,-0.0344,0.0010,-0.0026,0.0000,0.0000,0.0419,-0.0596,-0.0265,0.0200,-0.0001,0.0295,0.0234,-1.9473,-0.6883,-0.0156,0.0003,0.2329,0.9945,0.0000,0.1046,-0.1046,-0.0126,0.9944,0.0637,0.0130,0.1459,-0.0869,0.0237,0.1474,-0.0869,0.0237,0.1474,0.0926,0.0109,0.1456,-0.1287,0.0299,0.0916,0.1306,0.0060,0.0869,0.0374,0.0097,-0.1863,-0.1041,0.0088,-0.1859,0.0010,0.0027,0.0697,0.0507,0.0220,-0.0635,-0.0716,0.0134,-0.0676,0.0508,0.0309,-0.0860,-0.0774,0.0162,-0.0863,0.2966,-0.0027,0.0520,0.0196,0.0175,-0.1828,-0.0155,0.0351,0.0571,-0.0485,0.0002,0.0402,-0.0725,-0.2010,0.0232,-0.0033,0.0701,-0.0706,-0.0241,0.0221,0.0391,-0.0060
306,0.297561,-0.0269,-0.2733,0.2944,0.2936,0.0069,-0.0118,0.1967,-0.1763,0.0014,-0.2457,-0.1516,0.2185,0.6007,0.3352,-0.2870,-0.0219,-0.2325,0.1863,-0.1370,-0.2249,-0.0801,0.0303,-0.0003,0.0180,0.0055,0.0014,-0.0163,0.0006,-0.0044,0.0000,0.0001,0.0455,-0.0908,-0.0103,0.0150,0.0003,0.0406,-0.0404,-1.5161,1.7900,-0.0696,0.0151,0.2329,0.9945,0.0000,0.1044,-0.1044,-0.0125,0.9945,0.0637,0.0130,0.1459,-0.0869,0.0238,0.1474,-0.0869,0.0238,0.1474,0.0926,0.0110,0.1456,-0.1287,0.0299,0.0916,0.1305,0.0060,0.0870,0.0374,0.0097,-0.1864,-0.1042,0.0088,-0.1859,0.0010,0.0027,0.0697,0.0507,0.0220,-0.0635,-0.0716,0.0134,-0.0676,0.0508,0.0309,-0.0861,-0.0774,0.0162,-0.0863,0.2976,-0.0187,0.0599,0.0115,0.0185,-0.1889,-0.0173,0.0148,0.0367,0.0813,0.0037,0.0468,-0.0596,-0.2056,0.0125,0.0009,0.0269,-0.0226,-0.0155,0.0666,0.0474,0.0083
307,0.298537,-0.0267,-0.2733,0.2948,0.2937,0.0069,-0.0119,0.1967,-0.1764,0.0014,-0.2457,-0.1507,0.2174,0.6004,0.3353,-0.2870,-0.0218,-0.2329,0.1832,-0.1363,-0.2256,-0.0797,-0.0026,-0.0013,0.0154,0.0065,0.0010,-0.0061,-0.0042,-0.0189,0.0000,0.0000,0.0512,-0.0480,-0.0316,0.0026,0.0002,-0.0125,-0.0032,-0.6238,0.7160,-0.0251,0.0266,0.2329,0.9946,-0.0000,0.1039,-0.1039,-0.0124,0.9945,0.0637,0.0131,0.1459,-0.0869,0.0239,0.1474,-0.0869,0.0239,0.1474,0.0926,0.0111,0.1456,-0.1287,0.0300,0.0916,0.1305,0.0060,0.0870,0.0374,0.0096,-0.1864,-0.1042,0.0088,-0.1859,0.0010,0.0027,0.0697,0.0507,0.0220,-0.0635,-0.0716,0.0133,-0.0676,0.0508,0.0309,-0.0861,-0.0774,0.0161,-0.0863,0.2985,-0.0114,0.0811,0.0068,0.0030,-0.2035,-0.0243,0.0238,0.0551,0.0134,0.0050,0.0450,-0.0563,-0.1908,0.0227,-0.0031,0.0504,0.0261,-0.0325,0.0448,0.0540,-0.0078
308,0.299512,-0.0267,-0.2734,0.2950,0.2938,0.0070,-0.0121,0.1967,-0.1767,0.0014,-0.2457,-0.1499,0.2165,0.5998,0.3354,-0.2870,-0.0217,-0.2328,0.1815,-0.1362,-0.2261,-0.0794,0.0029,-0.0008,0.0079,0.0008,0.0001,-0.0160,-0.0014,-0.0093,0.0000,0.0000,0.0451,-0.0417,-0.0273,0.0095,0.0001,0.0127,0.0161,-0.4109,0.3884,-0.0198,0.0065,0.2329,0.9946,-0.0000,0.1034,-0.1034,-0.0123,0.9946,0.0637,0.0132,0.1459,-0.0869,0.0240,0.1474,-0.0869,0.0240,0.1474,0.0926,0.0111,0.1456,-0.1287,0.0300,0.0915,0.1305,0.0060,0.0870,0.0374,0.0096,-0.1864,-0.1042,0.0088,-0.1859,0.0010,0.0028,0.0697,0.0507,0.0219,-0.0635,-0.0716,0.0133,-0.0676,0.0508,0.0309,-0.0861,-0.0774,0.0161,-0.0863,0.2995,-0.0108,0.0883,0.0052,-0.0016,-0.2043,-0.0267,0.0249,0.0596,0.0028,0.0049,0.0435,-0.0566,-0.1878,0.0242,-0.0032,0.0550,0.0376,-0.0357,0.0403,0.0597,-0.0145
309,0.300488,-0.0266,-0.2734,0.2951,0.2937,0.0070,-0.0124,0.1967,-0.1768,0.0014,-0.2457,-0.1492,0.2159,0.5994,0.3356,-0.2870,-0.0215,-0.2325,0.1802,-0.1333,-0.2263,-0.0794,0.0057,-0.0003,0.0044,-0.0018,0.0002,-0.0230,-0.0002,-0.0050,0.0000,0.0000,0.0442,-0.0425,-0.0281,0.0090,-0.0001,0.0175,0.0209,0.5604,-0.4675,-0.0170,0.0022,0.2329,0.9947,0.0000,0.1031,-0.1031,-0.0122,0.9946,0.0637,0.0133,0.1459,-0.0869,0.0241,0.1474,-0.0869,0.0241,0.1474,0.0926,0.0112,0.1456,-0.1287,0.0301,0.0915,0.1305,0.0060,0.0870,0.0374,0.0096,-0.1864,-0.1042,0.0087,-0.1859,0.0010,0.0028,0.0697,0.0507,0.0219,-0.0635,-0.0716,0.0132,-0.0677,0.0508,0.0309,-0.0861,-0.0774,0.0160,-0.0863,0.3005,-0.0019,0.0975,0.0046,-0.0074,-0.2007,-0.0348,0.0351,0.0761,-0.0128,0.0025,0.0361,-0.0541,-0.1794,0.0276,-0.0028,0.0736,0.0598,-0.0410,0.0189,0.0849,-0.0364
310,0.301463,-0.0265,-0.2734,0.2952,0.2936,0.0070,-0.0130,0.1967,-0.1769,0.0014,-0.2457,-0.1486,0.2151,0.5989,0.3358,-0.2870,-0.0210,-0.2320,0.1771,-0.1330,-0.2264,-0.0795,0.0108,-0.0000,0.0042,-0.0091,0.0001,-0.0391,0.0006,-0.0012,-0.0000,-0.0000,0.0299,-0.0426,-0.0251,0.0146,-0.0001,0.0290,0.0312,0.0208,-0.2458,0.0032,-0.0116,0.2329,0.9947,-0.0000,0.1027,-0.1027,-0.0121,0.9946,0.0637,0.0133,0.1459,-0.0869,0.0241,0.1473,-0.0869,0.0241,0.1473,0.0926,0.0112,0.1456,-0.1287,0.0302,0.0915,0.1305,0.0059,0.0870,0.0375,0.0096,-0.1864,-0.1042,0.0087,-0.1859,0.0010,0.0028,0.0697,0.0507,0.0219,-0.0635,-0.0716,0.0132,-0.0677,0.0508,0.0308,-0.0861,-0.0774,0.0160,-0.0863,0.3015,-0.0070,0.0964,0.0045,-0.0070,-0.2027,-0.0315,0.0290,0.0690,-0.0105,0.0040,0.0402,-0.0565,-0.1825,0.0264,-0.0038,0.0648,0.0509,-0.0413,0.0264,0.0751,-0.0271
311,0.302439,-0.0263,-0.2734,0.2952,0.2935,0.0070,-0.0136,0.1967,-0.1769,0.0014,-0.2457,-0.1481,0.2144,0.5985,0.3360,-0.2870,-0.0206,-0.2316,0.1775,-0.1343,-0.2264,-0.0796,0.0080,-0.0000,0.0025,-0.0063,0.0011,-0.0397,0.0006,-0.0011,0.0000,0.0000,0.0409,-0.0437,-0.0287,0.0115,0.0002,0.0239,0.0239,0.8504,0.7075,-0.0022,-0.0029,0.2329,0.9947,-0.0000,0.1025,-0.1025,-0.0120,0.9947,0.0636,0.0133,0.1459,-0.0870,0.0243,0.1473,-0.0870,0.0243,0.1473,0.0926,0.0112,0.1456,-0.1287,0.0303,0.0915,0.1305,0.0058,0.0870,0.0375,0.0096,-0.1864,-0.1042,0.0087,-0.1859,0.0010,0.0028,0.0697,0.0507,0.0219,-0.0635,-0.0716,0.0131,-0.0677,0.0508,0.0308,-0.0861,-0.0774,0.0159,-0.0863,0.3024,-0.0017,0.0939,0.0012,-0.0065,-0.2114,-0.0267,0.0248,0.0601,-0.0014,-0.0004,0.0297,-0.0311,-0.1695,0.0232,0.0037,0.0658,0.0846,-0.0264,0.0343,0.0654,-0.0343
312,0.303415,-0.0262,-0.2734,0.2952,0.2934,0.0069,-0.0142,0.1967,-0.1769,0.0014,-0.2457,-0.1476,0.2139,0.5981,0.3362,-0.2870,-0.0203,-0.2310,0.1781,-0.1342,-0.2266,-0.0798,0.0018,-0.0000,0.0006,-0.0029,-0.0018,-0.0274,-0.0000,-0.0005,0.0000,0.0001,0.0183,-0.0138,-0.0203,0.0093,0.0001,0.0148,0.0405,-0.5182,0.4133,-0.0130,-0.0100,0.2329,0.9947,-0.0000,0.1024,-0.1024,-0.0120,0.9947,0.0636,0.0133,0.1459,-0.0870,0.0243,0.1473,-0.0870,0.0243,0.1473,0.0926,0.0112,0.1456,-0.1287,0.0303,0.0915,0.1305,0.0058,0.0871,0.0375,0.0096,-0.1864,-0.1041,0.0087,-0.1860,0.0010,0.0028,0.0697,0.0507,0.0219,-0.0635,-0.0716,0.0131,-0.0677,0.0508,0.0308,-0.0861,-0.0774,0.0159,-0.0863,0.3034,-0.0121,0.0896,0.0048,-0.0032,-0.2039,-0.0246,0.0213,0.0561,0.0052,0.0072,0.0429,-0.0507,-0.1874,0.0232,-0.0036,0.0489,0.0345,-0.0355,0.0454,0.0577,-0.0100
313,0.304390,-0.0262,-0.2734,0.2952,0.2934,0.0069,-0.0146,0.1967,-0.1769,0.0014,-0.2457,-0.1471,0.2136,0.5978,0.3364,-0.2870,-0.0200,-0.2306,0.1794,-0.1325,-0.2268,-0.0798,0.0018,-0.0003,0.0012,-0.0007,-0.0007,-0.0216,0.0001,-0.0024,0.0000,0.0001,0.0499,-0.0359,-0.0264,0.0084,-0.0001,0.0144,0.0143,0.7130,-0.5468,-0.0235,0.0093,0.2329,0.9948,-0.0000,0.1023,-0.1023,-0.0119,0.9947,0.0636,0.0133,0.1459,-0.0870,0.0243,0.1473,-0.0870,0.0243,0.1473,0.0925,0.0111,0.1456,-0.1287,0.0304,0.0914,0.1305,0.0057,0.0871,0.0375,0.0096,-0.1864,-0.1041,0.0087,-0.1860,0.0010,0.0028,0.0697,0.0507,0.0219,-0.0635,-0.0716,0.0131,-0.0677,0.0508,0.0308,-0.0861,-0.0774,0.0159,-0.0864,0.3044,-0.0010,0.0987,0.0037,-0.0085,-0.2003,-0.0337,0.0335,0.0749,-0.0136,0.0038,0.0340,-0.0490,-0.1775,0.0272,-0.0029,0.0731,0.0613,-0.0407,0.0208,0.0864,-0.0372
314,0.305366,-0.0262,-0.2734,0.2953,0.2933,0.0069,-0.0150,0.1967,-0.1769,0.0014,-0.2457,-0.1465,0.2128,0.5972,0.3365,-0.2870,-0.0197,-0.2303,0.1778,-0.1252,-0.2270,-0.0798,0.0069,-0.0003,0.0024,-0.0196,-0.0003,-0.0346,0.0006,-0.0010,-0.0000,-0.0000,0.0168,-0.0565,-0.0405,0.0152,0.0003,0.0466,0.0392,-0.5980,2.1859,0.0279,-0.0242,0.2329,0.9948,0.0000,0.1023,-0.1023,-0.0118,0.9947,0.0636,0.0132,0.1459,-0.0870,0.0244,0.1473,-0.0870,0.0244,0.1473,0.0925,0.0111,0.1457,-0.1288,0.0304,0.0914,0.1305,0.0056,0.0871,0.0375,0.0097,-0.1864,-0.1041,0.0088,-0.1860,0.0010,0.0028,0.0697,0.0507,0.0219,-0.0635,-0.0716,0.0131,-0.0677,0.0508,0.0308,-0.0861,-0.0773,0.0159,-0.0864,0.3054,-0.0123,0.0728,0.0058,0.0051,-0.2015,-0.0163,0.0147,0.0349,0.0617,0.0027,0.0360,-0.0324,-0.1921,0.0148,0.0046,0.0277,0.0268,-0.0083,0.0645,0.0449,0.0033
315,0.306341,-0.0261,-0.2734,0.2953,0.2932,0.0067,-0.0154,0.1967,-0.1770,0.0014,-0.2457,-0.1458,0.2123,0.5968,0.3367,-0.2870,-0.0195,-0.2299,0.1651,-0.1342,-0.2276,-0.0795,0.0021,-0.0005,0.0028,0.0097,-0.0108,-0.0135,-0.0004,-0.0039,0.0000,0.0001,0.0378,-0.0183,-0.0146,0.0032,-0.0000,-0.0112,0.0119,-0.8460,-0.9713,-0.0670,0.0454,0.2330,0.9948,0.0000,0.1023,-0.1023,-0.0118,0.9947,0.0636,0.0132,0.1459,-0.0870,0.0244,0.1472,-0.0870,0.0244,0.1472,0.0925,0.0111,0.1457,-0.1288,0.0305,0.0914,0.1305,0.0055,0.0871,0.0376,0.0097,-0.1864,-0.1041,0.0088,-0.1860,0.0010,0.0028,0.0697,0.0507,0.0219,-0.0635,-0.0716,0.0131,-0.0677,0.0508,0.0308,-0.0861,-0.0773,0.0159,-0.0864,0.3063,-0.0107,0.0862,0.0090,-0.0007,-0.2003,-0.0228,0.0275,0.0653,-0.0457,0.0054,0.0385,-0.0594,-0.1903,0.0242,-0.0063,0.0567,-0.0044,-0.0338,0.0242,0.0647,-0.0172
316,0.307317,-0.0260,-0.2734,0.2954,0.2932,0.0066,-0.0156,0.1967,-0.1771,0.0014,-0.2457,-0.1452,0.2116,0.5965,0.3368,-0.2870,-0.0192,-0.2297,0.1687,-0.1294,-0.2281,-0.0793,0.0047,-0.0004,0.0081,-0.0065,-0.0034,-0.0133,-0.0004,-0.0028,0.0000,0.0001,0.0351,-0.0428,-0.0216,0.0107,-0.0001,0.0291,0.0014,-0.4803,-0.3771,-0.0151,-0.0003,0.2330,0.9948,-0.0000,0.1023,-0.1023,-0.0117,0.9947,0.0636,0.0132,0.1459,-0.0870,0.0244,0.1472,-0.0870,0.0244,0.1472,0.0925,0.0111,0.1457,-0.1288,0.0305,0.0914,0.1305,0.0055,0.0871,0.0376,0.0098,-0.1864,-0.1041,0.0088,-0.1860,0.0010,0.0028,0.0697,0.0507,0.0219,-0.0635,-0.0716,0.0131,-0.0677,0.0508,0.0308,-0.0861,-0.0773,0.0158,-0.0864,0.3073,-0.0134,0.0971,0.0042,-0.0072,-0.2040,-0.0265,0.0232,0.0632,-0.0224,0.0071,0.0400,-0.0539,-0.1896,0.0234,-0.0053,0.0515,0.0291,-0.0388,0.0324,0.0689,-0.0168
317,0.308293,-0.0259,-0.2734,0.2955,0.2931,0.0066,-0.0159,0.1967,-0.1771,0.0014,-0.2457,-0.1447,0.2111,0.5961,0.3370,-0.2870,-0.0188,-0.2296,0.1639,-0.1347,-0.2282,-0.0792,0.0012,0.0025,0.0039,-0.0122,-0.0077,-0.0183,-0.0002,-0.0013,0.0000,0.0001,0.0476,-0.0366,-0.0345,0.0147,-0.0003,0.0242,0.0260,-1.9456,-1.9496,-0.0052,0.0016,0.2330,0.9948,0.0000,0.1023,-0.1023,-0.0116,0.9947,0.0636,0.0132,0.1459,-0.0870,0.0244,0.1472,-0.0870,0.0244,0.1472,0.0925,0.0111,0.1457,-0.1288,0.0305,0.0914,0.1304,0.0054,0.0872,0.0376,0.0098,-0.1865,-0.1041,0.0089,-0.1860,0.0010,0.0028,0.0697,0.0507,0.0219,-0.0635,-0.0716,0.0131,-0.0677,0.0508,0.0308,-0.0861,-0.0773,0.0158,-0.0864,0.3083,-0.0110,0.0581,0.0243,0.0210,-0.1910,-0.0069,0.0317,0.0593,-0.0695,0.0017,0.0277,-0.0611,-0.1940,0.0240,-0.0034,0.0616,-0.0872,-0.0141,0.0128,0.0516,-0.0179
318,0.309268,-0.0258,-0.2734,0.2958,0.2931,0.0066,-0.0161,0.1967,-0.1771,0.0014,-0.2457,-0.1442,0.2102,0.5958,0.3371,-0.2870,-0.0182,-0.2299,0.1759,-0.1218,-0.2289,-0.0792,0.0134,0.0002,0.0330,0.0088,0.0067,-0.0061,-0.0000,-0.0014,0.0000,0.0001,0.0170,-0.0530,-0.0044,0.0116,-0.0001,0.0309,-0.0512,0.5922,0.6819,-0.0519,0.0009,0.2330,0.9948,-0.0000,0.1022,-0.1022,-0.0115,0.9947,0.0636,0.0133,0.1459,-0.0870,0.0245,0.1472,-0.0870,0.0245,0.1472,0.0925,0.0111,0.1457,-0.1288,0.0306,0.0914,0.1304,0.0054,0.0872,0.0377,0.0098,-0.1865,-0.1041,0.0089,-0.1860,0.0010,0.0028,0.0697,0.0507,0.0219,-0.0635,-0.0716,0.0130,-0.0677,0.0509,0.0308,-0.0861,-0.0773,0.0158,-0.0864,0.3093,-0.0061,0.1000,0.0000,-0.0135,-0.2144,-0.0267,0.0201,0.0567,-0.0033,0.0019,0.0321,-0.0274,-0.1787,0.0211,0.0017,0.0544,0.0802,-0.0320,0.0362,0.0625,-0.0221
319,0.310244,-0.0257,-0.2733,0.2962,0.2931,0.0066,-0.0163,0.1967,-0.1771,0.0014,-0.2457,-0.1438,0.2097,0.5954,0.3373,-0.2870,-0.0179,-0.2296,0.1702,-0.1262,-0.2293,-0.0792,0.0023,0.0028,0.0094,-0.0083,-0.0094,-0.0219,-0.0003,-0.0007,0.0000,0.0000,0.0241,-0.0103,-0.0266,0.0078,0.0001,0.0141,0.0648,0.2261,0.2471,-0.0062,0.0012,0.2330,0.9948,-0.0000,0.1021,-0.1021,-0.0114,0.9947,0.0635,0.0133,0.1459,-0.0870,0.0246,0.1472,-0.0870,0.0246,0.1472,0.0925,0.0111,0.1457,-0.1288,0.0306,0.0913,0.1304,0.0054,0.0872,0.0377,0.0098,-0.1865,-0.1041,0.0089,-0.1860,0.0010,0.0028,0.0697,0.0508,0.0219,-0.0635,-0.0715,0.0130,-0.0677,0.0509,0.0308,-0.0861,-0.0773,0.0158,-0.0864,0.3102,-0.0091,0.0992,0.0011,-0.0138,-0.2071,-0.0279,0.0195,0.0594,-0.0057,0.0065,0.0378,-0.0354,-0.1842,0.0236,-0.0014,0.0526,0.0608,-0.0385,0.0395,0.0679,-0.0182
320,0.311220,-0.0256,-0.2733,0.2963,0.2930,0.0064,-0.0168,0.1967,-0.1771,0.0014,-0.2457,-0.1432,0.2095,0.5950,0.3374,-0.2870,-0.0176,-0.2288,0.1743,-0.1233,-0.2294,-0.0792,0.0010,0.0022,0.0014,-0.0096,-0.0095,-0.0269,-0.0007,-0.0010,0.0000,0.0001,0.0391,-0.0154,-0.0215,0.0083,-0.0002,0.0208,0.0438,1.1605,0.4973,-0.0066,0.0007,0.2330,0.9948,0.0000,0.1022,-0.1022,-0.0114,0.9947,0.0635,0.0133,0.1459,-0.0870,0.0246,0.1472,-0.0870,0.0246,0.1472,0.0925,0.0111,0.1457,-0.1288,0.0307,0.0913,0.1304,0.0053,0.0872,0.0377,0.0099,-0.1865,-0.1041,0.0089,-0.1860,0.0010,0.0028,0.0697,0.0508,0.0219,-0.0635,-0.0715,0.0130,-0.0677,0.0509,0.0308,-0.0861,-0.0773,0.0158,-0.0864,0.3112,-0.0036,0.0962,-0.0002,-0.0113,-0.2114,-0.0257,0.0221,0.0606,-0.0099,0.0027,0.0236,-0.0194,-0.1720,0.0216,0.0042,0.0632,0.0779,-0.0283,0.0353,0.0707,-0.0314
321,0.312195,-0.0256,-0.2732,0.2963,0.2929,0.0063,-0.0172,0.1966,-0.1772,0.0014,-0.2457,-0.1428,0.2093,0.5947,0.3376,-0.2870,-0.0173,-0.2280,0.1782,-0.1238,-0.2295,-0.0792,0.0002,0.0020,0.0003,-0.0044,-0.0046,-0.0245,-0.0006,-0.0001,0.0000,0.0001,0.0098,-0.0054,-0.0184,0.0096,0.0002,0.0208,0.0465,-0.3953,0.6991,-0.0059,-0.0065,0.2330,0.9948,-0.0000,0.1022,-0.1022,-0.0114,0.9947,0.0635,0.0132,0.1460,-0.0870,0.0246,0.1472,-0.0870,0.0246,0.1472,0.0924,0.0111,0.1457,-0.1288,0.0307,0.0913,0.1304,0.0052,0.0872,0.0378,0.0099,-0.1865,-0.1040,0.0090,-0.1861,0.0010,0.0028,0.0697,0.0508,0.0219,-0.0635,-0.0715,0.0130,-0.0677,0.0509,0.0308,-0.0861,-0.0773,0.0158,-0.0864,0.3122,-0.0143,0.0906,0.0029,-0.0075,-0.2050,-0.0223,0.0161,0.0497,0.0092,0.0085,0.0407,-0.0377,-0.1905,0.0209,-0.0028,0.0393,0.0344,-0.0363,0.0513,0.0551,-0.0013
322,0.313171,-0.0256,-0.2732,0.2963,0.2928,0.0062,-0.0176,0.1966,-0.1772,0.0014,-0.2457,-0.1422,0.2091,0.5943,0.3377,-0.2870,-0.0170,-0.2275,0.1793,-0.1236,-0.2299,-0.0790,0.0002,0.0058,0.0001,-0.0008,-0.0046,-0.0170,-0.0003,-0.0011,0.0000,0.0001,0.0367,-0.0194,-0.0280,0.0083,0.0002,0.0062,0.0191,-0.5111,0.6353,-0.0214,0.0159,0.2330,0.9948,0.0000,0.1023,-0.1023,-0.0113,0.9947,0.0635,0.0132,0.1460,-0.0870,0.0246,0.1471,-0.0870,0.0246,0.1471,0.0924,0.0110,0.1457,-0.1288,0.0307,0.0913,0.1304,0.0051,0.0872,0.0378,0.0099,-0.1865,-0.1040,0.0090,-0.1861,0.0010,0.0028,0.0697,0.0508,0.0219,-0.0635,-0.0715,0.0130,-0.0678,0.0509,0.0308,-0.0861,-0.0773,0.0158,-0.0864,0.3132,-0.0144,0.0911,0.0029,-0.0065,-0.2049,-0.0221,0.0163,0.0499,0.0066,0.0096,0.0411,-0.0393,-0.1921,0.0205,-0.0036,0.0377,0.0287,-0.0373,0.0512,0.0544,-0.0002
323,0.314146,-0.0256,-0.2731,0.2963,0.2928,0.0061,-0.0179,0.1966,-0.1772,0.0014,-0.2457,-0.1417,0.2088,0.5939,0.3378,-0.2870,-0.0169,-0.2272,0.1719,-0.1175,-0.2302,-0.0788,0.0003,0.0047,0.0001,-0.0003,-0.0050,-0.0154,-0.0003,-0.0011,0.0000,0.0001,0.0490,-0.0239,-0.0314,0.0091,0.0002,0.0095,0.0183,-1.9864,1.5576,-0.0248,0.0210,0.2330,0.9948,-0.0000,0.1023,-0.1023,-0.0111,0.9947,0.0635,0.0132,0.1460,-0.0871,0.0247,0.1471,-0.0871,0.0247,0.1471,0.0924,0.0110,0.1458,-0.1288,0.0308,0.0913,0.1304,0.0051,0.0873,0.0378,0.0100,-0.1865,-0.1040,0.0090,-0.1861,0.0009,0.0028,0.0697,0.0508,0.0219,-0.0635,-0.0715,0.0130,-0.0678,0.0509,0.0308,-0.0861,-0.0773,0.0158,-0.0864,0.3141,-0.0288,0.0608,0.0120,0.0038,-0.1892,-0.0119,0.0020,0.0278,0.0548,0.0107,0.0431,-0.0296,-0.2247,0.0073,0.0014,0.0037,-0.0480,-0.0162,0.0781,0.0479,0.0265
324,0.315122,-0.0257,-0.2730,0.2963,0.2929,0.0061,-0.0180,0.1966,-0.1773,0.0014,-0.2457,-0.1409,0.2085,0.5934,0.3379,-0.2870,-0.0169,-0.2271,0.1663,-0.1141,-0.2307,-0.0782,-0.0181,0.0145,0.0054,0.0109,-0.0076,-0.0070,-0.0166,-0.0156,-0.0000,0.0001,0.0604,-0.0084,-0.0333,0.0013,0.0003,-0.0166,-0.0190,-1.6903,1.7284,-0.0323,0.0669,0.2330,0.9948,-0.0000,0.1023,-0.1023,-0.0110,0.9947,0.0635,0.0132,0.1460,-0.0871,0.0247,0.1471,-0.0871,0.0247,0.1471,0.0924,0.0110,0.1458,-0.1289,0.0307,0.0913,0.1304,0.0050,0.0873,0.0379,0.0100,-0.1865,-0.1040,0.0090,-0.1861,0.0009,0.0028,0.0697,0.0508,0.0219,-0.0635,-0.0715,0.0130,-0.0678,0.0509,0.0308,-0.0861,-0.0773,0.0158,-0.0864,0.3151,-0.0301,0.0682,0.0097,0.0071,-0.1970,-0.0117,0.0010,0.0276,0.0548,0.0110,0.0409,-0.0257,-0.2162,0.0079,0.0016,0.0003,-0.0261,-0.0125,0.0778,0.0482,0.0176
325,0.316098,-0.0260,-0.2728,0.2965,0.2930,0.0060,-0.0181,0.1963,-0.1775,0.0014,-0.2457,-0.1401,0.2083,0.5928,0.3379,-0.2870,-0.0172,-0.2273,0.1665,-0.1136,-0.2312,-0.0776,-0.0180,0.0059,0.0093,0.0065,-0.0040,-0.0011,-0.0117,-0.0124,-0.0000,0.0000,0.0393,-0.0073,-0.0308,0.0002,0.0001,-0.0143,-0.0049,-0.1144,0.2996,-0.0296,0.0294,0.2330,0.9948,0.0000,0.1021,-0.1021,-0.0108,0.9947,0.0634,0.0133,0.1460,-0.0871,0.0247,0.1471,-0.0871,0.0247,0.1471,0.0923,0.0111,0.1458,-0.1289,0.0307,0.0912,0.1303,0.0050,0.0873,0.0379,0.0100,-0.1865,-0.1040,0.0090,-0.1861,0.0009,0.0029,0.0697,0.0508,0.0219,-0.0635,-0.0715,0.0130,-0.0678,0.0510,0.0308,-0.0861,-0.0772,0.0158,-0.0865,0.3161,-0.0160,0.1013,0.0004,-0.0156,-0.2098,-0.0239,0.0132,0.0533,-0.0151,0.0092,0.0377,-0.0299,-0.1919,0.0205,-0.0025,0.0385,0.0470,-0.0383,0.0450,0.0631,-0.0084
326,0.317073,-0.0262,-0.2727,0.2966,0.2930,0.0059,-0.0182,0.1962,-0.1776,0.0014,-0.2457,-0.1396,0.2082,0.5923,0.3379,-0.2870,-0.0172,-0.2271,0.1645,-0.1112,-0.2316,-0.0772,-0.0039,0.0099,0.0035,-0.0023,-0.0048,-0.0121,-0.0042,-0.0042,0.0000,0.0000,0.0324,-0.0112,-0.0394,0.0033,-0.0001,0.0126,0.0377,0.5266,-0.4003,-0.0149,0.0111,0.2330,0.9948,-0.0000,0.1018,-0.1018,-0.0105,0.9947,0.0634,0.0133,0.1460,-0.0872,0.0247,0.1471,-0.0872,0.0247,0.1471,0.0923,0.0111,0.1458,-0.1289,0.0308,0.0912,0.1303,0.0050,0.0873,0.0380,0.0100,-0.1865,-0.1039,0.0090,-0.1861,0.0009,0.0029,0.0697,0.0508,0.0219,-0.0635,-0.0715,0.0130,-0.0678,0.0510,0.0308,-0.0861,-0.0772,0.0157,-0.0865,0.3171,-0.0110,0.1043,0.0006,-0.0215,-0.2043,-0.0310,0.0209,0.0660,-0.0205,0.0096,0.0323,-0.0274,-0.1891,0.0237,-0.0024,0.0502,0.0534,-0.0429,0.0306,0.0853,-0.0207
327,0.318049,-0.0263,-0.2725,0.2966,0.2929,0.0058,-0.0185,0.1962,-0.1777,0.0014,-0.2457,-0.1391,0.2081,0.5916,0.3381,-0.2870,-0.0170,-0.2264,0.1580,-0.1069,-0.2316,-0.0771,-0.0006,0.0251,0.0006,-0.0166,-0.0076,-0.0281,-0.0014,-0.0004,0.0000,0.0000,0.0173,-0.0051,-0.0496,0.0143,0.0003,0.0193,0.0433,-2.1253,1.9286,0.0297,0.0017,0.2331,0.9948,-0.0000,0.1017,-0.1017,-0.0104,0.9948,0.0634,0.0133,0.1460,-0.0872,0.0248,0.1470,-0.0872,0.0248,0.1470,0.0923,0.0111,0.1458,-0.1289,0.0308,0.0912,0.1303,0.0050,0.0874,0.0380,0.0100,-0.1865,-0.1039,0.0090,-0.1862,0.0009,0.0029,0.0697,0.0508,0.0218,-0.0635,-0.0715,0.0130,-0.0678,0.0510,0.0307,-0.0861,-0.0772,0.0157,-0.0865,0.3180,-0.0396,0.0616,0.0123,-0.0075,-0.1803,-0.0095,-0.0034,0.0224,0.0698,0.0131,0.0403,-0.0186,-0.2348,0.0026,0.0030,-0.0184,-0.0535,-0.0121,0.0882,0.0452,0.0384
328,0.319024,-0.0265,-0.2722,0.2967,0.2929,0.0057,-0.0189,0.1960,-0.1778,0.0014,-0.2457,-0.1384,0.2080,0.5909,0.3382,-0.2870,-0.0171,-0.2263,0.1553,-0.1005,-0.2319,-0.0765,-0.0354,0.0089,0.0077,0.0092,-0.0042,-0.0083,-0.0156,-0.0173,-0.0001,0.0000,0.0376,-0.0010,-0.0487,0.0025,-0.0002,-0.0339,-0.0199,0.5682,-0.5065,-0.0273,0.0506,0.2331,0.9948,0.0000,0.1014,-0.1014,-0.0102,0.9948,0.0633,0.0134,0.1460,-0.0872,0.0248,0.1470,-0.0872,0.0248,0.1470,0.0923,0.0112,0.1458,-0.1289,0.0309,0.0911,0.1303,0.0050,0.0874,0.0381,0.0099,-0.1866,-0.1039,0.0090,-0.1862,0.0009,0.0029,0.0697,0.0509,0.0218,-0.0635,-0.0715,0.0130,-0.0678,0.0510,0.0307,-0.0861,-0.0772,0.0157,-0.0865,0.3190,-0.0137,0.1061,-0.0002,-0.0240,-0.2082,-0.0301,0.0182,0.0653,-0.0336,0.0106,0.0302,-0.0198,-0.1913,0.0221,-0.0023,0.0437,0.0529,-0.0399,0.0290,0.0868,-0.0211
329,0.320000,-0.0269,-0.2721,0.2968,0.2929,0.0056,-0.0191,0.1958,-0.1780,0.0014,-0.2457,-0.1380,0.2079,0.5901,0.3382,-0.2870,-0.0173,-0.2262,0.1556,-0.1009,-0.2320,-0.0762,-0.0144,0.0134,0.0038,-0.0152,-0.0076,-0.0217,-0.0062,-0.0060,-0.0000,-0.0000,0.0173,-0.0108,-0.0525,0.0071,0.0002,0.0120,0.0340,-0.7939,0.7949,0.0135,-0.0067,0.2331,0.9949,-0.0000,0.1010,-0.1010,-0.0100,0.9948,0.0633,0.0135,0.1460,-0.0873,0.0249,0.1470,-0.0873,0.0249,0.1470,0.0922,0.0113,0.1459,-0.1290,0.0309,0.0911,0.1303,0.0050,0.0874,0.0381,0.0099,-0.1866,-0.1038,0.0090,-0.1862,0.0008,0.0030,0.0697,0.0509,0.0218,-0.0635,-0.0715,0.0129,-0.0678,0.0510,0.0306,-0.0861,-0.0772,0.0157,-0.0865,0.3200,-0.0229,0.0940,0.0025,-0.0119,-0.2088,-0.0185,0.0075,0.0421,-0.0057,0.0125,0.0368,-0.0201,-0.1973,0.0164,-0.0017,0.0155,0.0230,-0.0257,0.0585,0.0532,0.0032
330,0.320976,-0.0271,-0.2718,0.2968,0.2927,0.0053,-0.0194,0.1957,-0.1781,0.0014,-0.2457,-0.1374,0.2078,0.5895,0.3383,-0.2870,-0.0173,-0.2258,0.1417,-0.0871,-0.2324,-0.0759,-0.0023,0.0153,0.0006,-0.0048,-0.0186,-0.0120,-0.0060,-0.0015,0.0000,0.0001,0.0417,-0.0018,-0.0270,0.0021,-0.0000,-0.0114,0.0107,-0.8502,0.8444,-0.0429,0.0355,0.2331,0.9949,0.0000,0.1007,-0.1007,-0.0099,0.9949,0.0633,0.0135,0.1460,-0.0873,0.0250,0.1470,-0.0873,0.0250,0.1470,0.0922,0.0113,0.1459,-0.1290,0.0310,0.0911,0.1303,0.0050,0.0875,0.0382,0.0099,-0.1866,-0.1038,0.0089,-0.1862,0.0008,0.0030,0.0697,0.0509,0.0218,-0.0635,-0.0714,0.0129,-0.0679,0.0510,0.0306,-0.0861,-0.0772,0.0157,-0.0865,0.3210,-0.0291,0.0935,0.0028,-0.0172,-0.2109,-0.0168,0.0026,0.0391,-0.0155,0.0142,0.0350,-0.0099,-0.2054,0.0138,-0.0003,0.0038,0.0143,-0.0202,0.0599,0.0551,0.0085
331,0.321951,-0.0271,-0.2714,0.2968,0.2926,0.0051,-0.0196,0.1956,-0.1781,0.0014,-0.2457,-0.1368,0.2078,0.5888,0.3383,-0.2870,-0.0176,-0.2257,0.1445,-0.0885,-0.2329,-0.0754,-0.0081,0.0187,0.0001,-0.0019,-0.0102,-0.0051,-0.0050,-0.0043,0.0000,0.0001,0.0286,-0.0003,-0.0388,0.0005,-0.0002,-0.0191,0.0033,0.8643,-0.6916,-0.0290,0.0260,0.2331,0.9950,0.0000,0.1004,-0.1003,-0.0097,0.9949,0.0633,0.0135,0.1460,-0.0873,0.0250,0.1469,-0.0873,0.0250,0.1469,0.0922,0.0113,0.1459,-0.1290,0.0310,0.0910,0.1302,0.0050,0.0875,0.0383,0.0098,-0.1866,-0.1037,0.0088,-0.1862,0.0008,0.0030,0.0697,0.0509,0.0217,-0.0635,-0.0714,0.0129,-0.0679,0.0511,0.0305,-0.0861,-0.0771,0.0156,-0.0866,0.3220,-0.0132,0.1086,-0.0016,-0.0283,-0.2089,-0.0319,0.0183,0.0678,-0.0400,0.0124,0.0252,-0.0080,-0.1895,0.0209,-0.0010,0.0430,0.0610,-0.0350,0.0263,0.0946,-0.0276
332,0.322927,-0.0272,-0.2711,0.2968,0.2925,0.0049,-0.0198,0.1956,-0.1782,0.0014,-0.2457,-0.1365,0.2078,0.5881,0.3383,-0.2870,-0.0177,-0.2254,0.1455,-0.0887,-0.2328,-0.0753,-0.0029,0.0265,0.0000,-0.0194,-0.0105,-0.0255,-0.0025,-0.0012,-0.0000,-0.0001,0.0104,-0.0002,-0.0513,0.0002,0.0001,0.0034,0.0333,0.4055,0.4351,0.0212,-0.0079,0.2331,0.9950,0.0000,0.1001,-0.1001,-0.0096,0.9949,0.0632,0.0136,0.1461,-0.0873,0.0251,0.1469,-0.0873,0.0251,0.1469,0.0922,0.0114,0.1459,-0.1290,0.0310,0.0910,0.1302,0.0050,0.0875,0.0383,0.0098,-0.1866,-0.1037,0.0088,-0.1863,0.0008,0.0030,0.0697,0.0509,0.0217,-0.0635,-0.0714,0.0129,-0.0679,0.0511,0.0305,-0.0861,-0.0771,0.0156,-0.0866,0.3229,-0.0179,0.1098,-0.0023,-0.0277,-0.2156,-0.0243,0.0063,0.0500,-0.0273,0.0097,0.0280,-0.0010,-0.1844,0.0185,0.0020,0.0313,0.0757,-0.0295,0.0450,0.0686,-0.0163
333,0.323902,-0.0272,-0.2706,0.2968,0.2920,0.0045,-0.0203,0.1955,-0.1782,0.0014,-0.2457,-0.1362,0.2078,0.5874,0.3384,-0.2870,-0.0177,-0.2248,0.1420,-0.0893,-0.2328,-0.0753,-0.0002,0.0236,-0.0000,-0.0168,-0.0175,-0.0236,-0.0030,-0.0004,0.0000,0.0001,0.0164,-0.0001,-0.0435,0.0032,0.0001,0.0006,0.0372,0.4702,0.7312,-0.0101,0.0020,0.2332,0.9950,-0.0000,0.1000,-0.1000,-0.0095,0.9949,0.0632,0.0136,0.1461,-0.0873,0.0251,0.1469,-0.0873,0.0251,0.1469,0.0922,0.0114,0.1459,-0.1290,0.0311,0.0910,0.1302,0.0049,0.0875,0.0384,0.0098,-0.1867,-0.1036,0.0088,-0.1863,0.0008,0.0030,0.0696,0.0510,0.0217,-0.0635,-0.0714,0.0128,-0.0679,0.0511,0.0305,-0.0861,-0.0771,0.0156,-0.0866,0.3239,-0.0187,0.1087,-0.0026,-0.0283,-0.2182,-0.0212,0.0042,0.0462,-0.0259,0.0094,0.0253,0.0067,-0.1832,0.0166,0.0034,0.0265,0.0783,-0.0239,0.0495,0.0643,-0.0141
334,0.324878,-0.0272,-0.2703,0.2968,0.2918,0.0042,-0.0205,0.1955,-0.1782,0.0014,-0.2457,-0.1360,0.2078,0.5868,0.3385,-0.2870,-0.0177,-0.2243,0.1458,-0.0860,-0.2330,-0.0752,0.0002,0.0230,-0.0000,-0.0248,-0.0272,-0.0162,-0.0057,-0.0006,0.0000,0.0001,0.0128,0.0001,-0.0381,0.0033,-0.0001,-0.0048,0.0346,0.0356,-0.3142,-0.0114,0.0070,0.2332,0.9950,0.0000,0.0999,-0.0999,-0.0094,0.9950,0.0632,0.0136,0.1461,-0.0874,0.0251,0.1469,-0.0874,0.0251,0.1469,0.0921,0.0114,0.1459,-0.1290,0.0311,0.0910,0.1302,0.0049,0.0875,0.0385,0.0098,-0.1867,-0.1036,0.0087,-0.1863,0.0008,0.0030,0.0697,0.0510,0.0216,-0.0635,-0.0714,0.0128,-0.0679,0.0511,0.0304,-0.0862,-0.0771,0.0156,-0.0866,0.3249,-0.0227,0.1105,-0.0010,-0.0260,-0.2105,-0.0258,0.0064,0.0536,-0.0343,0.0135,0.0297,-0.0094,-0.1903,0.0196,-0.0024,0.0309,0.0578,-0.0380,0.0394,0.0777,-0.0150
335,0.325854,-0.0272,-0.2698,0.2968,0.2914,0.0039,-0.0209,0.1954,-0.1782,0.0014,-0.2457,-0.1357,0.2078,0.5860,0.3385,-0.2870,-0.0178,-0.2238,0.1581,-0.0976,-0.2332,-0.0751,0.0001,0.0320,-0.0000,-0.0172,-0.0162,-0.0221,-0.0034,-0.0003,0.0000,0.0001,0.0234,-0.0002,-0.0515,0.0050,0.0000,-0.0015,0.0236,0.9166,-0.7585,-0.0045,0.0061,0.2332,0.9950,-0.0000,0.1000,-0.1000,-0.0093,0.9949,0.0632,0.0136,0.1461,-0.0874,0.0251,0.1469,-0.0874,0.0251,0.1469,0.0921,0.0113,0.1459,-0.1290,0.0311,0.0909,0.1302,0.0048,0.0876,0.0386,0.0097,-0.1867,-0.1035,0.0087,-0.1863,0.0008,0.0030,0.0697,0.0510,0.0216,-0.0635,-0.0713,0.0128,-0.0679,0.0512,0.0304,-0.0862,-0.0770,0.0155,-0.0866,0.3259,-0.0088,0.1085,-0.0013,-0.0240,-0.2044,-0.0312,0.0205,0.0674,-0.0330,0.0115,0.0241,-0.0111,-0.1795,0.0224,-0.0014,0.0520,0.0668,-0.0383,0.0278,0.0944,-0.0342
336,0.326829,-0.0272,-0.2694,0.2968,0.2911,0.0036,-0.0214,0.1953,-0.1782,0.0014,-0.2457,-0.1355,0.2078,0.5852,0.3386,-0.2870,-0.0177,-0.2233,0.1634,-0.1012,-0.2331,-0.0752,-0.0002,0.0206,0.0000,-0.0192,-0.0123,-0.0329,-0.0010,0.0009,-0.0000,-0.0000,0.0092,-0.0003,-0.0390,0.0083,0.0000,0.0125,0.0325,0.5120,-0.4640,0.0097,-0.0153,0.2332,0.9950,-0.0000,0.1001,-0.1001,-0.0092,0.9949,0.0632,0.0135,0.1461,-0.0874,0.0252,0.1468,-0.0874,0.0252,0.1468,0.0921,0.0113,0.1460,-0.1290,0.0311,0.0909,0.1302,0.0048,0.0876,0.0387,0.0098,-0.1867,-0.1034,0.0087,-0.1864,0.0008,0.0030,0.0697,0.0510,0.0216,-0.0635,-0.0713,0.0128,-0.0679,0.0512,0.0304,-0.0862,-0.0770,0.0155,-0.0866,0.3268,-0.0114,0.1097,-0.0019,-0.0241,-0.2036,-0.0280,0.0146,0.0593,-0.0252,0.0115,0.0284,-0.0150,-0.1793,0.0225,-0.0021,0.0483,0.0666,-0.0433,0.0349,0.0836,-0.0256
337,0.327805,-0.0272,-0.2691,0.2968,0.2908,0.0034,-0.0218,0.1953,-0.1782,0.0014,-0.2457,-0.1352,0.2078,0.5846,0.3388,-0.2870,-0.0175,-0.2228,0.1572,-0.0949,-0.2331,-0.0753,0.0000,0.0209,-0.0000,-0.0135,-0.0116,-0.0309,-0.0008,0.0005,0.0000,0.0000,0.0208,-0.0002,-0.0395,0.0078,-0.0001,0.0095,0.0333,0.1396,-0.2130,-0.0012,-0.0020,0.2333,0.9950,0.0000,0.1004,-0.1004,-0.0091,0.9949,0.0632,0.0135,0.1461,-0.0874,0.0252,0.1468,-0.0874,0.0252,0.1468,0.0921,0.0112,0.1460,-0.1290,0.0312,0.0909,0.1302,0.0047,0.0876,0.0388,0.0098,-0.1867,-0.1033,0.0088,-0.1864,0.0008,0.0030,0.0697,0.0510,0.0216,-0.0635,-0.0713,0.0128,-0.0680,0.0513,0.0304,-0.0862,-0.0769,0.0156,-0.0867,0.3278,-0.0179,0.1094,-0.0015,-0.0245,-0.2057,-0.0252,0.0080,0.0517,-0.0253,0.0125,0.0305,-0.0130,-0.1833,0.0205,-0.0024,0.0373,0.0604,-0.0418,0.0411,0.0749,-0.0166
338,0.328781,-0.0272,-0.2687,0.2968,0.2906,0.0032,-0.0223,0.1953,-0.1782,0.0014,-0.2457,-0.1348,0.2078,0.5839,0.3389,-0.2870,-0.0174,-0.2222,0.1705,-0.1065,-0.2332,-0.0752,0.0002,0.0241,-0.0000,-0.0110,-0.0136,-0.0253,-0.0013,-0.0002,0.0000,0.0001,0.0244,-0.0001,-0.0425,0.0072,0.0000,0.0032,0.0326,0.9079,-0.8284,-0.0085,0.0130,0.2333,0.9949,0.0000,0.1006,-0.1006,-0.0090,0.9949,0.0631,0.0134,0.1461,-0.0874,0.0252,0.1468,-0.0874,0.0252,0.1468,0.0920,0.0111,0.1460,-0.1291,0.0312,0.0909,0.1301,0.0045,0.0877,0.0388,0.0099,-0.1867,-0.1033,0.0088,-0.1864,0.0008,0.0030,0.0697,0.0510,0.0216,-0.0635,-0.0713,0.0128,-0.0680,0.0513,0.0304,-0.0862,-0.0769,0.0156,-0.0867,0.3288,-0.0061,0.1045,-0.0003,-0.0194,-0.1979,-0.0301,0.0236,0.0673,-0.0249,0.0109,0.0241,-0.0177,-0.1749,0.0236,-0.0024,0.0577,0.0586,-0.0415,0.0287,0.0939,-0.0339
339,0.329756,-0.0272,-0.2684,0.2968,0.2904,0.0030,-0.0228,0.1953,-0.1782,0.0014,-0.2457,-0.1346,0.2078,0.5833,0.3390,-0.2870,-0.0172,-0.2216,0.1757,-0.1109,-0.2332,-0.0752,-0.0003,0.0136,0.0000,-0.0104,-0.0055,-0.0308,-0.0011,0.0009,-0.0000,-0.0000,0.0092,-0.0004,-0.0279,0.0095,0.0000,0.0242,0.0342,0.5086,-0.4871,0.0092,-0.0122,0.2333,0.9949,-0.0000,0.1009,-0.1009,-0.0089,0.9949,0.0631,0.0133,0.1461,-0.0874,0.0252,0.1468,-0.0874,0.0252,0.1468,0.0920,0.0111,0.1460,-0.1291,0.0312,0.0909,0.1302,0.0045,0.0877,0.0389,0.0099,-0.1868,-0.1032,0.0089,-0.1864,0.0008,0.0029,0.0697,0.0511,0.0216,-0.0635,-0.0712,0.0129,-0.0680,0.0513,0.0304,-0.0862,-0.0769,0.0156,-0.0867,0.3298,-0.0081,0.1062,-0.0015,-0.0213,-0.1983,-0.0275,0.0174,0.0591,-0.0157,0.0112,0.0289,-0.0212,-0.1761,0.0234,-0.0030,0.0543,0.0592,-0.0473,0.0363,0.0821,-0.0238
340,0.330732,-0.0272,-0.2681,0.2968,0.2903,0.0029,-0.0234,0.1953,-0.1782,0.0014,-0.2457,-0.1344,0.2078,0.5829,0.3392,-0.2870,-0.0168,-0.2211,0.1695,-0.1047,-0.2331,-0.0753,0.0001,0.0151,0.0000,-0.0054,-0.0052,-0.0279,-0.0010,0.0004,0.0000,0.0001,0.0221,-0.0002,-0.0295,0.0092,-0.0001,0.0210,0.0369,0.1307,-0.1843,-0.0011,0.0011,0.2333,0.9948,-0.0000,0.1014,-0.1014,-0.0088,0.9948,0.0631,0.0132,0.1462,-0.0874,0.0251,0.1468,-0.0874,0.0251,0.1468,0.0920,0.0109,0.1460,-0.1291,0.0313,0.0909,0.1301,0.0043,0.0877,0.0389,0.0100,-0.1868,-0.1032,0.0090,-0.1864,0.0008,0.0029,0.0697,0.0511,0.0216,-0.0635,-0.0712,0.0129,-0.0680,0.0513,0.0304,-0.0862,-0.0769,0.0157,-0.0867,0.3307,-0.0150,0.1055,-0.0013,-0.0217,-0.2010,-0.0240,0.0104,0.0508,-0.0160,0.0120,0.0315,-0.0191,-0.1812,0.0212,-0.0031,0.0415,0.0513,-0.0458,0.0432,0.0718,-0.0129
341,0.331707,-0.0272,-0.2679,0.2968,0.2902,0.0028,-0.0237,0.1952,-0.1782,0.0014,-0.2457,-0.1339,0.2078,0.5823,0.3393,-0.2870,-0.0165,-0.2204,0.1701,-0.1046,-0.2331,-0.0752,0.0003,0.0161,-0.0000,-0.0036,-0.0077,-0.0229,-0.0026,-0.0003,0.0000,0.0001,0.0260,-0.0001,-0.0296,0.0076,-0.0001,0.0135,0.0352,0.2593,-0.3742,-0.0073,0.0154,0.2333,0.9948,-0.0000,0.1018,-0.1018,-0.0088,0.9948,0.0631,0.0131,0.1462,-0.0874,0.0251,0.1468,-0.0874,0.0251,0.1468,0.0920,0.0108,0.1461,-0.1291,0.0313,0.0909,0.1301,0.0042,0.0877,0.0390,0.0101,-0.1868,-0.1031,0.0090,-0.1865,0.0008,0.0029,0.0697,0.0511,0.0216,-0.0635,-0.0712,0.0129,-0.0680,0.0513,0.0304,-0.0861,-0.0769,0.0157,-0.0867,0.3317,-0.0147,0.1040,-0.0007,-0.0218,-0.1992,-0.0249,0.0130,0.0543,-0.0181,0.0125,0.0299,-0.0194,-0.1838,0.0216,-0.0035,0.0432,0.0450,-0.0468,0.0404,0.0764,-0.0124
342,0.332683,-0.0272,-0.2675,0.2968,0.2902,0.0027,-0.0241,0.1952,-0.1782,0.0014,-0.2457,-0.1335,0.2078,0.5818,0.3395,-0.2870,-0.0162,-0.2198,0.1694,-0.1007,-0.2332,-0.0750,0.0004,0.0156,-0.0000,-0.0028,-0.0054,-0.0214,-0.0014,-0.0002,0.0000,0.0001,0.0202,-0.0001,-0.0285,0.0075,-0.0001,0.0172,0.0343,0.2934,-0.1543,-0.0023,0.0118,0.2333,0.9948,-0.0000,0.1023,-0.1023,-0.0087,0.9947,0.0631,0.0131,0.1462,-0.0874,0.0251,0.1468,-0.0874,0.0251,0.1468,0.0920,0.0107,0.1461,-0.1291,0.0313,0.0909,0.1301,0.0041,0.0877,0.0390,0.0102,-0.1868,-0.1031,0.0091,-0.1865,0.0008,0.0029,0.0697,0.0511,0.0216,-0.0635,-0.0712,0.0130,-0.0680,0.0513,0.0304,-0.0861,-0.0768,0.0157,-0.0867,0.3327,-0.0159,0.1026,-0.0009,-0.0232,-0.2003,-0.0241,0.0105,0.0507,-0.0151,0.0123,0.0298,-0.0160,-0.1845,0.0206,-0.0024,0.0395,0.0446,-0.0452,0.0430,0.0716,-0.0084
343,0.333659,-0.0272,-0.2673,0.2968,0.2901,0.0026,-0.0244,0.1952,-0.1782,0.0014,-0.2457,-0.1332,0.2078,0.5813,0.3396,-0.2870,-0.0159,-0.2192,0.1701,-0.1005,-0.2333,-0.0747,0.0003,0.0166,0.0000,-0.0067,-0.0104,-0.0200,-0.0044,-0.0004,0.0000,0.0001,0.0217,-0.0000,-0.0283,0.0085,0.0001,0.0165,0.0374,-0.6251,0.4100,-0.0015,0.0175,0.2333,0.9947,-0.0000,0.1027,-0.1027,-0.0087,0.9947,0.0631,0.0129,0.1462,-0.0875,0.0250,0.1468,-0.0875,0.0250,0.1468,0.0920,0.0106,0.1461,-0.1291,0.0313,0.0909,0.1301,0.0040,0.0878,0.0390,0.0103,-0.1868,-0.1031,0.0092,-0.1865,0.0008,0.0028,0.0697,0.0511,0.0216,-0.0635,-0.0712,0.0130,-0.0680,0.0513,0.0304,-0.0861,-0.0768,0.0157,-0.0867,0.3337,-0.0223,0.0923,0.0011,-0.0134,-0.2015,-0.0166,0.0063,0.0392,-0.0093,0.0149,0.0345,-0.0180,-0.1930,0.0162,-0.0039,0.0201,0.0122,-0.0372,0.0589,0.0504,0.0101
344,0.334634,-0.0272,-0.2670,0.2968,0.2900,0.0024,-0.0247,0.1950,-0.1782,0.0014,-0.2457,-0.1327,0.2078,0.5809,0.3397,-0.2870,-0.0157,-0.2187,0.1703,-0.0979,-0.2337,-0.0741,-0.0001,0.0175,0.0000,-0.0011,-0.0123,-0.0063,-0.0090,-0.0018,0.0000,0.0001,0.0274,-0.0000,-0.0241,0.0026,0.0001,0.0038,0.0196,-0.5641,0.8122,-0.0261,0.0340,0.2333,0.9947,0.0000,0.1033,-0.1033,-0.0086,0.9946,0.0631,0.0129,0.1462,-0.0875,0.0250,0.1468,-0.0875,0.0250,0.1468,0.0920,0.0106,0.1461,-0.1291,0.0312,0.0909,0.1301,0.0040,0.0878,0.0391,0.0103,-0.1868,-0.1031,0.0093,-0.1865,0.0008,0.0028,0.0697,0.0511,0.0217,-0.0635,-0.0712,0.0130,-0.0680,0.0514,0.0305,-0.0861,-0.0768,0.0158,-0.0867,0.3346,-0.0220,0.0894,0.0008,-0.0127,-0.2020,-0.0148,0.0043,0.0341,-0.0005,0.0144,0.0344,-0.0143,-0.1942,0.0148,-0.0025,0.0153,0.0119,-0.0327,0.0631,0.0462,0.0128
345,0.335610,-0.0272,-0.2667,0.2968,0.2900,0.0021,-0.0248,0.1949,-0.1782,0.0014,-0.2457,-0.1323,0.2078,0.5807,0.3397,-0.2870,-0.0157,-0.2185,0.1638,-0.0938,-0.2341,-0.0737,-0.0002,0.0147,-0.0000,-0.0001,-0.0149,-0.0015,-0.0136,-0.0064,0.0000,0.0001,0.0346,-0.0001,-0.0211,0.0005,0.0001,0.0009,0.0204,-1.7225,0.8812,-0.0383,0.0457,0.2333,0.9946,-0.0000,0.1037,-0.1037,-0.0085,0.9946,0.0630,0.0128,0.1462,-0.0875,0.0249,0.1468,-0.0875,0.0249,0.1468,0.0919,0.0105,0.1461,-0.1291,0.0312,0.0909,0.1301,0.0039,0.0878,0.0392,0.0104,-0.1868,-0.1030,0.0093,-0.1865,0.0007,0.0028,0.0697,0.0512,0.0217,-0.0635,-0.0712,0.0130,-0.0680,0.0514,0.0305,-0.0861,-0.0768,0.0158,-0.0867,0.3356,-0.0286,0.0615,0.0080,-0.0149,-0.1878,-0.0085,-0.0015,0.0242,-0.0051,0.0178,0.0366,-0.0065,-0.2263,0.0087,-0.0007,-0.0027,-0.0680,-0.0241,0.0747,0.0424,0.0409
346,0.336585,-0.0273,-0.2665,0.2968,0.2900,0.0019,-0.0248,0.1946,-0.1784,0.0014,-0.2456,-0.1317,0.2078,0.5803,0.3397,-0.2870,-0.0157,-0.2183,0.1570,-0.0925,-0.2347,-0.0727,-0.0183,0.0147,0.0003,0.0053,-0.0156,-0.0006,-0.0203,-0.0118,0.0000,0.0068,0.0354,-0.0001,-0.0256,0.0003,0.0001,-0.0058,-0.0147,0.3779,0.4112,-0.0368,0.0698,0.2333,0.9946,-0.0000,0.1039,-0.1039,-0.0084,0.9946,0.0630,0.0128,0.1463,-0.0875,0.0248,0.1468,-0.0875,0.0248,0.1468,0.0919,0.0105,0.1462,-0.1291,0.0311,0.0909,0.1301,0.0039,0.0878,0.0393,0.0104,-0.1868,-0.1030,0.0094,-0.1865,0.0007,0.0027,0.0697,0.0512,0.0217,-0.0635,-0.0712,0.0130,-0.0680,0.0514,0.0305,-0.0861,-0.0768,0.0158,-0.0867,0.3366,-0.0218,0.0978,-0.0008,-0.0243,-0.2061,-0.0200,0.0039,0.0428,-0.0189,0.0128,0.0267,-0.0001,-0.1895,0.0166,0.0004,0.0256,0.0395,-0.0350,0.0529,0.0616,-0.0002
347,0.337561,-0.0275,-0.2662,0.2968,0.2900,0.0016,-0.0249,0.1944,-0.1785,0.0014,-0.2455,-0.1313,0.2078,0.5797,0.3397,-0.2870,-0.0157,-0.2180,0.1558,-0.0901,-0.2352,-0.0720,-0.0039,0.0156,0.0001,-0.0126,-0.0185,-0.0098,-0.0119,-0.0030,0.0000,0.0012,0.0127,0.0004,-0.0300,0.0013,0.0001,0.0106,0.0430,0.5186,0.7645,-0.0120,0.0178,0.2333,0.9946,-0.0000,0.1039,-0.1039,-0.0082,0.9946,0.0630,0.0128,0.1463,-0.0875,0.0248,0.1468,-0.0875,0.0248,0.1468,0.0919,0.0105,0.1462,-0.1291,0.0311,0.0908,0.1301,0.0039,0.0879,0.0393,0.0105,-0.1868,-0.1030,0.0094,-0.1865,0.0007,0.0027,0.0697,0.0512,0.0217,-0.0635,-0.0711,0.0130,-0.0680,0.0515,0.0305,-0.0861,-0.0768,0.0158,-0.0867,0.3376,-0.0215,0.0958,-0.0013,-0.0262,-0.2056,-0.0184,0.0032,0.0398,-0.0112,0.0122,0.0237,0.0065,-0.1877,0.0156,0.0029,0.0225,0.0429,-0.0294,0.0558,0.0603,0.0020
348,0.338537,-0.0276,-0.2660,0.2968,0.2898,0.0012,-0.0250,0.1942,-0.1785,0.0014,-0.2455,-0.1312,0.2078,0.5793,0.3397,-0.2870,-0.0156,-0.2174,0.1561,-0.0886,-0.2354,-0.0717,-0.0008,0.0200,0.0000,-0.0172,-0.0271,-0.0072,-0.0135,-0.0014,0.0000,0.0003,0.0102,0.0077,-0.0240,0.0015,-0.0001,0.0038,0.0393,-0.8202,-0.4587,-0.0188,0.0247,0.2333,0.9946,0.0000,0.1041,-0.1041,-0.0081,0.9945,0.0629,0.0128,0.1463,-0.0876,0.0248,0.1468,-0.0876,0.0248,0.1468,0.0919,0.0105,0.1462,-0.1292,0.0311,0.0908,0.1300,0.0039,0.0879,0.0394,0.0105,-0.1868,-0.1029,0.0094,-0.1865,0.0007,0.0027,0.0697,0.0512,0.0217,-0.0635,-0.0711,0.0130,-0.0680,0.0515,0.0305,-0.0861,-0.0768,0.0158,-0.0867,0.3385,-0.0286,0.0823,0.0057,-0.0245,-0.1919,-0.0174,0.0057,0.0428,-0.0468,0.0175,0.0296,-0.0132,-0.2164,0.0151,-0.0049,0.0215,-0.0329,-0.0411,0.0485,0.0584,0.0284
349,0.339512,-0.0276,-0.2655,0.2968,0.2896,0.0009,-0.0251,0.1940,-0.1785,0.0014,-0.2455,-0.1308,0.2079,0.5787,0.3397,-0.2870,-0.0155,-0.2171,0.1540,-0.0885,-0.2358,-0.0708,-0.0088,0.0243,0.0000,-0.0049,-0.0154,-0.0044,-0.0092,-0.0003,0.0000,0.0040,0.0195,0.0010,-0.0404,0.0002,-0.0001,0.0007,-0.0005,-0.3006,-0.6503,-0.0238,0.0474,0.2334,0.9946,-0.0000,0.1042,-0.1042,-0.0079,0.9945,0.0629,0.0128,0.1463,-0.0876,0.0248,0.1468,-0.0876,0.0248,0.1468,0.0918,0.0105,0.1462,-0.1292,0.0311,0.0908,0.1300,0.0038,0.0879,0.0395,0.0105,-0.1868,-0.1029,0.0094,-0.1866,0.0007,0.0027,0.0697,0.0513,0.0217,-0.0635,-0.0711,0.0130,-0.0680,0.0515,0.0305,-0.0861,-0.0767,0.0158,-0.0867,0.3395,-0.0305,0.0951,0.0037,-0.0169,-0.1949,-0.0196,0.0080,0.0498,-0.0278,0.0166,0.0249,-0.0153,-0.1970,0.0179,-0.0049,0.0233,0.0000,-0.0414,0.0439,0.0768,0.0023
350,0.340488,-0.0277,-0.2652,0.2968,0.2895,0.0007,-0.0252,0.1939,-0.1785,0.0014,-0.2454,-0.1306,0.2079,0.5781,0.3398,-0.2870,-0.0155,-0.2170,0.1495,-0.0889,-0.2360,-0.0703,-0.0041,0.0216,-0.0000,-0.0095,-0.0119,-0.0087,-0.0030,-0.0002,0.0000,0.0032,0.0106,-0.0000,-0.0376,0.0018,0.0001,-0.0002,0.0101,0.0174,0.6616,-0.0068,0.0224,0.2334,0.9946,0.0000,0.1041,-0.1041,-0.0077,0.9945,0.0629,0.0128,0.1463,-0.0876,0.0248,0.1467,-0.0876,0.0248,0.1467,0.0918,0.0105,0.1462,-0.1292,0.0311,0.0908,0.1300,0.0038,0.0879,0.0396,0.0105,-0.1869,-0.1028,0.0094,-0.1866,0.0007,0.0027,0.0697,0.0513,0.0217,-0.0635,-0.0711,0.0130,-0.0680,0.0516,0.0304,-0.0861,-0.0767,0.0158,-0.0867,0.3405,-0.0269,0.0948,-0.0006,-0.0216,-0.2028,-0.0157,-0.0007,0.0350,-0.0137,0.0151,0.0269,0.0039,-0.1920,0.0145,0.0002,0.0137,0.0280,-0.0297,0.0623,0.0551,0.0074
351,0.341463,-0.0278,-0.2648,0.2968,0.2893,0.0004,-0.0253,0.1937,-0.1786,0.0014,-0.2454,-0.1303,0.2079,0.5775,0.3398,-0.2870,-0.0155,-0.2167,0.1490,-0.0872,-0.2364,-0.0698,-0.0010,0.0237,0.0000,-0.0089,-0.0197,-0.0035,-0.0124,-0.0060,0.0000,0.0006,0.0152,0.0001,-0.0335,0.0002,0.0001,-0.0021,0.0262,-0.8181,0.5225,-0.0279,0.0290,0.2334,0.9946,0.0000,0.1040,-0.1040,-0.0076,0.9945,0.0629,0.0128,0.1463,-0.0877,0.0248,0.1467,-0.0877,0.0248,0.1467,0.0918,0.0105,0.1462,-0.1292,0.0311,0.0907,0.1300,0.0038,0.0880,0.0397,0.0104,-0.1869,-0.1027,0.0094,-0.1866,0.0007,0.0027,0.0697,0.0513,0.0216,-0.0635,-0.0711,0.0130,-0.0681,0.0516,0.0304,-0.0861,-0.0767,0.0158,-0.0868,0.3415,-0.0305,0.0837,0.0021,-0.0206,-0.1972,-0.0144,-0.0012,0.0321,-0.0188,0.0198,0.0317,-0.0018,-0.2078,0.0129,-0.0030,0.0042,-0.0161,-0.0310,0.0667,0.0497,0.0256
352,0.342439,-0.0279,-0.2643,0.2968,0.2892,-0.0000,-0.0254,0.1935,-0.1787,0.0014,-0.2452,-0.1298,0.2079,0.5768,0.3398,-0.2870,-0.0157,-0.2164,0.1348,-0.0776,-0.2370,-0.0690,-0.0125,0.0227,0.0000,-0.0019,-0.0184,-0.0007,-0.0154,-0.0085,0.0000,0.0135,0.0298,0.0001,-0.0398,0.0001,-0.0000,-0.0133,0.0015,-0.8578,0.7071,-0.0371,0.0553,0.2334,0.9946,0.0000,0.1039,-0.1039,-0.0073,0.9946,0.0628,0.0129,0.1463,-0.0877,0.0248,0.1467,-0.0877,0.0248,0.1467,0.0918,0.0106,0.1463,-0.1292,0.0310,0.0907,0.1300,0.0039,0.0880,0.0398,0.0104,-0.1869,-0.1027,0.0093,-0.1866,0.0007,0.0027,0.0697,0.0513,0.0216,-0.0635,-0.0710,0.0130,-0.0681,0.0517,0.0303,-0.0861,-0.0767,0.0158,-0.0868,0.3424,-0.0367,0.0839,0.0026,-0.0213,-0.2001,-0.0124,-0.0061,0.0284,-0.0186,0.0210,0.0296,0.0077,-0.2104,0.0107,-0.0014,-0.0067,-0.0164,-0.0240,0.0712,0.0520,0.0250
353,0.343415,-0.0281,-0.2641,0.2968,0.2892,-0.0002,-0.0254,0.1932,-0.1789,0.0014,-0.2451,-0.1296,0.2080,0.5762,0.3398,-0.2870,-0.0159,-0.2164,0.1370,-0.0800,-0.2375,-0.0683,-0.0230,0.0247,0.0000,-0.0016,-0.0170,-0.0001,-0.0213,-0.0156,0.0000,0.0106,0.0219,0.0069,-0.0480,-0.0001,0.0002,-0.0218,0.0003,-0.6580,1.1070,-0.0296,0.0505,0.2334,0.9946,0.0000,0.1036,-0.1036,-0.0071,0.9946,0.0628,0.0130,0.1463,-0.0877,0.0248,0.1467,-0.0877,0.0248,0.1467,0.0917,0.0107,0.1463,-0.1293,0.0310,0.0907,0.1299,0.0039,0.0880,0.0399,0.0104,-0.1869,-0.1027,0.0093,-0.1867,0.0006,0.0028,0.0697,0.0513,0.0216,-0.0635,-0.0710,0.0130,-0.0681,0.0517,0.0303,-0.0861,-0.0767,0.0157,-0.0868,0.3434,-0.0338,0.0878,0.0012,-0.0182,-0.2026,-0.0108,-0.0058,0.0262,-0.0081,0.0194,0.0273,0.0111,-0.2023,0.0108,0.0003,-0.0076,0.0016,-0.0183,0.0751,0.0517,0.0166
354,0.344390,-0.0285,-0.2636,0.2968,0.2892,-0.0005,-0.0254,0.1929,-0.1792,0.0014,-0.2450,-0.1292,0.2081,0.5754,0.3398,-0.2870,-0.0164,-0.2164,0.1308,-0.0674,-0.2381,-0.0676,-0.0186,0.0208,-0.0000,-0.0022,-0.0181,-0.0000,-0.0189,-0.0143,-0.0000,0.0075,0.0154,0.0105,-0.0370,0.0001,-0.0001,-0.0252,0.0029,-0.0379,0.2349,-0.0392,0.0367,0.2334,0.9947,-0.0000,0.1032,-0.1032,-0.0069,0.9946,0.0627,0.0130,0.1463,-0.0878,0.0249,0.1466,-0.0878,0.0249,0.1466,0.0917,0.0108,0.1463,-0.1293,0.0310,0.0906,0.1299,0.0040,0.0881,0.0400,0.0103,-0.1869,-0.1026,0.0092,-0.1867,0.0006,0.0028,0.0697,0.0514,0.0216,-0.0635,-0.0710,0.0129,-0.0681,0.0517,0.0303,-0.0861,-0.0766,0.0157,-0.0868,0.3444,-0.0360,0.1017,-0.0001,-0.0283,-0.2066,-0.0179,-0.0059,0.0374,-0.0290,0.0185,0.0236,0.0170,-0.1978,0.0129,-0.0008,0.0062,0.0317,-0.0318,0.0598,0.0654,0.0064
355,0.345366,-0.0288,-0.2631,0.2968,0.2890,-0.0009,-0.0254,0.1926,-0.1794,0.0014,-0.2448,-0.1290,0.2083,0.5745,0.3398,-0.2870,-0.0167,-0.2161,0.1156,-0.0575,-0.2385,-0.0670,-0.0182,0.0318,-0.0000,-0.0142,-0.0225,-0.0043,-0.0183,-0.0083,0.0000,0.0054,0.0084,0.0187,-0.0536,0.0000,-0.0000,-0.0145,0.0250,-1.0861,0.8354,-0.0161,0.0259,0.2335,0.9947,-0.0000,0.1028,-0.1028,-0.0066,0.9947,0.0627,0.0131,0.1463,-0.0878,0.0249,0.1466,-0.0878,0.0249,0.1466,0.0916,0.0108,0.1463,-0.1293,0.0310,0.0906,0.1299,0.0040,0.0881,0.0401,0.0102,-0.1869,-0.1025,0.0091,-0.1867,0.0006,0.0028,0.0697,0.0514,0.0215,-0.0635,-0.0710,0.0129,-0.0681,0.0518,0.0302,-0.0862,-0.0766,0.0157,-0.0868,0.3454,-0.0449,0.0837,0.0044,-0.0250,-0.2008,-0.0107,-0.0119,0.0242,-0.0237,0.0232,0.0250,0.0237,-0.2161,0.0074,0.0007,-0.0220,-0.0213,-0.0135,0.0744,0.0569,0.0258
356,0.346341,-0.0292,-0.2627,0.2968,0.2888,-0.0013,-0.0255,0.1922,-0.1795,0.0014,-0.2447,-0.1288,0.2088,0.5738,0.3398,-0.2870,-0.0171,-0.2159,0.1183,-0.0607,-0.2389,-0.0664,-0.0429,0.0287,-0.0000,-0.0055,-0.0235,-0.0023,-0.0287,-0.0172,0.0000,0.0160,0.0139,0.0388,-0.0528,0.0002,-0.0001,-0.0397,-0.0046,0.7431,-0.0935,-0.0237,0.0518,0.2335,0.9947,-0.0000,0.1025,-0.1025,-0.0064,0.9947,0.0627,0.0132,0.1464,-0.0879,0.0249,0.1466,-0.0879,0.0249,0.1466,0.0916,0.0109,0.1463,-0.1294,0.0310,0.0906,0.1299,0.0041,0.0881,0.0402,0.0102,-0.1870,-0.1025,0.0091,-0.1867,0.0006,0.0029,0.0697,0.0514,0.0215,-0.0635,-0.0710,0.0129,-0.0682,0.0518,0.0301,-0.0862,-0.0766,0.0157,-0.0869,0.3463,-0.0299,0.1061,-0.0035,-0.0374,-0.2084,-0.0200,-0.0023,0.0463,-0.0468,0.0207,0.0134,0.0306,-0.1888,0.0139,0.0009,0.0173,0.0533,-0.0258,0.0501,0.0798,-0.0110
357,0.347317,-0.0297,-0.2622,0.2968,0.2885,-0.0017,-0.0255,0.1919,-0.1797,0.0014,-0.2445,-0.1287,0.2092,0.5729,0.3398,-0.2870,-0.0176,-0.2157,0.1184,-0.0565,-0.2390,-0.0660,-0.0150,0.0315,-0.0000,-0.0281,-0.0305,-0.0084,-0.0140,-0.0041,-0.0000,0.0091,0.0029,0.0270,-0.0458,0.0001,-0.0001,-0.0201,0.0280,0.2134,0.0131,0.0000,0.0074,0.2335,0.9948,0.0000,0.1021,-0.1021,-0.0063,0.9948,0.0627,0.0132,0.1464,-0.0879,0.0249,0.1466,-0.0879,0.0249,0.1466,0.0916,0.0110,0.1463,-0.1294,0.0310,0.0905,0.1299,0.0042,0.0881,0.0403,0.0101,-0.1870,-0.1024,0.0090,-0.1868,0.0006,0.0029,0.0697,0.0515,0.0214,-0.0635,-0.0709,0.0128,-0.0682,0.0518,0.0301,-0.0862,-0.0765,0.0156,-0.0869,0.3473,-0.0363,0.1068,-0.0018,-0.0337,-0.2054,-0.0192,-0.0063,0.0400,-0.0376,0.0206,0.0181,0.0251,-0.1920,0.0136,-0.0005,0.0081,0.0453,-0.0282,0.0558,0.0744,-0.0035
358,0.348293,-0.0300,-0.2615,0.2968,0.2880,-0.0023,-0.0257,0.1916,-0.1798,0.0014,-0.2443,-0.1287,0.2098,0.5720,0.3398,-0.2870,-0.0180,-0.2152,0.1193,-0.0567,-0.2390,-0.0657,-0.0185,0.0346,-0.0000,-0.0241,-0.0280,-0.0096,-0.0158,-0.0047,0.0000,0.0089,0.0011,0.0270,-0.0527,0.0001,0.0001,-0.0228,0.0215,0.3753,0.3106,-0.0009,0.0190,0.2336,0.9948,0.0000,0.1019,-0.1019,-0.0062,0.9948,0.0627,0.0133,0.1464,-0.0879,0.0250,0.1465,-0.0879,0.0250,0.1465,0.0916,0.0110,0.1463,-0.1294,0.0310,0.0905,0.1299,0.0042,0.0881,0.0404,0.0100,-0.1870,-0.1023,0.0089,-0.1868,0.0006,0.0029,0.0697,0.0515,0.0214,-0.0635,-0.0709,0.0128,-0.0682,0.0519,0.0300,-0.0862,-0.0765,0.0156,-0.0869,0.3483,-0.0335,0.1063,-0.0030,-0.0349,-0.2076,-0.0179,-0.0073,0.0377,-0.0377,0.0198,0.0164,0.0309,-0.1874,0.0128,0.0008,0.0095,0.0543,-0.0253,0.0583,0.0692,-0.0037
359,0.349268,-0.0303,-0.2610,0.2968,0.2876,-0.0027,-0.0258,0.1913,-0.1799,0.0014,-0.2442,-0.1287,0.2102,0.5712,0.3398,-0.2870,-0.0184,-0.2149,0.1188,-0.0542,-0.2391,-0.0654,-0.0209,0.0324,0.0000,-0.0277,-0.0342,-0.0068,-0.0173,-0.0035,0.0000,0.0068,0.0004,0.0337,-0.0468,-0.0001,-0.0001,-0.0262,0.0228,-0.3680,-0.4006,-0.0044,0.0218,0.2336,0.9948,-0.0000,0.1017,-0.1017,-0.0061,0.9948,0.0626,0.0133,0.1464,-0.0879,0.0250,0.1465,-0.0879,0.0250,0.1465,0.0915,0.0111,0.1463,-0.1294,0.0310,0.0905,0.1298,0.0042,0.0882,0.0405,0.0100,-0.1871,-0.1022,0.0089,-0.1868,0.0005,0.0029,0.0697,0.0515,0.0214,-0.0635,-0.0709,0.0128,-0.0682,0.0519,0.0300,-0.0862,-0.0765,0.0156,-0.0869,0.3493,-0.0400,0.1074,0.0011,-0.0290,-0.2044,-0.0172,-0.0070,0.0395,-0.0448,0.0201,0.0181,0.0188,-0.1932,0.0123,-0.0027,0.0054,0.0314,-0.0295,0.0521,0.0727,-0.0016
360,0.350244,-0.0307,-0.2604,0.2968,0.2872,-0.0033,-0.0260,0.1910,-0.1800,0.0014,-0.2441,-0.1286,0.2107,0.5703,0.3398,-0.2870,-0.0188,-0.2146,0.1171,-0.0502,-0.2391,-0.0650,-0.0198,0.0339,0.0000,-0.0262,-0.0306,-0.0053,-0.0178,-0.0062,0.0000,0.0077,0.0013,0.0211,-0.0514,-0.0001,-0.0001,-0.0222,0.0093,-0.4199,-0.1526,-0.0016,0.0238,0.2336,0.9948,-0.0000,0.1016,-0.1016,-0.0059,0.9948,0.0626,0.0133,0.1464,-0.0879,0.0250,0.1465,-0.0879,0.0250,0.1465,0.0915,0.0111,0.1464,-0.1294,0.0309,0.0905,0.1298,0.0043,0.0882,0.0406,0.0100,-0.1871,-0.1021,0.0088,-0.1869,0.0006,0.0029,0.0697,0.0516,0.0213,-0.0636,-0.0708,0.0128,-0.0682,0.0520,0.0299,-0.0863,-0.0764,0.0156,-0.0869,0.3502,-0.0415,0.1084,0.0002,-0.0297,-0.2061,-0.0162,-0.0106,0.0349,-0.0444,0.0199,0.0190,0.0228,-0.1931,0.0108,-0.0023,0.0018,0.0361,-0.0279,0.0559,0.0671,-0.0000
361,0.351220,-0.0310,-0.2599,0.2968,0.2869,-0.0037,-0.0260,0.1907,-0.1801,0.0014,-0.2439,-0.1286,0.2111,0.5695,0.3398,-0.2870,-0.0192,-0.2144,0.1162,-0.0497,-0.2392,-0.0646,-0.0264,0.0373,-0.0000,-0.0159,-0.0239,-0.0050,-0.0231,-0.0125,0.0000,0.0080,0.0028,0.0310,-0.0574,0.0001,0.0001,-0.0265,0.0157,0.5905,0.5794,-0.0057,0.0281,0.2336,0.9948,0.0000,0.1015,-0.1015,-0.0058,0.9948,0.0626,0.0134,0.1464,-0.0880,0.0250,0.1465,-0.0880,0.0250,0.1465,0.0915,0.0112,0.1464,-0.1295,0.0309,0.0904,0.1298,0.0043,0.0882,0.0407,0.0099,-0.1871,-0.1020,0.0088,-0.1869,0.0005,0.0029,0.0697,0.0516,0.0213,-0.0636,-0.0708,0.0128,-0.0682,0.0520,0.0299,-0.0863,-0.0764,0.0156,-0.0869,0.3512,-0.0282,0.1075,-0.0074,-0.0382,-0.2091,-0.0171,-0.0105,0.0334,-0.0413,0.0195,0.0134,0.0374,-0.1762,0.0101,0.0011,0.0151,0.0727,-0.0211,0.0562,0.0623,-0.0072
362,0.352195,-0.0314,-0.2593,0.2968,0.2865,-0.0042,-0.0261,0.1904,-0.1802,0.0014,-0.2438,-0.1286,0.2117,0.5687,0.3398,-0.2870,-0.0196,-0.2139,0.1239,-0.0361,-0.2393,-0.0642,-0.0156,0.0306,-0.0000,-0.0259,-0.0356,-0.0044,-0.0204,-0.0040,0.0000,0.0061,0.0006,0.0393,-0.0329,-0.0001,-0.0000,-0.0208,0.0358,0.1295,0.8719,-0.0103,0.0184,0.2337,0.9948,0.0000,0.1015,-0.1015,-0.0057,0.9948,0.0625,0.0134,0.1464,-0.0880,0.0249,0.1465,-0.0880,0.0249,0.1465,0.0915,0.0112,0.1464,-0.1295,0.0308,0.0904,0.1298,0.0043,0.0882,0.0408,0.0099,-0.1871,-0.1019,0.0088,-0.1869,0.0005,0.0029,0.0697,0.0516,0.0213,-0.0636,-0.0708,0.0128,-0.0682,0.0520,0.0299,-0.0863,-0.0763,0.0156,-0.0870,0.3522,-0.0350,0.1027,-0.0047,-0.0313,-0.2082,-0.0149,-0.0137,0.0260,-0.0342,0.0172,0.0168,0.0357,-0.1844,0.0073,0.0007,0.0045,0.0568,-0.0202,0.0602,0.0527,0.0048
363,0.353171,-0.0318,-0.2586,0.2968,0.2860,-0.0049,-0.0262,0.1899,-0.1804,0.0014,-0.2437,-0.1286,0.2125,0.5680,0.3398,-0.2870,-0.0200,-0.2134,0.1210,-0.0393,-0.2396,-0.0637,-0.0256,0.0356,0.0000,-0.0160,-0.0314,-0.0024,-0.0277,-0.0118,0.0000,0.0032,0.0001,0.0438,-0.0435,0.0001,0.0000,-0.0237,0.0275,0.3370,0.1159,-0.0219,0.0324,0.2337,0.9948,-0.0000,0.1017,-0.1017,-0.0056,0.9948,0.0626,0.0134,0.1464,-0.0880,0.0249,0.1465,-0.0880,0.0249,0.1465,0.0915,0.0112,0.1464,-0.1295,0.0308,0.0904,0.1298,0.0044,0.0882,0.0410,0.0099,-0.1872,-0.1018,0.0088,-0.1869,0.0005,0.0029,0.0697,0.0517,0.0213,-0.0636,-0.0707,0.0128,-0.0683,0.0521,0.0298,-0.0863,-0.0763,0.0156,-0.0870,0.3532,-0.0342,0.1083,-0.0036,-0.0380,-0.2008,-0.0182,-0.0075,0.0367,-0.0427,0.0200,0.0127,0.0299,-0.1810,0.0119,-0.0008,0.0132,0.0583,-0.0252,0.0507,0.0689,-0.0072
364,0.354146,-0.0321,-0.2580,0.2968,0.2857,-0.0054,-0.0262,0.1895,-0.1805,0.0014,-0.2436,-0.1286,0.2131,0.5671,0.3398,-0.2870,-0.0203,-0.2130,0.1258,-0.0388,-0.2398,-0.0633,-0.0141,0.0365,-0.0000,-0.0207,-0.0260,-0.0060,-0.0181,-0.0035,0.0000,0.0128,-0.0000,0.0318,-0.0451,0.0003,-0.0000,-0.0130,0.0324,1.9490,-0.1173,-0.0038,0.0142,0.2337,0.9948,-0.0000,0.1020,-0.1020,-0.0055,0.9948,0.0625,0.0134,0.1464,-0.0880,0.0248,0.1465,-0.0880,0.0248,0.1465,0.0915,0.0112,0.1464,-0.1295,0.0307,0.0904,0.1298,0.0044,0.0882,0.0411,0.0100,-0.1872,-0.1017,0.0088,-0.1870,0.0005,0.0029,0.0697,0.0517,0.0213,-0.0636,-0.0707,0.0128,-0.0683,0.0521,0.0298,-0.0863,-0.0762,0.0157,-0.0870,0.3541,-0.0144,0.1014,-0.0120,-0.0468,-0.1908,-0.0244,0.0042,0.0465,-0.0408,0.0186,-0.0002,0.0256,-0.1622,0.0096,0.0032,0.0393,0.0608,-0.0154,0.0292,0.0877,-0.0258
365,0.355122,-0.0323,-0.2576,0.2968,0.2853,-0.0058,-0.0264,0.1893,-0.1805,0.0014,-0.2435,-0.1286,0.2135,0.5667,0.3398,-0.2870,-0.0204,-0.2125,0.1283,-0.0387,-0.2397,-0.0631,-0.0061,0.0203,-0.0000,-0.0304,-0.0301,-0.0147,-0.0097,-0.0005,0.0000,0.0057,-0.0000,0.0198,-0.0199,0.0001,-0.0002,-0.0012,0.0261,0.8234,-0.7388,0.0175,0.0036,0.2337,0.9948,0.0000,0.1022,-0.1022,-0.0055,0.9947,0.0625,0.0133,0.1464,-0.0881,0.0248,0.1465,-0.0881,0.0248,0.1465,0.0914,0.0111,0.1464,-0.1295,0.0307,0.0904,0.1298,0.0044,0.0882,0.0412,0.0100,-0.1872,-0.1016,0.0088,-0.1870,0.0005,0.0029,0.0697,0.0517,0.0213,-0.0636,-0.0707,0.0129,-0.0683,0.0522,0.0298,-0.0863,-0.0762,0.0157,-0.0870,0.3551,-0.0268,0.1047,-0.0026,-0.0394,-0.1898,-0.0240,0.0063,0.0507,-0.0477,0.0192,0.0074,0.0190,-0.1776,0.0151,-0.0014,0.0283,0.0513,-0.0265,0.0293,0.0890,-0.0252
366,0.356098,-0.0323,-0.2570,0.2968,0.2849,-0.0063,-0.0267,0.1891,-0.1805,0.0014,-0.2433,-0.1286,0.2139,0.5661,0.3398,-0.2870,-0.0204,-0.2119,0.1262,-0.0391,-0.2394,-0.0630,-0.0030,0.0305,-0.0000,-0.0171,-0.0148,-0.0193,-0.0045,0.0007,0.0000,0.0067,-0.0000,0.0207,-0.0383,0.0002,-0.0001,-0.0004,0.0288,0.4847,-0.2324,0.0128,0.0004,0.2337,0.9947,-0.0000,0.1027,-0.1027,-0.0054,0.9947,0.0625,0.0133,0.1464,-0.0881,0.0247,0.1465,-0.0881,0.0247,0.1465,0.0914,0.0110,0.1464,-0.1295,0.0307,0.0904,0.1298,0.0043,0.0883,0.0413,0.0100,-0.1872,-0.1015,0.0088,-0.1870,0.0005,0.0028,0.0697,0.0518,0.0213,-0.0636,-0.0707,0.0129,-0.0683,0.0522,0.0298,-0.0863,-0.0762,0.0157,-0.0870,0.3561,-0.0328,0.1068,-0.0025,-0.0375,-0.1925,-0.0202,-0.0013,0.0416,-0.0409,0.0204,0.0103,0.0221,-0.1789,0.0134,-0.0015,0.0193,0.0512,-0.0271,0.0437,0.0762,-0.0123
367,0.357073,-0.0324,-0.2566,0.2968,0.2847,-0.0065,-0.0269,0.1890,-0.1805,0.0014,-0.2432,-0.1286,0.2143,0.5655,0.3398,-0.2870,-0.0205,-0.2115,0.1270,-0.0394,-0.2392,-0.0629,-0.0081,0.0347,0.0000,-0.0145,-0.0183,-0.0143,-0.0123,-0.0002,0.0000,0.0089,-0.0001,0.0301,-0.0395,0.0001,0.0002,-0.0037,0.0307,-0.7397,0.7377,0.0067,0.0201,0.2337,0.9947,-0.0000,0.1031,-0.1031,-0.0054,0.9947,0.0625,0.0132,0.1465,-0.0881,0.0247,0.1465,-0.0881,0.0247,0.1465,0.0914,0.0109,0.1465,-0.1295,0.0306,0.0904,0.1298,0.0042,0.0883,0.0413,0.0101,-0.1872,-0.1015,0.0089,-0.1870,0.0005,0.0028,0.0697,0.0518,0.0213,-0.0636,-0.0706,0.0129,-0.0683,0.0522,0.0298,-0.0863,-0.0762,0.0157,-0.0870,0.3571,-0.0418,0.0892,0.0015,-0.0228,-0.1946,-0.0126,-0.0122,0.0206,-0.0224,0.0193,0.0203,0.0268,-0.1948,0.0067,-0.0004,-0.0100,0.0062,-0.0184,0.0676,0.0515,0.0149
368,0.358049,-0.0329,-0.2560,0.2968,0.2845,-0.0069,-0.0271,0.1886,-0.1807,0.0014,-0.2431,-0.1285,0.2151,0.5649,0.3398,-0.2870,-0.0208,-0.2112,0.1251,-0.0384,-0.2393,-0.0621,-0.0294,0.0323,0.0000,-0.0030,-0.0194,-0.0031,-0.0314,-0.0181,0.0000,0.0071,0.0044,0.0384,-0.0370,-0.0001,0.0002,-0.0195,0.0066,-0.8129,0.7197,-0.0145,0.0433,0.2338,0.9946,0.0000,0.1035,-0.1035,-0.0053,0.9946,0.0625,0.0131,0.1465,-0.0881,0.0246,0.1465,-0.0881,0.0246,0.1465,0.0914,0.0109,0.1465,-0.1295,0.0306,0.0904,0.1298,0.0042,0.0883,0.0414,0.0101,-0.1872,-0.1014,0.0089,-0.1870,0.0005,0.0028,0.0697,0.0518,0.0213,-0.0636,-0.0706,0.0129,-0.0683,0.0523,0.0298,-0.0863,-0.0761,0.0158,-0.0870,0.3580,-0.0421,0.0858,0.0020,-0.0239,-0.1928,-0.0122,-0.0127,0.0195,-0.0267,0.0199,0.0202,0.0276,-0.1987,0.0060,-0.0005,-0.0107,-0.0030,-0.0177,0.0674,0.0506,0.0185
369,0.359024,-0.0335,-0.2555,0.2968,0.2845,-0.0073,-0.0271,0.1880,-0.1810,0.0014,-0.2430,-0.1284,0.2156,0.5644,0.3398,-0.2870,-0.0211,-0.2111,0.1241,-0.0372,-0.2395,-0.0615,-0.0326,0.0286,0.0000,-0.0005,-0.0173,-0.0005,-0.0310,-0.0186,0.0000,0.0089,0.0051,0.0425,-0.0333,0.0001,-0.0002,-0.0214,0.0028,0.3406,-0.7465,-0.0138,0.0498,0.2338,0.9946,-0.0000,0.1037,-0.1037,-0.0051,0.9946,0.0624,0.0131,0.1465,-0.0881,0.0245,0.1465,-0.0881,0.0245,0.1465,0.0914,0.0109,0.1465,-0.1296,0.0305,0.0904,0.1297,0.0043,0.0883,0.0415,0.0101,-0.1872,-0.1013,0.0090,-0.1870,0.0005,0.0028,0.0697,0.0518,0.0213,-0.0636,-0.0706,0.0130,-0.0683,0.0523,0.0298,-0.0863,-0.0761,0.0158,-0.0870,0.3590,-0.0338,0.1016,0.0007,-0.0345,-0.1853,-0.0202,0.0041,0.0457,-0.0472,0.0199,0.0070,0.0148,-0.1810,0.0139,-0.0031,0.0188,0.0291,-0.0248,0.0343,0.0823,-0.0149
370,0.360000,-0.0338,-0.2551,0.2968,0.2843,-0.0075,-0.0271,0.1877,-0.1812,0.0014,-0.2428,-0.1283,0.2162,0.5638,0.3398,-0.2870,-0.0213,-0.2109,0.1199,-0.0373,-0.2395,-0.0609,-0.0133,0.0261,0.0000,-0.0267,-0.0181,-0.0037,-0.0126,-0.0070,0.0000,0.0102,0.0018,0.0158,-0.0410,-0.0003,0.0000,-0.0011,0.0307,-1.9007,0.0949,0.0442,-0.0020,0.2338,0.9946,-0.0000,0.1039,-0.1039,-0.0050,0.9946,0.0624,0.0131,0.1465,-0.0882,0.0245,0.1465,-0.0882,0.0245,0.1465,0.0913,0.0109,0.1465,-0.1296,0.0304,0.0904,0.1297,0.0043,0.0883,0.0416,0.0102,-0.1873,-0.1013,0.0090,-0.1871,0.0005,0.0028,0.0697,0.0518,0.0213,-0.0636,-0.0706,0.0130,-0.0683,0.0523,0.0298,-0.0863,-0.0761,0.0159,-0.0870,0.3600,-0.0374,0.0609,0.0088,-0.0337,-0.1731,-0.0107,-0.0108,0.0166,-0.0612,0.0221,0.0202,0.0306,-0.2272,0.0032,0.0001,-0.0102,-0.0793,-0.0171,0.0583,0.0475,0.0457
371,0.360976,-0.0344,-0.2546,0.2968,0.2842,-0.0079,-0.0272,0.1872,-0.1814,0.0014,-0.2426,-0.1282,0.2169,0.5632,0.3398,-0.2870,-0.0216,-0.2111,0.1175,-0.0373,-0.2395,-0.0598,-0.0417,0.0246,0.0008,0.0038,-0.0141,-0.0018,-0.0286,-0.0161,0.0000,0.0126,0.0047,0.0308,-0.0411,0.0001,0.0001,-0.0192,-0.0291,0.2663,0.5904,-0.0135,0.0701,0.2338,0.9946,-0.0000,0.1039,-0.1039,-0.0048,0.9946,0.0624,0.0131,0.1465,-0.0882,0.0245,0.1464,-0.0882,0.0245,0.1464,0.0913,0.0110,0.1465,-0.1296,0.0304,0.0903,0.1297,0.0043,0.0884,0.0416,0.0102,-0.1873,-0.1012,0.0090,-0.1871,0.0005,0.0028,0.0697,0.0519,0.0213,-0.0636,-0.0706,0.0130,-0.0683,0.0524,0.0298,-0.0863,-0.0761,0.0159,-0.0870,0.3610,-0.0344,0.0993,-0.0048,-0.0328,-0.1966,-0.0151,-0.0108,0.0274,-0.0366,0.0193,0.0121,0.0344,-0.1781,0.0077,-0.0009,0.0083,0.0474,-0.0197,0.0567,0.0561,0.0011
372,0.361951,-0.0349,-0.2543,0.2969,0.2842,-0.0080,-0.0273,0.1869,-0.1816,0.0014,-0.2425,-0.1282,0.2173,0.5626,0.3398,-0.2870,-0.0218,-0.2111,0.1240,-0.0316,-0.2396,-0.0591,-0.0252,0.0235,0.0008,-0.0006,-0.0078,-0.0027,-0.0197,-0.0110,-0.0000,0.0048,0.0019,0.0348,-0.0468,0.0003,0.0003,-0.0145,0.0478,1.8051,1.9683,-0.0052,0.0158,0.2338,0.9946,0.0000,0.1037,-0.1037,-0.0047,0.9946,0.0623,0.0132,0.1465,-0.0882,0.0245,0.1464,-0.0882,0.0245,0.1464,0.0913,0.0110,0.1465,-0.1297,0.0304,0.0903,0.1297,0.0044,0.0884,0.0417,0.0101,-0.1873,-0.1012,0.0090,-0.1871,0.0004,0.0028,0.0697,0.0519,0.0212,-0.0636,-0.0706,0.0130,-0.0683,0.0524,0.0297,-0.0863,-0.0761,0.0159,-0.0870,0.3620,-0.0186,0.0868,-0.0164,-0.0423,-0.2010,-0.0221,-0.0052,0.0261,-0.0147,0.0130,0.0019,0.0280,-0.1691,-0.0037,0.0075,0.0230,0.0597,-0.0084,0.0380,0.0550,0.0041
373,0.362927,-0.0351,-0.2539,0.2969,0.2838,-0.0086,-0.0274,0.1865,-0.1817,0.0014,-0.2424,-0.1282,0.2178,0.5621,0.3398,-0.2870,-0.0220,-0.2102,0.1230,-0.0370,-0.2397,-0.0586,-0.0055,0.0188,0.0001,-0.0206,-0.0304,-0.0143,-0.0181,-0.0059,-0.0000,0.0014,0.0003,0.0198,-0.0149,0.0002,0.0004,-0.0040,0.0402,0.8636,0.3802,-0.0042,0.0241,0.2338,0.9946,-0.0000,0.1038,-0.1038,-0.0047,0.9946,0.0624,0.0132,0.1465,-0.0882,0.0244,0.1464,-0.0882,0.0244,0.1464,0.0913,0.0110,0.1465,-0.1297,0.0303,0.0903,0.1297,0.0044,0.0884,0.0418,0.0101,-0.1873,-0.1011,0.0089,-0.1871,0.0005,0.0028,0.0697,0.0519,0.0212,-0.0636,-0.0705,0.0130,-0.0683,0.0524,0.0297,-0.0863,-0.0760,0.0159,-0.0870,0.3629,-0.0241,0.1005,-0.0089,-0.0416,-0.1927,-0.0189,-0.0063,0.0333,-0.0372,0.0198,0.0075,0.0343,-0.1650,0.0094,0.0007,0.0265,0.0642,-0.0208,0.0467,0.0632,-0.0107
374,0.363902,-0.0353,-0.2534,0.2969,0.2835,-0.0091,-0.0276,0.1862,-0.1818,0.0014,-0.2423,-0.1282,0.2185,0.5618,0.3398,-0.2870,-0.0222,-0.2096,0.1230,-0.0331,-0.2397,-0.0583,-0.0076,0.0298,0.0000,-0.0204,-0.0278,-0.0087,-0.0186,-0.0019,0.0000,0.0116,-0.0000,0.0415,-0.0173,-0.0001,0.0001,-0.0097,0.0327,-0.3834,-0.7059,-0.0001,0.0108,0.2338,0.9946,-0.0000,0.1041,-0.1041,-0.0046,0.9946,0.0624,0.0131,0.1465,-0.0882,0.0244,0.1464,-0.0882,0.0244,0.1464,0.0913,0.0110,0.1465,-0.1297,0.0303,0.0903,0.1297,0.0043,0.0884,0.0419,0.0101,-0.1873,-0.1011,0.0089,-0.1871,0.0005,0.0027,0.0697,0.0520,0.0212,-0.0636,-0.0705,0.0130,-0.0683,0.0525,0.0297,-0.0863,-0.0760,0.0159,-0.0870,0.3639,-0.0407,0.0987,0.0047,-0.0268,-0.1822,-0.0167,0.0002,0.0394,-0.0441,0.0184,0.0081,0.0123,-0.1840,0.0107,-0.0035,0.0105,0.0075,-0.0241,0.0387,0.0735,-0.0027
375,0.364878,-0.0354,-0.2530,0.2969,0.2833,-0.0094,-0.0277,0.1860,-0.1818,0.0014,-0.2422,-0.1282,0.2189,0.5614,0.3398,-0.2870,-0.0223,-0.2093,0.1208,-0.0332,-0.2396,-0.0581,-0.0130,0.0283,0.0000,-0.0110,-0.0135,-0.0064,-0.0128,-0.0015,0.0000,0.0056,-0.0000,0.0210,-0.0376,0.0001,0.0001,-0.0075,0.0099,0.4756,0.2896,0.0079,0.0244,0.2338,0.9945,-0.0000,0.1043,-0.1043,-0.0046,0.9945,0.0623,0.0131,0.1465,-0.0883,0.0244,0.1464,-0.0883,0.0244,0.1464,0.0912,0.0110,0.1466,-0.1297,0.0303,0.0903,0.1297,0.0043,0.0884,0.0420,0.0101,-0.1873,-0.1010,0.0089,-0.1871,0.0004,0.0027,0.0697,0.0520,0.0212,-0.0636,-0.0705,0.0130,-0.0683,0.0525,0.0297,-0.0863,-0.0760,0.0159,-0.0871,0.3649,-0.0313,0.1005,-0.0053,-0.0372,-0.1888,-0.0180,-0.0060,0.0318,-0.0358,0.0200,0.0088,0.0290,-0.1712,0.0098,-0.0014,0.0171,0.0503,-0.0215,0.0491,0.0622,-0.0058
376,0.365854,-0.0357,-0.2526,0.2969,0.2830,-0.0097,-0.0278,0.1857,-0.1818,0.0014,-0.2420,-0.1282,0.2194,0.5609,0.3398,-0.2870,-0.0225,-0.2090,0.1203,-0.0335,-0.2396,-0.0577,-0.0134,0.0262,-0.0000,-0.0157,-0.0219,-0.0069,-0.0173,-0.0045,0.0000,0.0079,-0.0000,0.0316,-0.0266,0.0001,0.0001,-0.0104,0.0230,0.2239,0.2404,0.0015,0.0174,0.2339,0.9945,-0.0000,0.1044,-0.1044,-0.0045,0.9945,0.0623,0.0131,0.1465,-0.0883,0.0243,0.1464,-0.0883,0.0243,0.1464,0.0912,0.0109,0.1466,-0.1297,0.0302,0.0903,0.1297,0.0043,0.0884,0.0421,0.0101,-0.1873,-0.1009,0.0089,-0.1871,0.0004,0.0027,0.0697,0.0520,0.0212,-0.0636,-0.0705,0.0130,-0.0683,0.0525,0.0297,-0.0863,-0.0759,0.0159,-0.0871,0.3659,-0.0356,0.0996,-0.0031,-0.0345,-0.1869,-0.0169,-0.0070,0.0301,-0.0336,0.0197,0.0105,0.0275,-0.1757,0.0094,-0.0020,0.0111,0.0400,-0.0225,0.0517,0.0609,-0.0009
377,0.366829,-0.0359,-0.2521,0.2969,0.2828,-0.0101,-0.0279,0.1854,-0.1819,0.0014,-0.2419,-0.1282,0.2199,0.5605,0.3398,-0.2870,-0.0227,-0.2087,0.1209,-0.0320,-0.2396,-0.0574,-0.0166,0.0291,0.0000,-0.0150,-0.0234,-0.0043,-0.0198,-0.0049,0.0000,0.0073,-0.0000,0.0374,-0.0277,-0.0002,-0.0001,-0.0134,0.0187,-0.8153,-0.2929,0.0003,0.0257,0.2339,0.9945,-0.0000,0.1046,-0.1046,-0.0044,0.9945,0.0623,0.0131,0.1465,-0.0883,0.0243,0.1464,-0.0883,0.0243,0.1464,0.0912,0.0109,0.1466,-0.1297,0.0302,0.0903,0.1297,0.0043,0.0884,0.0421,0.0101,-0.1874,-0.1009,0.0089,-0.1872,0.0004,0.0027,0.0697,0.0520,0.0212,-0.0636,-0.0705,0.0131,-0.0683,0.0525,0.0297,-0.0864,-0.0759,0.0160,-0.0871,0.3668,-0.0414,0.0871,0.0050,-0.0340,-0.1793,-0.0135,-0.0072,0.0277,-0.0507,0.0195,0.0123,0.0221,-0.1997,0.0073,-0.0023,0.0038,-0.0189,-0.0231,0.0494,0.0598,0.0187
378,0.367805,-0.0363,-0.2516,0.2969,0.2826,-0.0104,-0.0280,0.1850,-0.1821,0.0014,-0.2418,-0.1282,0.2205,0.5598,0.3398,-0.2870,-0.0229,-0.2086,0.1196,-0.0339,-0.2395,-0.0567,-0.0284,0.0277,0.0000,-0.0046,-0.0131,-0.0017,-0.0208,-0.0099,0.0000,0.0075,-0.0000,0.0263,-0.0443,-0.0001,0.0002,-0.0135,-0.0035,-0.2525,0.6994,0.0002,0.0420,0.2339,0.9945,0.0000,0.1048,-0.1048,-0.0043,0.9945,0.0623,0.0131,0.1466,-0.0883,0.0243,0.1464,-0.0883,0.0243,0.1464,0.0912,0.0109,0.1466,-0.1297,0.0301,0.0903,0.1297,0.0043,0.0885,0.0422,0.0102,-0.1874,-0.1008,0.0089,-0.1872,0.0004,0.0027,0.0697,0.0520,0.0212,-0.0636,-0.0704,0.0131,-0.0683,0.0526,0.0297,-0.0864,-0.0759,0.0160,-0.0871,0.3678,-0.0393,0.0924,-0.0021,-0.0254,-0.1885,-0.0130,-0.0124,0.0202,-0.0247,0.0186,0.0142,0.0317,-0.1825,0.0056,-0.0011,-0.0012,0.0231,-0.0176,0.0625,0.0508,0.0080
379,0.368780,-0.0368,-0.2513,0.2969,0.2826,-0.0106,-0.0280,0.1847,-0.1822,0.0014,-0.2417,-0.1282,0.2211,0.5592,0.3398,-0.2870,-0.0232,-0.2085,0.1167,-0.0349,-0.2396,-0.0561,-0.0333,0.0238,-0.0000,-0.0014,-0.0150,-0.0003,-0.0286,-0.0162,-0.0000,0.0056,0.0000,0.0468,-0.0289,0.0001,-0.0001,-0.0245,0.0114,0.4548,-0.7052,-0.0069,0.0314,0.2339,0.9945,-0.0000,0.1048,-0.1048,-0.0041,0.9945,0.0622,0.0131,0.1466,-0.0884,0.0242,0.1464,-0.0884,0.0242,0.1464,0.0912,0.0109,0.1466,-0.1298,0.0301,0.0902,0.1296,0.0044,0.0885,0.0423,0.0102,-0.1874,-0.1008,0.0090,-0.1872,0.0004,0.0027,0.0697,0.0520,0.0212,-0.0636,-0.0704,0.0131,-0.0683,0.0526,0.0296,-0.0864,-0.0759,0.0160,-0.0871,0.3688,-0.0307,0.0980,-0.0012,-0.0360,-0.1770,-0.0204,0.0053,0.0432,-0.0430,0.0211,0.0045,0.0160,-0.1733,0.0128,-0.0039,0.0217,0.0282,-0.0212,0.0348,0.0785,-0.0160
380,0.369756,-0.0372,-0.2508,0.2969,0.2825,-0.0109,-0.0280,0.1843,-0.1825,0.0014,-0.2416,-0.1282,0.2217,0.5588,0.3398,-0.2870,-0.0235,-0.2083,0.1147,-0.0351,-0.2395,-0.0557,-0.0120,0.0227,0.0000,-0.0235,-0.0183,-0.0039,-0.0134,-0.0078,0.0000,0.0161,-0.0000,0.0193,-0.0273,-0.0003,0.0000,-0.0074,0.0193,-1.6251,0.0639,0.0380,0.0022,0.2339,0.9945,-0.0000,0.1049,-0.1049,-0.0040,0.9945,0.0622,0.0131,0.1466,-0.0884,0.0242,0.1464,-0.0884,0.0242,0.1464,0.0911,0.0110,0.1466,-0.1298,0.0300,0.0902,0.1296,0.0044,0.0885,0.0423,0.0102,-0.1874,-0.1007,0.0090,-0.1872,0.0004,0.0027,0.0697,0.0521,0.0212,-0.0636,-0.0704,0.0131,-0.0684,0.0526,0.0296,-0.0864,-0.0759,0.0160,-0.0871,0.3698,-0.0366,0.0639,0.0068,-0.0337,-0.1695,-0.0109,-0.0108,0.0160,-0.0569,0.0220,0.0167,0.0303,-0.2147,0.0037,-0.0008,-0.0047,-0.0686,-0.0156,0.0580,0.0477,0.0385
381,0.370732,-0.0377,-0.2504,0.2969,0.2824,-0.0113,-0.0281,0.1838,-0.1827,0.0014,-0.2414,-0.1282,0.2224,0.5584,0.3398,-0.2870,-0.0238,-0.2085,0.1145,-0.0335,-0.2394,-0.0547,-0.0488,0.0251,0.0000,0.0019,-0.0256,-0.0026,-0.0362,-0.0184,-0.0000,0.0119,0.0024,0.0510,-0.0263,-0.0001,-0.0000,-0.0306,-0.0380,-0.5576,-0.1356,-0.0207,0.0913,0.2339,0.9945,0.0000,0.1050,-0.1050,-0.0039,0.9945,0.0622,0.0131,0.1466,-0.0884,0.0242,0.1464,-0.0884,0.0242,0.1464,0.0911,0.0110,0.1466,-0.1298,0.0300,0.0902,0.1296,0.0044,0.0885,0.0424,0.0101,-0.1874,-0.1007,0.0089,-0.1872,0.0004,0.0027,0.0697,0.0521,0.0212,-0.0636,-0.0704,0.0131,-0.0684,0.0527,0.0296,-0.0864,-0.0758,0.0161,-0.0871,0.3707,-0.0404,0.0952,0.0018,-0.0288,-0.1825,-0.0132,-0.0083,0.0266,-0.0447,0.0190,0.0103,0.0229,-0.1840,0.0069,-0.0033,0.0039,0.0076,-0.0190,0.0513,0.0578,0.0043
382,0.371707,-0.0382,-0.2501,0.2969,0.2823,-0.0115,-0.0281,0.1835,-0.1829,0.0014,-0.2412,-0.1281,0.2228,0.5579,0.3398,-0.2870,-0.0242,-0.2087,0.1142,-0.0350,-0.2395,-0.0540,-0.0227,0.0249,0.0001,-0.0078,-0.0132,-0.0015,-0.0215,-0.0130,-0.0000,0.0054,0.0005,0.0250,-0.0363,0.0001,0.0001,-0.0190,0.0077,0.6514,0.5521,0.0020,0.0196,0.2339,0.9945,0.0000,0.1048,-0.1048,-0.0038,0.9945,0.0622,0.0132,0.1466,-0.0884,0.0242,0.1463,-0.0884,0.0242,0.1463,0.0911,0.0111,0.1466,-0.1298,0.0300,0.0902,0.1296,0.0045,0.0885,0.0425,0.0101,-0.1874,-0.1006,0.0089,-0.1872,0.0004,0.0027,0.0697,0.0521,0.0212,-0.0636,-0.0704,0.0131,-0.0684,0.0527,0.0296,-0.0864,-0.0758,0.0161,-0.0871,0.3717,-0.0252,0.0989,-0.0094,-0.0380,-0.1870,-0.0169,-0.0071,0.0280,-0.0346,0.0199,0.0061,0.0346,-0.1605,0.0073,-0.0013,0.0220,0.0612,-0.0163,0.0501,0.0554,-0.0086
383,0.372683,-0.0385,-0.2497,0.2969,0.2821,-0.0118,-0.0282,0.1831,-0.1831,0.0014,-0.2410,-0.1281,0.2234,0.5575,0.3398,-0.2869,-0.0244,-0.2082,0.1198,-0.0217,-0.2395,-0.0538,-0.0064,0.0240,0.0000,-0.0175,-0.0254,-0.0032,-0.0184,-0.0044,0.0000,0.0086,0.0000,0.0365,-0.0122,-0.0002,-0.0001,-0.0113,0.0388,-0.4785,0.2661,0.0003,0.0110,0.2339,0.9945,-0.0000,0.1048,-0.1048,-0.0037,0.9945,0.0622,0.0132,0.1466,-0.0884,0.0241,0.1463,-0.0884,0.0241,0.1463,0.0911,0.0111,0.1466,-0.1298,0.0299,0.0902,0.1296,0.0045,0.0885,0.0425,0.0101,-0.1874,-0.1006,0.0089,-0.1872,0.0004,0.0027,0.0697,0.0521,0.0212,-0.0636,-0.0704,0.0131,-0.0684,0.0527,0.0296,-0.0864,-0.0758,0.0161,-0.0871,0.3727,-0.0418,0.0934,0.0004,-0.0292,-0.1815,-0.0141,-0.0112,0.0219,-0.0280,0.0180,0.0119,0.0270,-0.1813,0.0057,-0.0021,0.0006,0.0153,-0.0194,0.0537,0.0551,0.0072
384,0.373659,-0.0388,-0.2491,0.2969,0.2819,-0.0122,-0.0282,0.1827,-0.1833,0.0014,-0.2409,-0.1281,0.2242,0.5571,0.3398,-0.2870,-0.0248,-0.2078,0.1193,-0.0244,-0.2395,-0.0533,-0.0269,0.0291,0.0000,-0.0034,-0.0141,-0.0010,-0.0287,-0.0184,0.0000,0.0047,-0.0000,0.0386,-0.0314,-0.0001,0.0001,-0.0222,0.0087,-0.3090,0.3219,-0.0001,0.0282,0.2340,0.9945,-0.0000,0.1049,-0.1049,-0.0036,0.9945,0.0622,0.0132,0.1466,-0.0885,0.0241,0.1463,-0.0885,0.0241,0.1463,0.0911,0.0111,0.1467,-0.1298,0.0299,0.0902,0.1296,0.0045,0.0886,0.0426,0.0101,-0.1874,-0.1005,0.0089,-0.1872,0.0004,0.0027,0.0697,0.0522,0.0212,-0.0636,-0.0704,0.0131,-0.0684,0.0527,0.0296,-0.0864,-0.0758,0.0161,-0.0871,0.3737,-0.0393,0.0956,-0.0010,-0.0283,-0.1815,-0.0142,-0.0099,0.0226,-0.0299,0.0176,0.0110,0.0270,-0.1757,0.0058,-0.0024,0.0043,0.0265,-0.0187,0.0531,0.0537,0.0019
385,0.374634,-0.0392,-0.2488,0.2969,0.2819,-0.0124,-0.0282,0.1823,-0.1835,0.0014,-0.2409,-0.1281,0.2247,0.5566,0.3398,-0.2870,-0.0251,-0.2077,0.1164,-0.0228,-0.2395,-0.0530,-0.0262,0.0234,-0.0000,-0.0017,-0.0105,-0.0002,-0.0234,-0.0150,-0.0000,0.0043,0.0000,0.0379,-0.0281,0.0001,-0.0002,-0.0227,0.0084,0.5253,-0.8013,-0.0002,0.0219,0.2340,0.9945,-0.0000,0.1049,-0.1049,-0.0034,0.9945,0.0621,0.0132,0.1466,-0.0885,0.0241,0.1463,-0.0885,0.0241,0.1463,0.0910,0.0111,0.1467,-0.1299,0.0298,0.0901,0.1295,0.0046,0.0886,0.0427,0.0100,-0.1874,-0.1005,0.0088,-0.1873,0.0003,0.0027,0.0697,0.0522,0.0211,-0.0636,-0.0704,0.0131,-0.0684,0.0528,0.0295,-0.0864,-0.0758,0.0161,-0.0871,0.3746,-0.0276,0.0966,-0.0022,-0.0386,-0.1713,-0.0218,0.0077,0.0437,-0.0441,0.0200,0.0014,0.0147,-0.1667,0.0120,-0.0045,0.0275,0.0331,-0.0194,0.0262,0.0781,-0.0215
386,0.375610,-0.0395,-0.2484,0.2969,0.2818,-0.0125,-0.0283,0.1820,-0.1837,0.0014,-0.2407,-0.1281,0.2251,0.5562,0.3398,-0.2870,-0.0253,-0.2075,0.1263,-0.0237,-0.2392,-0.0529,-0.0060,0.0182,0.0000,-0.0130,-0.0059,-0.0113,-0.0069,-0.0045,-0.0000,0.0125,-0.0000,0.0118,-0.0240,-0.0001,0.0001,-0.0042,0.0131,0.4010,0.6350,0.0284,-0.0096,0.2340,0.9945,-0.0000,0.1049,-0.1049,-0.0033,0.9945,0.0621,0.0132,0.1466,-0.0885,0.0241,0.1463,-0.0885,0.0241,0.1463,0.0910,0.0111,0.1467,-0.1299,0.0298,0.0901,0.1295,0.0046,0.0886,0.0427,0.0100,-0.1875,-0.1004,0.0088,-0.1873,0.0003,0.0027,0.0697,0.0522,0.0211,-0.0636,-0.0703,0.0131,-0.0684,0.0528,0.0295,-0.0864,-0.0758,0.0161,-0.0871,0.3756,-0.0274,0.0975,-0.0075,-0.0346,-0.1829,-0.0164,-0.0068,0.0244,-0.0303,0.0169,0.0067,0.0293,-0.1586,0.0066,-0.0021,0.0215,0.0568,-0.0182,0.0477,0.0492,-0.0048
387,0.376585,-0.0397,-0.2480,0.2969,0.2815,-0.0128,-0.0285,0.1818,-0.1838,0.0014,-0.2406,-0.1281,0.2256,0.5558,0.3398,-0.2870,-0.0255,-0.2072,0.1194,-0.0246,-0.2391,-0.0527,-0.0101,0.0240,-0.0000,-0.0065,-0.0159,-0.0053,-0.0187,-0.0080,0.0000,0.0018,-0.0000,0.0343,-0.0155,-0.0001,0.0001,-0.0104,0.0240,-0.4676,0.2924,-0.0064,0.0155,0.2340,0.9945,0.0000,0.1051,-0.1051,-0.0033,0.9945,0.0621,0.0132,0.1466,-0.0885,0.0240,0.1463,-0.0885,0.0240,0.1463,0.0910,0.0111,0.1467,-0.1299,0.0298,0.0901,0.1295,0.0046,0.0886,0.0428,0.0100,-0.1875,-0.1004,0.0088,-0.1873,0.0003,0.0027,0.0697,0.0522,0.0211,-0.0636,-0.0703,0.0131,-0.0684,0.0528,0.0295,-0.0864,-0.0757,0.0161,-0.0871,0.3766,-0.0399,0.0934,-0.0001,-0.0284,-0.1787,-0.0139,-0.0100,0.0210,-0.0257,0.0177,0.0111,0.0251,-0.1765,0.0056,-0.0026,0.0023,0.0170,-0.0181,0.0540,0.0528,0.0049
388,0.377561,-0.0399,-0.2476,0.2969,0.2815,-0.0130,-0.0285,0.1814,-0.1840,0.0014,-0.2406,-0.1281,0.2262,0.5556,0.3398,-0.2870,-0.0257,-0.2069,0.1217,-0.0233,-0.2392,-0.0524,-0.0263,0.0258,-0.0000,-0.0014,-0.0125,-0.0017,-0.0263,-0.0153,0.0000,0.0048,-0.0000,0.0414,-0.0253,0.0001,-0.0002,-0.0201,0.0077,0.7575,-0.8488,-0.0016,0.0277,0.2340,0.9944,-0.0000,0.1053,-0.1053,-0.0032,0.9944,0.0621,0.0132,0.1466,-0.0885,0.0240,0.1463,-0.0885,0.0240,0.1463,0.0910,0.0111,0.1467,-0.1299,0.0297,0.0901,0.1295,0.0046,0.0886,0.0428,0.0100,-0.1875,-0.1004,0.0088,-0.1873,0.0003,0.0027,0.0697,0.0522,0.0211,-0.0636,-0.0703,0.0131,-0.0684,0.0528,0.0295,-0.0864,-0.0757,0.0161,-0.0871,0.3776,-0.0239,0.0947,-0.0035,-0.0385,-0.1695,-0.0241,0.0112,0.0463,-0.0424,0.0192,0.0007,0.0142,-0.1644,0.0120,-0.0042,0.0328,0.0351,-0.0195,0.0228,0.0791,-0.0237
389,0.378537,-0.0402,-0.2473,0.2969,0.2813,-0.0132,-0.0287,0.1811,-0.1842,0.0014,-0.2404,-0.1281,0.2266,0.5551,0.3398,-0.2870,-0.0259,-0.2068,0.1223,-0.0233,-0.2389,-0.0523,-0.0049,0.0154,-0.0000,-0.0092,-0.0056,-0.0160,-0.0062,-0.0037,-0.0000,0.0068,0.0000,0.0113,-0.0192,0.0000,0.0001,-0.0009,0.0127,0.2125,0.7325,0.0195,-0.0020,0.2340,0.9944,-0.0000,0.1054,-0.1054,-0.0031,0.9944,0.0621,0.0131,0.1466,-0.0885,0.0240,0.1463,-0.0885,0.0240,0.1463,0.0910,0.0111,0.1467,-0.1299,0.0297,0.0901,0.1295,0.0046,0.0886,0.0428,0.0101,-0.1875,-0.1003,0.0088,-0.1873,0.0003,0.0027,0.0697,0.0522,0.0211,-0.0636,-0.0703,0.0132,-0.0684,0.0528,0.0295,-0.0864,-0.0757,0.0161,-0.0871,0.3785,-0.0304,0.0941,-0.0063,-0.0318,-0.1815,-0.0152,-0.0080,0.0216,-0.0264,0.0169,0.0077,0.0301,-0.1627,0.0053,-0.0023,0.0148,0.0458,-0.0159,0.0514,0.0466,0.0004
390,0.379512,-0.0404,-0.2469,0.2969,0.2812,-0.0134,-0.0289,0.1809,-0.1843,0.0014,-0.2404,-0.1281,0.2270,0.5549,0.3398,-0.2870,-0.0260,-0.2066,0.1227,-0.0214,-0.2387,-0.0521,-0.0145,0.0233,-0.0000,-0.0069,-0.0220,-0.0088,-0.0216,-0.0085,0.0000,0.0022,-0.0000,0.0431,-0.0099,-0.0002,-0.0002,-0.0141,0.0161,-0.7559,-0.6842,-0.0076,0.0263,0.2340,0.9944,-0.0000,0.1057,-0.1057,-0.0031,0.9944,0.0621,0.0131,0.1467,-0.0886,0.0239,0.1463,-0.0886,0.0239,0.1463,0.0910,0.0110,0.1467,-0.1299,0.0297,0.0901,0.1295,0.0046,0.0886,0.0429,0.0101,-0.1875,-0.1003,0.0089,-0.1873,0.0003,0.0026,0.0697,0.0522,0.0211,-0.0636,-0.0703,0.0132,-0.0684,0.0529,0.0295,-0.0864,-0.0757,0.0162,-0.0871,0.3795,-0.0358,0.0834,0.0058,-0.0306,-0.1662,-0.0150,0.0023,0.0319,-0.0538,0.0162,0.0054,0.0118,-0.1854,0.0070,-0.0044,0.0168,-0.0229,-0.0200,0.0346,0.0577,0.0125
391,0.380488,-0.0406,-0.2466,0.2969,0.2811,-0.0137,-0.0290,0.1806,-0.1844,0.0014,-0.2403,-0.1281,0.2275,0.5546,0.3398,-0.2870,-0.0261,-0.2064,0.1209,-0.0219,-0.2388,-0.0516,-0.0119,0.0219,0.0000,-0.0040,-0.0094,-0.0020,-0.0129,-0.0035,0.0000,0.0020,-0.0000,0.0143,-0.0247,-0.0001,-0.0001,-0.0036,-0.0089,-0.5656,-0.5079,0.0013,0.0325,0.2340,0.9944,-0.0000,0.1060,-0.1060,-0.0030,0.9944,0.0620,0.0131,0.1467,-0.0886,0.0239,0.1463,-0.0886,0.0239,0.1463,0.0910,0.0110,0.1467,-0.1299,0.0296,0.0901,0.1295,0.0046,0.0887,0.0429,0.0101,-0.1875,-0.1002,0.0089,-0.1873,0.0003,0.0026,0.0697,0.0522,0.0211,-0.0636,-0.0703,0.0132,-0.0684,0.0529,0.0295,-0.0864,-0.0757,0.0162,-0.0871,0.3805,-0.0365,0.0894,0.0034,-0.0300,-0.1693,-0.0159,0.0008,0.0313,-0.0457,0.0166,0.0057,0.0125,-0.1789,0.0073,-0.0046,0.0150,-0.0055,-0.0198,0.0369,0.0582,0.0055
392,0.381463,-0.0408,-0.2463,0.2969,0.2810,-0.0138,-0.0290,0.1804,-0.1844,0.0014,-0.2403,-0.1281,0.2277,0.5542,0.3398,-0.2870,-0.0262,-0.2065,0.1216,-0.0201,-0.2388,-0.0512,-0.0146,0.0180,0.0000,-0.0045,-0.0075,-0.0026,-0.0117,-0.0020,0.0000,0.0029,-0.0001,0.0162,-0.0250,-0.0000,-0.0000,-0.0060,-0.0046,-0.0911,-0.0443,0.0021,0.0211,0.2340,0.9944,0.0000,0.1060,-0.1060,-0.0030,0.9944,0.0620,0.0131,0.1467,-0.0886,0.0238,0.1463,-0.0886,0.0238,0.1463,0.0909,0.0110,0.1467,-0.1299,0.0296,0.0901,0.1295,0.0046,0.0887,0.0430,0.0101,-0.1875,-0.1002,0.0089,-0.1873,0.0003,0.0026,0.0697,0.0522,0.0211,-0.0636,-0.0703,0.0132,-0.0684,0.0529,0.0295,-0.0864,-0.0757,0.0162,-0.0871,0.3815,-0.0350,0.0970,-0.0015,-0.0308,-0.1741,-0.0167,-0.0024,0.0285,-0.0333,0.0172,0.0063,0.0177,-0.1669,0.0071,-0.0044,0.0151,0.0292,-0.0197,0.0418,0.0546,-0.0026
393,0.382439,-0.0410,-0.2460,0.2969,0.2810,-0.0139,-0.0291,0.1802,-0.1845,0.0014,-0.2402,-0.1281,0.2281,0.5538,0.3398,-0.2870,-0.0263,-0.2064,0.1180,-0.0240,-0.2387,-0.0509,-0.0099,0.0216,-0.0000,-0.0025,-0.0083,-0.0052,-0.0171,-0.0091,-0.0000,0.0039,0.0000,0.0246,-0.0189,0.0002,0.0002,-0.0077,0.0182,0.6046,0.5159,0.0006,0.0136,0.2340,0.9943,-0.0000,0.1062,-0.1062,-0.0029,0.9943,0.0620,0.0130,0.1467,-0.0886,0.0238,0.1463,-0.0886,0.0238,0.1463,0.0909,0.0110,0.1468,-0.1299,0.0296,0.0901,0.1295,0.0046,0.0887,0.0430,0.0101,-0.1875,-0.1002,0.0089,-0.1873,0.0003,0.0026,0.0697,0.0523,0.0211,-0.0636,-0.0703,0.0132,-0.0684,0.0529,0.0295,-0.0864,-0.0757,0.0162,-0.0871,0.3824,-0.0245,0.0946,-0.0092,-0.0375,-0.1787,-0.0171,-0.0042,0.0263,-0.0313,0.0184,0.0034,0.0300,-0.1541,0.0061,-0.0027,0.0257,0.0546,-0.0148,0.0448,0.0499,-0.0064
394,0.383415,-0.0412,-0.2456,0.2969,0.2808,-0.0142,-0.0291,0.1798,-0.1846,0.0014,-0.2401,-0.1281,0.2287,0.5537,0.3398,-0.2870,-0.0264,-0.2059,0.1176,-0.0241,-0.2387,-0.0507,-0.0043,0.0197,-0.0000,-0.0065,-0.0142,-0.0047,-0.0169,-0.0034,0.0000,0.0054,-0.0000,0.0351,-0.0027,0.0001,0.0000,-0.0034,0.0294,0.4950,0.0875,-0.0000,0.0102,0.2340,0.9943,-0.0000,0.1066,-0.1066,-0.0029,0.9943,0.0620,0.0130,0.1467,-0.0886,0.0238,0.1463,-0.0886,0.0238,0.1463,0.0909,0.0109,0.1468,-0.1299,0.0295,0.0901,0.1295,0.0046,0.0887,0.0431,0.0101,-0.1875,-0.1002,0.0089,-0.1873,0.0003,0.0026,0.0697,0.0523,0.0211,-0.0636,-0.0703,0.0132,-0.0684,0.0529,0.0295,-0.0864,-0.0756,0.0163,-0.0871,0.3834,-0.0274,0.0949,-0.0062,-0.0370,-0.1733,-0.0185,0.0004,0.0315,-0.0321,0.0199,0.0032,0.0225,-0.1580,0.0082,-0.0040,0.0250,0.0431,-0.0168,0.0417,0.0565,-0.0074
395,0.384390,-0.0412,-0.2453,0.2969,0.2807,-0.0144,-0.0292,0.1796,-0.1847,0.0014,-0.2400,-0.1281,0.2291,0.5536,0.3398,-0.2870,-0.0265,-0.2056,0.1158,-0.0233,-0.2387,-0.0505,-0.0009,0.0222,0.0000,-0.0089,-0.0141,-0.0058,-0.0142,-0.0016,0.0000,0.0091,-0.0000,0.0270,-0.0075,-0.0001,0.0000,-0.0007,0.0218,-0.4520,0.0510,0.0003,0.0083,0.2340,0.9943,0.0000,0.1069,-0.1069,-0.0028,0.9943,0.0620,0.0129,0.1467,-0.0886,0.0237,0.1463,-0.0886,0.0237,0.1463,0.0909,0.0109,0.1468,-0.1300,0.0295,0.0901,0.1295,0.0045,0.0887,0.0431,0.0102,-0.1875,-0.1001,0.0089,-0.1873,0.0003,0.0025,0.0697,0.0523,0.0211,-0.0636,-0.0703,0.0133,-0.0684,0.0529,0.0295,-0.0864,-0.0756,0.0163,-0.0871,0.3844,-0.0392,0.0884,0.0009,-0.0299,-0.1714,-0.0149,-0.0054,0.0234,-0.0295,0.0174,0.0084,0.0203,-0.1775,0.0054,-0.0037,0.0055,0.0017,-0.0172,0.0482,0.0523,0.0093
396,0.385366,-0.0415,-0.2449,0.2969,0.2806,-0.0147,-0.0293,0.1793,-0.1848,0.0014,-0.2399,-0.1281,0.2298,0.5533,0.3398,-0.2870,-0.0266,-0.2053,0.1055,-0.0221,-0.2387,-0.0500,-0.0248,0.0245,0.0000,-0.0016,-0.0132,-0.0031,-0.0246,-0.0126,0.0000,0.0038,-0.0000,0.0369,-0.0234,0.0000,-0.0000,-0.0151,0.0016,-0.7333,-0.0762,-0.0000,0.0379,0.2340,0.9942,-0.0000,0.1073,-0.1073,-0.0028,0.9942,0.0620,0.0129,0.1467,-0.0886,0.0236,0.1463,-0.0886,0.0236,0.1463,0.0909,0.0108,0.1468,-0.1300,0.0294,0.0901,0.1295,0.0045,0.0887,0.0432,0.0102,-0.1875,-0.1001,0.0090,-0.1873,0.0003,0.0025,0.0697,0.0523,0.0211,-0.0636,-0.0702,0.0133,-0.0684,0.0530,0.0295,-0.0864,-0.0756,0.0163,-0.0871,0.3854,-0.0400,0.0813,0.0022,-0.0325,-0.1679,-0.0132,-0.0065,0.0215,-0.0412,0.0193,0.0075,0.0233,-0.1874,0.0043,-0.0038,0.0023,-0.0222,-0.0132,0.0488,0.0517,0.0181
397,0.386341,-0.0419,-0.2445,0.2969,0.2806,-0.0149,-0.0294,0.1789,-0.1850,0.0014,-0.2398,-0.1281,0.2304,0.5529,0.3398,-0.2870,-0.0269,-0.2054,0.1063,-0.0212,-0.2387,-0.0494,-0.0275,0.0186,-0.0000,-0.0020,-0.0107,-0.0013,-0.0203,-0.0098,0.0000,0.0068,-0.0000,0.0314,-0.0250,0.0000,-0.0002,-0.0152,-0.0060,0.0761,-0.7093,0.0012,0.0331,0.2340,0.9942,-0.0000,0.1075,-0.1075,-0.0026,0.9942,0.0620,0.0129,0.1467,-0.0887,0.0236,0.1463,-0.0887,0.0236,0.1463,0.0909,0.0108,0.1468,-0.1300,0.0294,0.0901,0.1295,0.0045,0.0887,0.0432,0.0102,-0.1875,-0.1000,0.0090,-0.1873,0.0003,0.0025,0.0697,0.0523,0.0212,-0.0636,-0.0702,0.0133,-0.0684,0.0530,0.0295,-0.0864,-0.0756,0.0164,-0.0871,0.3863,-0.0325,0.0904,0.0002,-0.0295,-0.1652,-0.0186,0.0078,0.0378,-0.0395,0.0192,0.0006,0.0099,-0.1655,0.0088,-0.0059,0.0192,0.0093,-0.0130,0.0302,0.0655,-0.0103
398,0.387317,-0.0422,-0.2442,0.2969,0.2805,-0.0150,-0.0294,0.1786,-0.1851,0.0014,-0.2397,-0.1281,0.2307,0.5526,0.3398,-0.2870,-0.0271,-0.2054,0.1112,-0.0245,-0.2387,-0.0491,-0.0058,0.0109,-0.0000,-0.0041,-0.0026,-0.0055,-0.0073,-0.0034,0.0000,0.0100,-0.0000,0.0108,-0.0104,0.0002,-0.0001,-0.0052,0.0065,1.2714,-0.8496,0.0112,-0.0017,0.2341,0.9942,-0.0000,0.1075,-0.1075,-0.0025,0.9942,0.0619,0.0129,0.1467,-0.0887,0.0236,0.1463,-0.0887,0.0236,0.1463,0.0909,0.0108,0.1468,-0.1300,0.0293,0.0901,0.1295,0.0046,0.0888,0.0433,0.0102,-0.1875,-0.1000,0.0090,-0.1874,0.0003,0.0025,0.0697,0.0523,0.0212,-0.0636,-0.0702,0.0133,-0.0684,0.0530,0.0295,-0.0864,-0.0756,0.0164,-0.0871,0.3873,-0.0194,0.0864,-0.0066,-0.0387,-0.1630,-0.0275,0.0171,0.0485,-0.0378,0.0201,-0.0019,0.0160,-0.1622,0.0089,-0.0037,0.0330,0.0243,-0.0116,0.0217,0.0774,-0.0201
399,0.388293,-0.0423,-0.2441,0.2969,0.2805,-0.0150,-0.0296,0.1785,-0.1852,0.0014,-0.2396,-0.1281,0.2309,0.5524,0.3398,-0.2870,-0.0271,-0.2052,0.1182,-0.0248,-0.2384,-0.0491,-0.0011,0.0121,-0.0000,-0.0098,-0.0063,-0.0200,-0.0029,-0.0003,-0.0000,0.0097,0.0000,0.0167,-0.0068,-0.0001,0.0000,-0.0014,0.0157,0.2214,-0.0067,0.0284,0.0011,0.2341,0.9942,-0.0000,0.1077,-0.1077,-0.0025,0.9942,0.0619,0.0129,0.1467,-0.0887,0.0236,0.1463,-0.0887,0.0236,0.1463,0.0908,0.0108,0.1468,-0.1300,0.0293,0.0901,0.1294,0.0045,0.0888,0.0433,0.0102,-0.1875,-0.1000,0.0090,-0.1874,0.0003,0.0025,0.0697,0.0523,0.0211,-0.0636,-0.0702,0.0133,-0.0684,0.0530,0.0295,-0.0864,-0.0756,0.0164,-0.0872,0.3883,-0.0313,0.0910,-0.0029,-0.0313,-0.1685,-0.0179,0.0020,0.0298,-0.0280,0.0184,0.0044,0.0166,-0.1611,0.0079,-0.0048,0.0196,0.0270,-0.0170,0.0419,0.0539,-0.0031
400,0.389268,-0.0423,-0.2438,0.2969,0.2804,-0.0152,-0.0299,0.1784,-0.1852,0.0014,-0.2394,-0.1281,0.2313,0.5523,0.3398,-0.2870,-0.0272,-0.2050,0.1119,-0.0240,-0.2381,-0.0490,-0.0046,0.0155,-0.0000,-0.0027,-0.0071,-0.0107,-0.0101,-0.0010,0.0000,0.0050,-0.0001,0.0229,-0.0075,0.0001,-0.0000,-0.0032,0.0138,0.1631,0.0433,0.0020,0.0112,0.2341,0.9942,0.0000,0.1079,-0.1079,-0.0025,0.9942,0.0619,0.0128,0.1467,-0.0887,0.0235,0.1463,-0.0887,0.0235,0.1463,0.0908,0.0108,0.1468,-0.1300,0.0293,0.0900,0.1295,0.0045,0.0888,0.0433,0.0102,-0.1875,-0.1000,0.0090,-0.1874,0.0003,0.0025,0.0697,0.0524,0.0212,-0.0636,-0.0702,0.0133,-0.0684,0.0530,0.0295,-0.0864,-0.0756,0.0164,-0.0872,0.3893,-0.0329,0.0908,-0.0032,-0.0311,-0.1694,-0.0169,0.0002,0.0279,-0.0282,0.0188,0.0042,0.0188,-0.1635,0.0067,-0.0049,0.0160,0.0240,-0.0149,0.0440,0.0518,-0.0004
401,0.390244,-0.0424,-0.2436,0.2969,0.2803,-0.0153,-0.0300,0.1782,-0.1852,0.0014,-0.2394,-0.1281,0.2317,0.5522,0.3398,-0.2870,-0.0272,-0.2048,0.1125,-0.0233,-0.2381,-0.0488,-0.0086,0.0171,-0.0000,-0.0008,-0.0068,-0.0054,-0.0131,-0.0029,0.0000,0.0063,-0.0001,0.0277,-0.0094,0.0000,-0.0000,-0.0075,0.0109,0.0165,0.0423,0.0002,0.0156,0.2341,0.9941,-0.0000,0.1081,-0.1081,-0.0024,0.9941,0.0619,0.0128,0.1467,-0.0887,0.0235,0.1463,-0.0887,0.0235,0.1463,0.0908,0.0107,0.1468,-0.1300,0.0293,0.0900,0.1294,0.0044,0.0888,0.0433,0.0102,-0.1875,-0.0999,0.0090,-0.1874,0.0003,0.0025,0.0697,0.0524,0.0212,-0.0636,-0.0702,0.0134,-0.0684,0.0530,0.0295,-0.0864,-0.0756,0.0164,-0.0871,0.3902,-0.0342,0.0901,-0.0021,-0.0291,-0.1688,-0.0163,-0.0003,0.0268,-0.0270,0.0178,0.0047,0.0182,-0.1648,0.0060,-0.0049,0.0139,0.0193,-0.0151,0.0441,0.0508,0.0012
402,0.391220,-0.0426,-0.2433,0.2969,0.2803,-0.0154,-0.0301,0.1780,-0.1853,0.0014,-0.2393,-0.1281,0.2322,0.5520,0.3398,-0.2870,-0.0274,-0.2046,0.1120,-0.0224,-0.2381,-0.0485,-0.0097,0.0172,0.0000,-0.0003,-0.0063,-0.0025,-0.0140,-0.0048,0.0000,0.0043,-0.0001,0.0261,-0.0105,-0.0001,-0.0000,-0.0083,0.0071,-0.5533,0.0383,-0.0002,0.0158,0.2341,0.9941,0.0000,0.1084,-0.1084,-0.0024,0.9941,0.0619,0.0128,0.1468,-0.0887,0.0235,0.1463,-0.0887,0.0235,0.1463,0.0908,0.0107,0.1468,-0.1300,0.0293,0.0900,0.1294,0.0044,0.0888,0.0434,0.0102,-0.1875,-0.0999,0.0090,-0.1874,0.0003,0.0025,0.0697,0.0524,0.0212,-0.0636,-0.0702,0.0134,-0.0684,0.0530,0.0295,-0.0864,-0.0756,0.0165,-0.0871,0.3912,-0.0382,0.0807,0.0015,-0.0297,-0.1654,-0.0141,-0.0037,0.0211,-0.0327,0.0169,0.0069,0.0197,-0.1808,0.0043,-0.0042,0.0055,-0.0158,-0.0140,0.0475,0.0471,0.0164
403,0.392195,-0.0429,-0.2429,0.2969,0.2803,-0.0156,-0.0301,0.1778,-0.1854,0.0014,-0.2392,-0.1281,0.2326,0.5518,0.3398,-0.2870,-0.0275,-0.2046,0.1104,-0.0217,-0.2381,-0.0481,-0.0220,0.0168,0.0000,0.0002,-0.0081,-0.0016,-0.0204,-0.0109,0.0000,0.0030,-0.0000,0.0281,-0.0180,0.0001,-0.0000,-0.0130,-0.0038,0.5408,0.0390,0.0001,0.0336,0.2341,0.9941,-0.0000,0.1085,-0.1085,-0.0023,0.9941,0.0619,0.0127,0.1468,-0.0887,0.0234,0.1463,-0.0887,0.0234,0.1463,0.0908,0.0107,0.1469,-0.1300,0.0292,0.0900,0.1294,0.0044,0.0888,0.0434,0.0102,-0.1875,-0.0999,0.0091,-0.1874,0.0003,0.0024,0.0697,0.0524,0.0212,-0.0636,-0.0702,0.0134,-0.0684,0.0530,0.0295,-0.0864,-0.0756,0.0165,-0.0871,0.3922,-0.0270,0.0900,-0.0067,-0.0339,-0.1695,-0.0179,0.0029,0.0307,-0.0316,0.0197,0.0007,0.0213,-0.1557,0.0065,-0.0048,0.0245,0.0340,-0.0118,0.0391,0.0525,-0.0065
404,0.393171,-0.0432,-0.2428,0.2969,0.2803,-0.0157,-0.0302,0.1775,-0.1855,0.0014,-0.2391,-0.1281,0.2330,0.5515,0.3398,-0.2870,-0.0277,-0.2046,0.1100,-0.0208,-0.2381,-0.0477,-0.0092,0.0102,-0.0000,-0.0030,-0.0080,-0.0038,-0.0113,-0.0044,-0.0000,0.0098,0.0000,0.0205,-0.0080,0.0001,-0.0000,-0.0054,0.0156,0.5414,0.0418,0.0001,0.0108,0.2341,0.9941,-0.0000,0.1085,-0.1085,-0.0022,0.9941,0.0619,0.0127,0.1468,-0.0888,0.0234,0.1462,-0.0888,0.0234,0.1462,0.0908,0.0107,0.1469,-0.1300,0.0292,0.0900,0.1294,0.0045,0.0888,0.0434,0.0103,-0.1875,-0.0999,0.0091,-0.1874,0.0003,0.0024,0.0697,0.0524,0.0212,-0.0636,-0.0702,0.0134,-0.0684,0.0531,0.0295,-0.0864,-0.0756,0.0165,-0.0871,0.3932,-0.0274,0.0893,-0.0066,-0.0344,-0.1682,-0.0181,0.0034,0.0308,-0.0290,0.0198,0.0007,0.0209,-0.1554,0.0064,-0.0049,0.0242,0.0324,-0.0118,0.0381,0.0529,-0.0053
405,0.394146,-0.0433,-0.2425,0.2969,0.2802,-0.0158,-0.0303,0.1773,-0.1856,0.0014,-0.2390,-0.1281,0.2334,0.5514,0.3398,-0.2870,-0.0278,-0.2043,0.1193,-0.0199,-0.2381,-0.0475,-0.0017,0.0150,-0.0000,-0.0055,-0.0102,-0.0065,-0.0110,-0.0015,0.0000,0.0074,-0.0000,0.0241,-0.0012,-0.0000,-0.0000,-0.0035,0.0146,0.6412,0.0092,0.0001,0.0063,0.2341,0.9941,-0.0000,0.1088,-0.1088,-0.0022,0.9941,0.0619,0.0127,0.1468,-0.0888,0.0234,0.1462,-0.0888,0.0234,0.1462,0.0908,0.0107,0.1469,-0.1300,0.0292,0.0900,0.1294,0.0044,0.0888,0.0435,0.0103,-0.1875,-0.0999,0.0091,-0.1874,0.0003,0.0024,0.0697,0.0524,0.0212,-0.0636,-0.0702,0.0134,-0.0684,0.0531,0.0295,-0.0864,-0.0756,0.0165,-0.0872,0.3941,-0.0248,0.0885,-0.0070,-0.0350,-0.1673,-0.0196,0.0053,0.0323,-0.0285,0.0186,0.0000,0.0188,-0.1540,0.0070,-0.0048,0.0296,0.0344,-0.0144,0.0361,0.0530,-0.0065
406,0.395122,-0.0433,-0.2423,0.2969,0.2801,-0.0160,-0.0304,0.1771,-0.1856,0.0014,-0.2389,-0.1281,0.2338,0.5514,0.3398,-0.2870,-0.0278,-0.2041,0.1141,-0.0194,-0.2381,-0.0475,-0.0004,0.0133,-0.0000,-0.0032,-0.0070,-0.0085,-0.0089,-0.0008,0.0000,0.0058,-0.0000,0.0206,-0.0016,0.0000,0.0000,-0.0015,0.0151,0.0918,0.1376,0.0001,0.0043,0.2341,0.9940,-0.0000,0.1090,-0.1090,-0.0022,0.9940,0.0619,0.0127,0.1468,-0.0888,0.0233,0.1463,-0.0888,0.0233,0.1463,0.0908,0.0106,0.1469,-0.1301,0.0292,0.0900,0.1294,0.0044,0.0888,0.0435,0.0103,-0.1875,-0.0998,0.0091,-0.1874,0.0002,0.0024,0.0697,0.0524,0.0212,-0.0636,-0.0702,0.0134,-0.0684,0.0531,0.0295,-0.0864,-0.0755,0.0165,-0.0872,0.3951,-0.0334,0.0872,-0.0027,-0.0288,-0.1661,-0.0166,0.0010,0.0256,-0.0234,0.0169,0.0036,0.0169,-0.1625,0.0052,-0.0052,0.0151,0.0170,-0.0138,0.0418,0.0475,0.0034
407,0.396098,-0.0434,-0.2421,0.2969,0.2801,-0.0161,-0.0305,0.1769,-0.1857,0.0014,-0.2388,-0.1281,0.2342,0.5513,0.3398,-0.2870,-0.0279,-0.2039,0.1223,-0.0141,-0.2381,-0.0472,-0.0118,0.0149,0.0000,-0.0062,-0.0139,-0.0063,-0.0150,-0.0052,0.0000,0.0022,-0.0000,0.0261,-0.0066,-0.0001,-0.0001,-0.0084,0.0041,0.2126,-0.2556,0.0001,0.0216,0.2341,0.9940,-0.0000,0.1093,-0.1093,-0.0021,0.9940,0.0618,0.0126,0.1468,-0.0888,0.0233,0.1463,-0.0888,0.0233,0.1463,0.0908,0.0106,0.1469,-0.1301,0.0291,0.0900,0.1294,0.0044,0.0888,0.0435,0.0103,-0.1875,-0.0998,0.0091,-0.1874,0.0002,0.0024,0.0697,0.0524,0.0212,-0.0636,-0.0702,0.0134,-0.0684,0.0531,0.0295,-0.0864,-0.0755,0.0166,-0.0871,0.3961,-0.0311,0.0876,-0.0017,-0.0295,-0.1621,-0.0191,0.0070,0.0323,-0.0278,0.0169,0.0013,0.0100,-0.1605,0.0072,-0.0060,0.0227,0.0150,-0.0161,0.0328,0.0535,-0.0016
408,0.397073,-0.0435,-0.2418,0.2969,0.2800,-0.0163,-0.0306,0.1767,-0.1857,0.0014,-0.2388,-0.1281,0.2345,0.5512,0.3398,-0.2870,-0.0280,-0.2038,0.1152,-0.0143,-0.2381,-0.0470,-0.0039,0.0104,-0.0000,-0.0012,-0.0041,-0.0079,-0.0067,-0.0014,0.0000,0.0030,-0.0000,0.0125,-0.0070,0.0001,-0.0001,-0.0015,0.0041,0.1352,-0.2711,-0.0000,0.0086,0.2341,0.9940,-0.0000,0.1096,-0.1096,-0.0021,0.9940,0.0618,0.0126,0.1468,-0.0888,0.0233,0.1462,-0.0888,0.0233,0.1462,0.0908,0.0106,0.1469,-0.1301,0.0291,0.0900,0.1294,0.0044,0.0889,0.0435,0.0103,-0.1875,-0.0998,0.0091,-0.1874,0.0002,0.0024,0.0697,0.0524,0.0212,-0.0636,-0.0702,0.0135,-0.0684,0.0531,0.0295,-0.0864,-0.0755,0.0166,-0.0871,0.3971,-0.0329,0.0874,-0.0014,-0.0284,-0.1613,-0.0184,0.0066,0.0314,-0.0262,0.0175,0.0014,0.0095,-0.1620,0.0065,-0.0062,0.0188,0.0097,-0.0137,0.0329,0.0534,-0.0005
409,0.398049,-0.0436,-0.2416,0.2969,0.2800,-0.0163,-0.0307,0.1766,-0.1857,0.0014,-0.2387,-0.1281,0.2347,0.5511,0.3398,-0.2870,-0.0280,-0.2037,0.1158,-0.0168,-0.2381,-0.0468,-0.0043,0.0122,-0.0000,-0.0004,-0.0036,-0.0083,-0.0082,-0.0012,0.0000,0.0047,-0.0000,0.0148,-0.0068,0.0001,0.0001,-0.0026,0.0018,0.2424,0.1511,0.0017,0.0123,0.2341,0.9940,-0.0000,0.1097,-0.1097,-0.0021,0.9940,0.0618,0.0126,0.1468,-0.0888,0.0232,0.1462,-0.0888,0.0232,0.1462,0.0908,0.0105,0.1469,-0.1301,0.0291,0.0900,0.1294,0.0043,0.0889,0.0436,0.0103,-0.1875,-0.0998,0.0091,-0.1874,0.0002,0.0024,0.0697,0.0524,0.0212,-0.0636,-0.0702,0.0135,-0.0684,0.0531,0.0295,-0.0864,-0.0755,0.0166,-0.0871,0.3980,-0.0319,0.0852,-0.0036,-0.0289,-0.1647,-0.0169,0.0028,0.0262,-0.0227,0.0167,0.0022,0.0163,-0.1593,0.0050,-0.0053,0.0180,0.0179,-0.0128,0.0385,0.0464,0.0026
410,0.399024,-0.0437,-0.2415,0.2969,0.2800,-0.0164,-0.0309,0.1764,-0.1857,0.0014,-0.2387,-0.1281,0.2351,0.5510,0.3398,-0.2870,-0.0281,-0.2037,0.1284,-0.0168,-0.2381,-0.0466,-0.0120,0.0093,0.0000,-0.0003,-0.0064,-0.0055,-0.0126,-0.0026,0.0000,0.0020,-0.0001,0.0252,-0.0044,-0.0000,0.0002,-0.0045,0.0089,0.8347,0.6907,0.0002,0.0152,0.2341,0.9939,0.0000,0.1099,-0.1099,-0.0020,0.9939,0.0618,0.0125,0.1468,-0.0888,0.0232,0.1462,-0.0888,0.0232,0.1462,0.0907,0.0105,0.1469,-0.1301,0.0291,0.0900,0.1294,0.0043,0.0889,0.0436,0.0104,-0.1875,-0.0998,0.0092,-0.1874,0.0002,0.0023,0.0697,0.0524,0.0212,-0.0636,-0.0702,0.0135,-0.0684,0.0531,0.0295,-0.0864,-0.0755,0.0166,-0.0871,0.3990,-0.0224,0.0831,-0.0110,-0.0338,-0.1677,-0.0171,0.0015,0.0235,-0.0198,0.0147,-0.0013,0.0221,-0.1466,0.0031,-0.0023,0.0265,0.0405,-0.0100,0.0378,0.0435,-0.0016
411,0.400000,-0.0438,-0.2413,0.2969,0.2799,-0.0166,-0.0310,0.1762,-0.1858,0.0014,-0.2386,-0.1281,0.2355,0.5510,0.3398,-0.2870,-0.0281,-0.2034,0.1238,-0.0152,-0.2381,-0.0464,-0.0027,0.0121,-0.0000,-0.0043,-0.0099,-0.0049,-0.0119,-0.0014,0.0000,0.0006,-0.0000,0.0225,-0.0007,0.0000,0.0001,-0.0006,0.0221,0.0741,0.3905,-0.0016,0.0080,0.2341,0.9939,0.0000,0.1103,-0.1103,-0.0020,0.9939,0.0618,0.0125,0.1468,-0.0888,0.0232,0.1463,-0.0888,0.0232,0.1463,0.0908,0.0104,0.1469,-0.1301,0.0290,0.0900,0.1294,0.0043,0.0889,0.0436,0.0104,-0.1876,-0.0998,0.0092,-0.1874,0.0002,0.0023,0.0697,0.0524,0.0212,-0.0636,-0.0701,0.0135,-0.0684,0.0531,0.0295,-0.0864,-0.0755,0.0166,-0.0871,0.4000,-0.0331,0.0823,-0.0028,-0.0258,-0.1636,-0.0164,0.0008,0.0217,-0.0159,0.0143,0.0036,0.0167,-0.1621,0.0040,-0.0046,0.0145,0.0124,-0.0135,0.0421,0.0417,0.0075
412,0.400976,-0.0439,-0.2411,0.2969,0.2799,-0.0167,-0.0310,0.1760,-0.1858,0.0014,-0.2386,-0.1282,0.2358,0.5509,0.3398,-0.2870,-0.0282,-0.2031,0.1239,-0.0142,-0.2381,-0.0462,-0.0114,0.0119,0.0000,-0.0011,-0.0102,-0.0038,-0.0160,-0.0051,0.0000,0.0002,-0.0000,0.0271,-0.0019,-0.0000,-0.0001,-0.0048,0.0092,-0.1176,-0.2039,-0.0045,0.0203,0.2341,0.9939,-0.0000,0.1105,-0.1105,-0.0020,0.9939,0.0618,0.0124,0.1468,-0.0888,0.0231,0.1463,-0.0888,0.0231,0.1463,0.0907,0.0104,0.1469,-0.1301,0.0290,0.0900,0.1294,0.0043,0.0889,0.0436,0.0104,-0.1875,-0.0997,0.0092,-0.1874,0.0002,0.0023,0.0697,0.0525,0.0212,-0.0636,-0.0701,0.0135,-0.0684,0.0531,0.0296,-0.0864,-0.0755,0.0167,-0.0871,0.4010,-0.0345,0.0827,0.0011,-0.0239,-0.1582,-0.0176,0.0064,0.0285,-0.0218,0.0145,0.0016,0.0070,-0.1647,0.0055,-0.0060,0.0166,-0.0042,-0.0154,0.0333,0.0496,0.0055
413,0.401951,-0.0441,-0.2409,0.2969,0.2799,-0.0168,-0.0311,0.1758,-0.1859,0.0014,-0.2386,-0.1282,0.2361,0.5508,0.3398,-0.2870,-0.0282,-0.2031,0.1231,-0.0151,-0.2382,-0.0459,-0.0073,0.0088,0.0000,-0.0014,-0.0053,-0.0040,-0.0090,-0.0021,0.0000,0.0001,-0.0001,0.0119,-0.0064,-0.0002,-0.0001,-0.0015,0.0006,-0.8402,-0.5846,0.0002,0.0144,0.2341,0.9938,-0.0000,0.1108,-0.1108,-0.0020,0.9938,0.0618,0.0124,0.1468,-0.0888,0.0231,0.1463,-0.0888,0.0231,0.1463,0.0907,0.0104,0.1469,-0.1301,0.0290,0.0900,0.1294,0.0043,0.0889,0.0437,0.0104,-0.1875,-0.0997,0.0092,-0.1874,0.0002,0.0023,0.0697,0.0525,0.0212,-0.0636,-0.0701,0.0135,-0.0684,0.0532,0.0296,-0.0864,-0.0755,0.0167,-0.0871,0.4020,-0.0338,0.0618,0.0072,-0.0283,-0.1469,-0.0151,0.0097,0.0268,-0.0468,0.0135,0.0020,0.0055,-0.1933,0.0046,-0.0056,0.0180,-0.0698,-0.0158,0.0310,0.0440,0.0332
414,0.402927,-0.0443,-0.2407,0.2969,0.2799,-0.0170,-0.0312,0.1756,-0.1859,0.0014,-0.2386,-0.1282,0.2363,0.5507,0.3398,-0.2870,-0.0282,-0.2034,0.1087,-0.0252,-0.2382,-0.0452,-0.0180,0.0076,0.0003,0.0016,-0.0073,-0.0040,-0.0105,-0.0014,0.0000,0.0001,-0.0001,0.0032,-0.0134,0.0000,0.0000,-0.0001,-0.0359,-0.8637,-0.6714,-0.0013,0.0556,0.2341,0.9938,0.0000,0.1109,-0.1109,-0.0019,0.9938,0.0618,0.0124,0.1468,-0.0888,0.0231,0.1462,-0.0888,0.0231,0.1462,0.0907,0.0104,0.1469,-0.1301,0.0290,0.0900,0.1294,0.0043,0.0889,0.0437,0.0104,-0.1876,-0.0997,0.0093,-0.1874,0.0002,0.0023,0.0697,0.0525,0.0212,-0.0636,-0.0701,0.0136,-0.0684,0.0532,0.0296,-0.0864,-0.0755,0.0167,-0.0871,0.4029,-0.0326,0.0631,0.0066,-0.0238,-0.1499,-0.0134,0.0103,0.0273,-0.0516,0.0140,0.0014,0.0067,-0.1891,0.0045,-0.0058,0.0169,-0.0654,-0.0110,0.0340,0.0439,0.0256
415,0.403902,-0.0445,-0.2407,0.2969,0.2799,-0.0170,-0.0312,0.1755,-0.1859,0.0014,-0.2386,-0.1282,0.2363,0.5505,0.3398,-0.2870,-0.0283,-0.2038,0.1124,-0.0200,-0.2382,-0.0446,-0.0161,0.0019,0.0004,0.0025,-0.0023,-0.0019,-0.0045,-0.0009,0.0000,0.0001,-0.0001,0.0031,-0.0119,0.0001,0.0000,-0.0046,-0.0260,0.4093,0.1790,-0.0022,0.0322,0.2341,0.9939,-0.0000,0.1107,-0.1107,-0.0018,0.9939,0.0618,0.0124,0.1468,-0.0888,0.0231,0.1462,-0.0888,0.0231,0.1462,0.0907,0.0104,0.1470,-0.1301,0.0290,0.0900,0.1294,0.0043,0.0889,0.0437,0.0104,-0.1876,-0.0997,0.0093,-0.1874,0.0002,0.0023,0.0697,0.0525,0.0212,-0.0636,-0.0701,0.0136,-0.0684,0.0532,0.0296,-0.0864,-0.0755,0.0167,-0.0871,0.4039,-0.0298,0.0838,-0.0057,-0.0272,-0.1618,-0.0163,0.0052,0.0266,-0.0211,0.0172,0.0002,0.0154,-0.1550,0.0044,-0.0053,0.0182,0.0181,-0.0092,0.0380,0.0456,-0.0001
416,0.404878,-0.0448,-0.2406,0.2969,0.2799,-0.0171,-0.0313,0.1754,-0.1860,0.0014,-0.2385,-0.1282,0.2365,0.5504,0.3398,-0.2870,-0.0284,-0.2038,0.1242,-0.0168,-0.2382,-0.0443,-0.0074,0.0063,0.0001,-0.0045,-0.0083,-0.0036,-0.0093,-0.0012,0.0000,0.0060,-0.0001,0.0218,-0.0031,-0.0001,-0.0002,-0.0101,0.0210,0.3054,-0.7661,0.0001,0.0029,0.2341,0.9939,-0.0000,0.1106,-0.1106,-0.0018,0.9939,0.0618,0.0125,0.1468,-0.0888,0.0231,0.1462,-0.0888,0.0231,0.1462,0.0907,0.0104,0.1470,-0.1301,0.0290,0.0900,0.1294,0.0043,0.0889,0.0437,0.0104,-0.1876,-0.0997,0.0092,-0.1874,0.0002,0.0023,0.0697,0.0525,0.0212,-0.0636,-0.0701,0.0136,-0.0684,0.0532,0.0295,-0.0864,-0.0755,0.0167,-0.0871,0.4049,-0.0280,0.0807,0.0003,-0.0235,-0.1500,-0.0215,0.0188,0.0399,-0.0226,0.0163,-0.0021,-0.0022,-0.1612,0.0081,-0.0075,0.0287,-0.0077,-0.0141,0.0219,0.0592,-0.0028
417,0.405854,-0.0448,-0.2405,0.2969,0.2799,-0.0172,-0.0314,0.1753,-0.1860,0.0014,-0.2385,-0.1282,0.2368,0.5503,0.3398,-0.2870,-0.0285,-0.2036,0.1231,-0.0266,-0.2382,-0.0443,-0.0010,0.0045,0.0000,-0.0012,-0.0016,-0.0112,-0.0032,-0.0017,0.0000,0.0019,-0.0000,0.0052,-0.0020,-0.0001,0.0001,-0.0023,0.0033,-0.2252,-0.0945,0.0061,0.0037,0.2341,0.9939,-0.0000,0.1105,-0.1105,-0.0018,0.9939,0.0618,0.0125,0.1468,-0.0889,0.0231,0.1462,-0.0889,0.0231,0.1462,0.0907,0.0104,0.1470,-0.1301,0.0290,0.0900,0.1294,0.0043,0.0889,0.0438,0.0104,-0.1876,-0.0997,0.0092,-0.1874,0.0002,0.0023,0.0697,0.0525,0.0212,-0.0636,-0.0701,0.0135,-0.0684,0.0532,0.0295,-0.0864,-0.0755,0.0167,-0.0871,0.4059,-0.0327,0.0811,0.0011,-0.0210,-0.1564,-0.0163,0.0065,0.0260,-0.0173,0.0137,0.0027,0.0079,-0.1635,0.0054,-0.0056,0.0167,-0.0057,-0.0154,0.0390,0.0464,0.0050
418,0.406829,-0.0449,-0.2404,0.2969,0.2799,-0.0172,-0.0315,0.1752,-0.1860,0.0014,-0.2385,-0.1282,0.2369,0.5503,0.3398,-0.2870,-0.0286,-0.2036,0.1220,-0.0261,-0.2381,-0.0442,-0.0056,0.0075,0.0000,-0.0000,-0.0034,-0.0070,-0.0071,-0.0039,0.0000,0.0009,-0.0000,0.0097,-0.0059,-0.0001,0.0002,-0.0095,0.0007,-0.2778,0.5568,0.0017,0.0130,0.2341,0.9939,-0.0000,0.1105,-0.1105,-0.0017,0.9939,0.0618,0.0125,0.1468,-0.0889,0.0231,0.1462,-0.0889,0.0231,0.1462,0.0907,0.0104,0.1470,-0.1301,0.0290,0.0900,0.1294,0.0043,0.0889,0.0438,0.0104,-0.1876,-0.0997,0.0092,-0.1874,0.0002,0.0023,0.0697,0.0525,0.0212,-0.0636,-0.0701,0.0135,-0.0684,0.0532,0.0295,-0.0864,-0.0755,0.0167,-0.0872,0.4068,-0.0344,0.0777,-0.0014,-0.0182,-0.1632,-0.0133,-0.0014,0.0162,-0.0062,0.0132,0.0060,0.0197,-0.1646,0.0026,-0.0039,0.0074,0.0013,-0.0120,0.0511,0.0381,0.0095
419,0.407805,-0.0451,-0.2403,0.2969,0.2799,-0.0173,-0.0316,0.1749,-0.1862,0.0014,-0.2385,-0.1282,0.2373,0.5502,0.3398,-0.2870,-0.0289,-0.2036,0.1214,-0.0253,-0.2381,-0.0439,-0.0178,0.0083,0.0000,0.0002,-0.0076,-0.0011,-0.0179,-0.0132,0.0000,0.0001,-0.0000,0.0216,-0.0062,0.0000,0.0001,-0.0182,-0.0000,0.0529,0.6153,-0.0043,0.0146,0.2341,0.9939,0.0000,0.1103,-0.1103,-0.0017,0.9939,0.0618,0.0125,0.1468,-0.0889,0.0231,0.1462,-0.0889,0.0231,0.1462,0.0907,0.0105,0.1470,-0.1301,0.0290,0.0900,0.1294,0.0043,0.0889,0.0438,0.0103,-0.1876,-0.0997,0.0092,-0.1874,0.0002,0.0023,0.0697,0.0525,0.0212,-0.0636,-0.0701,0.0135,-0.0684,0.0532,0.0295,-0.0864,-0.0755,0.0167,-0.0872,0.4078,-0.0299,0.0811,-0.0043,-0.0210,-0.1647,-0.0146,0.0008,0.0191,-0.0114,0.0131,0.0036,0.0205,-0.1577,0.0029,-0.0044,0.0151,0.0179,-0.0114,0.0479,0.0368,0.0051
420,0.408780,-0.0454,-0.2402,0.2969,0.2799,-0.0174,-0.0316,0.1747,-0.1864,0.0014,-0.2385,-0.1282,0.2376,0.5501,0.3398,-0.2870,-0.0291,-0.2036,0.1214,-0.0248,-0.2382,-0.0437,-0.0117,0.0086,0.0000,-0.0002,-0.0080,-0.0013,-0.0145,-0.0080,0.0000,0.0001,-0.0000,0.0215,-0.0018,-0.0001,-0.0001,-0.0155,0.0013,-0.5734,-0.2987,-0.0099,0.0110,0.2341,0.9939,-0.0000,0.1102,-0.1102,-0.0016,0.9939,0.0617,0.0125,0.1468,-0.0889,0.0231,0.1462,-0.0889,0.0231,0.1462,0.0907,0.0105,0.1470,-0.1301,0.0290,0.0899,0.1293,0.0044,0.0890,0.0438,0.0103,-0.1876,-0.0997,0.0091,-0.1874,0.0002,0.0023,0.0697,0.0525,0.0212,-0.0636,-0.0701,0.0135,-0.0684,0.0532,0.0295,-0.0864,-0.0755,0.0167,-0.0872,0.4088,-0.0317,0.0737,0.0028,-0.0254,-0.1526,-0.0155,0.0076,0.0256,-0.0338,0.0133,0.0022,0.0093,-0.1765,0.0046,-0.0061,0.0187,-0.0308,-0.0157,0.0372,0.0423,0.0177
421,0.409756,-0.0456,-0.2400,0.2969,0.2799,-0.0176,-0.0317,0.1745,-0.1865,0.0014,-0.2385,-0.1282,0.2379,0.5501,0.3398,-0.2870,-0.0294,-0.2037,0.1218,-0.0203,-0.2384,-0.0434,-0.0110,0.0109,0.0000,0.0002,-0.0049,-0.0023,-0.0082,-0.0031,0.0000,0.0001,-0.0001,0.0087,-0.0132,-0.0001,-0.0001,-0.0094,-0.0183,-0.6211,-0.0643,-0.0040,0.0254,0.2341,0.9939,-0.0000,0.1101,-0.1101,-0.0016,0.9939,0.0617,0.0125,0.1468,-0.0889,0.0231,0.1462,-0.0889,0.0231,0.1462,0.0907,0.0105,0.1470,-0.1301,0.0290,0.0899,0.1293,0.0044,0.0890,0.0438,0.0103,-0.1876,-0.0997,0.0091,-0.1874,0.0002,0.0023,0.0697,0.0525,0.0212,-0.0636,-0.0701,0.0135,-0.0684,0.0532,0.0295,-0.0864,-0.0755,0.0167,-0.0872,0.4098,-0.0327,0.0730,0.0019,-0.0268,-0.1538,-0.0147,0.0039,0.0211,-0.0324,0.0133,0.0032,0.0134,-0.1775,0.0033,-0.0055,0.0150,-0.0285,-0.0144,0.0404,0.0389,0.0199
422,0.410732,-0.0458,-0.2399,0.2969,0.2799,-0.0176,-0.0317,0.1744,-0.1865,0.0014,-0.2385,-0.1282,0.2380,0.5498,0.3398,-0.2870,-0.0295,-0.2039,0.1204,-0.0204,-0.2384,-0.0430,-0.0195,0.0060,-0.0000,0.0002,-0.0042,-0.0019,-0.0086,-0.0037,0.0000,0.0000,-0.0000,0.0124,-0.0163,0.0001,-0.0001,-0.0140,-0.0170,0.2524,-0.5073,-0.0013,0.0243,0.2341,0.9939,-0.0000,0.1099,-0.1099,-0.0015,0.9939,0.0617,0.0126,0.1469,-0.0889,0.0232,0.1462,-0.0889,0.0232,0.1462,0.0906,0.0106,0.1470,-0.1301,0.0290,0.0899,0.1293,0.0044,0.0890,0.0439,0.0102,-0.1876,-0.0996,0.0091,-0.1874,0.0002,0.0024,0.0697,0.0525,0.0212,-0.0636,-0.0701,0.0135,-0.0684,0.0532,0.0295,-0.0864,-0.0755,0.0167,-0.0872,0.4107,-0.0261,0.0860,-0.0023,-0.0228,-0.1543,-0.0190,0.0156,0.0354,-0.0218,0.0155,-0.0015,0.0020,-0.1521,0.0068,-0.0075,0.0298,0.0124,-0.0125,0.0263,0.0513,-0.0085
423,0.411707,-0.0460,-0.2398,0.2969,0.2799,-0.0177,-0.0318,0.1743,-0.1866,0.0014,-0.2384,-0.1282,0.2381,0.5496,0.3398,-0.2870,-0.0297,-0.2041,0.1313,-0.0297,-0.2384,-0.0428,-0.0037,0.0027,-0.0000,-0.0004,-0.0001,-0.0064,-0.0031,-0.0025,0.0000,0.0021,-0.0001,0.0024,-0.0053,-0.0001,0.0000,-0.0034,0.0008,0.4679,-0.6454,-0.0005,-0.0037,0.2341,0.9940,0.0000,0.1097,-0.1097,-0.0014,0.9940,0.0617,0.0126,0.1469,-0.0889,0.0232,0.1462,-0.0889,0.0232,0.1462,0.0906,0.0106,0.1470,-0.1302,0.0290,0.0899,0.1293,0.0045,0.0890,0.0439,0.0102,-0.1876,-0.0996,0.0090,-0.1874,0.0002,0.0024,0.0697,0.0525,0.0212,-0.0636,-0.0701,0.0135,-0.0685,0.0532,0.0294,-0.0864,-0.0755,0.0167,-0.0872,0.4117,-0.0203,0.0853,-0.0030,-0.0233,-0.1510,-0.0215,0.0207,0.0401,-0.0192,0.0150,-0.0023,-0.0013,-0.1489,0.0090,-0.0074,0.0395,0.0166,-0.0160,0.0258,0.0560,-0.0138
424,0.412683,-0.0460,-0.2398,0.2969,0.2799,-0.0177,-0.0320,0.1742,-0.1866,0.0014,-0.2384,-0.1282,0.2382,0.5496,0.3398,-0.2870,-0.0297,-0.2041,0.1239,-0.0236,-0.2384,-0.0429,0.0001,0.0019,-0.0000,-0.0000,-0.0001,-0.0123,-0.0009,-0.0008,0.0000,0.0003,-0.0001,0.0005,-0.0009,-0.0001,0.0000,-0.0004,0.0010,-0.6920,0.2387,0.0013,-0.0005,0.2341,0.9940,-0.0000,0.1095,-0.1095,-0.0014,0.9940,0.0617,0.0126,0.1469,-0.0889,0.0232,0.1462,-0.0889,0.0232,0.1462,0.0906,0.0106,0.1470,-0.1302,0.0290,0.0899,0.1293,0.0044,0.0890,0.0439,0.0102,-0.1876,-0.0996,0.0090,-0.1874,0.0002,0.0024,0.0697,0.0525,0.0211,-0.0636,-0.0701,0.0135,-0.0685,0.0532,0.0294,-0.0864,-0.0755,0.0166,-0.0872,0.4127,-0.0317,0.0721,0.0009,-0.0258,-0.1561,-0.0136,0.0010,0.0165,-0.0244,0.0135,0.0059,0.0179,-0.1762,0.0027,-0.0048,0.0120,-0.0238,-0.0139,0.0484,0.0341,0.0213
425,0.413659,-0.0461,-0.2397,0.2969,0.2799,-0.0177,-0.0321,0.1741,-0.1867,0.0014,-0.2384,-0.1282,0.2383,0.5495,0.3398,-0.2870,-0.0298,-0.2041,0.1242,-0.0244,-0.2384,-0.0427,-0.0209,0.0087,-0.0000,0.0003,-0.0102,-0.0062,-0.0140,-0.0083,0.0000,0.0001,-0.0000,0.0238,-0.0086,0.0000,-0.0002,-0.0202,-0.0145,0.1501,-0.7313,-0.0069,0.0324,0.2341,0.9940,0.0000,0.1094,-0.1094,-0.0013,0.9940,0.0617,0.0127,0.1469,-0.0889,0.0233,0.1462,-0.0889,0.0233,0.1462,0.0906,0.0106,0.1470,-0.1302,0.0290,0.0899,0.1293,0.0045,0.0890,0.0439,0.0101,-0.1876,-0.0996,0.0090,-0.1874,0.0002,0.0024,0.0697,0.0525,0.0211,-0.0636,-0.0701,0.0135,-0.0685,0.0532,0.0294,-0.0864,-0.0755,0.0166,-0.0872,0.4137,-0.0240,0.0863,-0.0011,-0.0185,-0.1524,-0.0189,0.0191,0.0377,-0.0238,0.0138,-0.0027,-0.0023,-0.1497,0.0073,-0.0080,0.0338,0.0105,-0.0128,0.0237,0.0516,-0.0122
426,0.414634,-0.0464,-0.2396,0.2969,0.2799,-0.0178,-0.0322,0.1739,-0.1868,0.0014,-0.2384,-0.1282,0.2385,0.5493,0.3398,-0.2870,-0.0301,-0.2043,0.1325,-0.0368,-0.2385,-0.0425,-0.0048,0.0032,-0.0000,-0.0030,-0.0018,-0.0061,-0.0044,-0.0036,0.0000,0.0001,-0.0001,0.0042,-0.0045,-0.0001,0.0000,-0.0048,-0.0018,0.1905,-0.7429,-0.0015,-0.0110,0.2341,0.9940,-0.0000,0.1093,-0.1093,-0.0013,0.9940,0.0617,0.0127,0.1469,-0.0889,0.0233,0.1461,-0.0889,0.0233,0.1461,0.0906,0.0107,0.1470,-0.1302,0.0290,0.0899,0.1293,0.0045,0.0890,0.0439,0.0101,-0.1876,-0.0996,0.0090,-0.1874,0.0002,0.0024,0.0697,0.0525,0.0211,-0.0636,-0.0701,0.0135,-0.0685,0.0532,0.0294,-0.0864,-0.0755,0.0166,-0.0872,0.4146,-0.0207,0.0861,-0.0009,-0.0176,-0.1506,-0.0199,0.0220,0.0398,-0.0183,0.0130,-0.0020,-0.0043,-0.1476,0.0089,-0.0078,0.0390,0.0136,-0.0169,0.0266,0.0535,-0.0151
427,0.415610,-0.0464,-0.2395,0.2969,0.2798,-0.0178,-0.0324,0.1739,-0.1868,0.0014,-0.2384,-0.1282,0.2386,0.5493,0.3398,-0.2870,-0.0301,-0.2043,0.1295,-0.0323,-0.2385,-0.0426,-0.0004,0.0013,-0.0000,-0.0004,-0.0004,-0.0103,-0.0009,-0.0008,0.0000,0.0000,-0.0000,0.0006,-0.0007,0.0001,-0.0001,-0.0007,-0.0003,0.6216,-0.5277,-0.0001,-0.0015,0.2341,0.9940,-0.0000,0.1092,-0.1092,-0.0013,0.9940,0.0617,0.0127,0.1469,-0.0889,0.0233,0.1461,-0.0889,0.0233,0.1461,0.0906,0.0107,0.1470,-0.1302,0.0291,0.0899,0.1293,0.0045,0.0890,0.0439,0.0101,-0.1876,-0.0996,0.0089,-0.1874,0.0002,0.0024,0.0697,0.0525,0.0211,-0.0636,-0.0701,0.0135,-0.0685,0.0533,0.0294,-0.0864,-0.0755,0.0166,-0.0872,0.4156,-0.0173,0.0877,-0.0058,-0.0240,-0.1539,-0.0209,0.0203,0.0392,-0.0192,0.0150,-0.0030,0.0022,-0.1421,0.0083,-0.0072,0.0431,0.0312,-0.0145,0.0268,0.0530,-0.0188
428,0.416585,-0.0464,-0.2395,0.2969,0.2798,-0.0178,-0.0326,0.1739,-0.1869,0.0014,-0.2384,-0.1282,0.2386,0.5493,0.3398,-0.2870,-0.0301,-0.2043,0.1326,-0.0360,-0.2385,-0.0426,0.0008,0.0006,-0.0000,-0.0002,-0.0001,-0.0118,-0.0007,-0.0009,0.0000,0.0001,-0.0001,0.0005,-0.0006,0.0002,-0.0002,-0.0000,0.0087,1.0350,-1.3049,-0.0001,-0.0052,0.2341,0.9940,0.0000,0.1091,-0.1091,-0.0013,0.9940,0.0617,0.0127,0.1469,-0.0889,0.0233,0.1461,-0.0889,0.0233,0.1461,0.0906,0.0106,0.1470,-0.1302,0.0291,0.0899,0.1293,0.0045,0.0890,0.0439,0.0101,-0.1876,-0.0996,0.0089,-0.1874,0.0002,0.0024,0.0697,0.0525,0.0211,-0.0636,-0.0701,0.0135,-0.0685,0.0533,0.0294,-0.0864,-0.0755,0.0166,-0.0872,0.4166,-0.0111,0.0801,-0.0035,-0.0146,-0.1473,-0.0263,0.0357,0.0529,-0.0236,0.0130,-0.0065,-0.0085,-0.1460,0.0103,-0.0076,0.0510,0.0067,-0.0106,0.0154,0.0698,-0.0292
429,0.417561,-0.0464,-0.2395,0.2969,0.2798,-0.0178,-0.0328,0.1739,-0.1869,0.0014,-0.2384,-0.1282,0.2386,0.5493,0.3398,-0.2870,-0.0301,-0.2041,0.1320,-0.0335,-0.2384,-0.0428,0.0001,0.0003,0.0000,-0.0038,0.0044,-0.0207,0.0001,-0.0002,-0.0000,-0.0000,0.0000,0.0002,-0.0000,-0.0001,0.0002,0.0048,0.0015,-0.2433,1.2860,0.0232,-0.0186,0.2341,0.9940,-0.0000,0.1091,-0.1091,-0.0013,0.9940,0.0617,0.0127,0.1469,-0.0889,0.0233,0.1461,-0.0889,0.0233,0.1461,0.0906,0.0106,0.1470,-0.1301,0.0291,0.0898,0.1293,0.0044,0.0890,0.0439,0.0101,-0.1876,-0.0996,0.0089,-0.1874,0.0002,0.0024,0.0697,0.0525,0.0211,-0.0636,-0.0701,0.0135,-0.0685,0.0532,0.0294,-0.0864,-0.0755,0.0166,-0.0872,0.4176,-0.0249,0.0773,-0.0059,-0.0145,-0.1663,-0.0120,0.0001,0.0130,0.0096,0.0112,0.0066,0.0205,-0.1545,0.0014,-0.0035,0.0106,0.0156,-0.0081,0.0583,0.0304,0.0082
430,0.418537,-0.0465,-0.2394,0.2969,0.2799,-0.0179,-0.0330,0.1737,-0.1870,0.0014,-0.2384,-0.1282,0.2389,0.5493,0.3398,-0.2869,-0.0303,-0.2041,0.1181,-0.0214,-0.2385,-0.0425,-0.0152,0.0129,-0.0000,0.0090,-0.0093,-0.0066,-0.0185,-0.0113,0.0000,0.0000,-0.0000,0.0356,-0.0000,0.0000,-0.0001,-0.0265,0.0001,-0.9504,0.4028,-0.0272,0.0358,0.2341,0.9940,-0.0000,0.1092,-0.1092,-0.0012,0.9940,0.0617,0.0126,0.1469,-0.0889,0.0233,0.1461,-0.0889,0.0233,0.1461,0.0906,0.0106,0.1470,-0.1302,0.0291,0.0898,0.1293,0.0044,0.0890,0.0439,0.0101,-0.1876,-0.0996,0.0089,-0.1874,0.0002,0.0024,0.0697,0.0525,0.0211,-0.0636,-0.0701,0.0135,-0.0685,0.0533,0.0294,-0.0864,-0.0755,0.0166,-0.0872,0.4185,-0.0310,0.0672,0.0003,-0.0249,-0.1573,-0.0112,-0.0020,0.0111,-0.0254,0.0140,0.0060,0.0247,-0.1807,0.0008,-0.0047,0.0076,-0.0335,-0.0102,0.0537,0.0277,0.0281
431,0.419512,-0.0469,-0.2392,0.2969,0.2800,-0.0180,-0.0331,0.1734,-0.1872,0.0014,-0.2384,-0.1282,0.2394,0.5492,0.3398,-0.2870,-0.0307,-0.2044,0.1115,-0.0183,-0.2387,-0.0419,-0.0260,0.0135,0.0000,0.0018,-0.0102,-0.0010,-0.0231,-0.0146,0.0000,0.0000,-0.0000,0.0256,-0.0109,0.0000,-0.0000,-0.0197,-0.0238,-0.6168,0.5228,-0.0097,0.0351,0.2341,0.9940,-0.0000,0.1093,-0.1093,-0.0012,0.9940,0.0617,0.0127,0.1469,-0.0890,0.0233,0.1461,-0.0890,0.0233,0.1461,0.0906,0.0106,0.1470,-0.1302,0.0291,0.0898,0.1293,0.0044,0.0890,0.0440,0.0101,-0.1876,-0.0996,0.0089,-0.1874,0.0002,0.0024,0.0697,0.0525,0.0211,-0.0636,-0.0701,0.0135,-0.0685,0.0533,0.0294,-0.0864,-0.0755,0.0166,-0.0872,0.4195,-0.0324,0.0770,-0.0023,-0.0205,-0.1611,-0.0111,-0.0026,0.0121,-0.0172,0.0135,0.0045,0.0233,-0.1661,0.0001,-0.0052,0.0070,-0.0036,-0.0066,0.0506,0.0303,0.0135
432,0.420488,-0.0472,-0.2390,0.2969,0.2800,-0.0182,-0.0331,0.1731,-0.1874,0.0014,-0.2384,-0.1282,0.2398,0.5490,0.3398,-0.2870,-0.0310,-0.2046,0.1164,-0.0232,-0.2389,-0.0416,-0.0211,0.0105,-0.0000,0.0005,-0.0083,-0.0002,-0.0203,-0.0142,0.0000,0.0000,-0.0000,0.0267,-0.0070,0.0000,0.0001,-0.0206,-0.0076,0.0463,0.2931,-0.0085,0.0142,0.2341,0.9940,0.0000,0.1092,-0.1092,-0.0011,0.9940,0.0616,0.0127,0.1469,-0.0890,0.0233,0.1461,-0.0890,0.0233,0.1461,0.0906,0.0107,0.1470,-0.1302,0.0291,0.0898,0.1293,0.0045,0.0890,0.0440,0.0101,-0.1876,-0.0996,0.0089,-0.1874,0.0002,0.0024,0.0697,0.0525,0.0211,-0.0636,-0.0701,0.0135,-0.0685,0.0533,0.0294,-0.0864,-0.0755,0.0166,-0.0872,0.4205,-0.0258,0.0888,-0.0057,-0.0194,-0.1616,-0.0139,0.0059,0.0216,-0.0145,0.0119,0.0007,0.0137,-0.1439,0.0024,-0.0064,0.0236,0.0345,-0.0089,0.0382,0.0327,-0.0060
433,0.421463,-0.0474,-0.2389,0.2969,0.2800,-0.0183,-0.0331,0.1728,-0.1875,0.0014,-0.2384,-0.1282,0.2401,0.5490,0.3398,-0.2870,-0.0312,-0.2045,0.1162,-0.0115,-0.2391,-0.0415,-0.0040,0.0065,-0.0000,0.0003,-0.0053,0.0000,-0.0096,-0.0044,0.0000,0.0001,-0.0001,0.0144,-0.0014,-0.0000,-0.0001,-0.0066,0.0153,-0.1474,0.1296,-0.0127,0.0012,0.2341,0.9940,0.0000,0.1092,-0.1092,-0.0010,0.9940,0.0616,0.0127,0.1469,-0.0890,0.0233,0.1461,-0.0890,0.0233,0.1461,0.0906,0.0107,0.1470,-0.1302,0.0290,0.0898,0.1293,0.0045,0.0891,0.0440,0.0101,-0.1876,-0.0996,0.0089,-0.1874,0.0002,0.0024,0.0697,0.0526,0.0211,-0.0636,-0.0701,0.0135,-0.0685,0.0533,0.0294,-0.0864,-0.0755,0.0167,-0.0872,0.4215,-0.0293,0.0890,-0.0038,-0.0207,-0.1593,-0.0144,0.0058,0.0219,-0.0139,0.0119,0.0004,0.0104,-0.1483,0.0020,-0.0067,0.0200,0.0249,-0.0090,0.0334,0.0348,-0.0025
434,0.422439,-0.0475,-0.2387,0.2969,0.2800,-0.0184,-0.0331,0.1726,-0.1876,0.0014,-0.2384,-0.1282,0.2404,0.5490,0.3398,-0.2870,-0.0313,-0.2043,0.1180,-0.0108,-0.2392,-0.0415,-0.0008,0.0122,0.0000,0.0003,-0.0037,0.0000,-0.0109,-0.0056,0.0000,0.0000,-0.0000,0.0147,-0.0002,-0.0001,0.0001,-0.0065,0.0037,-0.2870,0.4729,-0.0069,0.0001,0.2341,0.9940,-0.0000,0.1094,-0.1094,-0.0010,0.9940,0.0616,0.0127,0.1469,-0.0890,0.0232,0.1461,-0.0890,0.0232,0.1461,0.0906,0.0107,0.1470,-0.1302,0.0290,0.0898,0.1293,0.0045,0.0891,0.0440,0.0101,-0.1876,-0.0996,0.0089,-0.1874,0.0002,0.0024,0.0697,0.0526,0.0211,-0.0636,-0.0701,0.0135,-0.0685,0.0533,0.0294,-0.0864,-0.0755,0.0167,-0.0872,0.4224,-0.0308,0.0845,-0.0038,-0.0182,-0.1612,-0.0128,0.0016,0.0160,-0.0090,0.0107,0.0020,0.0158,-0.1514,0.0005,-0.0057,0.0143,0.0204,-0.0074,0.0404,0.0306,0.0018
435,0.423415,-0.0475,-0.2385,0.2969,0.2800,-0.0184,-0.0331,0.1724,-0.1877,0.0014,-0.2384,-0.1282,0.2407,0.5490,0.3398,-0.2870,-0.0314,-0.2043,0.1163,-0.0112,-0.2393,-0.0414,-0.0112,0.0099,-0.0000,0.0002,-0.0072,0.0000,-0.0158,-0.0093,0.0000,-0.0000,0.0000,0.0238,-0.0001,0.0002,-0.0002,-0.0118,0.0012,0.7010,-0.6784,-0.0107,0.0049,0.2341,0.9940,-0.0000,0.1095,-0.1095,-0.0009,0.9940,0.0616,0.0127,0.1469,-0.0890,0.0232,0.1461,-0.0890,0.0232,0.1461,0.0905,0.0107,0.1470,-0.1302,0.0290,0.0898,0.1293,0.0045,0.0891,0.0440,0.0101,-0.1876,-0.0995,0.0089,-0.1874,0.0001,0.0024,0.0697,0.0526,0.0211,-0.0636,-0.0701,0.0135,-0.0685,0.0533,0.0294,-0.0864,-0.0755,0.0167,-0.0872,0.4234,-0.0190,0.0868,-0.0069,-0.0260,-0.1533,-0.0213,0.0221,0.0402,-0.0237,0.0142,-0.0063,0.0026,-0.1422,0.0055,-0.0081,0.0401,0.0297,-0.0081,0.0130,0.0516,-0.0203
436,0.424390,-0.0476,-0.2384,0.2969,0.2800,-0.0185,-0.0332,0.1722,-0.1879,0.0014,-0.2384,-0.1282,0.2409,0.5490,0.3398,-0.2870,-0.0315,-0.2042,0.1172,-0.0116,-0.2394,-0.0415,-0.0013,0.0024,-0.0000,-0.0014,-0.0012,-0.0110,-0.0039,-0.0024,-0.0000,-0.0000,0.0000,0.0046,-0.0004,0.0002,-0.0002,0.0039,0.0073,0.8813,-0.8107,0.0004,-0.0073,0.2341,0.9940,-0.0000,0.1096,-0.1096,-0.0009,0.9940,0.0616,0.0127,0.1469,-0.0890,0.0232,0.1461,-0.0890,0.0232,0.1461,0.0905,0.0106,0.1471,-0.1302,0.0290,0.0898,0.1293,0.0045,0.0891,0.0441,0.0101,-0.1876,-0.0995,0.0089,-0.1874,0.0001,0.0024,0.0697,0.0526,0.0211,-0.0636,-0.0701,0.0135,-0.0685,0.0533,0.0294,-0.0864,-0.0755,0.0167,-0.0872,0.4244,-0.0167,0.0851,-0.0071,-0.0265,-0.1513,-0.0241,0.0263,0.0441,-0.0209,0.0137,-0.0064,0.0018,-0.1429,0.0057,-0.0076,0.0423,0.0269,-0.0079,0.0078,0.0562,-0.0224
437,0.425366,-0.0476,-0.2384,0.2969,0.2799,-0.0185,-0.0335,0.1722,-0.1879,0.0014,-0.2384,-0.1282,0.2409,0.5490,0.3398,-0.2870,-0.0314,-0.2041,0.1176,-0.0134,-0.2394,-0.0416,0.0005,0.0012,-0.0000,-0.0015,0.0003,-0.0188,-0.0010,-0.0007,0.0000,0.0000,-0.0000,0.0011,-0.0002,-0.0001,0.0002,0.0063,0.0053,-0.3733,-0.4497,0.0041,-0.0089,0.2341,0.9940,-0.0000,0.1097,-0.1097,-0.0009,0.9940,0.0616,0.0126,0.1469,-0.0890,0.0232,0.1461,-0.0890,0.0232,0.1461,0.0905,0.0106,0.1471,-0.1302,0.0290,0.0898,0.1293,0.0045,0.0891,0.0441,0.0101,-0.1876,-0.0995,0.0089,-0.1874,0.0001,0.0024,0.0697,0.0526,0.0211,-0.0636,-0.0701,0.0135,-0.0685,0.0533,0.0294,-0.0864,-0.0755,0.0167,-0.0872,0.4254,-0.0290,0.0827,-0.0000,-0.0170,-0.1509,-0.0156,0.0146,0.0291,-0.0222,0.0105,-0.0020,-0.0002,-0.1557,0.0031,-0.0081,0.0253,-0.0055,-0.0102,0.0235,0.0392,0.0018
438,0.426341,-0.0476,-0.2383,0.2969,0.2799,-0.0185,-0.0337,0.1722,-0.1879,0.0014,-0.2384,-0.1282,0.2410,0.5490,0.3398,-0.2870,-0.0313,-0.2041,0.1156,-0.0094,-0.2393,-0.0416,0.0004,0.0050,-0.0000,0.0007,-0.0023,-0.0098,-0.0015,-0.0004,0.0000,0.0001,-0.0001,0.0020,-0.0001,0.0001,0.0002,0.0017,-0.0079,0.4883,0.8791,-0.0019,0.0119,0.2341,0.9939,0.0000,0.1098,-0.1098,-0.0009,0.9939,0.0616,0.0126,0.1469,-0.0890,0.0232,0.1461,-0.0890,0.0232,0.1461,0.0905,0.0106,0.1471,-0.1302,0.0290,0.0898,0.1293,0.0044,0.0891,0.0441,0.0101,-0.1876,-0.0995,0.0089,-0.1874,0.0001,0.0024,0.0697,0.0526,0.0212,-0.0636,-0.0701,0.0135,-0.0685,0.0533,0.0294,-0.0864,-0.0755,0.0167,-0.0872,0.4263,-0.0229,0.0857,-0.0120,-0.0243,-0.1629,-0.0137,0.0032,0.0180,-0.0144,0.0112,-0.0041,0.0198,-0.1366,-0.0007,-0.0046,0.0215,0.0456,-0.0014,0.0365,0.0314,-0.0042
439,0.427317,-0.0477,-0.2382,0.2969,0.2800,-0.0186,-0.0338,0.1720,-0.1879,0.0014,-0.2384,-0.1282,0.2413,0.5489,0.3398,-0.2870,-0.0314,-0.2040,0.1126,-0.0083,-0.2395,-0.0415,-0.0040,0.0113,-0.0000,0.0012,-0.0055,-0.0034,-0.0121,-0.0053,0.0000,0.0000,-0.0000,0.0237,-0.0003,0.0001,0.0001,-0.0062,0.0190,0.1744,0.3530,-0.0103,0.0017,0.2341,0.9939,-0.0000,0.1100,-0.1100,-0.0009,0.9939,0.0616,0.0126,0.1469,-0.0890,0.0232,0.1461,-0.0890,0.0232,0.1461,0.0905,0.0105,0.1471,-0.1302,0.0290,0.0898,0.1293,0.0044,0.0891,0.0441,0.0101,-0.1876,-0.0995,0.0089,-0.1874,0.0001,0.0023,0.0697,0.0526,0.0212,-0.0636,-0.0701,0.0135,-0.0685,0.0533,0.0294,-0.0864,-0.0755,0.0167,-0.0872,0.4273,-0.0267,0.0875,-0.0070,-0.0210,-0.1603,-0.0141,0.0071,0.0213,-0.0123,0.0116,-0.0017,0.0129,-0.1425,0.0005,-0.0071,0.0231,0.0329,-0.0051,0.0308,0.0301,-0.0025
440,0.428293,-0.0477,-0.2380,0.2969,0.2800,-0.0187,-0.0338,0.1719,-0.1880,0.0014,-0.2384,-0.1282,0.2415,0.5489,0.3398,-0.2870,-0.0315,-0.2038,0.1140,0.0000,-0.2396,-0.0415,-0.0008,0.0118,-0.0000,0.0003,-0.0036,-0.0010,-0.0108,-0.0037,0.0000,0.0000,-0.0000,0.0159,-0.0001,0.0000,0.0003,-0.0019,0.0088,0.2666,2.1848,-0.0046,0.0017,0.2341,0.9939,-0.0000,0.1103,-0.1103,-0.0009,0.9939,0.0616,0.0125,0.1469,-0.0890,0.0231,0.1461,-0.0890,0.0231,0.1461,0.0905,0.0105,0.1471,-0.1302,0.0289,0.0898,0.1293,0.0044,0.0891,0.0441,0.0101,-0.1876,-0.0995,0.0089,-0.1874,0.0001,0.0023,0.0697,0.0526,0.0212,-0.0636,-0.0701,0.0135,-0.0685,0.0533,0.0294,-0.0864,-0.0755,0.0167,-0.0872,0.4283,-0.0255,0.0664,-0.0117,-0.0226,-0.1626,-0.0145,-0.0017,0.0087,0.0231,0.0109,-0.0007,0.0237,-0.1570,-0.0065,-0.0001,-0.0025,0.0061,0.0075,0.0446,0.0391,0.0205
441,0.429268,-0.0480,-0.2379,0.2969,0.2800,-0.0189,-0.0338,0.1716,-0.1881,0.0014,-0.2384,-0.1282,0.2421,0.5489,0.3398,-0.2870,-0.0318,-0.2037,0.1246,-0.0060,-0.2397,-0.0411,-0.0200,0.0080,0.0000,0.0003,-0.0109,-0.0008,-0.0185,-0.0103,0.0000,0.0000,-0.0000,0.0328,-0.0000,-0.0016,0.0001,-0.0200,0.0014,-0.1916,0.1002,-0.0011,0.0286,0.2341,0.9939,-0.0000,0.1106,-0.1106,-0.0008,0.9939,0.0616,0.0125,0.1469,-0.0890,0.0231,0.1461,-0.0890,0.0231,0.1461,0.0905,0.0105,0.1471,-0.1302,0.0289,0.0898,0.1293,0.0044,0.0891,0.0441,0.0102,-0.1876,-0.0995,0.0090,-0.1874,0.0001,0.0023,0.0697,0.0526,0.0212,-0.0636,-0.0701,0.0136,-0.0685,0.0533,0.0295,-0.0864,-0.0755,0.0168,-0.0872,0.4293,-0.0289,0.0848,-0.0025,-0.0167,-0.1552,-0.0146,0.0090,0.0219,-0.0113,0.0093,-0.0013,0.0054,-0.1469,0.0015,-0.0072,0.0220,0.0160,-0.0089,0.0286,0.0322,-0.0008
442,0.430244,-0.0482,-0.2377,0.2969,0.2800,-0.0190,-0.0338,0.1714,-0.1882,0.0014,-0.2384,-0.1282,0.2425,0.5489,0.3398,-0.2870,-0.0319,-0.2037,0.1270,-0.0162,-0.2398,-0.0409,-0.0040,0.0065,0.0000,0.0007,-0.0029,-0.0001,-0.0098,-0.0031,0.0000,0.0000,-0.0000,0.0102,-0.0003,-0.0004,0.0001,-0.0004,0.0000,-0.4950,-0.5005,-0.0105,-0.0004,0.2341,0.9938,-0.0000,0.1107,-0.1107,-0.0008,0.9938,0.0616,0.0125,0.1469,-0.0891,0.0230,0.1461,-0.0891,0.0230,0.1461,0.0905,0.0105,0.1471,-0.1302,0.0289,0.0898,0.1293,0.0044,0.0891,0.0441,0.0102,-0.1876,-0.0995,0.0090,-0.1874,0.0001,0.0023,0.0697,0.0526,0.0212,-0.0636,-0.0701,0.0136,-0.0685,0.0533,0.0295,-0.0864,-0.0755,0.0168,-0.0872,0.4302,-0.0274,0.0750,0.0017,-0.0167,-0.1457,-0.0159,0.0179,0.0288,-0.0243,0.0087,-0.0024,-0.0037,-0.1627,0.0035,-0.0084,0.0283,-0.0250,-0.0129,0.0230,0.0357,0.0106
443,0.431220,-0.0482,-0.2376,0.2969,0.2800,-0.0190,-0.0339,0.1713,-0.1883,0.0014,-0.2384,-0.1282,0.2426,0.5489,0.3397,-0.2870,-0.0319,-0.2038,0.1270,-0.0089,-0.2399,-0.0407,-0.0008,0.0061,0.0000,0.0013,-0.0016,-0.0020,-0.0029,-0.0008,0.0000,0.0001,-0.0001,0.0022,-0.0002,-0.0001,0.0001,0.0003,-0.0162,-0.5200,0.5757,-0.0033,0.0128,0.2341,0.9938,0.0000,0.1109,-0.1109,-0.0007,0.9938,0.0616,0.0125,0.1469,-0.0891,0.0230,0.1461,-0.0891,0.0230,0.1461,0.0905,0.0104,0.1471,-0.1302,0.0289,0.0898,0.1293,0.0044,0.0891,0.0441,0.0102,-0.1876,-0.0995,0.0090,-0.1874,0.0001,0.0023,0.0697,0.0526,0.0212,-0.0636,-0.0701,0.0136,-0.0685,0.0533,0.0295,-0.0864,-0.0755,0.0168,-0.0872,0.4312,-0.0298,0.0737,-0.0017,-0.0182,-0.1545,-0.0125,0.0033,0.0135,-0.0075,0.0095,0.0021,0.0140,-0.1611,-0.0000,-0.0056,0.0130,-0.0083,-0.0083,0.0413,0.0272,0.0146
444,0.432195,-0.0483,-0.2375,0.2969,0.2800,-0.0190,-0.0339,0.1712,-0.1883,0.0014,-0.2384,-0.1282,0.2427,0.5489,0.3397,-0.2870,-0.0319,-0.2040,0.1279,-0.0096,-0.2400,-0.0405,-0.0152,0.0064,0.0000,0.0043,-0.0046,-0.0011,-0.0150,-0.0088,0.0000,0.0000,-0.0000,0.0214,-0.0002,-0.0000,0.0000,-0.0068,-0.0064,-0.0187,0.2510,-0.0101,0.0164,0.2341,0.9938,-0.0000,0.1110,-0.1110,-0.0007,0.9938,0.0616,0.0125,0.1469,-0.0891,0.0230,0.1461,-0.0891,0.0230,0.1461,0.0905,0.0104,0.1471,-0.1302,0.0288,0.0898,0.1293,0.0044,0.0891,0.0442,0.0102,-0.1876,-0.0995,0.0090,-0.1874,0.0001,0.0023,0.0697,0.0526,0.0212,-0.0636,-0.0701,0.0136,-0.0685,0.0534,0.0295,-0.0864,-0.0755,0.0168,-0.0872,0.4322,-0.0266,0.0840,-0.0040,-0.0163,-0.1556,-0.0151,0.0108,0.0219,-0.0070,0.0084,-0.0012,0.0054,-0.1438,0.0014,-0.0072,0.0248,0.0224,-0.0093,0.0291,0.0291,-0.0015
445,0.433171,-0.0485,-0.2375,0.2969,0.2801,-0.0191,-0.0339,0.1710,-0.1884,0.0014,-0.2384,-0.1282,0.2429,0.5489,0.3397,-0.2869,-0.0320,-0.2039,0.1270,0.0048,-0.2402,-0.0403,-0.0025,0.0031,-0.0000,0.0010,-0.0027,-0.0006,-0.0065,-0.0023,0.0000,0.0000,-0.0000,0.0073,-0.0004,0.0001,-0.0000,-0.0013,0.0096,0.6215,0.9805,-0.0075,0.0037,0.2341,0.9938,-0.0000,0.1110,-0.1110,-0.0007,0.9938,0.0616,0.0125,0.1469,-0.0891,0.0230,0.1461,-0.0891,0.0230,0.1461,0.0905,0.0104,0.1471,-0.1302,0.0288,0.0898,0.1292,0.0044,0.0891,0.0442,0.0102,-0.1876,-0.0995,0.0090,-0.1874,0.0001,0.0023,0.0697,0.0526,0.0212,-0.0636,-0.0701,0.0136,-0.0685,0.0534,0.0295,-0.0864,-0.0755,0.0168,-0.0872,0.4332,-0.0203,0.0817,-0.0130,-0.0258,-0.1602,-0.0150,0.0058,0.0182,-0.0092,0.0088,-0.0062,0.0176,-0.1334,-0.0021,-0.0038,0.0264,0.0430,-0.0010,0.0280,0.0296,-0.0023
446,0.434146,-0.0485,-0.2373,0.2969,0.2801,-0.0192,-0.0339,0.1708,-0.1885,0.0014,-0.2384,-0.1282,0.2432,0.5489,0.3397,-0.2870,-0.0320,-0.2038,0.1274,0.0023,-0.2403,-0.0403,-0.0009,0.0107,-0.0000,-0.0005,-0.0051,-0.0029,-0.0107,-0.0019,0.0000,0.0000,-0.0000,0.0188,-0.0001,-0.0001,-0.0001,-0.0002,0.0181,-0.3459,-0.2153,-0.0101,0.0008,0.2341,0.9938,-0.0000,0.1112,-0.1112,-0.0006,0.9938,0.0616,0.0124,0.1469,-0.0891,0.0229,0.1461,-0.0891,0.0229,0.1461,0.0905,0.0104,0.1471,-0.1302,0.0288,0.0898,0.1292,0.0044,0.0891,0.0442,0.0102,-0.1876,-0.0995,0.0090,-0.1874,0.0001,0.0023,0.0697,0.0526,0.0212,-0.0636,-0.0701,0.0136,-0.0685,0.0534,0.0295,-0.0864,-0.0755,0.0168,-0.0872,0.4341,-0.0289,0.0781,-0.0007,-0.0197,-0.1478,-0.0167,0.0144,0.0254,-0.0191,0.0085,-0.0028,-0.0002,-0.1584,0.0013,-0.0083,0.0253,-0.0099,-0.0105,0.0197,0.0321,0.0105
447,0.435122,-0.0485,-0.2371,0.2969,0.2801,-0.0193,-0.0340,0.1707,-0.1885,0.0014,-0.2384,-0.1282,0.2434,0.5489,0.3397,-0.2870,-0.0320,-0.2036,0.1289,0.0041,-0.2405,-0.0402,0.0000,0.0093,0.0000,0.0014,-0.0035,-0.0036,-0.0057,-0.0009,0.0000,0.0001,-0.0001,0.0076,-0.0001,-0.0001,-0.0001,-0.0000,-0.0081,-0.5785,-0.5263,-0.0088,0.0122,0.2341,0.9938,0.0000,0.1114,-0.1114,-0.0006,0.9938,0.0615,0.0124,0.1469,-0.0891,0.0229,0.1461,-0.0891,0.0229,0.1461,0.0905,0.0104,0.1471,-0.1303,0.0288,0.0898,0.1292,0.0044,0.0891,0.0442,0.0102,-0.1876,-0.0995,0.0090,-0.1874,0.0001,0.0022,0.0697,0.0526,0.0212,-0.0636,-0.0701,0.0136,-0.0685,0.0534,0.0295,-0.0864,-0.0755,0.0168,-0.0872,0.4351,-0.0283,0.0707,0.0018,-0.0193,-0.1418,-0.0165,0.0186,0.0275,-0.0310,0.0076,-0.0045,-0.0054,-0.1690,0.0017,-0.0090,0.0292,-0.0376,-0.0114,0.0150,0.0311,0.0193
448,0.436098,-0.0486,-0.2370,0.2969,0.2801,-0.0193,-0.0341,0.1706,-0.1885,0.0014,-0.2384,-0.1282,0.2435,0.5489,0.3397,-0.2870,-0.0320,-0.2039,0.1294,0.0047,-0.2406,-0.0398,-0.0049,0.0042,0.0000,0.0029,-0.0012,-0.0040,-0.0015,-0.0003,0.0000,0.0001,-0.0001,0.0009,-0.0032,-0.0001,-0.0001,-0.0002,-0.0242,-0.5607,-0.5438,-0.0073,0.0178,0.2341,0.9938,0.0000,0.1114,-0.1114,-0.0006,0.9938,0.0615,0.0124,0.1470,-0.0891,0.0229,0.1461,-0.0891,0.0229,0.1461,0.0905,0.0104,0.1471,-0.1303,0.0288,0.0898,0.1292,0.0044,0.0891,0.0442,0.0102,-0.1876,-0.0995,0.0090,-0.1874,0.0001,0.0023,0.0697,0.0526,0.0212,-0.0636,-0.0701,0.0136,-0.0685,0.0534,0.0295,-0.0864,-0.0755,0.0168,-0.0872,0.4361,-0.0280,0.0718,0.0015,-0.0179,-0.1418,-0.0165,0.0193,0.0279,-0.0311,0.0072,-0.0051,-0.0066,-0.1671,0.0016,-0.0092,0.0301,-0.0350,-0.0111,0.0138,0.0309,0.0171
449,0.437073,-0.0486,-0.2370,0.2969,0.2802,-0.0193,-0.0341,0.1706,-0.1885,0.0014,-0.2384,-0.1282,0.2435,0.5489,0.3397,-0.2870,-0.0320,-0.2043,0.1284,0.0043,-0.2407,-0.0396,-0.0044,0.0019,-0.0000,0.0037,-0.0009,-0.0056,-0.0009,-0.0002,0.0000,0.0001,-0.0001,0.0001,-0.0011,0.0002,0.0002,-0.0003,-0.0200,0.7662,0.8146,-0.0048,0.0213,0.2341,0.9938,0.0000,0.1113,-0.1113,-0.0006,0.9938,0.0615,0.0124,0.1470,-0.0891,0.0229,0.1461,-0.0891,0.0229,0.1461,0.0905,0.0104,0.1471,-0.1303,0.0288,0.0898,0.1292,0.0044,0.0892,0.0442,0.0102,-0.1876,-0.0995,0.0090,-0.1874,0.0001,0.0023,0.0697,0.0526,0.0212,-0.0636,-0.0701,0.0136,-0.0685,0.0534,0.0295,-0.0864,-0.0755,0.0168,-0.0872,0.4371,-0.0168,0.0832,-0.0146,-0.0262,-0.1587,-0.0154,0.0087,0.0200,-0.0110,0.0088,-0.0075,0.0147,-0.1270,-0.0017,-0.0039,0.0326,0.0490,-0.0004,0.0240,0.0275,-0.0074
450,0.438049,-0.0487,-0.2370,0.2969,0.2802,-0.0194,-0.0342,0.1705,-0.1885,0.0014,-0.2384,-0.1282,0.2436,0.5489,0.3397,-0.2870,-0.0320,-0.2041,0.1285,0.0039,-0.2408,-0.0395,-0.0008,0.0059,-0.0000,-0.0010,-0.0059,-0.0022,-0.0080,-0.0009,0.0000,0.0001,-0.0001,0.0166,0.0000,-0.0002,-0.0002,0.0000,0.0288,-1.2546,-1.3119,-0.0142,-0.0054,0.2341,0.9938,-0.0000,0.1113,-0.1113,-0.0005,0.9938,0.0615,0.0124,0.1470,-0.0891,0.0229,0.1461,-0.0891,0.0229,0.1461,0.0905,0.0104,0.1471,-0.1303,0.0288,0.0898,0.1292,0.0044,0.0892,0.0442,0.0102,-0.1876,-0.0995,0.0090,-0.1874,0.0001,0.0023,0.0697,0.0526,0.0212,-0.0636,-0.0701,0.0136,-0.0685,0.0534,0.0295,-0.0864,-0.0755,0.0168,-0.0872,0.4380,-0.0214,0.0518,0.0073,-0.0085,-0.1394,-0.0116,0.0276,0.0286,-0.0606,0.0026,-0.0081,-0.0163,-0.1790,0.0026,-0.0097,0.0392,-0.0820,-0.0060,0.0061,0.0230,0.0246
451,0.439024,-0.0487,-0.2368,0.2969,0.2803,-0.0194,-0.0342,0.1704,-0.1885,0.0014,-0.2384,-0.1282,0.2438,0.5489,0.3397,-0.2870,-0.0320,-0.2044,0.1268,0.0047,-0.2410,-0.0393,-0.0083,0.0047,0.0004,0.0089,0.0023,-0.0010,-0.0028,-0.0003,0.0000,0.0000,-0.0000,0.0022,-0.0000,0.0001,0.0001,-0.0003,-0.0502,0.2420,-0.5209,-0.0182,0.0265,0.2341,0.9938,-0.0000,0.1113,-0.1113,-0.0005,0.9938,0.0615,0.0124,0.1470,-0.0891,0.0229,0.1461,-0.0891,0.0229,0.1461,0.0905,0.0104,0.1471,-0.1303,0.0288,0.0898,0.1292,0.0044,0.0892,0.0442,0.0101,-0.1876,-0.0995,0.0090,-0.1874,0.0001,0.0023,0.0697,0.0526,0.0212,-0.0636,-0.0701,0.0136,-0.0685,0.0534,0.0295,-0.0864,-0.0755,0.0168,-0.0872,0.4390,-0.0234,0.0856,-0.0041,-0.0160,-0.1474,-0.0189,0.0237,0.0342,-0.0136,0.0098,-0.0067,-0.0089,-0.1413,0.0025,-0.0099,0.0364,0.0157,-0.0069,0.0082,0.0369,-0.0086
452,0.440000,-0.0488,-0.2368,0.2969,0.2804,-0.0194,-0.0343,0.1704,-0.1885,0.0014,-0.2384,-0.1282,0.2438,0.5489,0.3397,-0.2870,-0.0320,-0.2048,0.1274,0.0047,-0.2413,-0.0390,-0.0026,-0.0001,0.0002,0.0024,0.0023,-0.0048,-0.0011,-0.0011,0.0000,0.0001,-0.0001,0.0009,-0.0024,-0.0002,-0.0001,0.0001,0.0014,-0.8505,-0.5886,-0.0032,-0.0041,0.2341,0.9938,0.0000,0.1111,-0.1111,-0.0005,0.9938,0.0615,0.0125,0.1470,-0.0891,0.0230,0.1461,-0.0891,0.0230,0.1461,0.0905,0.0104,0.1471,-0.1303,0.0288,0.0897,0.1292,0.0044,0.0892,0.0442,0.0101,-0.1876,-0.0995,0.0090,-0.1874,0.0001,0.0023,0.0697,0.0526,0.0212,-0.0636,-0.0701,0.0136,-0.0685,0.0534,0.0294,-0.0864,-0.0755,0.0168,-0.0872,0.4400,-0.0268,0.0663,0.0027,-0.0177,-0.1401,-0.0141,0.0187,0.0244,-0.0379,0.0065,-0.0054,-0.0048,-0.1727,0.0011,-0.0088,0.0302,-0.0500,-0.0100,0.0153,0.0263,0.0236
453,0.440976,-0.0489,-0.2367,0.2969,0.2804,-0.0194,-0.0344,0.1704,-0.1885,0.0014,-0.2384,-0.1282,0.2438,0.5488,0.3397,-0.2870,-0.0321,-0.2051,0.1263,0.0029,-0.2414,-0.0387,-0.0050,0.0023,0.0000,0.0025,-0.0023,-0.0020,-0.0009,-0.0006,0.0000,0.0001,-0.0001,0.0001,-0.0006,0.0000,-0.0001,-0.0070,-0.0274,0.0345,-0.4665,-0.0080,0.0206,0.2341,0.9938,0.0000,0.1109,-0.1109,-0.0004,0.9938,0.0615,0.0125,0.1470,-0.0891,0.0230,0.1461,-0.0891,0.0230,0.1461,0.0904,0.0105,0.1471,-0.1303,0.0288,0.0897,0.1292,0.0044,0.0892,0.0442,0.0101,-0.1876,-0.0995,0.0089,-0.1874,0.0001,0.0023,0.0697,0.0526,0.0212,-0.0636,-0.0701,0.0136,-0.0685,0.0534,0.0294,-0.0864,-0.0755,0.0168,-0.0872,0.4410,-0.0250,0.0869,-0.0034,-0.0126,-0.1490,-0.0175,0.0217,0.0318,-0.0133,0.0080,-0.0061,-0.0087,-0.1407,0.0020,-0.0098,0.0342,0.0168,-0.0072,0.0099,0.0347,-0.0090
454,0.441951,-0.0489,-0.2367,0.2969,0.2804,-0.0194,-0.0344,0.1704,-0.1886,0.0014,-0.2384,-0.1282,0.2438,0.5488,0.3397,-0.2870,-0.0322,-0.2053,0.1260,0.0017,-0.2414,-0.0386,-0.0015,-0.0006,0.0000,0.0008,-0.0004,-0.0038,-0.0009,-0.0015,0.0000,0.0001,-0.0001,0.0004,-0.0006,-0.0000,0.0001,-0.0028,0.0036,-0.1897,0.6072,-0.0036,-0.0009,0.2341,0.9939,-0.0000,0.1107,-0.1107,-0.0004,0.9939,0.0615,0.0125,0.1470,-0.0891,0.0230,0.1461,-0.0891,0.0230,0.1461,0.0904,0.0105,0.1471,-0.1303,0.0289,0.0897,0.1292,0.0044,0.0892,0.0443,0.0100,-0.1876,-0.0995,0.0089,-0.1874,0.0001,0.0023,0.0697,0.0526,0.0212,-0.0636,-0.0701,0.0136,-0.0685,0.0534,0.0294,-0.0864,-0.0755,0.0168,-0.0872,0.4420,-0.0267,0.0824,-0.0047,-0.0134,-0.1537,-0.0122,0.0069,0.0160,-0.0013,0.0068,-0.0022,0.0086,-0.1389,-0.0006,-0.0059,0.0210,0.0221,-0.0036,0.0299,0.0272,-0.0034
455,0.442927,-0.0490,-0.2366,0.2969,0.2805,-0.0194,-0.0345,0.1702,-0.1887,0.0014,-0.2384,-0.1282,0.2439,0.5488,0.3397,-0.2870,-0.0324,-0.2052,0.1178,0.0141,-0.2416,-0.0386,-0.0007,0.0110,-0.0000,0.0047,-0.0007,-0.0011,-0.0136,-0.0138,0.0000,0.0000,-0.0000,0.0092,-0.0000,0.0001,-0.0001,-0.0179,0.0044,-0.0704,0.5034,-0.0100,-0.0005,0.2341,0.9939,0.0000,0.1106,-0.1106,-0.0004,0.9939,0.0615,0.0125,0.1470,-0.0891,0.0230,0.1461,-0.0891,0.0230,0.1461,0.0904,0.0105,0.1471,-0.1303,0.0289,0.0897,0.1292,0.0044,0.0892,0.0443,0.0100,-0.1876,-0.0995,0.0088,-0.1874,0.0001,0.0023,0.0697,0.0526,0.0212,-0.0636,-0.0701,0.0135,-0.0685,0.0534,0.0294,-0.0864,-0.0755,0.0168,-0.0872,0.4429,-0.0266,0.0860,-0.0064,-0.0165,-0.1540,-0.0127,0.0076,0.0174,-0.0073,0.0079,-0.0044,0.0082,-0.1366,-0.0016,-0.0067,0.0223,0.0279,0.0000,0.0228,0.0268,-0.0051
456,0.443902,-0.0490,-0.2365,0.2969,0.2805,-0.0195,-0.0345,0.1700,-0.1889,0.0014,-0.2384,-0.1282,0.2440,0.5488,0.3397,-0.2870,-0.0327,-0.2051,0.1182,0.0077,-0.2417,-0.0386,-0.0001,0.0064,-0.0000,0.0014,-0.0021,-0.0002,-0.0086,-0.0076,-0.0000,-0.0000,0.0000,0.0046,-0.0000,0.0001,-0.0001,-0.0125,0.0034,0.2667,-0.5545,-0.0086,-0.0005,0.2341,0.9939,0.0000,0.1105,-0.1105,-0.0003,0.9939,0.0615,0.0126,0.1470,-0.0891,0.0230,0.1460,-0.0891,0.0230,0.1460,0.0904,0.0105,0.1471,-0.1303,0.0288,0.0897,0.1292,0.0045,0.0892,0.0443,0.0100,-0.1876,-0.0995,0.0088,-0.1874,0.0001,0.0023,0.0697,0.0526,0.0212,-0.0636,-0.0701,0.0135,-0.0685,0.0534,0.0294,-0.0864,-0.0755,0.0167,-0.0872,0.4439,-0.0226,0.0893,-0.0061,-0.0171,-0.1495,-0.0182,0.0237,0.0342,-0.0145,0.0099,-0.0074,-0.0064,-0.1362,0.0018,-0.0101,0.0365,0.0267,-0.0048,0.0042,0.0364,-0.0144
457,0.444878,-0.0490,-0.2364,0.2969,0.2806,-0.0195,-0.0345,0.1699,-0.1890,0.0014,-0.2384,-0.1282,0.2440,0.5488,0.3397,-0.2870,-0.0328,-0.2051,0.1200,0.0066,-0.2418,-0.0386,0.0001,0.0028,0.0000,0.0001,-0.0003,-0.0037,-0.0038,-0.0036,0.0000,0.0000,-0.0000,0.0016,0.0001,-0.0001,0.0002,-0.0043,0.0008,-0.5004,0.6093,-0.0029,-0.0053,0.2341,0.9939,0.0000,0.1104,-0.1104,-0.0003,0.9939,0.0615,0.0126,0.1470,-0.0891,0.0230,0.1460,-0.0891,0.0230,0.1460,0.0904,0.0106,0.1471,-0.1303,0.0288,0.0897,0.1292,0.0045,0.0892,0.0443,0.0099,-0.1876,-0.0995,0.0088,-0.1874,0.0001,0.0023,0.0697,0.0526,0.0212,-0.0636,-0.0701,0.0135,-0.0685,0.0534,0.0294,-0.0864,-0.0755,0.0167,-0.0872,0.4449,-0.0296,0.0803,-0.0038,-0.0137,-0.1526,-0.0106,0.0040,0.0128,-0.0020,0.0079,-0.0019,0.0100,-0.1462,-0.0017,-0.0061,0.0138,0.0046,-0.0020,0.0314,0.0276,0.0031
458,0.445854,-0.0490,-0.2363,0.2969,0.2806,-0.0195,-0.0346,0.1698,-0.1891,0.0014,-0.2384,-0.1282,0.2442,0.5488,0.3397,-0.2870,-0.0330,-0.2052,0.1201,0.0076,-0.2419,-0.0387,-0.0069,0.0078,0.0000,0.0029,-0.0014,-0.0015,-0.0136,-0.0123,0.0000,0.0000,-0.0000,0.0094,-0.0001,-0.0001,0.0001,-0.0150,-0.0088,-0.4676,0.4687,-0.0072,0.0002,0.2341,0.9939,-0.0000,0.1104,-0.1104,-0.0002,0.9939,0.0615,0.0126,0.1470,-0.0892,0.0230,0.1460,-0.0892,0.0230,0.1460,0.0904,0.0106,0.1471,-0.1303,0.0288,0.0897,0.1292,0.0045,0.0892,0.0443,0.0099,-0.1876,-0.0995,0.0087,-0.1874,0.0001,0.0023,0.0697,0.0526,0.0212,-0.0636,-0.0701,0.0135,-0.0685,0.0534,0.0294,-0.0864,-0.0755,0.0167,-0.0872,0.4459,-0.0291,0.0813,-0.0034,-0.0142,-0.1515,-0.0110,0.0058,0.0141,-0.0061,0.0075,-0.0026,0.0083,-0.1443,-0.0016,-0.0067,0.0168,0.0077,-0.0023,0.0277,0.0269,0.0014
459,0.446829,-0.0491,-0.2362,0.2969,0.2806,-0.0195,-0.0346,0.1696,-0.1893,0.0014,-0.2384,-0.1282,0.2443,0.5488,0.3397,-0.2870,-0.0332,-0.2053,0.1167,0.0111,-0.2420,-0.0387,-0.0036,0.0080,0.0000,0.0016,-0.0018,-0.0004,-0.0132,-0.0114,0.0000,0.0000,-0.0000,0.0039,-0.0002,-0.0003,0.0003,-0.0107,-0.0069,-1.8631,1.8701,-0.0069,-0.0003,0.2341,0.9939,-0.0000,0.1103,-0.1103,-0.0002,0.9939,0.0615,0.0126,0.1470,-0.0892,0.0230,0.1460,-0.0892,0.0230,0.1460,0.0904,0.0106,0.1471,-0.1303,0.0288,0.0897,0.1292,0.0045,0.0892,0.0443,0.0099,-0.1876,-0.0995,0.0087,-0.1874,0.0001,0.0023,0.0697,0.0526,0.0212,-0.0636,-0.0701,0.0135,-0.0685,0.0534,0.0294,-0.0864,-0.0755,0.0167,-0.0872,0.4468,-0.0382,0.0618,-0.0012,-0.0497,-0.1153,-0.0105,0.0047,0.0028,0.0225,0.0104,0.0033,0.0027,-0.2008,-0.0104,-0.0088,-0.0420,-0.0644,-0.0108,0.0439,0.0136,0.0666
460,0.447805,-0.0494,-0.2359,0.2969,0.2808,-0.0196,-0.0346,0.1694,-0.1895,0.0014,-0.2384,-0.1282,0.2447,0.5485,0.3397,-0.2870,-0.0338,-0.2057,0.1289,-0.0012,-0.2421,-0.0376,-0.0307,0.0244,0.0000,0.0155,-0.0041,-0.0001,-0.0143,-0.0142,-0.0000,-0.0000,0.0000,0.0283,-0.0381,-0.0061,-0.0000,-0.0601,-0.0427,1.0853,-1.0906,-0.0115,0.0941,0.2341,0.9939,-0.0000,0.1102,-0.1102,-0.0000,0.9939,0.0614,0.0127,0.1470,-0.0892,0.0230,0.1460,-0.0892,0.0230,0.1460,0.0904,0.0107,0.1472,-0.1303,0.0288,0.0897,0.1292,0.0046,0.0892,0.0443,0.0099,-0.1876,-0.0995,0.0087,-0.1874,0.0001,0.0024,0.0697,0.0526,0.0211,-0.0636,-0.0701,0.0135,-0.0685,0.0534,0.0293,-0.0865,-0.0755,0.0167,-0.0872,0.4478,-0.0119,0.0851,-0.0101,-0.0088,-0.1499,-0.0225,0.0376,0.0458,-0.0245,0.0073,-0.0123,-0.0130,-0.1278,0.0045,-0.0095,0.0535,0.0287,-0.0011,-0.0053,0.0460,-0.0400
461,0.448780,-0.0497,-0.2357,0.2969,0.2809,-0.0194,-0.0347,0.1692,-0.1897,0.0014,-0.2384,-0.1282,0.2449,0.5481,0.3396,-0.2870,-0.0342,-0.2060,0.1331,-0.0055,-0.2423,-0.0380,-0.0034,0.0028,0.0000,0.0013,0.0130,-0.0113,-0.0036,-0.0043,-0.0000,-0.0000,0.0000,0.0036,-0.0091,-0.0011,0.0001,0.0129,0.0085,-0.0896,0.0788,0.0009,-0.0602,0.2341,0.9940,-0.0000,0.1098,-0.1098,0.0001,0.9940,0.0614,0.0127,0.1470,-0.0892,0.0231,0.1460,-0.0892,0.0231,0.1460,0.0904,0.0107,0.1472,-0.1303,0.0288,0.0896,0.1292,0.0046,0.0892,0.0443,0.0098,-0.1876,-0.0995,0.0086,-0.1874,0.0001,0.0024,0.0697,0.0526,0.0211,-0.0636,-0.0701,0.0135,-0.0685,0.0534,0.0293,-0.0865,-0.0755,0.0167,-0.0872,0.4488,-0.0217,0.0914,-0.0053,-0.0126,-0.1533,-0.0152,0.0168,0.0246,-0.0044,0.0047,-0.0041,-0.0030,-0.1283,0.0014,-0.0084,0.0346,0.0400,-0.0090,0.0183,0.0268,-0.0146
462,0.449756,-0.0498,-0.2357,0.2969,0.2809,-0.0194,-0.0348,0.1692,-0.1897,0.0014,-0.2384,-0.1282,0.2449,0.5480,0.3396,-0.2870,-0.0341,-0.2058,0.1300,-0.0025,-0.2424,-0.0384,0.0001,0.0006,-0.0000,0.0013,-0.0000,-0.0044,-0.0012,-0.0008,0.0000,0.0001,-0.0001,0.0006,-0.0015,0.0000,-0.0001,0.0022,0.0097,0.5897,-0.6308,-0.0087,-0.0065,0.2341,0.9940,0.0000,0.1096,-0.1096,0.0001,0.9940,0.0614,0.0127,0.1470,-0.0892,0.0231,0.1460,-0.0892,0.0231,0.1460,0.0904,0.0107,0.1472,-0.1303,0.0288,0.0896,0.1292,0.0046,0.0892,0.0443,0.0098,-0.1876,-0.0995,0.0086,-0.1875,0.0001,0.0024,0.0697,0.0526,0.0211,-0.0636,-0.0701,0.0135,-0.0685,0.0534,0.0293,-0.0865,-0.0755,0.0167,-0.0872,0.4498,-0.0142,0.0913,-0.0090,-0.0165,-0.1494,-0.0201,0.0296,0.0387,-0.0131,0.0080,-0.0095,-0.0085,-0.1246,0.0037,-0.0100,0.0503,0.0457,-0.0073,0.0022,0.0382,-0.0279
463,0.450732,-0.0498,-0.2357,0.2969,0.2809,-0.0194,-0.0349,0.1691,-0.1897,0.0014,-0.2384,-0.1282,0.2449,0.5480,0.3396,-0.2870,-0.0340,-0.2057,0.1297,-0.0028,-0.2424,-0.0385,0.0007,0.0000,-0.0000,-0.0006,0.0015,-0.0077,-0.0015,-0.0012,0.0000,0.0001,-0.0001,0.0006,-0.0005,-0.0002,0.0001,0.0048,0.0108,-0.7206,0.6962,-0.0034,-0.0187,0.2341,0.9940,-0.0000,0.1095,-0.1095,0.0001,0.9940,0.0614,0.0127,0.1470,-0.0892,0.0231,0.1460,-0.0892,0.0231,0.1460,0.0904,0.0107,0.1472,-0.1303,0.0289,0.0896,0.1292,0.0046,0.0892,0.0443,0.0098,-0.1876,-0.0995,0.0086,-0.1875,0.0001,0.0024,0.0697,0.0526,0.0211,-0.0636,-0.0701,0.0135,-0.0685,0.0534,0.0293,-0.0865,-0.0755,0.0167,-0.0872,0.4507,-0.0259,0.0799,-0.0036,-0.0122,-0.1532,-0.0101,0.0052,0.0127,-0.0006,0.0068,-0.0016,0.0080,-0.1449,-0.0002,-0.0068,0.0172,0.0021,-0.0056,0.0369,0.0257,0.0027
464,0.451707,-0.0498,-0.2356,0.2969,0.2810,-0.0194,-0.0350,0.1690,-0.1898,0.0014,-0.2384,-0.1282,0.2450,0.5480,0.3396,-0.2870,-0.0341,-0.2057,0.1289,-0.0031,-0.2426,-0.0386,-0.0033,0.0107,0.0000,0.0027,-0.0015,-0.0025,-0.0123,-0.0109,0.0000,0.0000,-0.0000,0.0071,-0.0002,-0.0001,0.0001,-0.0128,-0.0136,-0.5030,0.3251,-0.0080,0.0024,0.2341,0.9940,0.0000,0.1095,-0.1095,0.0002,0.9940,0.0614,0.0127,0.1470,-0.0892,0.0231,0.1460,-0.0892,0.0231,0.1460,0.0903,0.0107,0.1472,-0.1303,0.0289,0.0896,0.1292,0.0046,0.0893,0.0443,0.0097,-0.1876,-0.0995,0.0086,-0.1875,0.0001,0.0024,0.0697,0.0526,0.0211,-0.0636,-0.0701,0.0134,-0.0685,0.0534,0.0293,-0.0865,-0.0755,0.0166,-0.0872,0.4517,-0.0247,0.0849,-0.0037,-0.0121,-0.1510,-0.0111,0.0094,0.0159,-0.0086,0.0060,-0.0033,0.0029,-0.1370,0.0003,-0.0076,0.0250,0.0168,-0.0064,0.0281,0.0245,-0.0057
465,0.452683,-0.0498,-0.2355,0.2969,0.2810,-0.0194,-0.0351,0.1688,-0.1900,0.0014,-0.2384,-0.1282,0.2451,0.5480,0.3396,-0.2870,-0.0343,-0.2059,0.1299,-0.0006,-0.2427,-0.0386,-0.0019,0.0043,-0.0000,0.0014,-0.0016,-0.0005,-0.0078,-0.0055,0.0000,0.0000,-0.0000,0.0014,-0.0001,0.0001,-0.0002,-0.0063,-0.0047,0.7016,-0.6037,-0.0103,0.0004,0.2341,0.9940,0.0000,0.1095,-0.1095,0.0002,0.9940,0.0614,0.0127,0.1470,-0.0892,0.0231,0.1460,-0.0892,0.0231,0.1460,0.0903,0.0108,0.1472,-0.1303,0.0288,0.0896,0.1292,0.0046,0.0893,0.0443,0.0097,-0.1876,-0.0995,0.0085,-0.1875,0.0001,0.0024,0.0697,0.0526,0.0211,-0.0636,-0.0701,0.0134,-0.0685,0.0534,0.0293,-0.0865,-0.0755,0.0166,-0.0872,0.4527,-0.0125,0.0922,-0.0106,-0.0163,-0.1515,-0.0199,0.0301,0.0388,-0.0154,0.0075,-0.0104,-0.0078,-0.1212,0.0032,-0.0102,0.0527,0.0522,-0.0061,0.0004,0.0359,-0.0311
466,0.453659,-0.0498,-0.2354,0.2969,0.2810,-0.0194,-0.0351,0.1687,-0.1901,0.0014,-0.2384,-0.1282,0.2451,0.5480,0.3396,-0.2870,-0.0342,-0.2058,0.1308,0.0010,-0.2428,-0.0388,0.0006,0.0004,-0.0000,-0.0010,0.0011,-0.0089,-0.0028,-0.0021,0.0000,0.0001,-0.0001,0.0006,-0.0004,0.0002,-0.0001,0.0095,0.0138,0.8704,-0.4646,-0.0022,-0.0195,0.2341,0.9940,-0.0000,0.1095,-0.1095,0.0002,0.9940,0.0614,0.0127,0.1470,-0.0892,0.0231,0.1460,-0.0892,0.0231,0.1460,0.0903,0.0107,0.1472,-0.1303,0.0288,0.0896,0.1292,0.0046,0.0893,0.0443,0.0097,-0.1876,-0.0995,0.0085,-0.1875,0.0001,0.0024,0.0697,0.0526,0.0211,-0.0636,-0.0701,0.0134,-0.0685,0.0534,0.0293,-0.0865,-0.0755,0.0166,-0.0872,0.4537,-0.0115,0.0913,-0.0122,-0.0172,-0.1541,-0.0192,0.0293,0.0378,-0.0151,0.0069,-0.0108,-0.0053,-0.1176,0.0024,-0.0097,0.0542,0.0573,-0.0047,-0.0003,0.0328,-0.0316
467,0.454634,-0.0498,-0.2354,0.2969,0.2810,-0.0194,-0.0353,0.1687,-0.1901,0.0014,-0.2384,-0.1282,0.2451,0.5480,0.3396,-0.2870,-0.0341,-0.2056,0.1321,-0.0009,-0.2428,-0.0391,0.0009,-0.0006,-0.0000,-0.0009,0.0006,-0.0100,-0.0014,-0.0009,0.0000,0.0001,-0.0001,0.0005,-0.0003,0.0000,0.0001,0.0112,0.0164,0.2563,0.5897,-0.0035,-0.0181,0.2341,0.9940,-0.0000,0.1096,-0.1096,0.0002,0.9940,0.0614,0.0127,0.1470,-0.0892,0.0231,0.1460,-0.0892,0.0231,0.1460,0.0903,0.0107,0.1472,-0.1303,0.0288,0.0896,0.1292,0.0046,0.0893,0.0443,0.0098,-0.1876,-0.0995,0.0085,-0.1874,0.0001,0.0024,0.0697,0.0526,0.0211,-0.0636,-0.0701,0.0134,-0.0685,0.0534,0.0293,-0.0865,-0.0755,0.0166,-0.0872,0.4546,-0.0165,0.0897,-0.0101,-0.0143,-0.1556,-0.0134,0.0140,0.0206,-0.0046,0.0043,-0.0068,0.0036,-0.1155,0.0005,-0.0071,0.0391,0.0543,-0.0033,0.0207,0.0231,-0.0197
468,0.455610,-0.0498,-0.2354,0.2969,0.2810,-0.0194,-0.0354,0.1686,-0.1901,0.0014,-0.2384,-0.1282,0.2451,0.5480,0.3396,-0.2870,-0.0339,-0.2053,0.1436,0.0107,-0.2430,-0.0394,0.0002,0.0032,-0.0000,0.0025,-0.0009,-0.0033,-0.0059,-0.0038,0.0000,0.0000,-0.0000,0.0058,0.0000,-0.0000,-0.0000,0.0033,0.0147,0.7994,0.7704,-0.0159,-0.0090,0.2341,0.9940,0.0000,0.1098,-0.1098,0.0002,0.9940,0.0614,0.0127,0.1470,-0.0892,0.0231,0.1460,-0.0892,0.0231,0.1460,0.0903,0.0107,0.1472,-0.1303,0.0288,0.0896,0.1292,0.0046,0.0893,0.0443,0.0098,-0.1876,-0.0996,0.0086,-0.1874,0.0001,0.0024,0.0697,0.0526,0.0211,-0.0636,-0.0701,0.0134,-0.0685,0.0534,0.0293,-0.0865,-0.0755,0.0167,-0.0872,0.4556,-0.0059,0.0886,-0.0161,-0.0243,-0.1598,-0.0164,0.0154,0.0225,-0.0053,0.0041,-0.0101,0.0102,-0.1084,-0.0013,-0.0046,0.0530,0.0712,-0.0028,0.0141,0.0199,-0.0199
469,0.456585,-0.0498,-0.2353,0.2969,0.2810,-0.0194,-0.0354,0.1685,-0.1902,0.0014,-0.2384,-0.1282,0.2453,0.5480,0.3396,-0.2870,-0.0338,-0.2049,0.1388,0.0063,-0.2433,-0.0396,-0.0001,0.0015,-0.0000,0.0005,-0.0018,-0.0035,-0.0069,-0.0008,0.0000,0.0000,-0.0000,0.0068,0.0004,-0.0000,0.0000,0.0131,0.0276,-0.0320,0.0364,-0.0116,-0.0106,0.2341,0.9939,-0.0000,0.1102,-0.1102,0.0002,0.9939,0.0614,0.0126,0.1470,-0.0892,0.0230,0.1460,-0.0892,0.0230,0.1460,0.0903,0.0106,0.1472,-0.1303,0.0288,0.0896,0.1292,0.0046,0.0893,0.0443,0.0099,-0.1876,-0.0996,0.0086,-0.1874,0.0001,0.0023,0.0697,0.0526,0.0211,-0.0636,-0.0701,0.0135,-0.0685,0.0534,0.0293,-0.0865,-0.0755,0.0167,-0.0872,0.4566,-0.0210,0.0907,-0.0056,-0.0127,-0.1507,-0.0159,0.0191,0.0254,-0.0040,0.0038,-0.0060,-0.0070,-0.1256,0.0012,-0.0091,0.0366,0.0360,-0.0084,0.0119,0.0250,-0.0129
470,0.457561,-0.0498,-0.2353,0.2969,0.2810,-0.0194,-0.0355,0.1685,-0.1902,0.0014,-0.2384,-0.1282,0.2453,0.5480,0.3396,-0.2870,-0.0336,-0.2046,0.1360,0.0058,-0.2434,-0.0397,0.0007,0.0027,-0.0000,0.0005,-0.0009,-0.0015,-0.0034,-0.0006,0.0000,0.0001,-0.0001,0.0033,-0.0001,-0.0001,-0.0000,0.0062,0.0117,-0.8200,-0.2601,-0.0056,-0.0046,0.2341,0.9939,-0.0000,0.1105,-0.1105,0.0002,0.9939,0.0614,0.0126,0.1470,-0.0892,0.0230,0.1460,-0.0892,0.0230,0.1460,0.0903,0.0106,0.1472,-0.1303,0.0288,0.0896,0.1292,0.0045,0.0893,0.0443,0.0099,-0.1876,-0.0996,0.0087,-0.1874,0.0001,0.0023,0.0697,0.0526,0.0211,-0.0636,-0.0701,0.0135,-0.0685,0.0534,0.0294,-0.0864,-0.0755,0.0167,-0.0872,0.4576,-0.0247,0.0716,-0.0003,-0.0151,-0.1414,-0.0129,0.0176,0.0197,-0.0267,0.0041,-0.0062,-0.0053,-0.1590,0.0004,-0.0093,0.0312,-0.0314,-0.0102,0.0159,0.0190,0.0169
471,0.458537,-0.0498,-0.2352,0.2969,0.2811,-0.0195,-0.0355,0.1684,-0.1902,0.0014,-0.2384,-0.1282,0.2454,0.5480,0.3396,-0.2870,-0.0335,-0.2048,0.1255,-0.0078,-0.2436,-0.0394,-0.0011,0.0091,-0.0000,0.0053,-0.0019,-0.0015,-0.0058,-0.0008,0.0000,0.0001,-0.0001,0.0006,-0.0001,0.0001,0.0000,0.0028,-0.0285,-0.4426,-0.8839,-0.0146,0.0268,0.2341,0.9938,-0.0000,0.1108,-0.1108,0.0002,0.9938,0.0614,0.0125,0.1470,-0.0892,0.0229,0.1460,-0.0892,0.0229,0.1460,0.0903,0.0105,0.1472,-0.1303,0.0287,0.0896,0.1292,0.0045,0.0893,0.0443,0.0099,-0.1876,-0.0996,0.0087,-0.1874,0.0001,0.0023,0.0697,0.0526,0.0212,-0.0636,-0.0701,0.0135,-0.0685,0.0534,0.0294,-0.0864,-0.0755,0.0167,-0.0872,0.4585,-0.0261,0.0809,-0.0002,0.0026,-0.1430,-0.0138,0.0307,0.0333,-0.0141,0.0029,-0.0099,-0.0239,-0.1404,0.0021,-0.0123,0.0365,-0.0158,-0.0059,0.0020,0.0301,-0.0086
472,0.459512,-0.0498,-0.2351,0.2969,0.2812,-0.0194,-0.0355,0.1683,-0.1902,0.0014,-0.2384,-0.1282,0.2454,0.5480,0.3396,-0.2870,-0.0334,-0.2051,0.1325,-0.0038,-0.2437,-0.0393,-0.0008,0.0014,-0.0000,0.0032,0.0026,-0.0003,-0.0011,-0.0000,0.0000,0.0000,-0.0000,-0.0001,0.0002,0.0001,-0.0000,0.0086,-0.0067,0.6129,-0.1780,-0.0037,0.0001,0.2341,0.9938,-0.0000,0.1111,-0.1111,0.0002,0.9938,0.0614,0.0125,0.1470,-0.0892,0.0229,0.1460,-0.0892,0.0229,0.1460,0.0903,0.0105,0.1472,-0.1303,0.0287,0.0896,0.1292,0.0045,0.0893,0.0443,0.0100,-0.1876,-0.0996,0.0088,-0.1874,0.0001,0.0023,0.0697,0.0526,0.0212,-0.0636,-0.0702,0.0135,-0.0685,0.0534,0.0294,-0.0864,-0.0755,0.0168,-0.0872,0.4595,-0.0151,0.0897,-0.0108,-0.0140,-0.1534,-0.0175,0.0270,0.0327,-0.0049,0.0071,-0.0087,-0.0069,-0.1208,0.0014,-0.0103,0.0472,0.0464,-0.0062,0.0072,0.0256,-0.0191
473,0.460488,-0.0498,-0.2351,0.2969,0.2812,-0.0194,-0.0356,0.1683,-0.1902,0.0014,-0.2384,-0.1282,0.2454,0.5480,0.3396,-0.2870,-0.0332,-0.2050,0.1342,-0.0072,-0.2438,-0.0393,0.0012,-0.0012,-0.0000,0.0006,-0.0002,-0.0045,-0.0016,-0.0004,0.0000,0.0001,-0.0001,0.0004,-0.0007,-0.0001,0.0002,0.0175,0.0236,1.5214,-1.1809,-0.0042,-0.0103,0.2341,0.9938,-0.0000,0.1113,-0.1113,0.0002,0.9938,0.0614,0.0125,0.1470,-0.0892,0.0229,0.1460,-0.0892,0.0229,0.1460,0.0903,0.0105,0.1472,-0.1303,0.0287,0.0896,0.1292,0.0044,0.0893,0.0443,0.0100,-0.1876,-0.0996,0.0088,-0.1874,0.0001,0.0023,0.0697,0.0526,0.0212,-0.0636,-0.0702,0.0135,-0.0685,0.0534,0.0294,-0.0864,-0.0755,0.0168,-0.0872,0.4605,-0.0136,0.0738,-0.0110,0.0035,-0.1499,-0.0195,0.0454,0.0472,-0.0221,0.0049,-0.0139,-0.0221,-0.1243,0.0024,-0.0084,0.0515,0.0048,0.0064,-0.0080,0.0413,-0.0402
474,0.461463,-0.0498,-0.2351,0.2969,0.2812,-0.0193,-0.0357,0.1683,-0.1902,0.0014,-0.2384,-0.1282,0.2454,0.5479,0.3396,-0.2870,-0.0330,-0.2046,0.1426,-0.0044,-0.2438,-0.0396,0.0008,-0.0006,-0.0000,0.0054,0.0130,-0.0099,-0.0007,-0.0004,0.0000,0.0001,-0.0000,0.0003,-0.0002,0.0002,0.0003,0.0193,0.0080,1.7296,1.8066,0.0003,-0.0415,0.2341,0.9938,0.0000,0.1115,-0.1115,0.0002,0.9938,0.0614,0.0124,0.1470,-0.0892,0.0229,0.1460,-0.0892,0.0229,0.1460,0.0903,0.0104,0.1472,-0.1303,0.0287,0.0896,0.1292,0.0044,0.0893,0.0443,0.0101,-0.1876,-0.0996,0.0089,-0.1874,0.0001,0.0022,0.0697,0.0526,0.0212,-0.0636,-0.0702,0.0136,-0.0685,0.0534,0.0294,-0.0864,-0.0755,0.0168,-0.0872,0.4615,-0.0101,0.0691,-0.0180,-0.0188,-0.1618,-0.0167,0.0189,0.0215,0.0102,-0.0016,-0.0118,0.0011,-0.1181,-0.0069,0.0043,0.0390,0.0389,0.0075,0.0134,0.0285,-0.0125
475,0.462439,-0.0498,-0.2351,0.2969,0.2813,-0.0193,-0.0358,0.1682,-0.1902,0.0014,-0.2384,-0.1282,0.2454,0.5480,0.3396,-0.2870,-0.0327,-0.2044,0.1437,-0.0074,-0.2438,-0.0398,0.0008,-0.0007,-0.0000,0.0014,-0.0026,-0.0068,-0.0041,-0.0009,0.0000,0.0001,-0.0001,0.0029,0.0040,-0.0020,0.0001,0.0088,0.0208,0.8464,0.3557,-0.0024,0.0066,0.2341,0.9937,0.0000,0.1117,-0.1117,0.0002,0.9937,0.0614,0.0124,0.1470,-0.0892,0.0228,0.1460,-0.0892,0.0228,0.1460,0.0903,0.0104,0.1472,-0.1303,0.0287,0.0896,0.1292,0.0044,0.0893,0.0442,0.0101,-0.1876,-0.0996,0.0089,-0.1874,0.0001,0.0022,0.0697,0.0526,0.0212,-0.0636,-0.0702,0.0136,-0.0685,0.0534,0.0295,-0.0864,-0.0755,0.0168,-0.0872,0.4624,-0.0094,0.0829,-0.0135,-0.0153,-0.1556,-0.0155,0.0228,0.0272,0.0005,0.0045,-0.0097,-0.0008,-0.1119,0.0009,-0.0071,0.0523,0.0510,-0.0047,0.0123,0.0209,-0.0190
476,0.463415,-0.0498,-0.2352,0.2969,0.2813,-0.0193,-0.0359,0.1682,-0.1902,0.0014,-0.2384,-0.1282,0.2455,0.5480,0.3396,-0.2870,-0.0325,-0.2039,0.1446,-0.0053,-0.2440,-0.0399,0.0012,-0.0011,-0.0000,0.0014,-0.0010,-0.0045,-0.0049,-0.0010,0.0000,0.0001,-0.0001,0.0016,0.0034,-0.0003,0.0001,0.0194,0.0258,0.2875,0.4348,-0.0099,-0.0095,0.2341,0.9937,0.0000,0.1121,-0.1121,0.0002,0.9937,0.0614,0.0123,0.1470,-0.0892,0.0228,0.1460,-0.0892,0.0228,0.1460,0.0903,0.0103,0.1472,-0.1303,0.0287,0.0896,0.1292,0.0043,0.0893,0.0442,0.0102,-0.1876,-0.0996,0.0090,-0.1874,0.0001,0.0022,0.0697,0.0526,0.0212,-0.0636,-0.0702,0.0136,-0.0685,0.0534,0.0295,-0.0864,-0.0755,0.0168,-0.0872,0.4634,-0.0181,0.0819,-0.0071,-0.0103,-0.1491,-0.0147,0.0204,0.0231,0.0078,0.0031,-0.0067,-0.0071,-0.1217,0.0017,-0.0077,0.0384,0.0287,-0.0075,0.0178,0.0226,-0.0109
477,0.464390,-0.0498,-0.2352,0.2969,0.2813,-0.0193,-0.0359,0.1681,-0.1902,0.0014,-0.2384,-0.1282,0.2455,0.5481,0.3396,-0.2870,-0.0322,-0.2036,0.1502,-0.0026,-0.2441,-0.0400,0.0008,-0.0007,-0.0000,0.0034,0.0016,-0.0043,-0.0031,-0.0009,0.0000,0.0001,-0.0001,0.0010,0.0034,0.0002,0.0003,0.0109,0.0121,1.8392,1.6233,-0.0052,-0.0033,0.2341,0.9937,-0.0000,0.1123,-0.1123,0.0002,0.9937,0.0614,0.0123,0.1470,-0.0892,0.0227,0.1460,-0.0892,0.0227,0.1460,0.0903,0.0103,0.1472,-0.1303,0.0287,0.0897,0.1292,0.0043,0.0893,0.0442,0.0102,-0.1876,-0.0996,0.0090,-0.1874,0.0001,0.0022,0.0697,0.0526,0.0213,-0.0636,-0.0702,0.0136,-0.0685,0.0534,0.0295,-0.0864,-0.0755,0.0169,-0.0872,0.4644,-0.0106,0.0680,-0.0171,-0.0181,-0.1607,-0.0171,0.0212,0.0231,0.0086,-0.0024,-0.0121,-0.0026,-0.1184,-0.0065,0.0040,0.0420,0.0342,0.0052,0.0104,0.0282,-0.0128
478,0.465366,-0.0498,-0.2352,0.2969,0.2814,-0.0193,-0.0360,0.1681,-0.1902,0.0014,-0.2384,-0.1282,0.2455,0.5481,0.3396,-0.2870,-0.0320,-0.2034,0.1443,-0.0025,-0.2442,-0.0401,0.0010,-0.0007,-0.0000,0.0013,-0.0008,-0.0052,-0.0033,-0.0007,0.0000,0.0001,-0.0001,0.0005,0.0036,-0.0019,0.0001,0.0133,0.0154,-0.2219,0.5374,-0.0027,-0.0011,0.2341,0.9936,-0.0000,0.1126,-0.1126,0.0002,0.9936,0.0614,0.0122,0.1470,-0.0892,0.0227,0.1460,-0.0892,0.0227,0.1460,0.0903,0.0102,0.1472,-0.1303,0.0286,0.0897,0.1292,0.0043,0.0893,0.0442,0.0103,-0.1876,-0.0996,0.0090,-0.1874,0.0001,0.0021,0.0697,0.0526,0.0213,-0.0636,-0.0702,0.0136,-0.0685,0.0534,0.0295,-0.0864,-0.0755,0.0169,-0.0872,0.4654,-0.0264,0.0775,-0.0024,-0.0046,-0.1467,-0.0112,0.0156,0.0182,0.0147,0.0026,-0.0048,-0.0089,-0.1323,0.0008,-0.0076,0.0236,-0.0002,-0.0076,0.0227,0.0251,-0.0023
479,0.466341,-0.0498,-0.2351,0.2969,0.2814,-0.0193,-0.0361,0.1680,-0.1903,0.0014,-0.2384,-0.1282,0.2455,0.5482,0.3396,-0.2870,-0.0319,-0.2033,0.1402,0.0054,-0.2443,-0.0401,0.0004,0.0034,-0.0000,0.0027,0.0001,-0.0014,-0.0058,-0.0042,0.0000,0.0000,-0.0000,0.0002,0.0015,-0.0002,-0.0002,0.0035,0.0002,0.3235,-0.3048,-0.0068,0.0006,0.2341,0.9936,-0.0000,0.1130,-0.1130,0.0002,0.9936,0.0614,0.0122,0.1470,-0.0892,0.0227,0.1460,-0.0892,0.0227,0.1460,0.0903,0.0102,0.1472,-0.1303,0.0286,0.0897,0.1292,0.0042,0.0893,0.0442,0.0103,-0.1876,-0.0996,0.0091,-0.1874,0.0001,0.0021,0.0697,0.0526,0.0213,-0.0636,-0.0702,0.0137,-0.0685,0.0534,0.0296,-0.0864,-0.0755,0.0169,-0.0872,0.4663,-0.0214,0.0818,-0.0055,-0.0076,-0.1442,-0.0175,0.0298,0.0319,0.0048,0.0048,-0.0085,-0.0173,-0.1301,0.0015,-0.0109,0.0392,0.0105,-0.0078,0.0017,0.0261,-0.0066
480,0.467317,-0.0498,-0.2351,0.2969,0.2814,-0.0193,-0.0361,0.1679,-0.1903,0.0014,-0.2384,-0.1282,0.2455,0.5482,0.3396,-0.2870,-0.0318,-0.2032,0.1402,0.0052,-0.2443,-0.0401,-0.0000,0.0012,-0.0000,0.0009,0.0001,-0.0032,-0.0027,-0.0007,0.0000,0.0000,-0.0000,-0.0002,0.0007,-0.0002,0.0001,0.0119,0.0037,-0.5569,0.4121,-0.0017,0.0001,0.2341,0.9936,-0.0000,0.1131,-0.1131,0.0002,0.9936,0.0614,0.0121,0.1470,-0.0892,0.0226,0.1460,-0.0892,0.0226,0.1460,0.0903,0.0101,0.1472,-0.1303,0.0286,0.0897,0.1292,0.0042,0.0893,0.0442,0.0104,-0.1876,-0.0996,0.0091,-0.1874,0.0001,0.0021,0.0697,0.0526,0.0213,-0.0636,-0.0702,0.0137,-0.0684,0.0534,0.0296,-0.0864,-0.0755,0.0169,-0.0871,0.4673,-0.0282,0.0685,-0.0000,-0.0098,-0.1413,-0.0109,0.0146,0.0157,0.0001,0.0039,-0.0057,-0.0059,-0.1533,-0.0003,-0.0085,0.0190,-0.0353,-0.0074,0.0209,0.0225,0.0175
481,0.468293,-0.0498,-0.2351,0.2969,0.2815,-0.0193,-0.0361,0.1679,-0.1903,0.0014,-0.2384,-0.1282,0.2455,0.5482,0.3396,-0.2870,-0.0316,-0.2033,0.1420,0.0036,-0.2444,-0.0399,-0.0000,0.0088,-0.0000,0.0097,0.0000,-0.0019,-0.0071,-0.0033,0.0000,0.0000,-0.0000,-0.0001,0.0002,0.0001,-0.0000,0.0054,-0.0178,0.3646,-0.1648,-0.0123,0.0371,0.2341,0.9936,-0.0000,0.1134,-0.1134,0.0002,0.9936,0.0614,0.0121,0.1471,-0.0892,0.0226,0.1460,-0.0892,0.0226,0.1460,0.0903,0.0101,0.1472,-0.1303,0.0286,0.0897,0.1292,0.0042,0.0893,0.0442,0.0104,-0.1876,-0.0996,0.0092,-0.1874,0.0001,0.0021,0.0697,0.0526,0.0213,-0.0636,-0.0702,0.0137,-0.0684,0.0534,0.0296,-0.0864,-0.0755,0.0169,-0.0871,0.4683,-0.0207,0.0803,-0.0059,-0.0068,-0.1442,-0.0167,0.0288,0.0301,0.0061,0.0043,-0.0087,-0.0165,-0.1277,0.0014,-0.0104,0.0393,0.0108,-0.0072,0.0039,0.0244,-0.0074
482,0.469268,-0.0498,-0.2350,0.2969,0.2816,-0.0193,-0.0362,0.1678,-0.1904,0.0014,-0.2384,-0.1282,0.2455,0.5482,0.3396,-0.2870,-0.0314,-0.2034,0.1469,-0.0074,-0.2445,-0.0397,0.0001,0.0011,-0.0000,0.0018,0.0023,-0.0027,-0.0028,-0.0013,0.0000,0.0001,-0.0001,0.0002,-0.0002,-0.0001,0.0001,0.0118,0.0079,-0.0374,-0.2558,-0.0020,-0.0079,0.2341,0.9935,0.0000,0.1135,-0.1135,0.0002,0.9935,0.0614,0.0121,0.1471,-0.0893,0.0226,0.1460,-0.0893,0.0226,0.1460,0.0903,0.0101,0.1473,-0.1303,0.0286,0.0897,0.1292,0.0042,0.0893,0.0442,0.0104,-0.1876,-0.0996,0.0092,-0.1874,0.0001,0.0021,0.0697,0.0526,0.0213,-0.0636,-0.0702,0.0137,-0.0684,0.0534,0.0296,-0.0864,-0.0755,0.0170,-0.0871,0.4693,-0.0250,0.0784,-0.0016,0.0003,-0.1409,-0.0160,0.0292,0.0289,0.0128,0.0018,-0.0074,-0.0230,-0.1340,0.0024,-0.0108,0.0333,-0.0070,-0.0109,0.0071,0.0267,-0.0037
483,0.470244,-0.0498,-0.2350,0.2969,0.2816,-0.0193,-0.0362,0.1677,-0.1904,0.0014,-0.2384,-0.1282,0.2455,0.5482,0.3396,-0.2870,-0.0313,-0.2033,0.1500,-0.0047,-0.2446,-0.0398,-0.0000,0.0004,0.0000,0.0018,0.0009,-0.0020,-0.0007,-0.0005,0.0000,0.0000,-0.0000,-0.0001,0.0002,0.0002,-0.0003,0.0063,0.0025,1.4400,-1.3998,-0.0052,-0.0006,0.2341,0.9935,0.0000,0.1136,-0.1136,0.0002,0.9935,0.0614,0.0121,0.1471,-0.0893,0.0226,0.1460,-0.0893,0.0226,0.1460,0.0903,0.0101,0.1473,-0.1303,0.0286,0.0897,0.1292,0.0042,0.0893,0.0442,0.0104,-0.1876,-0.0996,0.0092,-0.1874,0.0001,0.0021,0.0697,0.0526,0.0213,-0.0636,-0.0702,0.0137,-0.0684,0.0534,0.0296,-0.0864,-0.0755,0.0170,-0.0871,0.4702,-0.0191,0.0604,-0.0079,0.0111,-0.1449,-0.0182,0.0478,0.0444,-0.0060,0.0028,-0.0153,-0.0315,-0.1361,0.0022,-0.0081,0.0446,-0.0352,0.0030,-0.0094,0.0401,-0.0286
484,0.471220,-0.0498,-0.2350,0.2969,0.2816,-0.0192,-0.0363,0.1677,-0.1904,0.0014,-0.2384,-0.1282,0.2455,0.5482,0.3396,-0.2870,-0.0312,-0.2033,0.1534,-0.0095,-0.2446,-0.0399,-0.0003,0.0004,-0.0000,0.0020,0.0083,-0.0046,-0.0001,-0.0000,-0.0000,-0.0000,-0.0017,-0.0003,0.0022,0.0000,-0.0001,0.0098,-0.0155,0.2805,-0.5684,-0.0010,-0.0301,0.2341,0.9935,-0.0000,0.1136,-0.1136,0.0002,0.9935,0.0614,0.0121,0.1471,-0.0892,0.0226,0.1460,-0.0892,0.0226,0.1460,0.0903,0.0101,0.1473,-0.1303,0.0286,0.0897,0.1292,0.0042,0.0893,0.0442,0.0104,-0.1876,-0.0997,0.0092,-0.1874,0.0001,0.0021,0.0697,0.0526,0.0213,-0.0636,-0.0702,0.0137,-0.0684,0.0534,0.0296,-0.0864,-0.0755,0.0170,-0.0871,0.4712,-0.0211,0.0776,-0.0030,0.0021,-0.1409,-0.0194,0.0382,0.0361,0.0120,0.0015,-0.0093,-0.0285,-0.1344,0.0031,-0.0125,0.0424,-0.0032,-0.0128,-0.0000,0.0270,-0.0069
485,0.472195,-0.0498,-0.2350,0.2969,0.2817,-0.0191,-0.0364,0.1677,-0.1904,0.0014,-0.2384,-0.1282,0.2455,0.5482,0.3396,-0.2870,-0.0311,-0.2035,0.1616,-0.0138,-0.2447,-0.0400,-0.0002,0.0003,0.0000,0.0054,0.0025,-0.0088,-0.0004,0.0001,0.0000,0.0000,-0.0003,-0.0003,0.0006,-0.0001,0.0001,0.0070,-0.0019,0.1192,0.0777,-0.0043,0.0095,0.2341,0.9935,-0.0000,0.1136,-0.1136,0.0002,0.9935,0.0614,0.0121,0.1471,-0.0893,0.0226,0.1460,-0.0893,0.0226,0.1460,0.0903,0.0101,0.1473,-0.1303,0.0286,0.0897,0.1292,0.0041,0.0893,0.0442,0.0104,-0.1876,-0.0997,0.0092,-0.1874,0.0001,0.0021,0.0697,0.0526,0.0213,-0.0636,-0.0702,0.0137,-0.0684,0.0534,0.0296,-0.0864,-0.0756,0.0170,-0.0871,0.4722,-0.0202,0.0771,-0.0029,-0.0016,-0.1433,-0.0160,0.0281,0.0273,0.0157,0.0003,-0.0066,-0.0206,-0.1275,0.0034,-0.0097,0.0390,0.0050,-0.0146,0.0133,0.0233,-0.0061
486,0.473171,-0.0498,-0.2350,0.2969,0.2818,-0.0191,-0.0365,0.1677,-0.1904,0.0014,-0.2384,-0.1282,0.2455,0.5482,0.3396,-0.2870,-0.0310,-0.2035,0.1580,-0.0101,-0.2448,-0.0399,0.0001,0.0003,-0.0000,0.0036,0.0018,-0.0040,-0.0005,-0.0006,0.0000,0.0001,-0.0001,-0.0001,0.0004,0.0001,-0.0001,0.0016,-0.0000,0.2784,-0.0556,-0.0060,0.0015,0.2341,0.9935,0.0000,0.1135,-0.1135,0.0002,0.9935,0.0614,0.0121,0.1471,-0.0893,0.0226,0.1460,-0.0893,0.0226,0.1460,0.0903,0.0100,0.1473,-0.1303,0.0286,0.0897,0.1292,0.0041,0.0893,0.0442,0.0104,-0.1876,-0.0997,0.0092,-0.1874,0.0001,0.0021,0.0697,0.0526,0.0213,-0.0636,-0.0702,0.0137,-0.0684,0.0534,0.0296,-0.0864,-0.0756,0.0170,-0.0871,0.4732,-0.0184,0.0780,-0.0043,-0.0022,-0.1431,-0.0168,0.0308,0.0296,0.0147,0.0008,-0.0079,-0.0210,-0.1257,0.0031,-0.0100,0.0428,0.0100,-0.0130,0.0084,0.0231,-0.0080
487,0.474146,-0.0498,-0.2349,0.2969,0.2819,-0.0190,-0.0366,0.1677,-0.1904,0.0014,-0.2384,-0.1282,0.2455,0.5482,0.3396,-0.2870,-0.0310,-0.2035,0.1630,-0.0079,-0.2449,-0.0399,0.0003,-0.0000,-0.0000,0.0093,0.0072,-0.0054,-0.0006,-0.0008,0.0000,0.0001,-0.0001,-0.0000,0.0002,0.0003,0.0001,0.0037,0.0017,1.6091,0.9769,-0.0082,0.0004,0.2341,0.9935,0.0000,0.1135,-0.1135,0.0002,0.9935,0.0614,0.0121,0.1471,-0.0893,0.0227,0.1460,-0.0893,0.0227,0.1460,0.0903,0.0101,0.1473,-0.1303,0.0286,0.0897,0.1292,0.0041,0.0893,0.0442,0.0104,-0.1875,-0.0997,0.0092,-0.1874,0.0001,0.0021,0.0697,0.0526,0.0213,-0.0636,-0.0702,0.0137,-0.0684,0.0534,0.0296,-0.0864,-0.0756,0.0170,-0.0871,0.4741,-0.0077,0.0687,-0.0159,-0.0133,-0.1589,-0.0151,0.0234,0.0241,0.0062,-0.0023,-0.0128,-0.0047,-0.1120,-0.0029,0.0007,0.0516,0.0346,-0.0005,0.0134,0.0219,-0.0178
488,0.475122,-0.0498,-0.2350,0.2969,0.2820,-0.0190,-0.0367,0.1677,-0.1904,0.0014,-0.2384,-0.1282,0.2455,0.5483,0.3396,-0.2870,-0.0308,-0.2034,0.1669,0.0022,-0.2450,-0.0400,0.0017,-0.0013,-0.0001,0.0017,0.0001,-0.0020,-0.0035,-0.0013,0.0000,0.0002,-0.0002,0.0007,0.0070,0.0002,-0.0002,0.0097,0.0123,1.1396,-0.2387,-0.0057,-0.0097,0.2341,0.9935,-0.0000,0.1135,-0.1135,0.0003,0.9935,0.0614,0.0121,0.1471,-0.0893,0.0227,0.1460,-0.0893,0.0227,0.1460,0.0903,0.0100,0.1473,-0.1303,0.0286,0.0897,0.1291,0.0041,0.0893,0.0442,0.0104,-0.1875,-0.0997,0.0092,-0.1874,0.0001,0.0021,0.0697,0.0526,0.0213,-0.0636,-0.0702,0.0137,-0.0684,0.0534,0.0296,-0.0864,-0.0756,0.0170,-0.0871,0.4751,-0.0103,0.0742,-0.0113,-0.0027,-0.1500,-0.0176,0.0369,0.0356,0.0031,-0.0003,-0.0136,-0.0185,-0.1174,0.0009,-0.0088,0.0598,0.0252,-0.0058,-0.0065,0.0198,-0.0177
489,0.476098,-0.0497,-0.2350,0.2969,0.2820,-0.0190,-0.0367,0.1676,-0.1905,0.0014,-0.2384,-0.1282,0.2455,0.5484,0.3396,-0.2870,-0.0306,-0.2032,0.1669,0.0018,-0.2451,-0.0401,0.0008,-0.0005,-0.0000,0.0029,-0.0000,-0.0058,-0.0016,-0.0003,0.0000,0.0001,-0.0001,0.0002,0.0030,0.0002,-0.0001,0.0136,0.0081,1.0101,-0.2028,-0.0100,-0.0021,0.2341,0.9935,-0.0000,0.1136,-0.1136,0.0002,0.9935,0.0614,0.0121,0.1471,-0.0893,0.0226,0.1460,-0.0893,0.0226,0.1460,0.0903,0.0100,0.1473,-0.1303,0.0286,0.0897,0.1291,0.0041,0.0893,0.0442,0.0104,-0.1875,-0.0997,0.0092,-0.1874,0.0001,0.0021,0.0697,0.0526,0.0213,-0.0636,-0.0702,0.0137,-0.0684,0.0534,0.0296,-0.0864,-0.0756,0.0170,-0.0871,0.4761,-0.0112,0.0752,-0.0106,-0.0028,-0.1486,-0.0176,0.0364,0.0349,0.0049,-0.0000,-0.0133,-0.0197,-0.1174,0.0014,-0.0092,0.0579,0.0244,-0.0069,-0.0047,0.0196,-0.0167
490,0.477073,-0.0497,-0.2350,0.2969,0.2820,-0.0189,-0.0368,0.1676,-0.1905,0.0014,-0.2384,-0.1282,0.2455,0.5484,0.3396,-0.2870,-0.0304,-0.2031,0.1690,0.0017,-0.2453,-0.0402,0.0005,-0.0003,-0.0000,0.0058,0.0038,-0.0067,-0.0010,-0.0002,0.0000,0.0001,-0.0001,0.0000,0.0007,0.0001,0.0002,0.0124,0.0075,0.8352,0.8403,-0.0099,-0.0044,0.2341,0.9935,-0.0000,0.1137,-0.1137,0.0002,0.9935,0.0614,0.0120,0.1471,-0.0893,0.0226,0.1460,-0.0893,0.0226,0.1460,0.0903,0.0100,0.1473,-0.1303,0.0286,0.0897,0.1291,0.0041,0.0893,0.0442,0.0104,-0.1875,-0.0997,0.0092,-0.1874,0.0001,0.0021,0.0697,0.0526,0.0213,-0.0635,-0.0702,0.0137,-0.0684,0.0534,0.0296,-0.0864,-0.0756,0.0170,-0.0871,0.4771,-0.0093,0.0727,-0.0113,-0.0104,-0.1546,-0.0137,0.0223,0.0224,0.0167,-0.0021,-0.0103,-0.0061,-0.1121,-0.0000,-0.0038,0.0502,0.0321,-0.0062,0.0123,0.0168,-0.0106
491,0.478049,-0.0497,-0.2350,0.2969,0.2821,-0.0189,-0.0369,0.1675,-0.1905,0.0014,-0.2384,-0.1282,0.2455,0.5485,0.3396,-0.2870,-0.0302,-0.2029,0.1784,0.0131,-0.2455,-0.0403,0.0013,-0.0012,-0.0000,0.0036,-0.0015,-0.0028,-0.0051,-0.0045,0.0000,0.0001,-0.0001,0.0006,0.0081,-0.0001,-0.0001,0.0081,0.0096,0.0760,0.1949,-0.0137,-0.0021,0.2341,0.9935,0.0000,0.1138,-0.1138,0.0003,0.9935,0.0614,0.0120,0.1471,-0.0893,0.0226,0.1460,-0.0893,0.0226,0.1460,0.0903,0.0100,0.1473,-0.1303,0.0286,0.0897,0.1291,0.0041,0.0893,0.0442,0.0104,-0.1875,-0.0997,0.0092,-0.1874,0.0001,0.0021,0.0697,0.0526,0.0214,-0.0635,-0.0702,0.0137,-0.0684,0.0534,0.0296,-0.0864,-0.0756,0.0170,-0.0871,0.4780,-0.0197,0.0764,-0.0021,-0.0050,-0.1426,-0.0178,0.0279,0.0270,0.0174,-0.0026,-0.0092,-0.0230,-0.1299,0.0025,-0.0093,0.0411,0.0035,-0.0153,0.0063,0.0221,-0.0006
492,0.479024,-0.0497,-0.2350,0.2969,0.2823,-0.0189,-0.0369,0.1675,-0.1906,0.0014,-0.2384,-0.1282,0.2455,0.5486,0.3396,-0.2870,-0.0301,-0.2028,0.1861,0.0182,-0.2456,-0.0402,0.0003,-0.0002,-0.0000,0.0084,0.0055,-0.0051,-0.0012,-0.0012,0.0000,0.0001,-0.0001,-0.0000,0.0020,-0.0001,-0.0001,0.0035,0.0018,0.1775,0.0942,-0.0061,0.0049,0.2341,0.9935,-0.0000,0.1140,-0.1140,0.0003,0.9935,0.0614,0.0120,0.1471,-0.0893,0.0226,0.1460,-0.0893,0.0226,0.1460,0.0903,0.0099,0.1473,-0.1303,0.0286,0.0897,0.1291,0.0040,0.0894,0.0442,0.0105,-0.1875,-0.0998,0.0093,-0.1874,0.0000,0.0021,0.0697,0.0526,0.0214,-0.0635,-0.0702,0.0137,-0.0684,0.0533,0.0297,-0.0863,-0.0756,0.0170,-0.0871,0.4790,-0.0178,0.0757,-0.0022,-0.0045,-0.1419,-0.0192,0.0314,0.0298,0.0170,-0.0039,-0.0104,-0.0256,-0.1294,0.0026,-0.0098,0.0465,0.0053,-0.0167,0.0010,0.0219,-0.0009
493,0.480000,-0.0497,-0.2350,0.2969,0.2824,-0.0187,-0.0371,0.1675,-0.1906,0.0014,-0.2384,-0.1282,0.2455,0.5486,0.3396,-0.2870,-0.0300,-0.2028,0.1957,0.0325,-0.2457,-0.0402,-0.0000,0.0002,-0.0000,0.0100,0.0080,-0.0082,-0.0008,-0.0003,0.0000,0.0001,-0.0001,-0.0003,0.0005,-0.0001,-0.0001,0.0094,0.0004,0.2991,0.5445,-0.0071,0.0010,0.2341,0.9935,-0.0000,0.1142,-0.1142,0.0004,0.9935,0.0613,0.0119,0.1471,-0.0893,0.0226,0.1460,-0.0893,0.0226,0.1460,0.0903,0.0099,0.1473,-0.1303,0.0286,0.0896,0.1291,0.0040,0.0894,0.0442,0.0105,-0.1875,-0.0998,0.0093,-0.1874,0.0000,0.0021,0.0697,0.0526,0.0214,-0.0635,-0.0702,0.0137,-0.0684,0.0533,0.0297,-0.0863,-0.0756,0.0170,-0.0871,0.4800,-0.0158,0.0740,-0.0043,-0.0078,-0.1470,-0.0183,0.0277,0.0274,0.0172,-0.0059,-0.0110,-0.0198,-0.1269,0.0012,-0.0077,0.0485,0.0130,-0.0163,0.0034,0.0200,-0.0001
494,0.480976,-0.0497,-0.2350,0.2969,0.2825,-0.0186,-0.0372,0.1675,-0.1906,0.0014,-0.2384,-0.1282,0.2455,0.5486,0.3396,-0.2870,-0.0299,-0.2028,0.1915,0.0284,-0.2458,-0.0401,0.0003,-0.0000,-0.0000,0.0106,0.0070,-0.0104,-0.0009,-0.0004,0.0000,0.0001,-0.0001,-0.0001,0.0002,0.0002,0.0002,0.0106,0.0063,1.2719,1.2588,-0.0068,0.0078,0.2341,0.9934,-0.0000,0.1144,-0.1144,0.0004,0.9934,0.0613,0.0119,0.1471,-0.0893,0.0226,0.1460,-0.0893,0.0226,0.1460,0.0903,0.0098,0.1473,-0.1303,0.0286,0.0896,0.1291,0.0040,0.0894,0.0442,0.0105,-0.1875,-0.0998,0.0093,-0.1874,0.0000,0.0020,0.0697,0.0526,0.0214,-0.0635,-0.0702,0.0137,-0.0684,0.0533,0.0297,-0.0863,-0.0756,0.0170,-0.0871,0.4810,-0.0109,0.0663,-0.0111,-0.0134,-0.1620,-0.0191,0.0243,0.0247,0.0164,-0.0070,-0.0090,-0.0070,-0.1231,-0.0025,0.0006,0.0552,0.0267,-0.0099,0.0040,0.0193,-0.0056
495,0.481951,-0.0497,-0.2350,0.2969,0.2826,-0.0186,-0.0373,0.1674,-0.1906,0.0014,-0.2384,-0.1282,0.2455,0.5486,0.3396,-0.2870,-0.0297,-0.2025,0.1940,0.0314,-0.2459,-0.0401,0.0008,-0.0006,-0.0000,0.0025,-0.0017,-0.0077,-0.0034,-0.0005,0.0000,0.0001,-0.0001,0.0002,0.0026,-0.0002,-0.0002,0.0156,0.0178,-0.9404,-0.8898,-0.0103,0.0012,0.2340,0.9934,-0.0000,0.1146,-0.1146,0.0004,0.9934,0.0613,0.0119,0.1471,-0.0893,0.0225,0.1460,-0.0893,0.0225,0.1460,0.0903,0.0098,0.1473,-0.1303,0.0286,0.0896,0.1291,0.0039,0.0894,0.0441,0.0106,-0.1875,-0.0998,0.0094,-0.1874,0.0000,0.0020,0.0697,0.0526,0.0214,-0.0635,-0.0702,0.0138,-0.0684,0.0533,0.0297,-0.0863,-0.0756,0.0170,-0.0871,0.4820,-0.0254,0.0433,0.0107,-0.0057,-0.1305,-0.0190,0.0380,0.0297,-0.0247,-0.0055,-0.0089,-0.0355,-0.1913,0.0034,-0.0128,0.0415,-0.1066,-0.0252,-0.0039,0.0157,0.0506
496,0.482927,-0.0497,-0.2350,0.2969,0.2828,-0.0186,-0.0375,0.1674,-0.1906,0.0014,-0.2383,-0.1282,0.2453,0.5487,0.3396,-0.2870,-0.0294,-0.2029,0.1908,0.0292,-0.2462,-0.0394,-0.0011,0.0014,0.0031,0.0127,0.0042,-0.0088,-0.0010,-0.0003,-0.0000,0.0000,-0.0000,-0.0188,0.0013,0.0000,-0.0000,0.0072,-0.0535,-0.0007,-0.1413,-0.0115,0.0526,0.2340,0.9934,-0.0000,0.1147,-0.1147,0.0005,0.9934,0.0613,0.0118,0.1471,-0.0893,0.0225,0.1460,-0.0893,0.0225,0.1460,0.0903,0.0098,0.1473,-0.1303,0.0286,0.0896,0.1291,0.0039,0.0894,0.0442,0.0106,-0.1875,-0.0998,0.0094,-0.1874,0.0000,0.0020,0.0697,0.0526,0.0214,-0.0635,-0.0702,0.0138,-0.0684,0.0533,0.0297,-0.0863,-0.0756,0.0171,-0.0871,0.4829,-0.0204,0.0743,0.0002,-0.0008,-0.1379,-0.0210,0.0349,0.0321,0.0182,-0.0050,-0.0134,-0.0327,-0.1382,0.0021,-0.0114,0.0445,-0.0112,-0.0172,-0.0062,0.0241,0.0040
497,0.483902,-0.0497,-0.2350,0.2969,0.2830,-0.0185,-0.0377,0.1674,-0.1906,0.0014,-0.2383,-0.1282,0.2451,0.5487,0.3396,-0.2870,-0.0293,-0.2034,0.1915,0.0259,-0.2463,-0.0390,0.0007,-0.0011,0.0014,0.0050,0.0053,-0.0115,-0.0009,-0.0021,0.0000,0.0001,-0.0001,-0.0089,-0.0006,0.0001,-0.0002,0.0075,-0.0065,0.4248,-1.0665,-0.0038,-0.0098,0.2340,0.9934,-0.0000,0.1147,-0.1147,0.0005,0.9934,0.0613,0.0119,0.1471,-0.0893,0.0226,0.1460,-0.0893,0.0226,0.1460,0.0902,0.0098,0.1473,-0.1303,0.0287,0.0896,0.1291,0.0039,0.0894,0.0441,0.0106,-0.1875,-0.0999,0.0094,-0.1874,0.0000,0.0020,0.0697,0.0526,0.0214,-0.0635,-0.0702,0.0138,-0.0684,0.0533,0.0297,-0.0863,-0.0756,0.0170,-0.0871,0.4839,-0.0236,0.0631,-0.0016,0.0083,-0.1372,-0.0203,0.0426,0.0373,0.0220,-0.0019,-0.0148,-0.0360,-0.1490,0.0018,-0.0116,0.0478,-0.0340,-0.0181,-0.0138,0.0298,0.0058
498,0.484878,-0.0497,-0.2350,0.2970,0.2830,-0.0184,-0.0378,0.1673,-0.1906,0.0014,-0.2383,-0.1282,0.2450,0.5487,0.3396,-0.2870,-0.0292,-0.2034,0.1844,0.0271,-0.2463,-0.0390,0.0004,-0.0007,0.0004,0.0087,0.0075,-0.0118,-0.0006,-0.0012,0.0000,0.0001,-0.0001,-0.0061,-0.0002,-0.0002,0.0003,0.0078,-0.0046,-1.2880,1.6212,-0.0018,0.0062,0.2340,0.9934,0.0000,0.1146,-0.1146,0.0005,0.9934,0.0613,0.0118,0.1471,-0.0893,0.0226,0.1460,-0.0893,0.0226,0.1460,0.0902,0.0098,0.1473,-0.1303,0.0287,0.0896,0.1291,0.0039,0.0894,0.0441,0.0106,-0.1875,-0.0999,0.0094,-0.1873,0.0000,0.0020,0.0697,0.0526,0.0214,-0.0635,-0.0702,0.0138,-0.0684,0.0533,0.0297,-0.0863,-0.0756,0.0170,-0.0871,0.4849,-0.0317,0.0544,0.0084,-0.0148,-0.1178,-0.0169,0.0184,0.0126,0.0355,-0.0026,-0.0038,-0.0289,-0.1891,-0.0038,-0.0119,-0.0143,-0.0877,-0.0235,0.0234,0.0219,0.0574
499,0.485854,-0.0497,-0.2349,0.2970,0.2833,-0.0183,-0.0380,0.1673,-0.1907,0.0014,-0.2383,-0.1283,0.2450,0.5487,0.3396,-0.2870,-0.0295,-0.2038,0.1782,0.0297,-0.2464,-0.0382,-0.0070,0.0062,0.0002,0.0279,0.0159,-0.0081,-0.0038,-0.0126,-0.0001,0.0000,-0.0000,-0.0012,-0.0052,0.0002,0.0002,-0.0348,-0.0421,0.5256,1.0145,-0.0034,0.0610,0.2340,0.9934,0.0000,0.1144,-0.1144,0.0007,0.9934,0.0613,0.0119,0.1471,-0.0893,0.0226,0.1460,-0.0893,0.0226,0.1460,0.0902,0.0098,0.1473,-0.1303,0.0287,0.0896,0.1291,0.0039,0.0894,0.0441,0.0105,-0.1875,-0.0999,0.0094,-0.1874,0.0000,0.0020,0.0697,0.0526,0.0214,-0.0635,-0.0703,0.0137,-0.0684,0.0533,0.0297,-0.0863,-0.0757,0.0170,-0.0871,0.4859,-0.0142,0.0721,-0.0086,-0.0110,-0.1532,-0.0151,0.0208,0.0210,0.0177,-0.0036,-0.0106,-0.0081,-0.1212,-0.0017,-0.0043,0.0431,0.0192,-0.0080,0.0087,0.0190,-0.0032
500,0.486829,-0.0498,-0.2349,0.2970,0.2836,-0.0181,-0.0381,0.1672,-0.1909,0.0014,-0.2383,-0.1283,0.2450,0.5486,0.3396,-0.2870,-0.0298,-0.2040,0.1853,0.0396,-0.2465,-0.0380,-0.0017,-0.0000,0.0000,0.0055,0.0034,-0.0038,-0.0083,-0.0102,0.0000,0.0001,-0.0001,0.0002,0.0008,-0.0001,-0.0001,0.0011,0.0166,0.0020,-0.0726,-0.0126,-0.0172,0.2340,0.9935,-0.0000,0.1141,-0.1141,0.0008,0.9935,0.0613,0.0119,0.1471,-0.0893,0.0227,0.1460,-0.0893,0.0227,0.1460,0.0902,0.0099,0.1473,-0.1304,0.0287,0.0896,0.1291,0.0039,0.0894,0.0441,0.0105,-0.1875,-0.0999,0.0093,-0.1874,0.0000,0.0021,0.0697,0.0526,0.0214,-0.0635,-0.0703,0.0137,-0.0684,0.0533,0.0297,-0.0863,-0.0757,0.0170,-0.0871,0.4868,-0.0202,0.0775,-0.0010,-0.0015,-0.1374,-0.0193,0.0337,0.0306,0.0203,-0.0051,-0.0136,-0.0300,-0.1321,0.0009,-0.0105,0.0437,-0.0047,-0.0138,-0.0102,0.0237,0.0015
501,0.487805,-0.0498,-0.2349,0.2970,0.2837,-0.0180,-0.0382,0.1671,-0.1910,0.0014,-0.2383,-0.1283,0.2450,0.5487,0.3396,-0.2870,-0.0298,-0.2039,0.1961,0.0445,-0.2466,-0.0381,-0.0003,0.0001,0.0000,0.0085,0.0063,-0.0067,-0.0015,-0.0020,0.0000,0.0001,-0.0001,-0.0002,0.0011,-0.0001,-0.0002,-0.0000,-0.0009,0.3163,-0.3568,-0.0054,0.0026,0.2340,0.9935,0.0000,0.1139,-0.1139,0.0008,0.9935,0.0613,0.0120,0.1471,-0.0893,0.0227,0.1459,-0.0893,0.0227,0.1459,0.0902,0.0099,0.1473,-0.1304,0.0288,0.0895,0.1291,0.0039,0.0894,0.0441,0.0104,-0.1875,-0.1000,0.0093,-0.1873,0.0000,0.0021,0.0697,0.0526,0.0214,-0.0635,-0.0703,0.0137,-0.0684,0.0533,0.0296,-0.0863,-0.0757,0.0170,-0.0871,0.4878,-0.0155,0.0752,-0.0029,-0.0010,-0.1373,-0.0201,0.0378,0.0343,0.0174,-0.0056,-0.0154,-0.0307,-0.1312,0.0009,-0.0102,0.0561,0.0022,-0.0160,-0.0166,0.0226,-0.0009
502,0.488780,-0.0498,-0.2349,0.2970,0.2838,-0.0180,-0.0383,0.1671,-0.1910,0.0014,-0.2383,-0.1283,0.2450,0.5487,0.3396,-0.2870,-0.0298,-0.2039,0.1914,0.0390,-0.2467,-0.0381,0.0003,-0.0005,-0.0000,0.0056,0.0037,-0.0108,-0.0010,-0.0011,0.0000,0.0001,-0.0028,-0.0044,-0.0001,0.0002,-0.0003,0.0058,-0.0015,1.2275,-1.8236,-0.0090,0.0008,0.2340,0.9935,-0.0000,0.1137,-0.1137,0.0008,0.9935,0.0613,0.0120,0.1471,-0.0893,0.0228,0.1459,-0.0893,0.0228,0.1459,0.0902,0.0099,0.1473,-0.1304,0.0288,0.0895,0.1291,0.0040,0.0895,0.0441,0.0104,-0.1875,-0.1000,0.0092,-0.1873,0.0000,0.0021,0.0697,0.0526,0.0214,-0.0635,-0.0703,0.0137,-0.0684,0.0533,0.0296,-0.0863,-0.0757,0.0169,-0.0871,0.4888,-0.0283,0.0594,-0.0054,0.0105,-0.1498,-0.0213,0.0461,0.0425,0.0094,-0.0005,-0.0154,-0.0355,-0.1551,0.0008,-0.0082,0.0458,-0.0422,-0.0120,-0.0144,0.0351,-0.0113
503,0.489756,-0.0498,-0.2349,0.2970,0.2839,-0.0179,-0.0385,0.1671,-0.1911,0.0014,-0.2383,-0.1283,0.2448,0.5487,0.3396,-0.2870,-0.0297,-0.2042,0.1949,0.0418,-0.2467,-0.0381,-0.0001,-0.0002,0.0000,0.0043,0.0073,-0.0120,0.0002,-0.0010,0.0000,0.0000,-0.0005,-0.0106,-0.0000,-0.0002,-0.0001,0.0017,-0.0290,-0.8093,-0.3689,-0.0019,-0.0051,0.2340,0.9936,-0.0000,0.1134,-0.1134,0.0009,0.9936,0.0613,0.0120,0.1471,-0.0893,0.0228,0.1459,-0.0893,0.0228,0.1459,0.0902,0.0099,0.1473,-0.1303,0.0289,0.0895,0.1291,0.0040,0.0895,0.0441,0.0103,-0.1875,-0.1000,0.0092,-0.1873,0.0000,0.0021,0.0697,0.0526,0.0213,-0.0635,-0.0703,0.0137,-0.0684,0.0533,0.0296,-0.0863,-0.0757,0.0169,-0.0871,0.4898,-0.0199,0.0596,0.0062,-0.0080,-0.1323,-0.0197,0.0351,0.0288,-0.0174,-0.0068,-0.0130,-0.0306,-0.1740,0.0023,-0.0135,0.0449,-0.0634,-0.0208,-0.0063,0.0162,0.0354
504,0.490732,-0.0498,-0.2349,0.2970,0.2841,-0.0177,-0.0388,0.1671,-0.1911,0.0014,-0.2383,-0.1283,0.2445,0.5486,0.3396,-0.2870,-0.0297,-0.2048,0.1927,0.0405,-0.2469,-0.0377,0.0001,-0.0005,0.0003,0.0112,0.0062,-0.0109,0.0002,-0.0010,0.0000,0.0001,-0.0004,-0.0177,-0.0010,-0.0000,-0.0001,-0.0009,-0.0379,-0.1479,-0.0702,-0.0120,0.0316,0.2340,0.9936,-0.0000,0.1130,-0.1130,0.0010,0.9936,0.0613,0.0121,0.1471,-0.0894,0.0229,0.1459,-0.0894,0.0229,0.1459,0.0902,0.0100,0.1474,-0.1304,0.0289,0.0895,0.1291,0.0040,0.0895,0.0440,0.0103,-0.1875,-0.1000,0.0091,-0.1874,0.0000,0.0021,0.0697,0.0526,0.0213,-0.0635,-0.0703,0.0136,-0.0685,0.0533,0.0296,-0.0863,-0.0757,0.0169,-0.0871,0.4907,-0.0174,0.0801,-0.0010,-0.0015,-0.1397,-0.0194,0.0332,0.0305,0.0146,-0.0067,-0.0148,-0.0294,-0.1322,0.0012,-0.0110,0.0475,0.0019,-0.0155,-0.0086,0.0223,-0.0005
505,0.491707,-0.0498,-0.2349,0.2970,0.2842,-0.0176,-0.0390,0.1671,-0.1911,0.0014,-0.2383,-0.1283,0.2443,0.5486,0.3396,-0.2870,-0.0297,-0.2052,0.1899,0.0396,-0.2470,-0.0375,0.0004,-0.0006,0.0002,0.0084,0.0085,-0.0109,-0.0009,-0.0059,0.0000,0.0001,-0.0002,-0.0085,-0.0007,-0.0001,-0.0000,-0.0013,-0.0088,-0.8261,-0.2224,-0.0064,-0.0126,0.2340,0.9936,-0.0000,0.1126,-0.1126,0.0010,0.9936,0.0612,0.0121,0.1471,-0.0894,0.0230,0.1459,-0.0894,0.0230,0.1459,0.0902,0.0100,0.1474,-0.1304,0.0290,0.0895,0.1291,0.0040,0.0895,0.0440,0.0102,-0.1875,-0.1000,0.0091,-0.1874,0.0000,0.0022,0.0697,0.0525,0.0213,-0.0635,-0.0703,0.0136,-0.0685,0.0533,0.0295,-0.0864,-0.0757,0.0168,-0.0871,0.4917,-0.0183,0.0635,0.0042,-0.0087,-0.1335,-0.0175,0.0312,0.0260,-0.0141,-0.0061,-0.0134,-0.0252,-0.1671,0.0016,-0.0127,0.0441,-0.0527,-0.0186,-0.0029,0.0157,0.0305
506,0.492683,-0.0498,-0.2349,0.2970,0.2844,-0.0175,-0.0391,0.1671,-0.1912,0.0014,-0.2383,-0.1283,0.2442,0.5486,0.3396,-0.2870,-0.0297,-0.2054,0.1934,0.0414,-0.2472,-0.0374,0.0002,-0.0002,0.0000,0.0180,0.0059,-0.0097,-0.0002,-0.0021,0.0000,0.0000,-0.0002,-0.0136,-0.0001,0.0003,0.0003,-0.0047,-0.0284,1.6398,1.5252,-0.0199,0.0526,0.2340,0.9937,0.0000,0.1123,-0.1123,0.0011,0.9937,0.0612,0.0122,0.1471,-0.0894,0.0230,0.1459,-0.0894,0.0230,0.1459,0.0902,0.0101,0.1474,-0.1304,0.0290,0.0895,0.1291,0.0040,0.0895,0.0440,0.0101,-0.1875,-0.1001,0.0091,-0.1874,0.0000,0.0022,0.0697,0.0526,0.0213,-0.0635,-0.0703,0.0136,-0.0685,0.0533,0.0295,-0.0864,-0.0757,0.0168,-0.0872,0.4927,-0.0094,0.0724,-0.0133,-0.0125,-0.1668,-0.0208,0.0272,0.0268,0.0093,-0.0102,-0.0105,-0.0097,-0.1181,-0.0052,0.0026,0.0601,0.0423,-0.0076,-0.0047,0.0206,-0.0163
507,0.493659,-0.0498,-0.2350,0.2970,0.2845,-0.0174,-0.0392,0.1671,-0.1913,0.0014,-0.2383,-0.1283,0.2441,0.5486,0.3396,-0.2870,-0.0298,-0.2055,0.1943,0.0442,-0.2474,-0.0375,0.0009,-0.0040,-0.0000,-0.0006,0.0025,-0.0132,-0.0011,-0.0061,0.0000,0.0001,-0.0001,-0.0031,-0.0003,-0.0005,0.0002,-0.0024,0.0207,0.8476,0.9151,-0.0044,-0.0307,0.2340,0.9937,0.0000,0.1120,-0.1120,0.0011,0.9937,0.0612,0.0122,0.1471,-0.0894,0.0231,0.1459,-0.0894,0.0231,0.1459,0.0902,0.0101,0.1474,-0.1304,0.0290,0.0894,0.1291,0.0040,0.0895,0.0440,0.0101,-0.1875,-0.1001,0.0090,-0.1874,-0.0000,0.0022,0.0697,0.0525,0.0213,-0.0635,-0.0703,0.0135,-0.0685,0.0533,0.0295,-0.0864,-0.0757,0.0168,-0.0872,0.4937,-0.0072,0.0814,-0.0120,-0.0098,-0.1569,-0.0169,0.0269,0.0269,0.0071,-0.0075,-0.0121,-0.0097,-0.1065,-0.0010,-0.0032,0.0613,0.0505,-0.0104,0.0001,0.0156,-0.0190
508,0.494634,-0.0497,-0.2350,0.2970,0.2845,-0.0175,-0.0394,0.1671,-0.1914,0.0014,-0.2383,-0.1283,0.2441,0.5487,0.3396,-0.2870,-0.0298,-0.2052,0.2049,0.0556,-0.2477,-0.0377,0.0040,-0.0010,-0.0000,0.0021,0.0000,-0.0068,-0.0012,-0.0039,0.0000,0.0001,-0.0001,-0.0004,0.0032,-0.0002,-0.0001,-0.0005,0.0166,0.1114,0.1937,-0.0184,-0.0195,0.2340,0.9937,0.0000,0.1119,-0.1119,0.0011,0.9937,0.0612,0.0122,0.1471,-0.0894,0.0231,0.1459,-0.0894,0.0231,0.1459,0.0902,0.0101,0.1474,-0.1303,0.0291,0.0894,0.1291,0.0040,0.0895,0.0440,0.0101,-0.1875,-0.1001,0.0090,-0.1873,0.0000,0.0022,0.0697,0.0525,0.0213,-0.0635,-0.0703,0.0135,-0.0685,0.0533,0.0295,-0.0864,-0.0757,0.0168,-0.0872,0.4946,-0.0130,0.0847,-0.0032,-0.0031,-0.1447,-0.0193,0.0338,0.0321,0.0138,-0.0093,-0.0151,-0.0271,-0.1210,0.0013,-0.0098,0.0560,0.0277,-0.0153,-0.0114,0.0204,-0.0083
509,0.495610,-0.0497,-0.2350,0.2970,0.2846,-0.0174,-0.0396,0.1671,-0.1914,0.0014,-0.2383,-0.1284,0.2441,0.5487,0.3396,-0.2870,-0.0299,-0.2050,0.2058,0.0552,-0.2478,-0.0379,0.0008,-0.0004,0.0000,0.0061,0.0051,-0.0078,-0.0005,-0.0013,0.0000,0.0001,-0.0021,-0.0001,0.0003,-0.0001,-0.0001,-0.0002,0.0045,1.6937,1.6038,-0.0074,-0.0088,0.2340,0.9937,-0.0000,0.1119,-0.1119,0.0011,0.9937,0.0612,0.0122,0.1471,-0.0894,0.0231,0.1459,-0.0894,0.0231,0.1459,0.0902,0.0101,0.1474,-0.1304,0.0291,0.0894,0.1291,0.0040,0.0895,0.0440,0.0101,-0.1875,-0.1001,0.0090,-0.1873,-0.0000,0.0022,0.0697,0.0525,0.0213,-0.0635,-0.0703,0.0135,-0.0685,0.0533,0.0295,-0.0864,-0.0757,0.0168,-0.0872,0.4956,-0.0102,0.0737,-0.0118,-0.0120,-0.1686,-0.0224,0.0305,0.0294,0.0093,-0.0128,-0.0097,-0.0143,-0.1204,-0.0054,0.0024,0.0637,0.0416,-0.0103,-0.0110,0.0207,-0.0152
510,0.496585,-0.0497,-0.2350,0.2970,0.2846,-0.0174,-0.0397,0.1670,-0.1914,0.0014,-0.2383,-0.1284,0.2440,0.5487,0.3396,-0.2870,-0.0298,-0.2049,0.2127,0.0637,-0.2480,-0.0381,0.0007,-0.0005,-0.0000,0.0008,0.0004,-0.0160,-0.0008,-0.0007,0.0000,0.0001,-0.0006,-0.0000,-0.0000,-0.0005,0.0003,0.0048,0.0109,1.7690,1.9460,-0.0037,-0.0068,0.2340,0.9937,0.0000,0.1120,-0.1120,0.0011,0.9937,0.0612,0.0122,0.1471,-0.0894,0.0231,0.1459,-0.0894,0.0231,0.1459,0.0902,0.0101,0.1474,-0.1303,0.0291,0.0894,0.1291,0.0040,0.0895,0.0440,0.0101,-0.1875,-0.1001,0.0090,-0.1873,-0.0000,0.0022,0.0697,0.0525,0.0213,-0.0635,-0.0703,0.0135,-0.0685,0.0533,0.0295,-0.0864,-0.0758,0.0168,-0.0872,0.4966,-0.0143,0.0693,-0.0098,-0.0090,-0.1686,-0.0249,0.0327,0.0305,0.0152,-0.0154,-0.0074,-0.0195,-0.1292,-0.0062,0.0033,0.0595,0.0296,-0.0117,-0.0159,0.0238,-0.0091
511,0.497561,-0.0497,-0.2350,0.2970,0.2846,-0.0174,-0.0400,0.1670,-0.1914,0.0014,-0.2383,-0.1284,0.2440,0.5487,0.3395,-0.2870,-0.0297,-0.2047,0.2099,0.0552,-0.2481,-0.0382,0.0003,-0.0002,-0.0000,-0.0001,-0.0009,-0.0218,-0.0007,-0.0004,0.0000,0.0001,-0.0001,-0.0001,-0.0000,-0.0019,0.0001,0.0048,0.0077,0.4068,-0.2621,-0.0047,-0.0042,0.2340,0.9937,-0.0000,0.1121,-0.1121,0.0011,0.9937,0.0612,0.0121,0.1471,-0.0894,0.0231,0.1459,-0.0894,0.0231,0.1459,0.0902,0.0100,0.1474,-0.1303,0.0291,0.0894,0.1291,0.0039,0.0895,0.0440,0.0101,-0.1875,-0.1001,0.0090,-0.1873,-0.0000,0.0022,0.0697,0.0525,0.0213,-0.0635,-0.0703,0.0135,-0.0685,0.0533,0.0295,-0.0864,-0.0758,0.0168,-0.0872,0.4976,-0.0113,0.0811,-0.0041,-0.0030,-0.1418,-0.0191,0.0365,0.0343,0.0155,-0.0078,-0.0147,-0.0274,-0.1246,0.0008,-0.0093,0.0641,0.0241,-0.0184,-0.0175,0.0219,-0.0080
512,0.498537,-0.0497,-0.2350,0.2970,0.2846,-0.0174,-0.0403,0.1670,-0.1914,0.0014,-0.2383,-0.1284,0.2440,0.5487,0.3395,-0.2870,-0.0296,-0.2046,0.2173,0.0524,-0.2482,-0.0383,0.0001,-0.0000,0.0000,0.0011,0.0000,-0.0117,-0.0009,-0.0000,0.0000,0.0001,-0.0001,-0.0006,0.0001,-0.0005,0.0001,0.0124,0.0066,0.0272,0.0486,-0.0061,-0.0041,0.2340,0.9937,0.0000,0.1123,-0.1123,0.0011,0.9937,0.0612,0.0121,0.1471,-0.0894,0.0231,0.1459,-0.0894,0.0231,0.1459,0.0901,0.0100,0.1474,-0.1303,0.0291,0.0894,0.1291,0.0039,0.0895,0.0440,0.0102,-0.1875,-0.1001,0.0090,-0.1873,-0.0000,0.0022,0.0697,0.0525,0.0213,-0.0635,-0.0703,0.0136,-0.0685,0.0533,0.0296,-0.0864,-0.0758,0.0168,-0.0871,0.4985,-0.0141,0.0815,-0.0009,-0.0013,-0.1426,-0.0204,0.0349,0.0334,0.0195,-0.0098,-0.0147,-0.0299,-0.1301,0.0025,-0.0101,0.0562,0.0170,-0.0204,-0.0098,0.0232,-0.0034
513,0.499512,-0.0497,-0.2350,0.2970,0.2847,-0.0174,-0.0405,0.1670,-0.1914,0.0014,-0.2383,-0.1284,0.2440,0.5487,0.3395,-0.2870,-0.0294,-0.2045,0.2215,0.0498,-0.2483,-0.0383,0.0000,0.0000,0.0000,0.0012,0.0002,-0.0115,-0.0007,-0.0002,0.0000,0.0001,-0.0003,-0.0003,0.0002,-0.0001,0.0001,0.0092,0.0053,0.2274,0.2135,-0.0035,-0.0016,0.2340,0.9936,0.0000,0.1126,-0.1126,0.0011,0.9936,0.0612,0.0120,0.1471,-0.0894,0.0231,0.1459,-0.0894,0.0231,0.1459,0.0901,0.0099,0.1474,-0.1303,0.0291,0.0894,0.1291,0.0038,0.0895,0.0440,0.0102,-0.1875,-0.1001,0.0091,-0.1873,-0.0000,0.0022,0.0697,0.0525,0.0213,-0.0635,-0.0703,0.0136,-0.0685,0.0533,0.0296,-0.0863,-0.0758,0.0168,-0.0871,0.4995,-0.0123,0.0796,-0.0019,-0.0019,-0.1459,-0.0206,0.0356,0.0343,0.0174,-0.0109,-0.0138,-0.0288,-0.1267,0.0028,-0.0093,0.0601,0.0245,-0.0208,-0.0086,0.0217,-0.0056
514,0.500488,-0.0497,-0.2350,0.2970,0.2847,-0.0173,-0.0407,0.1670,-0.1914,0.0014,-0.2383,-0.1284,0.2440,0.5487,0.3395,-0.2870,-0.0292,-0.2043,0.2242,0.0527,-0.2484,-0.0384,0.0009,-0.0004,0.0000,0.0064,0.0045,-0.0112,-0.0011,-0.0003,0.0000,0.0001,-0.0001,-0.0001,-0.0002,-0.0001,-0.0002,0.0142,0.0140,-0.0556,-0.7526,-0.0083,-0.0046,0.2340,0.9936,0.0000,0.1129,-0.1129,0.0011,0.9936,0.0612,0.0120,0.1471,-0.0894,0.0230,0.1459,-0.0894,0.0230,0.1459,0.0901,0.0098,0.1474,-0.1303,0.0291,0.0894,0.1291,0.0037,0.0895,0.0440,0.0103,-0.1875,-0.1001,0.0091,-0.1873,-0.0000,0.0021,0.0697,0.0525,0.0213,-0.0635,-0.0703,0.0136,-0.0685,0.0533,0.0296,-0.0863,-0.0758,0.0168,-0.0871,0.5005,-0.0200,0.0721,0.0024,0.0028,-0.1368,-0.0214,0.0385,0.0361,0.0252,-0.0079,-0.0132,-0.0352,-0.1513,0.0033,-0.0099,0.0555,-0.0150,-0.0274,-0.0124,0.0295,0.0086
515,0.501463,-0.0497,-0.2350,0.2970,0.2848,-0.0173,-0.0409,0.1670,-0.1914,0.0014,-0.2383,-0.1284,0.2440,0.5487,0.3395,-0.2870,-0.0290,-0.2042,0.2290,0.0430,-0.2485,-0.0383,0.0005,-0.0009,0.0000,0.0028,0.0019,-0.0134,-0.0008,-0.0006,0.0000,0.0001,-0.0001,-0.0081,-0.0004,-0.0002,0.0001,0.0141,-0.0007,-0.3662,-0.0939,-0.0013,0.0054,0.2340,0.9936,-0.0000,0.1132,-0.1132,0.0011,0.9936,0.0612,0.0119,0.1472,-0.0894,0.0230,0.1459,-0.0894,0.0230,0.1459,0.0901,0.0098,0.1474,-0.1303,0.0292,0.0894,0.1291,0.0037,0.0895,0.0440,0.0103,-0.1875,-0.1001,0.0092,-0.1873,-0.0000,0.0021,0.0697,0.0525,0.0214,-0.0635,-0.0703,0.0136,-0.0685,0.0533,0.0296,-0.0863,-0.0758,0.0169,-0.0871,0.5015,-0.0167,0.0701,0.0043,-0.0033,-0.1368,-0.0225,0.0362,0.0331,0.0134,-0.0100,-0.0124,-0.0324,-0.1578,0.0044,-0.0121,0.0520,-0.0226,-0.0292,-0.0050,0.0236,0.0185
516,0.502439,-0.0497,-0.2351,0.2970,0.2850,-0.0172,-0.0412,0.1670,-0.1914,0.0014,-0.2383,-0.1284,0.2439,0.5487,0.3395,-0.2870,-0.0288,-0.2042,0.2166,0.0348,-0.2485,-0.0382,0.0004,-0.0007,-0.0000,0.0142,0.0106,-0.0162,-0.0004,-0.0003,0.0000,0.0000,-0.0000,-0.0043,-0.0005,0.0001,0.0001,0.0097,-0.0004,-0.2838,-0.2039,-0.0049,0.0150,0.2340,0.9936,0.0000,0.1134,-0.1134,0.0012,0.9936,0.0612,0.0119,0.1472,-0.0894,0.0230,0.1459,-0.0894,0.0230,0.1459,0.0901,0.0097,0.1474,-0.1303,0.0292,0.0894,0.1291,0.0037,0.0896,0.0440,0.0104,-0.1875,-0.1001,0.0093,-0.1873,-0.0000,0.0021,0.0697,0.0525,0.0214,-0.0635,-0.0704,0.0136,-0.0684,0.0533,0.0296,-0.0863,-0.0758,0.0169,-0.0871,0.5024,-0.0173,0.0714,0.0034,-0.0012,-0.1362,-0.0209,0.0369,0.0329,0.0173,-0.0089,-0.0133,-0.0342,-0.1514,0.0038,-0.0119,0.0505,-0.0216,-0.0250,-0.0055,0.0233,0.0140
517,0.503415,-0.0497,-0.2351,0.2970,0.2851,-0.0171,-0.0414,0.1670,-0.1915,0.0014,-0.2383,-0.1284,0.2438,0.5487,0.3395,-0.2870,-0.0286,-0.2042,0.2182,0.0351,-0.2486,-0.0380,0.0002,-0.0004,0.0000,0.0078,0.0058,-0.0124,-0.0005,-0.0003,0.0000,0.0001,-0.0001,-0.0039,-0.0003,-0.0003,-0.0003,0.0088,-0.0002,-1.5022,-1.5833,-0.0041,0.0067,0.2340,0.9935,-0.0000,0.1135,-0.1135,0.0012,0.9935,0.0612,0.0118,0.1472,-0.0894,0.0230,0.1458,-0.0894,0.0230,0.1458,0.0901,0.0097,0.1474,-0.1303,0.0292,0.0894,0.1291,0.0036,0.0896,0.0440,0.0104,-0.1875,-0.1002,0.0093,-0.1873,-0.0000,0.0021,0.0697,0.0525,0.0214,-0.0635,-0.0704,0.0136,-0.0685,0.0533,0.0296,-0.0863,-0.0758,0.0169,-0.0871,0.5034,-0.0302,0.0335,0.0190,0.0014,-0.1350,-0.0155,0.0392,0.0310,-0.0385,-0.0071,-0.0014,-0.0448,-0.2109,0.0050,-0.0124,0.0430,-0.1397,-0.0372,-0.0033,0.0162,0.0554
518,0.504390,-0.0497,-0.2351,0.2971,0.2854,-0.0169,-0.0415,0.1669,-0.1915,0.0014,-0.2383,-0.1284,0.2435,0.5486,0.3395,-0.2870,-0.0284,-0.2048,0.2149,0.0321,-0.2488,-0.0373,-0.0026,-0.0005,0.0154,0.0139,0.0067,-0.0048,0.0001,-0.0008,-0.0002,0.0001,-0.0001,-0.0333,-0.0049,-0.0001,-0.0002,0.0105,-0.0681,-0.4111,-1.0827,-0.0134,0.0585,0.2340,0.9935,-0.0000,0.1135,-0.1135,0.0014,0.9935,0.0612,0.0119,0.1472,-0.0894,0.0231,0.1458,-0.0894,0.0231,0.1458,0.0901,0.0097,0.1474,-0.1303,0.0292,0.0894,0.1290,0.0036,0.0896,0.0440,0.0104,-0.1875,-0.1002,0.0093,-0.1873,-0.0000,0.0021,0.0697,0.0525,0.0214,-0.0635,-0.0704,0.0136,-0.0685,0.0532,0.0296,-0.0863,-0.0758,0.0169,-0.0871,0.5044,-0.0229,0.0598,0.0063,0.0043,-0.1364,-0.0206,0.0409,0.0353,0.0133,-0.0071,-0.0102,-0.0402,-0.1683,0.0044,-0.0119,0.0497,-0.0545,-0.0297,-0.0098,0.0269,0.0219
519,0.505366,-0.0497,-0.2351,0.2973,0.2857,-0.0166,-0.0417,0.1669,-0.1915,0.0014,-0.2383,-0.1284,0.2430,0.5485,0.3395,-0.2870,-0.0283,-0.2056,0.2158,0.0292,-0.2489,-0.0367,-0.0011,-0.0015,0.0053,0.0124,0.0120,-0.0093,-0.0004,-0.0036,-0.0000,0.0001,-0.0001,-0.0130,-0.0048,-0.0001,-0.0001,0.0023,-0.0136,-0.6281,-0.7579,-0.0028,0.0089,0.2340,0.9936,-0.0000,0.1131,-0.1131,0.0015,0.9936,0.0612,0.0119,0.1472,-0.0894,0.0231,0.1458,-0.0894,0.0231,0.1458,0.0901,0.0098,0.1474,-0.1303,0.0293,0.0893,0.1290,0.0036,0.0896,0.0439,0.0103,-0.1875,-0.1002,0.0093,-0.1873,-0.0000,0.0021,0.0697,0.0525,0.0213,-0.0635,-0.0704,0.0136,-0.0685,0.0532,0.0296,-0.0863,-0.0758,0.0169,-0.0871,0.5054,-0.0197,0.0598,0.0077,-0.0006,-0.1337,-0.0205,0.0392,0.0332,0.0034,-0.0088,-0.0108,-0.0364,-0.1720,0.0047,-0.0126,0.0504,-0.0563,-0.0302,-0.0059,0.0224,0.0282
520,0.506341,-0.0497,-0.2351,0.2974,0.2860,-0.0164,-0.0419,0.1669,-0.1916,0.0014,-0.2383,-0.1284,0.2428,0.5484,0.3395,-0.2870,-0.0283,-0.2057,0.2124,0.0246,-0.2490,-0.0366,0.0006,-0.0017,0.0021,0.0182,0.0141,-0.0126,-0.0007,-0.0054,0.0000,0.0001,-0.0001,-0.0142,-0.0016,0.0001,-0.0003,0.0011,-0.0130,-1.6535,-1.6762,-0.0032,0.0167,0.2340,0.9936,-0.0000,0.1127,-0.1127,0.0016,0.9936,0.0611,0.0120,0.1472,-0.0894,0.0232,0.1458,-0.0894,0.0232,0.1458,0.0901,0.0098,0.1475,-0.1303,0.0293,0.0893,0.1290,0.0036,0.0896,0.0439,0.0103,-0.1875,-0.1003,0.0092,-0.1873,-0.0000,0.0022,0.0697,0.0525,0.0213,-0.0635,-0.0704,0.0136,-0.0685,0.0532,0.0296,-0.0863,-0.0758,0.0168,-0.0871,0.5063,-0.0281,0.0365,0.0189,0.0047,-0.1379,-0.0137,0.0381,0.0304,-0.0430,-0.0072,-0.0009,-0.0443,-0.2056,0.0048,-0.0123,0.0445,-0.1344,-0.0364,-0.0013,0.0151,0.0477
521,0.507317,-0.0497,-0.2351,0.2974,0.2862,-0.0163,-0.0420,0.1669,-0.1916,0.0014,-0.2383,-0.1284,0.2425,0.5484,0.3395,-0.2870,-0.0283,-0.2062,0.2036,0.0171,-0.2491,-0.0361,0.0004,-0.0016,0.0120,0.0129,0.0058,-0.0065,-0.0002,-0.0031,-0.0001,0.0002,-0.0002,-0.0332,-0.0012,-0.0003,-0.0003,0.0004,-0.0613,-1.9501,-1.8197,-0.0195,0.0445,0.2340,0.9937,-0.0000,0.1123,-0.1123,0.0017,0.9937,0.0611,0.0121,0.1472,-0.0894,0.0233,0.1458,-0.0894,0.0233,0.1458,0.0901,0.0099,0.1475,-0.1303,0.0294,0.0893,0.1290,0.0037,0.0896,0.0439,0.0102,-0.1875,-0.1003,0.0092,-0.1873,-0.0000,0.0022,0.0697,0.0525,0.0213,-0.0635,-0.0704,0.0136,-0.0685,0.0532,0.0296,-0.0863,-0.0758,0.0168,-0.0872,0.5073,-0.0267,0.0385,0.0196,0.0074,-0.1432,-0.0110,0.0363,0.0295,-0.0539,-0.0060,0.0003,-0.0449,-0.2048,0.0043,-0.0121,0.0441,-0.1339,-0.0341,-0.0001,0.0133,0.0407
522,0.508293,-0.0497,-0.2352,0.2978,0.2865,-0.0160,-0.0421,0.1669,-0.1918,0.0014,-0.2383,-0.1284,0.2418,0.5482,0.3395,-0.2870,-0.0283,-0.2073,0.2092,0.0207,-0.2494,-0.0355,-0.0005,-0.0004,0.0249,0.0130,0.0114,-0.0014,-0.0001,-0.0091,-0.0000,0.0001,-0.0000,-0.0391,-0.0098,-0.0001,-0.0001,-0.0052,-0.0635,-0.0064,-0.3025,-0.0159,0.0255,0.2340,0.9938,-0.0000,0.1115,-0.1115,0.0018,0.9938,0.0611,0.0122,0.1472,-0.0894,0.0235,0.1457,-0.0894,0.0235,0.1457,0.0900,0.0101,0.1475,-0.1304,0.0295,0.0892,0.1290,0.0038,0.0896,0.0439,0.0101,-0.1875,-0.1004,0.0091,-0.1873,-0.0000,0.0023,0.0697,0.0525,0.0213,-0.0635,-0.0704,0.0135,-0.0685,0.0532,0.0295,-0.0863,-0.0759,0.0167,-0.0872,0.5083,-0.0108,0.0846,-0.0026,0.0059,-0.1417,-0.0169,0.0363,0.0333,0.0215,-0.0090,-0.0150,-0.0324,-0.1215,0.0033,-0.0109,0.0606,0.0232,-0.0204,-0.0067,0.0219,-0.0146
523,0.509268,-0.0497,-0.2352,0.2981,0.2867,-0.0158,-0.0421,0.1669,-0.1920,0.0014,-0.2383,-0.1284,0.2413,0.5481,0.3395,-0.2870,-0.0284,-0.2077,0.2117,0.0201,-0.2496,-0.0356,0.0056,-0.0042,0.0064,0.0057,0.0082,-0.0018,-0.0001,-0.0069,-0.0000,0.0000,-0.0013,-0.0132,-0.0025,-0.0002,-0.0001,-0.0055,0.0197,-0.9137,-0.5187,-0.0068,-0.0215,0.2340,0.9939,0.0000,0.1106,-0.1106,0.0019,0.9939,0.0611,0.0123,0.1472,-0.0895,0.0236,0.1457,-0.0895,0.0236,0.1457,0.0900,0.0102,0.1474,-0.1304,0.0295,0.0892,0.1290,0.0038,0.0896,0.0438,0.0100,-0.1875,-0.1004,0.0089,-0.1873,-0.0001,0.0023,0.0697,0.0525,0.0212,-0.0635,-0.0704,0.0134,-0.0685,0.0532,0.0294,-0.0864,-0.0759,0.0166,-0.0872,0.5093,-0.0133,0.0689,0.0058,-0.0001,-0.1357,-0.0177,0.0354,0.0303,-0.0067,-0.0103,-0.0114,-0.0317,-0.1604,0.0053,-0.0134,0.0542,-0.0376,-0.0290,-0.0001,0.0169,0.0181
524,0.510244,-0.0496,-0.2353,0.2982,0.2869,-0.0156,-0.0422,0.1669,-0.1921,0.0014,-0.2383,-0.1284,0.2412,0.5481,0.3395,-0.2870,-0.0285,-0.2076,0.2094,0.0209,-0.2498,-0.0357,0.0024,-0.0016,0.0019,0.0168,0.0139,-0.0064,-0.0006,-0.0054,0.0000,0.0001,-0.0005,-0.0197,-0.0011,-0.0003,-0.0003,-0.0079,-0.0193,-1.5414,-1.3507,-0.0121,0.0092,0.2340,0.9940,-0.0000,0.1098,-0.1098,0.0019,0.9939,0.0611,0.0125,0.1472,-0.0895,0.0237,0.1457,-0.0895,0.0237,0.1457,0.0900,0.0103,0.1474,-0.1304,0.0296,0.0892,0.1290,0.0039,0.0896,0.0438,0.0098,-0.1875,-0.1004,0.0088,-0.1873,-0.0001,0.0024,0.0697,0.0525,0.0212,-0.0635,-0.0705,0.0133,-0.0685,0.0531,0.0294,-0.0864,-0.0759,0.0165,-0.0872,0.5102,-0.0204,0.0548,0.0134,0.0037,-0.1393,-0.0138,0.0350,0.0293,-0.0382,-0.0101,-0.0056,-0.0370,-0.1803,0.0044,-0.0119,0.0526,-0.0863,-0.0338,0.0001,0.0131,0.0265
525,0.511220,-0.0496,-0.2353,0.2982,0.2870,-0.0155,-0.0423,0.1669,-0.1923,0.0014,-0.2383,-0.1284,0.2407,0.5481,0.3395,-0.2870,-0.0287,-0.2082,0.2002,0.0179,-0.2500,-0.0355,0.0010,-0.0017,0.0089,0.0082,0.0044,-0.0032,-0.0012,-0.0120,0.0000,0.0001,-0.0002,-0.0344,-0.0011,-0.0003,-0.0000,-0.0090,-0.0574,-1.7810,-0.0618,-0.0199,0.0174,0.2340,0.9940,-0.0000,0.1092,-0.1092,0.0020,0.9940,0.0611,0.0126,0.1472,-0.0895,0.0238,0.1457,-0.0895,0.0238,0.1457,0.0900,0.0105,0.1474,-0.1304,0.0297,0.0891,0.1290,0.0040,0.0897,0.0438,0.0097,-0.1875,-0.1005,0.0087,-0.1873,-0.0001,0.0024,0.0697,0.0525,0.0212,-0.0636,-0.0705,0.0133,-0.0685,0.0531,0.0293,-0.0864,-0.0759,0.0165,-0.0872,0.5112,-0.0158,0.0640,0.0093,-0.0047,-0.1352,-0.0152,0.0306,0.0254,-0.0365,-0.0090,-0.0101,-0.0266,-0.1737,0.0034,-0.0149,0.0411,-0.0660,-0.0261,0.0075,0.0104,0.0284
526,0.512195,-0.0496,-0.2353,0.2984,0.2872,-0.0154,-0.0423,0.1669,-0.1925,0.0014,-0.2383,-0.1284,0.2402,0.5480,0.3395,-0.2870,-0.0291,-0.2091,0.2000,0.0175,-0.2504,-0.0353,-0.0002,0.0001,0.0102,0.0066,0.0036,-0.0009,-0.0000,-0.0121,-0.0000,-0.0000,0.0000,-0.0217,-0.0046,-0.0002,-0.0005,-0.0300,-0.0450,-0.7193,0.9750,-0.0156,0.0138,0.2340,0.9941,-0.0000,0.1083,-0.1083,0.0021,0.9941,0.0611,0.0128,0.1471,-0.0895,0.0240,0.1456,-0.0895,0.0240,0.1456,0.0900,0.0106,0.1474,-0.1304,0.0297,0.0891,0.1290,0.0041,0.0897,0.0437,0.0096,-0.1875,-0.1005,0.0085,-0.1873,-0.0001,0.0025,0.0697,0.0524,0.0211,-0.0636,-0.0705,0.0132,-0.0685,0.0531,0.0293,-0.0864,-0.0759,0.0164,-0.0872,0.5122,-0.0085,0.0923,-0.0032,0.0034,-0.1533,-0.0131,0.0220,0.0231,0.0238,-0.0079,-0.0117,-0.0199,-0.1152,0.0036,-0.0102,0.0441,0.0398,-0.0142,0.0193,0.0215,-0.0192
527,0.513171,-0.0496,-0.2353,0.2986,0.2873,-0.0153,-0.0423,0.1668,-0.1928,0.0014,-0.2383,-0.1284,0.2400,0.5480,0.3395,-0.2870,-0.0296,-0.2095,0.1897,0.0291,-0.2506,-0.0356,0.0006,-0.0007,0.0028,0.0037,0.0062,-0.0004,-0.0055,-0.0186,0.0000,0.0000,-0.0000,-0.0059,-0.0012,0.0001,-0.0002,-0.0279,0.0066,-0.1664,0.1155,-0.0091,-0.0365,0.2341,0.9942,0.0000,0.1074,-0.1074,0.0021,0.9942,0.0611,0.0129,0.1471,-0.0895,0.0240,0.1456,-0.0895,0.0240,0.1456,0.0900,0.0107,0.1474,-0.1304,0.0297,0.0891,0.1290,0.0042,0.0896,0.0437,0.0094,-0.1875,-0.1005,0.0084,-0.1874,-0.0001,0.0025,0.0697,0.0524,0.0210,-0.0636,-0.0705,0.0131,-0.0685,0.0531,0.0292,-0.0865,-0.0759,0.0163,-0.0872,0.5132,-0.0046,0.1022,-0.0081,0.0038,-0.1489,-0.0128,0.0308,0.0287,0.0126,-0.0090,-0.0165,-0.0231,-0.0948,0.0023,-0.0108,0.0602,0.0648,-0.0104,-0.0047,0.0179,-0.0330
528,0.514146,-0.0495,-0.2353,0.2986,0.2874,-0.0152,-0.0423,0.1668,-0.1930,0.0014,-0.2383,-0.1285,0.2398,0.5480,0.3395,-0.2870,-0.0300,-0.2094,0.1903,0.0297,-0.2508,-0.0359,0.0090,0.0001,0.0004,0.0011,0.0031,-0.0000,-0.0013,-0.0110,-0.0000,-0.0000,-0.0047,-0.0092,0.0026,0.0002,-0.0002,-0.0136,0.0121,-1.4212,1.5299,-0.0193,-0.0437,0.2341,0.9943,-0.0000,0.1069,-0.1069,0.0021,0.9943,0.0611,0.0130,0.1471,-0.0895,0.0241,0.1456,-0.0895,0.0241,0.1456,0.0900,0.0108,0.1474,-0.1304,0.0298,0.0891,0.1290,0.0043,0.0896,0.0437,0.0093,-0.1875,-0.1006,0.0083,-0.1874,-0.0001,0.0026,0.0697,0.0524,0.0210,-0.0636,-0.0705,0.0131,-0.0685,0.0531,0.0292,-0.0865,-0.0759,0.0162,-0.0872,0.5141,-0.0211,0.0917,0.0001,-0.0076,-0.1380,-0.0154,0.0223,0.0202,0.0231,-0.0091,-0.0067,-0.0252,-0.1393,-0.0002,-0.0121,0.0154,0.0055,-0.0136,0.0216,0.0150,0.0033
529,0.515122,-0.0494,-0.2353,0.2986,0.2874,-0.0152,-0.0423,0.1668,-0.1932,0.0014,-0.2383,-0.1285,0.2397,0.5480,0.3395,-0.2870,-0.0303,-0.2093,0.1886,0.0293,-0.2511,-0.0365,0.0030,0.0056,0.0001,0.0062,0.0011,-0.0023,-0.0010,-0.0139,0.0000,-0.0000,-0.0015,-0.0025,0.0009,0.0003,-0.0003,-0.0415,-0.0235,1.5326,-1.7426,-0.0159,0.0030,0.2341,0.9943,0.0000,0.1066,-0.1066,0.0021,0.9943,0.0611,0.0131,0.1471,-0.0895,0.0242,0.1456,-0.0895,0.0242,0.1456,0.0900,0.0109,0.1474,-0.1304,0.0298,0.0890,0.1290,0.0044,0.0896,0.0437,0.0093,-0.1875,-0.1006,0.0082,-0.1874,-0.0001,0.0026,0.0697,0.0524,0.0210,-0.0636,-0.0705,0.0130,-0.0685,0.0531,0.0291,-0.0865,-0.0759,0.0162,-0.0872,0.5151,-0.0096,0.0864,-0.0170,0.0136,-0.1679,-0.0120,0.0438,0.0421,-0.0231,-0.0035,-0.0159,-0.0210,-0.1127,-0.0003,-0.0061,0.0714,0.0430,-0.0097,-0.0150,0.0295,-0.0638
530,0.516098,-0.0494,-0.2353,0.2986,0.2875,-0.0149,-0.0423,0.1668,-0.1934,0.0014,-0.2383,-0.1286,0.2396,0.5480,0.3395,-0.2870,-0.0307,-0.2097,0.1912,0.0299,-0.2512,-0.0375,0.0008,-0.0034,0.0000,0.0013,0.0166,-0.0004,-0.0001,-0.0078,-0.0000,-0.0000,-0.0045,-0.0041,0.0001,0.0001,-0.0002,-0.0029,-0.0050,0.7484,-0.6351,-0.0049,-0.0861,0.2341,0.9943,0.0000,0.1062,-0.1062,0.0022,0.9943,0.0611,0.0131,0.1471,-0.0895,0.0242,0.1456,-0.0895,0.0242,0.1456,0.0900,0.0110,0.1474,-0.1304,0.0298,0.0890,0.1290,0.0044,0.0896,0.0436,0.0092,-0.1875,-0.1006,0.0081,-0.1874,-0.0001,0.0026,0.0697,0.0524,0.0210,-0.0636,-0.0705,0.0130,-0.0686,0.0531,0.0291,-0.0865,-0.0759,0.0161,-0.0873,0.5161,-0.0003,0.1018,-0.0146,0.0036,-0.1549,-0.0101,0.0367,0.0347,-0.0011,-0.0058,-0.0176,-0.0207,-0.0896,0.0001,-0.0107,0.0789,0.0803,-0.0136,-0.0169,0.0197,-0.0503
531,0.517073,-0.0493,-0.2353,0.2986,0.2875,-0.0148,-0.0423,0.1668,-0.1935,0.0014,-0.2383,-0.1287,0.2396,0.5480,0.3395,-0.2870,-0.0307,-0.2095,0.1993,0.0214,-0.2514,-0.0384,0.0107,-0.0005,0.0000,0.0001,0.0050,-0.0001,0.0003,-0.0017,0.0000,0.0000,-0.0065,-0.0041,0.0045,-0.0001,0.0001,0.0018,0.0176,0.0356,-0.0529,-0.0167,-0.0471,0.2341,0.9944,0.0000,0.1061,-0.1061,0.0022,0.9944,0.0611,0.0131,0.1471,-0.0895,0.0242,0.1456,-0.0895,0.0242,0.1456,0.0900,0.0110,0.1474,-0.1304,0.0298,0.0890,0.1290,0.0044,0.0896,0.0436,0.0092,-0.1875,-0.1006,0.0081,-0.1874,-0.0001,0.0026,0.0697,0.0524,0.0210,-0.0636,-0.0705,0.0130,-0.0686,0.0531,0.0291,-0.0865,-0.0760,0.0161,-0.0873,0.5171,0.0007,0.1053,-0.0105,0.0040,-0.1503,-0.0115,0.0332,0.0308,0.0118,-0.0096,-0.0165,-0.0235,-0.0859,0.0033,-0.0105,0.0720,0.0829,-0.0140,-0.0059,0.0166,-0.0415
532,0.518049,-0.0491,-0.2353,0.2986,0.2875,-0.0147,-0.0423,0.1668,-0.1935,0.0014,-0.2383,-0.1288,0.2395,0.5482,0.3395,-0.2870,-0.0307,-0.2092,0.2048,0.0147,-0.2517,-0.0391,0.0130,-0.0002,0.0000,0.0001,0.0025,0.0000,0.0001,-0.0008,0.0000,0.0001,-0.0040,-0.0021,0.0108,-0.0002,0.0002,0.0026,0.0171,-0.3852,0.3281,-0.0155,-0.0366,0.2341,0.9943,0.0000,0.1062,-0.1062,0.0021,0.9943,0.0611,0.0131,0.1471,-0.0895,0.0242,0.1456,-0.0895,0.0242,0.1456,0.0900,0.0109,0.1474,-0.1304,0.0298,0.0890,0.1290,0.0044,0.0896,0.0436,0.0092,-0.1875,-0.1006,0.0081,-0.1874,-0.0001,0.0026,0.0697,0.0524,0.0210,-0.0636,-0.0705,0.0130,-0.0685,0.0530,0.0291,-0.0865,-0.0760,0.0161,-0.0872,0.5180,-0.0026,0.1032,-0.0070,0.0056,-0.1523,-0.0123,0.0296,0.0280,0.0164,-0.0109,-0.0148,-0.0254,-0.0933,0.0053,-0.0113,0.0613,0.0693,-0.0155,0.0058,0.0175,-0.0353
533,0.519024,-0.0489,-0.2353,0.2986,0.2875,-0.0147,-0.0423,0.1668,-0.1935,0.0014,-0.2383,-0.1288,0.2395,0.5483,0.3395,-0.2870,-0.0306,-0.2091,0.1993,0.0205,-0.2519,-0.0396,0.0096,0.0013,0.0000,-0.0000,0.0015,0.0000,-0.0002,-0.0010,0.0000,0.0001,-0.0017,-0.0007,0.0073,-0.0003,0.0003,0.0018,0.0121,-1.8496,1.8022,-0.0127,-0.0279,0.2341,0.9943,-0.0000,0.1065,-0.1065,0.0021,0.9943,0.0611,0.0130,0.1471,-0.0895,0.0241,0.1456,-0.0895,0.0241,0.1456,0.0900,0.0109,0.1474,-0.1304,0.0298,0.0891,0.1290,0.0043,0.0896,0.0435,0.0093,-0.1875,-0.1006,0.0081,-0.1873,-0.0001,0.0026,0.0697,0.0524,0.0210,-0.0636,-0.0705,0.0130,-0.0685,0.0530,0.0291,-0.0865,-0.0760,0.0161,-0.0872,0.5190,-0.0271,0.0859,0.0048,-0.0118,-0.1271,-0.0169,0.0282,0.0226,0.0209,-0.0108,-0.0012,-0.0373,-0.1572,-0.0006,-0.0140,0.0035,-0.0230,-0.0211,0.0239,0.0084,0.0205
534,0.520000,-0.0488,-0.2352,0.2986,0.2876,-0.0147,-0.0424,0.1668,-0.1936,0.0014,-0.2383,-0.1288,0.2395,0.5484,0.3395,-0.2870,-0.0309,-0.2093,0.2031,0.0189,-0.2522,-0.0394,0.0025,0.0079,0.0000,0.0101,0.0020,-0.0035,-0.0005,-0.0076,0.0000,0.0000,-0.0003,-0.0081,-0.0029,-0.0001,-0.0002,-0.0249,-0.0362,-0.2506,0.4982,-0.0159,0.0318,0.2340,0.9943,-0.0000,0.1068,-0.1068,0.0021,0.9943,0.0611,0.0130,0.1471,-0.0895,0.0241,0.1456,-0.0895,0.0241,0.1456,0.0900,0.0109,0.1474,-0.1304,0.0297,0.0891,0.1290,0.0043,0.0896,0.0435,0.0093,-0.1875,-0.1006,0.0081,-0.1873,-0.0001,0.0026,0.0697,0.0524,0.0210,-0.0636,-0.0705,0.0130,-0.0685,0.0530,0.0292,-0.0865,-0.0760,0.0161,-0.0872,0.5200,-0.0021,0.1005,-0.0073,0.0041,-0.1543,-0.0125,0.0292,0.0278,0.0138,-0.0107,-0.0151,-0.0240,-0.0927,0.0047,-0.0111,0.0616,0.0706,-0.0136,0.0058,0.0170,-0.0352
535,0.520976,-0.0487,-0.2352,0.2986,0.2877,-0.0146,-0.0424,0.1668,-0.1937,0.0014,-0.2383,-0.1289,0.2394,0.5484,0.3395,-0.2870,-0.0310,-0.2094,0.2009,0.0266,-0.2524,-0.0399,0.0137,0.0012,-0.0000,0.0046,0.0097,-0.0010,-0.0007,-0.0043,0.0000,0.0000,-0.0028,-0.0035,0.0077,0.0002,-0.0001,0.0141,0.0252,0.8597,0.0782,-0.0129,-0.0524,0.2340,0.9942,-0.0000,0.1071,-0.1071,0.0021,0.9942,0.0611,0.0129,0.1471,-0.0895,0.0240,0.1456,-0.0895,0.0240,0.1456,0.0900,0.0108,0.1474,-0.1304,0.0297,0.0891,0.1290,0.0043,0.0896,0.0435,0.0093,-0.1875,-0.1006,0.0082,-0.1873,-0.0001,0.0026,0.0697,0.0524,0.0211,-0.0636,-0.0705,0.0130,-0.0685,0.0530,0.0292,-0.0865,-0.0760,0.0161,-0.0872,0.5210,0.0042,0.1002,-0.0152,-0.0004,-0.1554,-0.0106,0.0356,0.0321,0.0062,-0.0083,-0.0158,-0.0231,-0.0795,0.0015,-0.0090,0.0817,0.0878,-0.0110,-0.0113,0.0145,-0.0487
536,0.521951,-0.0483,-0.2352,0.2986,0.2877,-0.0145,-0.0424,0.1667,-0.1937,0.0014,-0.2383,-0.1289,0.2393,0.5487,0.3395,-0.2870,-0.0307,-0.2090,0.2017,0.0313,-0.2526,-0.0405,0.0238,0.0002,-0.0000,0.0013,0.0021,-0.0002,-0.0009,-0.0005,0.0000,0.0000,-0.0027,-0.0023,0.0271,0.0000,-0.0001,0.0277,0.0306,0.0524,0.2790,-0.0172,-0.0500,0.2340,0.9942,0.0000,0.1078,-0.1078,0.0020,0.9942,0.0611,0.0128,0.1471,-0.0895,0.0239,0.1456,-0.0895,0.0239,0.1456,0.0900,0.0107,0.1474,-0.1304,0.0297,0.0891,0.1290,0.0043,0.0896,0.0435,0.0094,-0.1875,-0.1007,0.0083,-0.1873,-0.0001,0.0025,0.0697,0.0524,0.0211,-0.0636,-0.0705,0.0130,-0.0685,0.0530,0.0293,-0.0864,-0.0760,0.0162,-0.0872,0.5220,-0.0041,0.0987,-0.0082,0.0037,-0.1504,-0.0124,0.0337,0.0301,0.0167,-0.0108,-0.0150,-0.0272,-0.0916,0.0034,-0.0101,0.0636,0.0651,-0.0115,-0.0070,0.0164,-0.0332
537,0.522927,-0.0480,-0.2352,0.2986,0.2878,-0.0145,-0.0424,0.1667,-0.1937,0.0014,-0.2383,-0.1289,0.2393,0.5491,0.3395,-0.2870,-0.0302,-0.2084,0.1965,0.0220,-0.2529,-0.0412,0.0165,0.0000,0.0000,0.0018,0.0007,-0.0001,-0.0009,0.0005,0.0000,0.0000,-0.0011,-0.0007,0.0202,-0.0003,-0.0003,0.0232,0.0233,-1.6443,-1.6126,-0.0113,-0.0258,0.2340,0.9941,0.0000,0.1084,-0.1084,0.0020,0.9941,0.0611,0.0127,0.1471,-0.0895,0.0238,0.1456,-0.0895,0.0238,0.1456,0.0900,0.0106,0.1474,-0.1304,0.0296,0.0891,0.1290,0.0042,0.0896,0.0435,0.0095,-0.1875,-0.1007,0.0083,-0.1873,-0.0001,0.0024,0.0697,0.0524,0.0211,-0.0636,-0.0705,0.0131,-0.0685,0.0530,0.0293,-0.0864,-0.0760,0.0162,-0.0872,0.5229,-0.0197,0.0610,0.0114,0.0066,-0.1449,-0.0116,0.0336,0.0290,-0.0451,-0.0104,-0.0052,-0.0365,-0.1713,0.0044,-0.0112,0.0548,-0.0766,-0.0320,-0.0011,0.0114,0.0149
538,0.523902,-0.0479,-0.2351,0.2986,0.2880,-0.0143,-0.0424,0.1667,-0.1937,0.0014,-0.2383,-0.1289,0.2391,0.5493,0.3395,-0.2870,-0.0298,-0.2087,0.1929,0.0190,-0.2532,-0.0410,0.0035,0.0040,0.0048,0.0103,0.0043,-0.0001,-0.0007,0.0001,0.0000,0.0001,-0.0003,-0.0195,0.0036,-0.0002,-0.0002,0.0197,-0.0521,-0.9221,-1.0756,-0.0184,0.0298,0.2340,0.9940,0.0000,0.1090,-0.1090,0.0020,0.9940,0.0611,0.0126,0.1471,-0.0895,0.0238,0.1456,-0.0895,0.0238,0.1456,0.0900,0.0105,0.1474,-0.1304,0.0296,0.0891,0.1290,0.0041,0.0896,0.0434,0.0096,-0.1875,-0.1007,0.0084,-0.1873,-0.0001,0.0024,0.0697,0.0524,0.0212,-0.0636,-0.0705,0.0131,-0.0685,0.0530,0.0293,-0.0864,-0.0760,0.0162,-0.0872,0.5239,-0.0172,0.0749,0.0038,0.0095,-0.1423,-0.0126,0.0371,0.0310,-0.0063,-0.0105,-0.0112,-0.0358,-0.1461,0.0042,-0.0121,0.0540,-0.0322,-0.0256,-0.0083,0.0185,0.0005
539,0.524878,-0.0478,-0.2351,0.2987,0.2882,-0.0141,-0.0424,0.1667,-0.1937,0.0014,-0.2383,-0.1289,0.2389,0.5493,0.3395,-0.2870,-0.0295,-0.2093,0.1814,0.0102,-0.2534,-0.0409,0.0008,0.0002,0.0024,0.0205,0.0194,-0.0003,-0.0005,-0.0008,0.0000,0.0001,-0.0001,-0.0042,0.0004,0.0001,0.0001,0.0162,-0.0118,-0.2055,0.2031,-0.0098,-0.0002,0.2340,0.9940,0.0000,0.1094,-0.1094,0.0020,0.9940,0.0611,0.0126,0.1472,-0.0895,0.0237,0.1456,-0.0895,0.0237,0.1456,0.0900,0.0105,0.1474,-0.1304,0.0295,0.0891,0.1290,0.0041,0.0897,0.0434,0.0097,-0.1875,-0.1008,0.0085,-0.1873,-0.0001,0.0024,0.0697,0.0523,0.0212,-0.0636,-0.0706,0.0131,-0.0685,0.0530,0.0294,-0.0864,-0.0760,0.0163,-0.0872,0.5249,-0.0107,0.0962,-0.0056,0.0108,-0.1502,-0.0103,0.0339,0.0290,0.0251,-0.0095,-0.0151,-0.0309,-0.0967,0.0038,-0.0115,0.0502,0.0444,-0.0081,-0.0027,0.0208,-0.0306
540,0.525854,-0.0476,-0.2351,0.2987,0.2885,-0.0138,-0.0424,0.1667,-0.1938,0.0014,-0.2383,-0.1290,0.2389,0.5495,0.3395,-0.2870,-0.0292,-0.2092,0.1758,0.0109,-0.2535,-0.0410,0.0211,-0.0002,0.0003,0.0091,0.0092,0.0000,-0.0007,-0.0029,0.0000,0.0001,-0.0009,-0.0015,0.0244,0.0001,-0.0001,0.0130,0.0253,-0.1205,-0.3311,-0.0095,-0.0423,0.2340,0.9940,0.0000,0.1098,-0.1098,0.0020,0.9940,0.0611,0.0126,0.1472,-0.0895,0.0237,0.1457,-0.0895,0.0237,0.1457,0.0900,0.0104,0.1474,-0.1304,0.0295,0.0891,0.1290,0.0041,0.0897,0.0434,0.0097,-0.1874,-0.1008,0.0086,-0.1873,-0.0001,0.0024,0.0697,0.0523,0.0212,-0.0636,-0.0706,0.0131,-0.0685,0.0530,0.0294,-0.0864,-0.0760,0.0163,-0.0872,0.5259,-0.0131,0.0941,-0.0054,0.0149,-0.1446,-0.0097,0.0380,0.0313,0.0284,-0.0087,-0.0154,-0.0346,-0.0993,0.0026,-0.0116,0.0525,0.0331,-0.0085,-0.0121,0.0229,-0.0302
541,0.526829,-0.0474,-0.2351,0.2987,0.2886,-0.0137,-0.0424,0.1667,-0.1938,0.0014,-0.2383,-0.1290,0.2389,0.5498,0.3395,-0.2870,-0.0290,-0.2089,0.1729,0.0082,-0.2536,-0.0416,0.0198,-0.0003,0.0001,0.0056,0.0054,-0.0000,-0.0009,-0.0014,0.0000,0.0001,-0.0015,-0.0004,0.0273,-0.0003,-0.0003,0.0156,0.0159,-1.8815,-1.6693,-0.0082,-0.0305,0.2340,0.9939,-0.0000,0.1102,-0.1102,0.0020,0.9939,0.0611,0.0125,0.1472,-0.0895,0.0236,0.1457,-0.0895,0.0236,0.1457,0.0900,0.0103,0.1474,-0.1304,0.0295,0.0892,0.1290,0.0040,0.0897,0.0433,0.0098,-0.1874,-0.1008,0.0086,-0.1873,-0.0001,0.0023,0.0697,0.0523,0.0212,-0.0635,-0.0706,0.0132,-0.0685,0.0530,0.0294,-0.0864,-0.0761,0.0163,-0.0872,0.5268,-0.0228,0.0539,0.0133,0.0111,-0.1490,-0.0092,0.0347,0.0293,-0.0542,-0.0087,-0.0043,-0.0379,-0.1786,0.0043,-0.0118,0.0457,-0.0987,-0.0249,0.0020,0.0104,0.0178
542,0.527805,-0.0472,-0.2351,0.2988,0.2889,-0.0135,-0.0424,0.1667,-0.1938,0.0014,-0.2383,-0.1290,0.2387,0.5501,0.3395,-0.2870,-0.0287,-0.2092,0.1772,0.0078,-0.2539,-0.0413,0.0037,0.0017,0.0067,0.0160,0.0092,-0.0000,-0.0002,-0.0012,0.0000,0.0000,-0.0004,-0.0211,0.0046,-0.0001,-0.0002,0.0113,-0.0531,-0.1759,-0.7766,-0.0201,0.0337,0.2340,0.9939,0.0000,0.1105,-0.1105,0.0020,0.9939,0.0611,0.0124,0.1472,-0.0895,0.0236,0.1457,-0.0895,0.0236,0.1457,0.0900,0.0103,0.1475,-0.1304,0.0295,0.0892,0.1290,0.0040,0.0897,0.0433,0.0098,-0.1874,-0.1009,0.0086,-0.1873,-0.0001,0.0023,0.0697,0.0523,0.0213,-0.0635,-0.0706,0.0132,-0.0685,0.0529,0.0295,-0.0864,-0.0761,0.0163,-0.0872,0.5278,-0.0176,0.0889,-0.0033,0.0204,-0.1449,-0.0101,0.0406,0.0342,0.0299,-0.0086,-0.0158,-0.0377,-0.1122,0.0027,-0.0122,0.0512,0.0128,-0.0134,-0.0145,0.0269,-0.0267
543,0.528780,-0.0471,-0.2350,0.2989,0.2892,-0.0132,-0.0424,0.1667,-0.1939,0.0014,-0.2383,-0.1290,0.2384,0.5501,0.3395,-0.2870,-0.0286,-0.2096,0.1758,-0.0021,-0.2541,-0.0417,0.0106,0.0001,0.0029,0.0133,0.0185,0.0000,-0.0003,-0.0043,0.0000,0.0000,-0.0028,-0.0049,0.0070,-0.0002,0.0001,0.0109,0.0113,-0.7880,-0.0996,-0.0041,-0.0380,0.2339,0.9939,-0.0000,0.1105,-0.1105,0.0021,0.9939,0.0611,0.0124,0.1472,-0.0895,0.0236,0.1457,-0.0895,0.0236,0.1457,0.0900,0.0103,0.1475,-0.1304,0.0295,0.0892,0.1290,0.0040,0.0897,0.0432,0.0098,-0.1874,-0.1009,0.0086,-0.1873,-0.0001,0.0023,0.0697,0.0523,0.0213,-0.0635,-0.0706,0.0132,-0.0685,0.0529,0.0295,-0.0864,-0.0761,0.0163,-0.0872,0.5288,-0.0155,0.0843,0.0002,0.0122,-0.1455,-0.0110,0.0362,0.0290,0.0124,-0.0096,-0.0133,-0.0338,-0.1267,0.0046,-0.0135,0.0424,-0.0068,-0.0129,0.0003,0.0198,-0.0080
544,0.529756,-0.0470,-0.2350,0.2989,0.2894,-0.0129,-0.0424,0.1667,-0.1939,0.0014,-0.2383,-0.1290,0.2384,0.5502,0.3395,-0.2870,-0.0284,-0.2094,0.1738,-0.0057,-0.2542,-0.0419,0.0050,-0.0001,0.0007,0.0204,0.0184,0.0001,-0.0007,-0.0048,0.0000,0.0001,-0.0007,-0.0012,0.0051,0.0001,-0.0001,0.0040,0.0039,0.4665,-0.1837,-0.0086,-0.0069,0.2339,0.9939,0.0000,0.1106,-0.1106,0.0021,0.9939,0.0611,0.0124,0.1472,-0.0895,0.0236,0.1457,-0.0895,0.0236,0.1457,0.0900,0.0103,0.1475,-0.1304,0.0295,0.0891,0.1290,0.0040,0.0897,0.0432,0.0098,-0.1874,-0.1010,0.0086,-0.1872,-0.0001,0.0023,0.0697,0.0523,0.0213,-0.0635,-0.0706,0.0132,-0.0685,0.0529,0.0295,-0.0864,-0.0761,0.0163,-0.0872,0.5298,-0.0085,0.0910,-0.0094,0.0151,-0.1512,-0.0069,0.0419,0.0342,0.0225,-0.0070,-0.0154,-0.0342,-0.0874,0.0037,-0.0114,0.0615,0.0479,-0.0060,-0.0086,0.0196,-0.0415
545,0.530732,-0.0467,-0.2350,0.2989,0.2897,-0.0127,-0.0424,0.1666,-0.1940,0.0014,-0.2383,-0.1291,0.2383,0.5506,0.3395,-0.2870,-0.0283,-0.2093,0.1803,-0.0114,-0.2543,-0.0425,0.0264,-0.0002,0.0001,0.0063,0.0088,0.0001,-0.0002,-0.0018,0.0000,0.0001,-0.0018,-0.0048,0.0321,-0.0001,0.0001,0.0144,0.0145,-0.0171,-0.0842,-0.0101,-0.0455,0.2339,0.9938,-0.0000,0.1108,-0.1108,0.0021,0.9938,0.0611,0.0124,0.1472,-0.0895,0.0236,0.1457,-0.0895,0.0236,0.1457,0.0900,0.0103,0.1475,-0.1304,0.0295,0.0892,0.1290,0.0039,0.0897,0.0431,0.0098,-0.1874,-0.1010,0.0086,-0.1872,-0.0001,0.0023,0.0697,0.0523,0.0213,-0.0635,-0.0706,0.0132,-0.0685,0.0529,0.0295,-0.0864,-0.0761,0.0163,-0.0872,0.5307,-0.0121,0.0906,-0.0045,0.0175,-0.1488,-0.0084,0.0402,0.0326,0.0324,-0.0095,-0.0142,-0.0372,-0.0956,0.0050,-0.0118,0.0528,0.0346,-0.0098,-0.0040,0.0222,-0.0317
546,0.531707,-0.0463,-0.2350,0.2989,0.2898,-0.0125,-0.0424,0.1666,-0.1940,0.0014,-0.2383,-0.1291,0.2383,0.5511,0.3395,-0.2870,-0.0281,-0.2091,0.1897,-0.0207,-0.2545,-0.0430,0.0166,-0.0003,0.0000,0.0110,0.0116,0.0001,-0.0003,-0.0013,0.0000,0.0001,-0.0004,-0.0020,0.0226,-0.0001,0.0001,0.0085,0.0045,0.1348,-0.2472,-0.0060,-0.0242,0.2339,0.9938,0.0000,0.1111,-0.1111,0.0020,0.9938,0.0611,0.0124,0.1472,-0.0895,0.0235,0.1457,-0.0895,0.0235,0.1457,0.0900,0.0102,0.1475,-0.1304,0.0294,0.0892,0.1290,0.0039,0.0897,0.0431,0.0098,-0.1874,-0.1011,0.0086,-0.1872,-0.0001,0.0023,0.0697,0.0522,0.0213,-0.0635,-0.0707,0.0132,-0.0685,0.0529,0.0295,-0.0864,-0.0762,0.0163,-0.0872,0.5317,-0.0108,0.0879,-0.0051,0.0195,-0.1512,-0.0083,0.0423,0.0350,0.0299,-0.0098,-0.0136,-0.0382,-0.0969,0.0060,-0.0117,0.0593,0.0370,-0.0144,-0.0019,0.0222,-0.0354
547,0.532683,-0.0460,-0.2351,0.2989,0.2900,-0.0123,-0.0424,0.1666,-0.1940,0.0014,-0.2383,-0.1291,0.2382,0.5514,0.3395,-0.2870,-0.0279,-0.2091,0.1951,-0.0230,-0.2546,-0.0435,0.0176,-0.0003,0.0000,0.0105,0.0123,0.0001,-0.0001,-0.0011,0.0000,0.0001,-0.0001,-0.0080,0.0196,-0.0001,0.0001,0.0146,0.0034,0.0727,0.0654,-0.0086,-0.0278,0.2339,0.9938,-0.0000,0.1114,-0.1114,0.0020,0.9938,0.0611,0.0123,0.1472,-0.0895,0.0235,0.1457,-0.0895,0.0235,0.1457,0.0900,0.0102,0.1475,-0.1304,0.0294,0.0892,0.1290,0.0039,0.0897,0.0430,0.0098,-0.1874,-0.1011,0.0086,-0.1872,-0.0001,0.0023,0.0697,0.0522,0.0213,-0.0635,-0.0707,0.0132,-0.0685,0.0528,0.0295,-0.0863,-0.0762,0.0163,-0.0871,0.5327,-0.0105,0.0866,-0.0039,0.0188,-0.1523,-0.0089,0.0414,0.0342,0.0340,-0.0112,-0.0126,-0.0393,-0.0976,0.0070,-0.0115,0.0573,0.0371,-0.0147,0.0026,0.0214,-0.0318
548,0.533659,-0.0458,-0.2351,0.2989,0.2902,-0.0121,-0.0424,0.1666,-0.1941,0.0014,-0.2383,-0.1291,0.2381,0.5517,0.3395,-0.2870,-0.0277,-0.2090,0.1977,-0.0250,-0.2547,-0.0438,0.0150,-0.0001,-0.0000,0.0165,0.0164,0.0001,-0.0002,-0.0010,0.0000,0.0001,-0.0001,-0.0034,0.0179,0.0003,-0.0001,0.0128,0.0035,1.8340,-0.9976,-0.0142,-0.0240,0.2339,0.9937,-0.0000,0.1116,-0.1116,0.0020,0.9937,0.0611,0.0122,0.1472,-0.0895,0.0234,0.1457,-0.0895,0.0234,0.1457,0.0900,0.0101,0.1475,-0.1304,0.0294,0.0892,0.1290,0.0038,0.0897,0.0430,0.0098,-0.1874,-0.1011,0.0087,-0.1872,-0.0001,0.0022,0.0697,0.0522,0.0213,-0.0635,-0.0707,0.0132,-0.0685,0.0528,0.0296,-0.0863,-0.0762,0.0163,-0.0871,0.5337,-0.0148,0.0680,-0.0090,0.0244,-0.1760,-0.0095,0.0493,0.0439,-0.0067,-0.0115,-0.0111,-0.0350,-0.1055,0.0023,-0.0062,0.0711,0.0261,-0.0138,-0.0097,0.0242,-0.0661
549,0.534634,-0.0456,-0.2352,0.2989,0.2904,-0.0118,-0.0424,0.1666,-0.1941,0.0014,-0.2383,-0.1291,0.2380,0.5521,0.3395,-0.2870,-0.0274,-0.2090,0.1931,-0.0350,-0.2550,-0.0448,0.0050,-0.0097,-0.0000,0.0112,0.0190,0.0001,-0.0004,-0.0006,0.0000,0.0001,-0.0001,-0.0027,0.0177,0.0001,0.0001,0.0240,0.0019,0.1840,-0.0989,-0.0100,-0.0604,0.2339,0.9937,-0.0000,0.1120,-0.1120,0.0020,0.9937,0.0611,0.0122,0.1472,-0.0895,0.0234,0.1457,-0.0895,0.0234,0.1457,0.0900,0.0100,0.1475,-0.1304,0.0294,0.0892,0.1290,0.0038,0.0897,0.0429,0.0099,-0.1874,-0.1012,0.0087,-0.1872,-0.0001,0.0022,0.0697,0.0522,0.0213,-0.0635,-0.0707,0.0132,-0.0685,0.0528,0.0296,-0.0863,-0.0762,0.0163,-0.0871,0.5346,-0.0119,0.0835,-0.0038,0.0228,-0.1524,-0.0076,0.0441,0.0357,0.0370,-0.0109,-0.0120,-0.0418,-0.0982,0.0074,-0.0117,0.0575,0.0303,-0.0157,0.0029,0.0222,-0.0331
550,0.535610,-0.0454,-0.2353,0.2989,0.2905,-0.0116,-0.0424,0.1666,-0.1941,0.0014,-0.2383,-0.1291,0.2379,0.5524,0.3395,-0.2870,-0.0270,-0.2090,0.1931,-0.0428,-0.2551,-0.0454,0.0169,-0.0024,0.0000,0.0102,0.0107,0.0000,0.0000,-0.0008,0.0000,0.0001,-0.0001,-0.0091,0.0210,-0.0002,0.0001,0.0157,0.0031,-0.9821,-0.1828,-0.0089,-0.0204,0.2339,0.9937,-0.0000,0.1124,-0.1124,0.0019,0.9937,0.0611,0.0121,0.1472,-0.0895,0.0234,0.1457,-0.0895,0.0234,0.1457,0.0900,0.0100,0.1475,-0.1304,0.0293,0.0892,0.1290,0.0038,0.0897,0.0429,0.0099,-0.1873,-0.1012,0.0088,-0.1872,-0.0001,0.0022,0.0697,0.0522,0.0214,-0.0635,-0.0707,0.0132,-0.0684,0.0528,0.0296,-0.0863,-0.0762,0.0164,-0.0871,0.5356,-0.0152,0.0713,0.0058,0.0188,-0.1491,-0.0114,0.0426,0.0338,0.0144,-0.0113,-0.0073,-0.0416,-0.1435,0.0095,-0.0145,0.0427,-0.0376,-0.0255,0.0155,0.0192,0.0024
551,0.536585,-0.0452,-0.2353,0.2989,0.2908,-0.0113,-0.0424,0.1666,-0.1941,0.0014,-0.2383,-0.1291,0.2378,0.5526,0.3395,-0.2870,-0.0269,-0.2090,0.1915,-0.0420,-0.2552,-0.0455,0.0034,-0.0006,-0.0000,0.0217,0.0204,0.0001,0.0002,-0.0011,0.0000,0.0000,-0.0000,-0.0103,0.0035,0.0002,-0.0005,0.0087,-0.0207,-0.4086,0.2414,-0.0090,0.0094,0.2339,0.9936,0.0000,0.1127,-0.1127,0.0019,0.9936,0.0611,0.0121,0.1472,-0.0895,0.0233,0.1457,-0.0895,0.0233,0.1457,0.0900,0.0099,0.1475,-0.1304,0.0293,0.0892,0.1290,0.0037,0.0897,0.0428,0.0100,-0.1873,-0.1013,0.0088,-0.1872,-0.0001,0.0022,0.0697,0.0522,0.0214,-0.0635,-0.0707,0.0132,-0.0684,0.0528,0.0297,-0.0863,-0.0763,0.0164,-0.0871,0.5366,-0.0164,0.0840,0.0004,0.0269,-0.1540,-0.0091,0.0419,0.0341,0.0422,-0.0118,-0.0107,-0.0462,-0.1101,0.0088,-0.0129,0.0432,0.0107,-0.0163,0.0137,0.0248,-0.0251
552,0.537561,-0.0451,-0.2353,0.2989,0.2911,-0.0111,-0.0424,0.1666,-0.1941,0.0014,-0.2383,-0.1291,0.2376,0.5527,0.3395,-0.2870,-0.0267,-0.2094,0.1954,-0.0418,-0.2554,-0.0455,0.0099,-0.0004,-0.0000,0.0233,0.0245,0.0001,-0.0001,-0.0043,0.0000,0.0000,-0.0000,-0.0075,0.0079,0.0002,-0.0000,0.0082,-0.0019,1.0353,0.6368,-0.0092,-0.0185,0.2338,0.9936,0.0000,0.1129,-0.1129,0.0020,0.9936,0.0611,0.0121,0.1472,-0.0895,0.0233,0.1457,-0.0895,0.0233,0.1457,0.0900,0.0099,0.1475,-0.1304,0.0293,0.0892,0.1290,0.0037,0.0897,0.0428,0.0100,-0.1873,-0.1013,0.0088,-0.1871,-0.0001,0.0021,0.0697,0.0522,0.0214,-0.0635,-0.0707,0.0132,-0.0684,0.0527,0.0297,-0.0863,-0.0763,0.0164,-0.0871,0.5376,-0.0053,0.0780,-0.0088,0.0188,-0.1624,-0.0086,0.0438,0.0353,0.0268,-0.0135,-0.0094,-0.0381,-0.0886,0.0071,-0.0074,0.0664,0.0454,-0.0111,0.0104,0.0150,-0.0413
553,0.538537,-0.0447,-0.2354,0.2989,0.2913,-0.0108,-0.0424,0.1666,-0.1942,0.0014,-0.2383,-0.1291,0.2374,0.5532,0.3395,-0.2870,-0.0264,-0.2092,0.1966,-0.0394,-0.2557,-0.0461,0.0262,-0.0043,0.0000,0.0056,0.0046,0.0001,-0.0005,-0.0009,0.0000,0.0001,-0.0001,-0.0078,0.0373,-0.0002,0.0001,0.0232,0.0161,-0.7126,0.7020,-0.0120,-0.0314,0.2338,0.9936,0.0000,0.1133,-0.1133,0.0019,0.9936,0.0611,0.0120,0.1472,-0.0895,0.0232,0.1457,-0.0895,0.0232,0.1457,0.0900,0.0098,0.1475,-0.1304,0.0293,0.0892,0.1290,0.0037,0.0897,0.0427,0.0101,-0.1873,-0.1014,0.0089,-0.1871,-0.0001,0.0021,0.0697,0.0521,0.0214,-0.0635,-0.0708,0.0132,-0.0684,0.0527,0.0297,-0.0863,-0.0763,0.0164,-0.0871,0.5385,-0.0180,0.0765,0.0032,0.0256,-0.1539,-0.0106,0.0394,0.0332,0.0471,-0.0111,-0.0073,-0.0434,-0.1256,0.0099,-0.0127,0.0333,-0.0115,-0.0181,0.0250,0.0259,-0.0108
554,0.539512,-0.0444,-0.2354,0.2989,0.2915,-0.0107,-0.0424,0.1666,-0.1942,0.0014,-0.2383,-0.1291,0.2373,0.5536,0.3395,-0.2870,-0.0261,-0.2091,0.1918,-0.0351,-0.2558,-0.0463,0.0117,-0.0007,0.0000,0.0159,0.0118,0.0000,-0.0002,-0.0005,0.0000,0.0001,-0.0001,-0.0024,0.0179,-0.0003,0.0003,0.0105,-0.0020,-1.7304,1.6976,-0.0080,0.0026,0.2338,0.9935,-0.0000,0.1137,-0.1137,0.0019,0.9935,0.0611,0.0119,0.1472,-0.0895,0.0232,0.1457,-0.0895,0.0232,0.1457,0.0900,0.0098,0.1475,-0.1304,0.0292,0.0893,0.1290,0.0036,0.0897,0.0427,0.0101,-0.1873,-0.1014,0.0089,-0.1871,-0.0000,0.0021,0.0697,0.0521,0.0214,-0.0635,-0.0708,0.0132,-0.0684,0.0527,0.0297,-0.0863,-0.0763,0.0164,-0.0871,0.5395,-0.0333,0.0615,0.0120,0.0014,-0.1228,-0.0173,0.0437,0.0316,0.0301,-0.0095,0.0018,-0.0605,-0.1808,0.0053,-0.0172,-0.0092,-0.0863,-0.0238,0.0365,0.0076,0.0408
555,0.540488,-0.0443,-0.2354,0.2989,0.2919,-0.0104,-0.0425,0.1666,-0.1942,0.0014,-0.2383,-0.1291,0.2371,0.5538,0.3395,-0.2870,-0.0261,-0.2097,0.1922,-0.0338,-0.2561,-0.0457,0.0016,-0.0005,0.0034,0.0272,0.0180,-0.0042,0.0002,-0.0074,0.0000,0.0000,-0.0000,-0.0270,-0.0024,-0.0002,-0.0026,-0.0106,-0.0522,-0.6534,0.8409,-0.0213,0.0485,0.2338,0.9935,0.0000,0.1138,-0.1138,0.0020,0.9935,0.0611,0.0119,0.1472,-0.0895,0.0232,0.1457,-0.0895,0.0232,0.1457,0.0900,0.0098,0.1475,-0.1304,0.0293,0.0892,0.1290,0.0036,0.0897,0.0427,0.0101,-0.1873,-0.1015,0.0089,-0.1871,-0.0001,0.0021,0.0697,0.0521,0.0215,-0.0635,-0.0708,0.0132,-0.0684,0.0527,0.0298,-0.0863,-0.0763,0.0164,-0.0871,0.5405,-0.0192,0.0774,0.0029,0.0265,-0.1574,-0.0106,0.0382,0.0327,0.0488,-0.0112,-0.0083,-0.0430,-0.1240,0.0089,-0.0125,0.0299,-0.0070,-0.0142,0.0231,0.0273,-0.0141
556,0.541463,-0.0443,-0.2354,0.2990,0.2923,-0.0101,-0.0425,0.1666,-0.1944,0.0014,-0.2383,-0.1291,0.2368,0.5537,0.3395,-0.2870,-0.0262,-0.2101,0.1898,-0.0323,-0.2563,-0.0457,0.0058,-0.0003,0.0015,0.0139,0.0145,-0.0012,-0.0004,-0.0054,0.0000,0.0001,-0.0001,-0.0055,0.0063,-0.0001,-0.0005,0.0000,-0.0052,-0.8026,0.2067,-0.0033,-0.0109,0.2338,0.9935,0.0000,0.1137,-0.1137,0.0021,0.9935,0.0611,0.0119,0.1472,-0.0895,0.0232,0.1457,-0.0895,0.0232,0.1457,0.0900,0.0098,0.1475,-0.1304,0.0293,0.0892,0.1290,0.0036,0.0897,0.0426,0.0101,-0.1873,-0.1015,0.0089,-0.1871,-0.0001,0.0021,0.0697,0.0521,0.0215,-0.0635,-0.0708,0.0132,-0.0684,0.0527,0.0298,-0.0863,-0.0764,0.0164,-0.0871,0.5415,-0.0194,0.0745,0.0049,0.0224,-0.1511,-0.0118,0.0436,0.0349,0.0300,-0.0121,-0.0090,-0.0452,-0.1362,0.0087,-0.0141,0.0358,-0.0280,-0.0186,0.0122,0.0233,-0.0027
557,0.542439,-0.0442,-0.2354,0.2990,0.2926,-0.0098,-0.0425,0.1666,-0.1945,0.0014,-0.2383,-0.1291,0.2366,0.5538,0.3395,-0.2870,-0.0262,-0.2102,0.1842,-0.0274,-0.2564,-0.0457,0.0050,0.0000,0.0002,0.0179,0.0176,-0.0001,0.0001,-0.0024,0.0000,0.0000,-0.0001,-0.0106,0.0018,-0.0003,0.0001,0.0078,-0.0104,-1.7664,1.6380,-0.0060,-0.0026,0.2338,0.9935,-0.0000,0.1136,-0.1136,0.0022,0.9935,0.0610,0.0120,0.1472,-0.0895,0.0232,0.1457,-0.0895,0.0232,0.1457,0.0900,0.0098,0.1475,-0.1304,0.0293,0.0892,0.1290,0.0036,0.0897,0.0426,0.0101,-0.1873,-0.1016,0.0089,-0.1871,-0.0001,0.0021,0.0697,0.0521,0.0215,-0.0635,-0.0708,0.0132,-0.0684,0.0526,0.0297,-0.0863,-0.0764,0.0164,-0.0871,0.5424,-0.0351,0.0638,0.0114,-0.0024,-0.1243,-0.0179,0.0434,0.0320,0.0247,-0.0096,0.0002,-0.0557,-0.1809,0.0046,-0.0172,-0.0099,-0.0826,-0.0215,0.0341,0.0080,0.0403
558,0.543415,-0.0441,-0.2354,0.2990,0.2928,-0.0096,-0.0425,0.1666,-0.1945,0.0014,-0.2383,-0.1291,0.2365,0.5538,0.3395,-0.2870,-0.0262,-0.2106,0.1781,-0.0182,-0.2566,-0.0455,0.0012,-0.0004,0.0009,0.0225,0.0092,-0.0029,0.0008,-0.0021,0.0000,0.0001,-0.0001,-0.0186,0.0003,-0.0003,-0.0031,-0.0164,-0.0452,-1.6905,2.0129,-0.0225,0.0643,0.2338,0.9935,-0.0000,0.1134,-0.1134,0.0023,0.9935,0.0610,0.0120,0.1472,-0.0895,0.0233,0.1457,-0.0895,0.0233,0.1457,0.0900,0.0099,0.1475,-0.1304,0.0293,0.0892,0.1290,0.0037,0.0897,0.0425,0.0100,-0.1873,-0.1016,0.0089,-0.1871,-0.0001,0.0021,0.0697,0.0521,0.0214,-0.0635,-0.0708,0.0132,-0.0684,0.0526,0.0297,-0.0863,-0.0764,0.0163,-0.0871,0.5434,-0.0390,0.0711,0.0104,0.0019,-0.1258,-0.0173,0.0401,0.0301,0.0412,-0.0098,-0.0004,-0.0574,-0.1717,0.0020,-0.0159,-0.0205,-0.0658,-0.0163,0.0336,0.0124,0.0295
559,0.544390,-0.0441,-0.2354,0.2991,0.2932,-0.0093,-0.0426,0.1666,-0.1946,0.0014,-0.2383,-0.1291,0.2362,0.5538,0.3395,-0.2871,-0.0267,-0.2114,0.1779,-0.0255,-0.2568,-0.0449,0.0001,-0.0003,0.0056,0.0196,0.0162,-0.0048,0.0003,-0.0120,0.0000,0.0000,-0.0000,-0.0187,-0.0042,-0.0002,-0.0029,-0.0303,-0.0395,-0.7391,-0.1940,-0.0108,0.0194,0.2338,0.9936,-0.0000,0.1129,-0.1129,0.0024,0.9936,0.0610,0.0121,0.1472,-0.0896,0.0234,0.1457,-0.0896,0.0234,0.1457,0.0899,0.0099,0.1475,-0.1304,0.0294,0.0891,0.1290,0.0037,0.0897,0.0425,0.0099,-0.1873,-0.1017,0.0088,-0.1871,-0.0001,0.0022,0.0697,0.0521,0.0214,-0.0635,-0.0709,0.0131,-0.0684,0.0526,0.0297,-0.0863,-0.0764,0.0163,-0.0871,0.5444,-0.0198,0.0799,0.0036,0.0231,-0.1524,-0.0106,0.0428,0.0342,0.0266,-0.0124,-0.0118,-0.0436,-0.1290,0.0069,-0.0139,0.0381,-0.0180,-0.0153,0.0015,0.0245,-0.0108
560,0.545366,-0.0441,-0.2354,0.2992,0.2936,-0.0089,-0.0427,0.1666,-0.1948,0.0014,-0.2383,-0.1291,0.2359,0.5537,0.3395,-0.2871,-0.0270,-0.2119,0.1674,-0.0280,-0.2571,-0.0449,0.0030,-0.0002,0.0017,0.0229,0.0254,-0.0018,-0.0001,-0.0075,0.0000,0.0000,-0.0000,-0.0109,-0.0019,0.0001,-0.0007,-0.0015,-0.0154,-0.1716,0.0523,-0.0098,-0.0169,0.2338,0.9937,0.0000,0.1122,-0.1122,0.0026,0.9937,0.0610,0.0122,0.1472,-0.0896,0.0234,0.1456,-0.0896,0.0234,0.1456,0.0899,0.0100,0.1475,-0.1304,0.0294,0.0891,0.1289,0.0037,0.0898,0.0425,0.0098,-0.1873,-0.1017,0.0087,-0.1871,-0.0001,0.0022,0.0697,0.0520,0.0214,-0.0635,-0.0709,0.0131,-0.0685,0.0526,0.0296,-0.0863,-0.0764,0.0162,-0.0871,0.5454,-0.0187,0.0892,-0.0022,0.0275,-0.1567,-0.0059,0.0434,0.0342,0.0368,-0.0118,-0.0138,-0.0443,-0.0959,0.0057,-0.0123,0.0421,0.0251,-0.0052,-0.0026,0.0250,-0.0368
561,0.546341,-0.0439,-0.2354,0.2992,0.2939,-0.0086,-0.0427,0.1666,-0.1949,0.0014,-0.2383,-0.1291,0.2357,0.5539,0.3395,-0.2871,-0.0270,-0.2121,0.1610,-0.0334,-0.2573,-0.0454,0.0136,-0.0001,0.0003,0.0193,0.0214,-0.0002,-0.0005,-0.0085,0.0000,0.0000,-0.0000,-0.0072,0.0145,0.0001,0.0000,-0.0004,-0.0047,-0.1597,0.3344,-0.0129,-0.0346,0.2338,0.9937,0.0000,0.1117,-0.1117,0.0027,0.9937,0.0610,0.0123,0.1472,-0.0896,0.0235,0.1456,-0.0896,0.0235,0.1456,0.0899,0.0101,0.1475,-0.1304,0.0294,0.0891,0.1289,0.0038,0.0898,0.0424,0.0097,-0.1873,-0.1018,0.0086,-0.1871,-0.0001,0.0022,0.0697,0.0520,0.0213,-0.0635,-0.0709,0.0130,-0.0685,0.0526,0.0296,-0.0863,-0.0765,0.0162,-0.0871,0.5463,-0.0167,0.0901,-0.0030,0.0273,-0.1587,-0.0051,0.0423,0.0335,0.0387,-0.0114,-0.0132,-0.0415,-0.0909,0.0060,-0.0123,0.0401,0.0318,-0.0022,0.0027,0.0241,-0.0373
562,0.547317,-0.0437,-0.2354,0.2992,0.2941,-0.0084,-0.0427,0.1666,-0.1950,0.0014,-0.2383,-0.1291,0.2356,0.5541,0.3395,-0.2871,-0.0270,-0.2122,0.1594,-0.0274,-0.2574,-0.0458,0.0174,-0.0003,0.0001,0.0085,0.0113,-0.0000,-0.0005,-0.0079,0.0000,0.0001,-0.0001,-0.0099,0.0212,-0.0003,0.0003,-0.0023,-0.0079,-1.7737,1.8907,-0.0080,-0.0355,0.2338,0.9938,-0.0000,0.1114,-0.1114,0.0027,0.9938,0.0610,0.0123,0.1472,-0.0896,0.0236,0.1456,-0.0896,0.0236,0.1456,0.0899,0.0102,0.1475,-0.1304,0.0295,0.0891,0.1289,0.0039,0.0898,0.0423,0.0096,-0.1872,-0.1018,0.0085,-0.1871,-0.0001,0.0023,0.0697,0.0520,0.0214,-0.0635,-0.0709,0.0130,-0.0685,0.0525,0.0296,-0.0863,-0.0765,0.0161,-0.0871,0.5473,-0.0368,0.0776,0.0076,-0.0026,-0.1296,-0.0155,0.0389,0.0303,0.0361,-0.0086,-0.0017,-0.0489,-0.1632,0.0022,-0.0154,-0.0191,-0.0484,-0.0111,0.0382,0.0114,0.0229
563,0.548293,-0.0436,-0.2354,0.2992,0.2944,-0.0082,-0.0427,0.1666,-0.1952,0.0014,-0.2383,-0.1291,0.2355,0.5543,0.3395,-0.2871,-0.0274,-0.2128,0.1617,-0.0311,-0.2577,-0.0456,0.0032,0.0047,0.0001,0.0176,0.0112,-0.0009,0.0011,-0.0096,-0.0000,-0.0000,0.0000,-0.0148,-0.0011,-0.0001,-0.0016,-0.0417,-0.0555,-0.4399,0.2313,-0.0155,0.0331,0.2338,0.9938,0.0000,0.1110,-0.1110,0.0028,0.9938,0.0610,0.0124,0.1472,-0.0896,0.0236,0.1456,-0.0896,0.0236,0.1456,0.0899,0.0102,0.1475,-0.1304,0.0295,0.0891,0.1289,0.0039,0.0898,0.0423,0.0095,-0.1872,-0.1018,0.0084,-0.1871,-0.0001,0.0023,0.0697,0.0520,0.0213,-0.0635,-0.0709,0.0130,-0.0685,0.0525,0.0295,-0.0863,-0.0765,0.0161,-0.0871,0.5483,-0.0163,0.0941,-0.0023,0.0285,-0.1618,-0.0062,0.0408,0.0333,0.0335,-0.0120,-0.0142,-0.0415,-0.0941,0.0064,-0.0130,0.0394,0.0345,-0.0032,0.0034,0.0247,-0.0393
564,0.549268,-0.0434,-0.2353,0.2992,0.2947,-0.0078,-0.0428,0.1666,-0.1954,0.0014,-0.2383,-0.1291,0.2351,0.5543,0.3395,-0.2871,-0.0279,-0.2134,0.1593,-0.0271,-0.2579,-0.0460,0.0099,0.0006,0.0004,0.0152,0.0186,-0.0004,-0.0002,-0.0085,0.0000,0.0000,-0.0001,-0.0088,0.0080,-0.0001,-0.0003,-0.0067,-0.0114,-0.4123,0.0385,-0.0117,-0.0337,0.2338,0.9939,0.0000,0.1104,-0.1104,0.0029,0.9939,0.0610,0.0125,0.1472,-0.0896,0.0237,0.1456,-0.0896,0.0237,0.1456,0.0899,0.0103,0.1475,-0.1305,0.0295,0.0890,0.1289,0.0039,0.0898,0.0422,0.0094,-0.1872,-0.1019,0.0083,-0.1871,-0.0001,0.0023,0.0697,0.0520,0.0213,-0.0635,-0.0709,0.0129,-0.0685,0.0525,0.0295,-0.0863,-0.0765,0.0160,-0.0871,0.5493,-0.0182,0.0971,-0.0029,0.0295,-0.1627,-0.0047,0.0420,0.0340,0.0285,-0.0130,-0.0142,-0.0420,-0.0892,0.0052,-0.0125,0.0407,0.0399,-0.0026,-0.0034,0.0243,-0.0463
565,0.550244,-0.0432,-0.2353,0.2992,0.2949,-0.0076,-0.0428,0.1666,-0.1955,0.0014,-0.2383,-0.1291,0.2350,0.5545,0.3395,-0.2871,-0.0279,-0.2135,0.1563,-0.0222,-0.2581,-0.0465,0.0131,-0.0000,0.0000,0.0102,0.0135,-0.0001,-0.0004,-0.0087,0.0000,0.0000,-0.0001,-0.0109,0.0165,-0.0003,0.0002,-0.0018,-0.0110,-1.6469,2.0038,-0.0085,-0.0486,0.2338,0.9939,-0.0000,0.1101,-0.1101,0.0029,0.9939,0.0610,0.0125,0.1472,-0.0896,0.0237,0.1456,-0.0896,0.0237,0.1456,0.0899,0.0103,0.1475,-0.1305,0.0296,0.0890,0.1289,0.0040,0.0898,0.0422,0.0093,-0.1872,-0.1019,0.0082,-0.1871,-0.0001,0.0023,0.0697,0.0520,0.0212,-0.0635,-0.0710,0.0129,-0.0685,0.0525,0.0295,-0.0863,-0.0765,0.0159,-0.0871,0.5502,-0.0351,0.0854,0.0054,0.0032,-0.1379,-0.0148,0.0379,0.0305,0.0361,-0.0110,-0.0032,-0.0483,-0.1491,0.0017,-0.0149,-0.0157,-0.0238,-0.0061,0.0346,0.0130,0.0079
566,0.551220,-0.0431,-0.2353,0.2992,0.2950,-0.0074,-0.0428,0.1666,-0.1956,0.0014,-0.2383,-0.1291,0.2349,0.5547,0.3395,-0.2871,-0.0281,-0.2139,0.1485,-0.0206,-0.2583,-0.0469,0.0046,0.0057,0.0001,0.0151,0.0050,-0.0001,0.0004,-0.0070,0.0000,0.0000,-0.0000,-0.0027,0.0072,-0.0003,-0.0010,-0.0377,-0.0446,-1.8737,1.2426,-0.0195,0.0335,0.2338,0.9939,0.0000,0.1100,-0.1100,0.0029,0.9939,0.0610,0.0126,0.1472,-0.0896,0.0238,0.1456,-0.0896,0.0238,0.1456,0.0899,0.0104,0.1475,-0.1305,0.0296,0.0890,0.1289,0.0040,0.0898,0.0422,0.0093,-0.1872,-0.1020,0.0081,-0.1871,-0.0001,0.0024,0.0697,0.0520,0.0213,-0.0635,-0.0710,0.0128,-0.0685,0.0525,0.0295,-0.0863,-0.0766,0.0159,-0.0871,0.5512,-0.0322,0.0811,0.0056,-0.0123,-0.1309,-0.0144,0.0384,0.0284,0.0109,-0.0085,-0.0066,-0.0402,-0.1583,0.0036,-0.0162,-0.0109,-0.0390,-0.0091,0.0277,0.0072,0.0213
567,0.552195,-0.0431,-0.2353,0.2992,0.2953,-0.0072,-0.0428,0.1667,-0.1958,0.0014,-0.2383,-0.1291,0.2348,0.5548,0.3395,-0.2872,-0.0288,-0.2148,0.1463,-0.0180,-0.2587,-0.0466,0.0003,0.0010,0.0003,0.0181,0.0147,-0.0018,0.0012,-0.0075,-0.0000,-0.0001,0.0001,-0.0117,-0.0004,0.0001,-0.0014,-0.0353,-0.0525,0.3755,0.6146,-0.0200,0.0132,0.2338,0.9940,-0.0000,0.1094,-0.1094,0.0030,0.9940,0.0609,0.0126,0.1472,-0.0896,0.0238,0.1455,-0.0896,0.0238,0.1455,0.0899,0.0105,0.1475,-0.1305,0.0296,0.0890,0.1289,0.0041,0.0898,0.0421,0.0092,-0.1872,-0.1020,0.0080,-0.1871,-0.0001,0.0024,0.0697,0.0519,0.0212,-0.0635,-0.0710,0.0128,-0.0685,0.0524,0.0294,-0.0864,-0.0766,0.0158,-0.0872,0.5522,-0.0071,0.1013,-0.0124,0.0246,-0.1704,-0.0031,0.0416,0.0335,0.0122,-0.0128,-0.0173,-0.0341,-0.0624,0.0032,-0.0110,0.0525,0.0803,0.0077,-0.0058,0.0177,-0.0659
568,0.553171,-0.0428,-0.2353,0.2992,0.2956,-0.0068,-0.0428,0.1667,-0.1959,0.0014,-0.2383,-0.1291,0.2346,0.5549,0.3395,-0.2872,-0.0291,-0.2153,0.1499,-0.0140,-0.2589,-0.0470,0.0306,-0.0025,0.0001,0.0094,0.0149,-0.0004,0.0001,-0.0074,-0.0000,-0.0001,-0.0114,-0.0157,0.0204,0.0003,-0.0002,-0.0001,-0.0013,1.6725,1.6774,-0.0248,-0.1198,0.2338,0.9940,-0.0000,0.1091,-0.1091,0.0030,0.9940,0.0609,0.0127,0.1472,-0.0896,0.0239,0.1455,-0.0896,0.0239,0.1455,0.0899,0.0105,0.1475,-0.1305,0.0296,0.0890,0.1289,0.0041,0.0898,0.0420,0.0091,-0.1872,-0.1020,0.0079,-0.1871,-0.0001,0.0024,0.0697,0.0519,0.0212,-0.0635,-0.0710,0.0127,-0.0685,0.0524,0.0294,-0.0864,-0.0766,0.0158,-0.0872,0.5532,-0.0063,0.0896,-0.0159,0.0142,-0.1818,-0.0111,0.0410,0.0324,0.0078,-0.0193,-0.0137,-0.0281,-0.0706,-0.0004,-0.0011,0.0589,0.0741,0.0103,-0.0073,0.0147,-0.0604
569,0.554146,-0.0424,-0.2353,0.2992,0.2957,-0.0067,-0.0428,0.1667,-0.1960,0.0014,-0.2383,-0.1293,0.2345,0.5556,0.3395,-0.2872,-0.0290,-0.2152,0.1540,-0.0101,-0.2594,-0.0484,0.0255,-0.0008,0.0000,0.0025,0.0034,0.0000,-0.0004,-0.0024,0.0000,-0.0059,-0.0017,-0.0021,0.0371,0.0000,-0.0001,0.0059,0.0006,0.1184,-0.2684,-0.0224,-0.0517,0.2338,0.9940,-0.0000,0.1092,-0.1092,0.0030,0.9940,0.0610,0.0127,0.1472,-0.0896,0.0238,0.1455,-0.0896,0.0238,0.1455,0.0899,0.0105,0.1475,-0.1305,0.0296,0.0890,0.1289,0.0041,0.0898,0.0420,0.0091,-0.1872,-0.1021,0.0079,-0.1871,-0.0001,0.0024,0.0697,0.0519,0.0212,-0.0635,-0.0710,0.0127,-0.0685,0.0524,0.0294,-0.0864,-0.0766,0.0158,-0.0872,0.5541,-0.0147,0.1024,-0.0087,0.0269,-0.1682,-0.0005,0.0440,0.0352,0.0146,-0.0119,-0.0153,-0.0381,-0.0713,0.0028,-0.0115,0.0526,0.0677,0.0024,-0.0169,0.0216,-0.0657
570,0.555122,-0.0420,-0.2353,0.2992,0.2957,-0.0066,-0.0428,0.1667,-0.1960,0.0014,-0.2384,-0.1293,0.2344,0.5562,0.3395,-0.2872,-0.0289,-0.2153,0.1568,-0.0194,-0.2597,-0.0494,0.0189,-0.0004,0.0000,0.0023,0.0082,0.0001,-0.0002,-0.0014,0.0000,-0.0010,-0.0017,-0.0003,0.0276,-0.0002,0.0001,0.0053,-0.0015,-0.7249,-0.1661,-0.0109,-0.0564,0.2337,0.9940,-0.0000,0.1095,-0.1095,0.0028,0.9940,0.0610,0.0126,0.1472,-0.0896,0.0238,0.1456,-0.0896,0.0238,0.1456,0.0899,0.0105,0.1475,-0.1305,0.0296,0.0890,0.1289,0.0041,0.0898,0.0419,0.0091,-0.1872,-0.1021,0.0079,-0.1870,-0.0001,0.0024,0.0697,0.0519,0.0212,-0.0635,-0.0710,0.0127,-0.0685,0.0524,0.0294,-0.0864,-0.0766,0.0158,-0.0871,0.5551,-0.0200,0.0993,-0.0013,0.0319,-0.1662,-0.0050,0.0416,0.0341,0.0245,-0.0153,-0.0138,-0.0420,-0.0951,0.0051,-0.0127,0.0381,0.0347,-0.0036,-0.0079,0.0253,-0.0457
571,0.556098,-0.0418,-0.2353,0.2992,0.2958,-0.0064,-0.0428,0.1667,-0.1960,0.0014,-0.2384,-0.1293,0.2344,0.5565,0.3395,-0.2872,-0.0289,-0.2154,0.1560,-0.0188,-0.2598,-0.0500,0.0069,-0.0001,0.0000,0.0168,0.0191,0.0001,-0.0005,-0.0042,0.0000,-0.0002,-0.0006,-0.0003,0.0128,0.0001,0.0002,0.0023,-0.0147,0.3352,0.5660,-0.0111,-0.0299,0.2337,0.9940,-0.0000,0.1097,-0.1097,0.0028,0.9940,0.0610,0.0126,0.1472,-0.0896,0.0238,0.1456,-0.0896,0.0238,0.1456,0.0899,0.0104,0.1475,-0.1304,0.0296,0.0890,0.1289,0.0040,0.0898,0.0419,0.0091,-0.1872,-0.1021,0.0079,-0.1870,-0.0001,0.0024,0.0697,0.0519,0.0212,-0.0635,-0.0710,0.0127,-0.0685,0.0524,0.0294,-0.0864,-0.0766,0.0158,-0.0871,0.5561,-0.0087,0.0996,-0.0106,0.0265,-0.1709,-0.0024,0.0431,0.0343,0.0173,-0.0148,-0.0152,-0.0380,-0.0640,0.0039,-0.0108,0.0528,0.0773,0.0045,-0.0069,0.0184,-0.0652
572,0.557073,-0.0415,-0.2353,0.2992,0.2961,-0.0061,-0.0428,0.1667,-0.1961,0.0014,-0.2384,-0.1293,0.2344,0.5569,0.3395,-0.2872,-0.0288,-0.2156,0.1635,-0.0103,-0.2602,-0.0509,0.0308,-0.0000,-0.0000,0.0140,0.0168,0.0000,-0.0003,-0.0046,0.0000,0.0000,-0.0022,-0.0044,0.0424,-0.0001,-0.0001,0.0113,-0.0041,0.0677,0.1033,-0.0206,-0.0608,0.2337,0.9939,0.0000,0.1101,-0.1101,0.0028,0.9939,0.0610,0.0125,0.1472,-0.0896,0.0237,0.1456,-0.0896,0.0237,0.1456,0.0899,0.0104,0.1475,-0.1304,0.0295,0.0890,0.1289,0.0040,0.0898,0.0418,0.0091,-0.1872,-0.1022,0.0079,-0.1870,-0.0001,0.0023,0.0697,0.0518,0.0213,-0.0635,-0.0711,0.0127,-0.0685,0.0523,0.0295,-0.0863,-0.0767,0.0158,-0.0871,0.5571,-0.0152,0.0986,-0.0063,0.0261,-0.1688,-0.0020,0.0436,0.0347,0.0205,-0.0146,-0.0139,-0.0407,-0.0743,0.0040,-0.0107,0.0499,0.0642,0.0014,-0.0131,0.0200,-0.0588
573,0.558049,-0.0410,-0.2353,0.2992,0.2964,-0.0058,-0.0428,0.1666,-0.1962,0.0014,-0.2384,-0.1293,0.2343,0.5576,0.3395,-0.2872,-0.0285,-0.2156,0.1648,-0.0097,-0.2605,-0.0518,0.0216,-0.0002,-0.0000,0.0185,0.0204,0.0002,-0.0004,-0.0023,0.0000,0.0001,-0.0004,-0.0006,0.0309,0.0001,0.0001,0.0155,-0.0003,0.7651,0.7982,-0.0149,-0.0433,0.2337,0.9938,0.0000,0.1108,-0.1108,0.0027,0.9938,0.0610,0.0124,0.1472,-0.0896,0.0236,0.1456,-0.0896,0.0236,0.1456,0.0899,0.0103,0.1475,-0.1304,0.0295,0.0891,0.1289,0.0039,0.0898,0.0417,0.0092,-0.1872,-0.1023,0.0080,-0.1870,-0.0001,0.0023,0.0697,0.0518,0.0213,-0.0635,-0.0711,0.0128,-0.0684,0.0523,0.0295,-0.0863,-0.0767,0.0158,-0.0871,0.5580,-0.0049,0.0936,-0.0113,0.0203,-0.1729,-0.0046,0.0436,0.0339,0.0236,-0.0165,-0.0136,-0.0378,-0.0667,0.0031,-0.0080,0.0553,0.0728,0.0063,-0.0107,0.0174,-0.0582
574,0.559024,-0.0406,-0.2353,0.2992,0.2966,-0.0056,-0.0428,0.1666,-0.1962,0.0014,-0.2384,-0.1294,0.2343,0.5582,0.3395,-0.2872,-0.0283,-0.2156,0.1660,-0.0087,-0.2607,-0.0524,0.0333,-0.0002,-0.0000,0.0066,0.0064,0.0001,-0.0007,-0.0008,0.0000,0.0001,-0.0001,-0.0023,0.0502,-0.0001,-0.0000,0.0198,-0.0001,-0.4732,-0.1243,-0.0172,-0.0466,0.2337,0.9938,0.0000,0.1114,-0.1114,0.0026,0.9938,0.0610,0.0123,0.1472,-0.0896,0.0235,0.1456,-0.0896,0.0235,0.1456,0.0899,0.0101,0.1475,-0.1304,0.0294,0.0891,0.1290,0.0038,0.0898,0.0417,0.0093,-0.1871,-0.1023,0.0080,-0.1870,-0.0001,0.0022,0.0697,0.0518,0.0213,-0.0635,-0.0711,0.0128,-0.0684,0.0523,0.0296,-0.0863,-0.0767,0.0158,-0.0871,0.5590,-0.0245,0.0939,0.0002,0.0317,-0.1659,-0.0049,0.0439,0.0355,0.0334,-0.0166,-0.0137,-0.0466,-0.0981,0.0045,-0.0116,0.0364,0.0278,-0.0030,-0.0142,0.0267,-0.0418
575,0.560000,-0.0402,-0.2353,0.2992,0.2968,-0.0054,-0.0428,0.1666,-0.1962,0.0014,-0.2384,-0.1294,0.2343,0.5588,0.3395,-0.2872,-0.0279,-0.2156,0.1593,-0.0113,-0.2609,-0.0530,0.0100,0.0001,0.0000,0.0232,0.0238,0.0001,-0.0007,-0.0035,0.0000,0.0001,-0.0001,-0.0006,0.0144,0.0001,0.0002,0.0158,-0.0030,-0.0509,0.7747,-0.0099,-0.0240,0.2336,0.9937,-0.0000,0.1123,-0.1123,0.0025,0.9937,0.0610,0.0122,0.1472,-0.0896,0.0234,0.1457,-0.0896,0.0234,0.1457,0.0899,0.0100,0.1475,-0.1304,0.0294,0.0891,0.1289,0.0038,0.0897,0.0416,0.0094,-0.1871,-0.1024,0.0081,-0.1869,-0.0001,0.0022,0.0697,0.0518,0.0214,-0.0635,-0.0711,0.0128,-0.0684,0.0522,0.0297,-0.0863,-0.0767,0.0159,-0.0871,0.5600,-0.0148,0.0904,-0.0044,0.0303,-0.1714,-0.0061,0.0451,0.0366,0.0362,-0.0184,-0.0136,-0.0440,-0.0849,0.0047,-0.0109,0.0376,0.0460,0.0059,-0.0085,0.0243,-0.0449
576,0.560976,-0.0399,-0.2353,0.2992,0.2970,-0.0051,-0.0428,0.1666,-0.1963,0.0014,-0.2384,-0.1294,0.2343,0.5593,0.3395,-0.2872,-0.0276,-0.2157,0.1485,-0.0005,-0.2611,-0.0535,0.0263,-0.0001,-0.0000,0.0122,0.0105,0.0001,-0.0006,-0.0011,0.0000,-0.0040,-0.0001,-0.0008,0.0411,0.0001,-0.0001,0.0177,-0.0020,-0.3635,0.1734,-0.0122,-0.0294,0.2336,0.9936,-0.0000,0.1131,-0.1131,0.0024,0.9936,0.0610,0.0121,0.1472,-0.0896,0.0233,0.1457,-0.0896,0.0233,0.1457,0.0899,0.0099,0.1475,-0.1304,0.0293,0.0892,0.1290,0.0037,0.0897,0.0415,0.0094,-0.1871,-0.1024,0.0082,-0.1869,-0.0001,0.0021,0.0697,0.0518,0.0214,-0.0635,-0.0711,0.0129,-0.0684,0.0522,0.0297,-0.0863,-0.0768,0.0159,-0.0871,0.5610,-0.0259,0.0909,0.0001,0.0314,-0.1660,-0.0052,0.0459,0.0363,0.0367,-0.0157,-0.0144,-0.0456,-0.0969,0.0030,-0.0114,0.0282,0.0200,0.0064,-0.0190,0.0276,-0.0367
577,0.561951,-0.0396,-0.2353,0.2992,0.2973,-0.0049,-0.0428,0.1666,-0.1963,0.0014,-0.2385,-0.1294,0.2343,0.5598,0.3395,-0.2872,-0.0274,-0.2157,0.1509,0.0010,-0.2612,-0.0538,0.0169,-0.0002,-0.0000,0.0178,0.0170,0.0001,-0.0005,-0.0009,0.0000,-0.0008,-0.0001,-0.0002,0.0269,0.0001,-0.0001,0.0169,-0.0023,0.2013,0.0733,-0.0057,-0.0184,0.2336,0.9935,-0.0000,0.1137,-0.1137,0.0024,0.9935,0.0610,0.0119,0.1472,-0.0895,0.0232,0.1457,-0.0895,0.0232,0.1457,0.0899,0.0098,0.1475,-0.1304,0.0293,0.0892,0.1290,0.0036,0.0897,0.0415,0.0095,-0.1871,-0.1025,0.0083,-0.1869,-0.0001,0.0021,0.0697,0.0518,0.0215,-0.0634,-0.0712,0.0129,-0.0684,0.0522,0.0298,-0.0862,-0.0768,0.0159,-0.0870,0.5620,-0.0249,0.0887,-0.0034,0.0300,-0.1676,-0.0020,0.0474,0.0361,0.0260,-0.0147,-0.0135,-0.0462,-0.0852,0.0024,-0.0106,0.0379,0.0320,0.0068,-0.0228,0.0230,-0.0494
578,0.562927,-0.0392,-0.2353,0.2992,0.2976,-0.0046,-0.0428,0.1666,-0.1963,0.0014,-0.2385,-0.1294,0.2343,0.5604,0.3395,-0.2872,-0.0270,-0.2157,0.1517,0.0004,-0.2614,-0.0544,0.0239,-0.0003,-0.0000,0.0188,0.0186,0.0002,-0.0008,-0.0010,0.0000,-0.0000,-0.0001,-0.0001,0.0378,0.0002,-0.0001,0.0237,-0.0011,0.7440,-0.3586,-0.0109,-0.0327,0.2336,0.9934,-0.0000,0.1146,-0.1146,0.0023,0.9934,0.0610,0.0118,0.1472,-0.0896,0.0231,0.1457,-0.0896,0.0231,0.1457,0.0899,0.0097,0.1475,-0.1304,0.0292,0.0892,0.1290,0.0035,0.0897,0.0414,0.0096,-0.1871,-0.1025,0.0084,-0.1869,-0.0001,0.0020,0.0697,0.0517,0.0215,-0.0634,-0.0712,0.0129,-0.0684,0.0522,0.0299,-0.0862,-0.0768,0.0160,-0.0870,0.5629,-0.0235,0.0850,-0.0058,0.0284,-0.1712,-0.0004,0.0512,0.0396,0.0172,-0.0123,-0.0143,-0.0458,-0.0875,0.0017,-0.0100,0.0458,0.0299,0.0067,-0.0269,0.0236,-0.0577
579,0.563902,-0.0388,-0.2354,0.2992,0.2978,-0.0043,-0.0428,0.1666,-0.1963,0.0014,-0.2385,-0.1294,0.2343,0.5612,0.3395,-0.2872,-0.0265,-0.2157,0.1611,-0.0057,-0.2615,-0.0551,0.0227,-0.0049,0.0000,0.0112,0.0125,0.0001,-0.0010,-0.0003,0.0000,0.0001,-0.0001,-0.0001,0.0441,-0.0001,0.0001,0.0294,-0.0002,0.0783,-0.0334,-0.0092,-0.0429,0.2336,0.9933,0.0000,0.1155,-0.1155,0.0022,0.9933,0.0610,0.0117,0.1473,-0.0895,0.0230,0.1457,-0.0895,0.0230,0.1457,0.0899,0.0095,0.1475,-0.1304,0.0292,0.0892,0.1290,0.0034,0.0897,0.0413,0.0097,-0.1870,-0.1026,0.0085,-0.1869,-0.0001,0.0020,0.0697,0.0517,0.0216,-0.0634,-0.0712,0.0130,-0.0684,0.0521,0.0299,-0.0862,-0.0769,0.0161,-0.0870,0.5639,-0.0287,0.0815,0.0008,0.0331,-0.1652,-0.0035,0.0497,0.0379,0.0393,-0.0164,-0.0120,-0.0519,-0.0998,0.0037,-0.0106,0.0339,0.0095,0.0019,-0.0210,0.0261,-0.0373
580,0.564878,-0.0385,-0.2354,0.2992,0.2980,-0.0041,-0.0428,0.1666,-0.1963,0.0014,-0.2385,-0.1294,0.2343,0.5617,0.3395,-0.2872,-0.0262,-0.2157,0.1638,-0.0105,-0.2617,-0.0555,0.0168,-0.0014,-0.0000,0.0230,0.0207,0.0001,-0.0008,-0.0006,0.0000,0.0001,-0.0001,-0.0001,0.0281,0.0003,-0.0003,0.0246,-0.0002,1.8396,-1.9154,-0.0131,-0.0180,0.2335,0.9932,-0.0000,0.1161,-0.1161,0.0022,0.9932,0.0611,0.0115,0.1473,-0.0895,0.0229,0.1458,-0.0895,0.0229,0.1458,0.0900,0.0094,0.1475,-0.1304,0.0291,0.0893,0.1290,0.0033,0.0897,0.0413,0.0098,-0.1870,-0.1026,0.0086,-0.1868,-0.0001,0.0019,0.0697,0.0517,0.0216,-0.0634,-0.0712,0.0130,-0.0683,0.0521,0.0300,-0.0862,-0.0769,0.0161,-0.0870,0.5649,-0.0470,0.0626,-0.0039,0.0481,-0.1881,-0.0005,0.0609,0.0497,-0.0042,-0.0136,-0.0102,-0.0619,-0.1135,-0.0006,-0.0039,0.0359,-0.0333,0.0038,-0.0233,0.0279,-0.0867
581,0.565854,-0.0383,-0.2357,0.2992,0.2983,-0.0037,-0.0428,0.1666,-0.1963,0.0014,-0.2385,-0.1294,0.2342,0.5624,0.3395,-0.2872,-0.0257,-0.2160,0.1601,-0.0066,-0.2618,-0.0567,0.0044,-0.0256,0.0000,0.0135,0.0248,0.0001,0.0003,-0.0009,0.0000,0.0000,-0.0000,-0.0114,0.0416,0.0001,-0.0001,0.0280,-0.0272,0.2660,-0.2095,-0.0110,-0.0817,0.2335,0.9932,0.0000,0.1166,-0.1166,0.0021,0.9932,0.0611,0.0115,0.1473,-0.0895,0.0228,0.1458,-0.0895,0.0228,0.1458,0.0900,0.0093,0.1475,-0.1304,0.0291,0.0893,0.1290,0.0033,0.0897,0.0412,0.0099,-0.1870,-0.1027,0.0086,-0.1868,-0.0001,0.0019,0.0697,0.0517,0.0217,-0.0634,-0.0712,0.0130,-0.0683,0.0521,0.0300,-0.0862,-0.0769,0.0161,-0.0870,0.5659,-0.0311,0.0765,0.0013,0.0343,-0.1659,-0.0029,0.0525,0.0398,0.0397,-0.0156,-0.0119,-0.0548,-0.1060,0.0034,-0.0105,0.0327,-0.0032,0.0020,-0.0237,0.0267,-0.0356
582,0.566829,-0.0382,-0.2360,0.2992,0.2987,-0.0033,-0.0428,0.1666,-0.1963,0.0014,-0.2385,-0.1294,0.2340,0.5629,0.3395,-0.2872,-0.0253,-0.2163,0.1665,-0.0075,-0.2620,-0.0572,0.0143,-0.0057,0.0000,0.0220,0.0199,0.0001,-0.0002,-0.0009,0.0000,0.0001,-0.0001,-0.0058,0.0276,-0.0001,0.0001,0.0186,-0.0060,-0.3752,0.5464,-0.0077,-0.0092,0.2335,0.9931,-0.0000,0.1170,-0.1170,0.0020,0.9931,0.0611,0.0114,0.1473,-0.0895,0.0228,0.1458,-0.0895,0.0228,0.1458,0.0900,0.0093,0.1475,-0.1304,0.0291,0.0893,0.1290,0.0033,0.0897,0.0411,0.0099,-0.1870,-0.1028,0.0087,-0.1868,-0.0001,0.0019,0.0697,0.0517,0.0217,-0.0634,-0.0713,0.0131,-0.0683,0.0521,0.0301,-0.0861,-0.0769,0.0162,-0.0870,0.5668,-0.0297,0.0739,0.0061,0.0370,-0.1678,-0.0092,0.0513,0.0413,0.0562,-0.0201,-0.0114,-0.0557,-0.1207,0.0057,-0.0115,0.0194,-0.0172,0.0016,-0.0134,0.0324,-0.0169
583,0.567805,-0.0380,-0.2361,0.2992,0.2991,-0.0029,-0.0428,0.1666,-0.1964,0.0014,-0.2385,-0.1294,0.2340,0.5633,0.3395,-0.2872,-0.0250,-0.2164,0.1555,-0.0013,-0.2621,-0.0573,0.0092,-0.0021,0.0000,0.0262,0.0237,0.0001,0.0000,-0.0011,0.0000,-0.0071,-0.0001,-0.0010,0.0181,0.0001,-0.0001,0.0087,-0.0096,-0.2350,0.0309,-0.0026,0.0023,0.2335,0.9931,0.0000,0.1174,-0.1174,0.0021,0.9931,0.0611,0.0114,0.1473,-0.0895,0.0227,0.1458,-0.0895,0.0227,0.1458,0.0900,0.0092,0.1475,-0.1304,0.0290,0.0893,0.1290,0.0032,0.0897,0.0410,0.0100,-0.1869,-0.1029,0.0088,-0.1868,-0.0001,0.0018,0.0697,0.0516,0.0217,-0.0634,-0.0713,0.0131,-0.0683,0.0520,0.0301,-0.0861,-0.0770,0.0162,-0.0869,0.5678,-0.0360,0.0757,0.0055,0.0366,-0.1632,-0.0065,0.0511,0.0389,0.0512,-0.0175,-0.0130,-0.0556,-0.1172,0.0038,-0.0111,0.0204,-0.0204,0.0034,-0.0233,0.0315,-0.0208
584,0.568780,-0.0378,-0.2361,0.2992,0.2996,-0.0026,-0.0428,0.1666,-0.1964,0.0014,-0.2386,-0.1294,0.2339,0.5636,0.3395,-0.2872,-0.0249,-0.2166,0.1569,0.0029,-0.2621,-0.0573,0.0073,-0.0055,-0.0000,0.0272,0.0235,0.0001,-0.0000,-0.0014,0.0000,-0.0016,-0.0001,-0.0029,0.0207,-0.0003,0.0003,0.0080,-0.0167,-1.5233,1.9888,-0.0007,-0.0014,0.2335,0.9931,-0.0000,0.1176,-0.1176,0.0021,0.9931,0.0610,0.0113,0.1473,-0.0895,0.0227,0.1458,-0.0895,0.0227,0.1458,0.0900,0.0091,0.1476,-0.1304,0.0290,0.0893,0.1290,0.0032,0.0897,0.0410,0.0100,-0.1869,-0.1029,0.0088,-0.1868,-0.0001,0.0018,0.0697,0.0516,0.0217,-0.0633,-0.0713,0.0131,-0.0683,0.0520,0.0301,-0.0861,-0.0770,0.0162,-0.0869,0.5688,-0.0506,0.0696,0.0143,0.0192,-0.1429,-0.0185,0.0518,0.0400,0.0485,-0.0176,-0.0040,-0.0682,-0.1730,0.0008,-0.0161,-0.0315,-0.0757,-0.0004,0.0096,0.0229,0.0251
585,0.569756,-0.0377,-0.2362,0.2992,0.2999,-0.0022,-0.0428,0.1666,-0.1964,0.0014,-0.2386,-0.1294,0.2339,0.5639,0.3395,-0.2872,-0.0249,-0.2170,0.1483,0.0039,-0.2622,-0.0571,0.0029,-0.0027,0.0035,0.0317,0.0196,-0.0041,0.0010,-0.0023,-0.0001,-0.0002,-0.0000,-0.0116,0.0100,-0.0003,-0.0028,-0.0152,-0.0414,-1.7209,1.1947,-0.0107,0.0591,0.2334,0.9931,0.0000,0.1176,-0.1176,0.0022,0.9931,0.0610,0.0113,0.1473,-0.0895,0.0227,0.1458,-0.0895,0.0227,0.1458,0.0900,0.0092,0.1476,-0.1304,0.0291,0.0893,0.1290,0.0032,0.0898,0.0409,0.0100,-0.1869,-0.1030,0.0088,-0.1867,-0.0001,0.0018,0.0697,0.0516,0.0217,-0.0633,-0.0713,0.0131,-0.0683,0.0520,0.0301,-0.0861,-0.0770,0.0162,-0.0869,0.5698,-0.0468,0.0598,0.0154,0.0016,-0.1351,-0.0179,0.0536,0.0383,0.0183,-0.0140,-0.0065,-0.0598,-0.1909,0.0024,-0.0182,-0.0254,-0.1039,-0.0041,0.0005,0.0164,0.0469
586,0.570732,-0.0377,-0.2362,0.2994,0.3005,-0.0018,-0.0429,0.1666,-0.1965,0.0014,-0.2386,-0.1294,0.2335,0.5640,0.3395,-0.2872,-0.0252,-0.2180,0.1466,0.0073,-0.2624,-0.0561,0.0002,-0.0007,0.0120,0.0205,0.0147,-0.0050,0.0014,-0.0029,-0.0000,-0.0000,-0.0000,-0.0218,0.0009,-0.0002,-0.0016,-0.0188,-0.0614,-1.1571,-1.0576,-0.0059,0.0473,0.2334,0.9931,-0.0000,0.1172,-0.1172,0.0024,0.9931,0.0610,0.0114,0.1473,-0.0896,0.0228,0.1458,-0.0896,0.0228,0.1458,0.0899,0.0092,0.1476,-0.1304,0.0291,0.0893,0.1289,0.0032,0.0898,0.0409,0.0099,-0.1869,-0.1031,0.0087,-0.1867,-0.0001,0.0018,0.0697,0.0516,0.0217,-0.0633,-0.0714,0.0130,-0.0683,0.0519,0.0301,-0.0861,-0.0771,0.0161,-0.0869,0.5707,-0.0435,0.0544,0.0134,0.0359,-0.1626,-0.0066,0.0524,0.0398,0.0045,-0.0162,-0.0080,-0.0571,-0.1670,0.0043,-0.0124,0.0154,-0.1077,-0.0063,-0.0225,0.0264,0.0092
587,0.571707,-0.0377,-0.2362,0.2996,0.3009,-0.0014,-0.0430,0.1666,-0.1966,0.0014,-0.2386,-0.1294,0.2332,0.5639,0.3395,-0.2873,-0.0254,-0.2189,0.1452,0.0047,-0.2626,-0.0557,-0.0000,-0.0009,0.0115,0.0219,0.0226,-0.0027,0.0008,-0.0047,-0.0000,0.0000,-0.0000,-0.0253,-0.0015,-0.0002,-0.0019,-0.0049,-0.0635,-0.8870,-0.9040,-0.0093,0.0134,0.2334,0.9932,-0.0000,0.1164,-0.1164,0.0026,0.9932,0.0610,0.0115,0.1473,-0.0896,0.0229,0.1457,-0.0896,0.0229,0.1457,0.0899,0.0093,0.1476,-0.1304,0.0292,0.0892,0.1289,0.0033,0.0898,0.0408,0.0097,-0.1869,-0.1032,0.0086,-0.1867,-0.0001,0.0019,0.0697,0.0515,0.0217,-0.0634,-0.0714,0.0130,-0.0683,0.0519,0.0300,-0.0861,-0.0771,0.0161,-0.0869,0.5717,-0.0413,0.0665,0.0097,0.0373,-0.1651,-0.0066,0.0524,0.0400,0.0218,-0.0172,-0.0102,-0.0567,-0.1486,0.0037,-0.0118,0.0175,-0.0732,-0.0034,-0.0262,0.0293,-0.0066
588,0.572683,-0.0377,-0.2362,0.2998,0.3014,-0.0009,-0.0430,0.1666,-0.1967,0.0014,-0.2386,-0.1294,0.2328,0.5639,0.3395,-0.2873,-0.0255,-0.2199,0.1454,0.0066,-0.2628,-0.0555,0.0002,-0.0018,0.0088,0.0386,0.0379,-0.0003,0.0001,-0.0106,0.0000,-0.0000,-0.0000,-0.0181,-0.0003,0.0003,0.0000,-0.0069,-0.0481,1.5391,1.6437,-0.0133,0.0040,0.2334,0.9933,-0.0000,0.1158,-0.1158,0.0027,0.9933,0.0610,0.0117,0.1473,-0.0896,0.0231,0.1457,-0.0896,0.0231,0.1457,0.0899,0.0095,0.1476,-0.1304,0.0293,0.0892,0.1289,0.0034,0.0898,0.0408,0.0096,-0.1869,-0.1032,0.0085,-0.1867,-0.0001,0.0020,0.0697,0.0515,0.0217,-0.0634,-0.0714,0.0130,-0.0683,0.0519,0.0300,-0.0861,-0.0771,0.0160,-0.0870,0.5727,-0.0212,0.0734,-0.0079,0.0220,-0.1882,-0.0115,0.0474,0.0357,0.0203,-0.0251,-0.0099,-0.0428,-0.0918,-0.0027,0.0004,0.0392,0.0304,0.0159,-0.0250,0.0195,-0.0445
589,0.573659,-0.0376,-0.2365,0.2999,0.3018,-0.0005,-0.0430,0.1666,-0.1969,0.0014,-0.2388,-0.1294,0.2325,0.5644,0.3395,-0.2873,-0.0256,-0.2204,0.1496,0.0108,-0.2631,-0.0559,0.0135,-0.0180,0.0014,0.0073,0.0060,-0.0001,0.0001,-0.0070,0.0000,-0.0128,-0.0000,-0.0123,0.0386,-0.0002,-0.0002,-0.0038,-0.0046,-0.7484,-0.5023,-0.0202,-0.0355,0.2334,0.9934,0.0000,0.1148,-0.1148,0.0028,0.9934,0.0610,0.0118,0.1473,-0.0896,0.0232,0.1457,-0.0896,0.0232,0.1457,0.0899,0.0096,0.1476,-0.1304,0.0293,0.0891,0.1289,0.0034,0.0898,0.0407,0.0095,-0.1869,-0.1033,0.0083,-0.1867,-0.0001,0.0020,0.0697,0.0515,0.0216,-0.0634,-0.0714,0.0129,-0.0683,0.0519,0.0299,-0.0862,-0.0772,0.0159,-0.0870,0.5737,-0.0366,0.0785,0.0065,0.0356,-0.1680,-0.0066,0.0499,0.0392,0.0321,-0.0194,-0.0125,-0.0510,-0.1307,0.0033,-0.0110,0.0215,-0.0308,-0.0003,-0.0274,0.0299,-0.0172
590,0.574634,-0.0375,-0.2367,0.2999,0.3020,-0.0004,-0.0430,0.1666,-0.1970,0.0014,-0.2389,-0.1294,0.2323,0.5648,0.3395,-0.2873,-0.0257,-0.2207,0.1487,0.0084,-0.2633,-0.0562,0.0045,-0.0060,0.0004,0.0215,0.0208,0.0000,0.0003,-0.0098,0.0000,-0.0047,-0.0000,-0.0157,0.0131,0.0000,0.0001,-0.0150,-0.0383,0.1992,0.5623,-0.0128,-0.0072,0.2334,0.9935,-0.0000,0.1142,-0.1142,0.0027,0.9934,0.0610,0.0119,0.1473,-0.0896,0.0233,0.1456,-0.0896,0.0233,0.1456,0.0899,0.0097,0.1476,-0.1304,0.0294,0.0891,0.1289,0.0035,0.0898,0.0406,0.0094,-0.1869,-0.1033,0.0082,-0.1867,-0.0001,0.0021,0.0697,0.0515,0.0216,-0.0634,-0.0714,0.0128,-0.0683,0.0518,0.0299,-0.0862,-0.0772,0.0159,-0.0870,0.5746,-0.0181,0.0883,-0.0043,0.0327,-0.1798,-0.0040,0.0499,0.0395,0.0341,-0.0217,-0.0138,-0.0485,-0.0840,0.0017,-0.0094,0.0340,0.0412,0.0131,-0.0273,0.0260,-0.0511
591,0.575610,-0.0373,-0.2368,0.2999,0.3023,-0.0000,-0.0430,0.1666,-0.1972,0.0014,-0.2391,-0.1294,0.2319,0.5651,0.3395,-0.2873,-0.0259,-0.2212,0.1507,0.0100,-0.2636,-0.0568,0.0180,-0.0063,0.0001,0.0163,0.0177,0.0000,0.0006,-0.0100,-0.0000,-0.0072,0.0000,-0.0158,0.0254,0.0001,0.0001,-0.0120,-0.0139,0.6778,0.4989,-0.0159,-0.0337,0.2334,0.9935,-0.0000,0.1135,-0.1135,0.0028,0.9935,0.0610,0.0120,0.1473,-0.0896,0.0234,0.1456,-0.0896,0.0234,0.1456,0.0899,0.0098,0.1476,-0.1304,0.0294,0.0891,0.1289,0.0036,0.0898,0.0405,0.0092,-0.1869,-0.1034,0.0081,-0.1867,-0.0001,0.0021,0.0697,0.0515,0.0215,-0.0634,-0.0715,0.0127,-0.0683,0.0518,0.0299,-0.0862,-0.0772,0.0158,-0.0870,0.5756,-0.0127,0.0909,-0.0081,0.0262,-0.1826,-0.0025,0.0496,0.0388,0.0258,-0.0201,-0.0141,-0.0452,-0.0734,0.0010,-0.0077,0.0433,0.0574,0.0144,-0.0298,0.0226,-0.0613
592,0.576585,-0.0368,-0.2370,0.2999,0.3025,0.0003,-0.0430,0.1666,-0.1973,0.0014,-0.2392,-0.1294,0.2317,0.5655,0.3395,-0.2873,-0.0261,-0.2214,0.1542,0.0120,-0.2639,-0.0574,0.0259,-0.0056,0.0000,0.0113,0.0146,-0.0000,0.0006,-0.0111,-0.0000,-0.0047,0.0000,-0.0205,0.0358,0.0003,0.0003,-0.0057,-0.0146,1.6164,1.5733,-0.0239,-0.0616,0.2334,0.9936,-0.0000,0.1130,-0.1130,0.0028,0.9936,0.0610,0.0121,0.1472,-0.0896,0.0234,0.1456,-0.0896,0.0234,0.1456,0.0899,0.0099,0.1476,-0.1304,0.0295,0.0891,0.1289,0.0036,0.0898,0.0405,0.0091,-0.1869,-0.1035,0.0079,-0.1867,-0.0001,0.0021,0.0697,0.0514,0.0215,-0.0634,-0.0715,0.0127,-0.0683,0.0518,0.0298,-0.0862,-0.0772,0.0157,-0.0870,0.5766,-0.0151,0.0811,-0.0100,0.0165,-0.1929,-0.0104,0.0458,0.0363,0.0152,-0.0256,-0.0102,-0.0404,-0.0828,-0.0030,0.0004,0.0474,0.0512,0.0134,-0.0264,0.0176,-0.0519
593,0.577561,-0.0366,-0.2371,0.2999,0.3026,0.0004,-0.0430,0.1666,-0.1974,0.0014,-0.2394,-0.1294,0.2314,0.5662,0.3395,-0.2873,-0.0262,-0.2217,0.1632,0.0197,-0.2643,-0.0582,0.0118,-0.0165,-0.0000,0.0084,0.0066,0.0002,0.0001,-0.0053,0.0000,-0.0245,-0.0000,-0.0140,0.0366,0.0003,0.0003,-0.0023,-0.0190,1.9630,1.9042,-0.0232,-0.0283,0.2334,0.9936,0.0000,0.1129,-0.1129,0.0027,0.9936,0.0610,0.0121,0.1472,-0.0896,0.0235,0.1456,-0.0896,0.0235,0.1456,0.0899,0.0099,0.1475,-0.1304,0.0295,0.0891,0.1290,0.0037,0.0898,0.0404,0.0091,-0.1869,-0.1035,0.0079,-0.1867,-0.0001,0.0022,0.0697,0.0514,0.0215,-0.0634,-0.0715,0.0127,-0.0683,0.0518,0.0299,-0.0862,-0.0772,0.0156,-0.0870,0.5776,-0.0189,0.0765,-0.0082,0.0139,-0.1966,-0.0138,0.0456,0.0372,0.0125,-0.0289,-0.0081,-0.0410,-0.0932,-0.0044,0.0034,0.0513,0.0455,0.0097,-0.0270,0.0187,-0.0479
594,0.578537,-0.0364,-0.2373,0.2999,0.3027,0.0005,-0.0430,0.1666,-0.1975,0.0014,-0.2397,-0.1294,0.2312,0.5666,0.3395,-0.2873,-0.0262,-0.2220,0.1565,0.0117,-0.2647,-0.0588,0.0037,-0.0129,-0.0000,0.0038,0.0053,-0.0019,-0.0001,-0.0041,0.0000,-0.0200,-0.0001,-0.0148,0.0183,-0.0006,0.0001,0.0001,-0.0170,-0.0962,-0.1945,-0.0178,-0.0266,0.2334,0.9936,-0.0000,0.1127,-0.1127,0.0026,0.9936,0.0610,0.0121,0.1472,-0.0896,0.0235,0.1456,-0.0896,0.0235,0.1456,0.0899,0.0100,0.1475,-0.1304,0.0296,0.0891,0.1290,0.0037,0.0898,0.0404,0.0090,-0.1869,-0.1035,0.0078,-0.1867,-0.0001,0.0022,0.0697,0.0514,0.0215,-0.0634,-0.0715,0.0126,-0.0683,0.0517,0.0299,-0.0862,-0.0773,0.0156,-0.0870,0.5785,-0.0257,0.0951,-0.0016,0.0354,-0.1821,-0.0011,0.0490,0.0396,0.0280,-0.0212,-0.0134,-0.0506,-0.0907,0.0018,-0.0099,0.0365,0.0433,0.0062,-0.0321,0.0276,-0.0573
595,0.579512,-0.0363,-0.2375,0.2999,0.3028,0.0006,-0.0430,0.1666,-0.1976,0.0014,-0.2400,-0.1294,0.2309,0.5669,0.3395,-0.2873,-0.0262,-0.2223,0.1480,0.0058,-0.2650,-0.0595,0.0086,-0.0041,-0.0000,0.0155,0.0201,-0.0003,0.0002,-0.0062,0.0000,-0.0052,-0.0000,-0.0118,0.0109,-0.0000,0.0001,-0.0001,-0.0154,-0.2571,-0.0899,-0.0178,-0.0409,0.2334,0.9936,-0.0000,0.1126,-0.1126,0.0025,0.9936,0.0610,0.0121,0.1472,-0.0896,0.0235,0.1456,-0.0896,0.0235,0.1456,0.0899,0.0100,0.1475,-0.1304,0.0296,0.0891,0.1290,0.0037,0.0898,0.0403,0.0090,-0.1868,-0.1036,0.0078,-0.1867,-0.0001,0.0022,0.0697,0.0514,0.0215,-0.0634,-0.0715,0.0126,-0.0683,0.0517,0.0299,-0.0862,-0.0773,0.0156,-0.0870,0.5795,-0.0260,0.0960,-0.0012,0.0382,-0.1842,-0.0015,0.0498,0.0406,0.0303,-0.0221,-0.0139,-0.0506,-0.0902,0.0019,-0.0099,0.0315,0.0432,0.0090,-0.0315,0.0291,-0.0574
596,0.580488,-0.0361,-0.2375,0.2999,0.3030,0.0009,-0.0430,0.1666,-0.1977,0.0014,-0.2401,-0.1294,0.2307,0.5672,0.3395,-0.2873,-0.0262,-0.2226,0.1455,-0.0046,-0.2652,-0.0599,0.0127,-0.0007,-0.0000,0.0182,0.0214,0.0001,-0.0001,-0.0063,0.0000,-0.0089,-0.0000,-0.0062,0.0157,0.0001,0.0001,-0.0013,-0.0121,0.0145,-0.2949,-0.0187,-0.0411,0.2334,0.9936,0.0000,0.1127,-0.1127,0.0025,0.9936,0.0610,0.0121,0.1472,-0.0896,0.0235,0.1456,-0.0896,0.0235,0.1456,0.0899,0.0099,0.1475,-0.1304,0.0296,0.0891,0.1290,0.0037,0.0898,0.0403,0.0090,-0.1868,-0.1036,0.0078,-0.1867,-0.0001,0.0022,0.0697,0.0514,0.0215,-0.0634,-0.0716,0.0126,-0.0683,0.0517,0.0299,-0.0862,-0.0773,0.0156,-0.0870,0.5805,-0.0268,0.0956,-0.0027,0.0396,-0.1853,0.0018,0.0513,0.0407,0.0228,-0.0193,-0.0133,-0.0507,-0.0848,0.0023,-0.0101,0.0362,0.0468,0.0093,-0.0295,0.0268,-0.0660
597,0.581463,-0.0359,-0.2375,0.2999,0.3032,0.0012,-0.0430,0.1666,-0.1977,0.0014,-0.2402,-0.1294,0.2306,0.5675,0.3395,-0.2873,-0.0262,-0.2228,0.1422,-0.0026,-0.2655,-0.0607,0.0205,-0.0051,0.0000,0.0078,0.0114,-0.0000,0.0002,-0.0033,0.0000,-0.0034,-0.0001,-0.0066,0.0347,-0.0002,-0.0002,-0.0002,-0.0148,-1.4532,-1.4404,-0.0245,-0.0558,0.2333,0.9936,-0.0000,0.1129,-0.1129,0.0025,0.9936,0.0610,0.0121,0.1472,-0.0895,0.0234,0.1456,-0.0895,0.0234,0.1456,0.0899,0.0099,0.1475,-0.1304,0.0295,0.0891,0.1290,0.0036,0.0898,0.0402,0.0090,-0.1868,-0.1036,0.0078,-0.1866,-0.0001,0.0021,0.0697,0.0514,0.0216,-0.0634,-0.0716,0.0126,-0.0683,0.0517,0.0299,-0.0862,-0.0773,0.0156,-0.0870,0.5815,-0.0393,0.0724,0.0113,0.0437,-0.1796,-0.0021,0.0490,0.0401,-0.0066,-0.0201,-0.0048,-0.0556,-0.1442,0.0050,-0.0104,0.0246,-0.0611,-0.0080,-0.0191,0.0235,-0.0229
598,0.582439,-0.0357,-0.2376,0.2999,0.3035,0.0015,-0.0430,0.1666,-0.1978,0.0014,-0.2403,-0.1294,0.2304,0.5679,0.3395,-0.2873,-0.0262,-0.2235,0.1400,-0.0052,-0.2659,-0.0610,0.0041,-0.0009,0.0059,0.0261,0.0242,0.0001,0.0001,-0.0057,-0.0000,-0.0048,-0.0000,-0.0219,0.0081,0.0002,0.0000,0.0010,-0.0636,0.7768,0.1828,-0.0221,0.0056,0.2333,0.9936,0.0000,0.1131,-0.1131,0.0025,0.9936,0.0610,0.0121,0.1472,-0.0896,0.0234,0.1456,-0.0896,0.0234,0.1456,0.0899,0.0099,0.1475,-0.1304,0.0295,0.0891,0.1290,0.0036,0.0898,0.0401,0.0090,-0.1868,-0.1037,0.0078,-0.1866,-0.0001,0.0021,0.0697,0.0514,0.0216,-0.0634,-0.0716,0.0126,-0.0683,0.0516,0.0299,-0.0862,-0.0773,0.0156,-0.0869,0.5824,-0.0154,0.0960,-0.0100,0.0322,-0.1928,0.0019,0.0521,0.0420,0.0094,-0.0184,-0.0155,-0.0470,-0.0684,0.0014,-0.0083,0.0470,0.0695,0.0161,-0.0292,0.0216,-0.0808
599,0.583415,-0.0354,-0.2377,0.3000,0.3038,0.0019,-0.0430,0.1666,-0.1979,0.0014,-0.2403,-0.1294,0.2301,0.5683,0.3395,-0.2873,-0.0261,-0.2240,0.1459,0.0010,-0.2662,-0.0618,0.0284,-0.0130,0.0025,0.0108,0.0158,-0.0001,0.0004,-0.0058,-0.0000,-0.0025,-0.0030,-0.0093,0.0506,-0.0001,-0.0001,0.0102,0.0040,-0.1737,-0.1656,-0.0228,-0.0782,0.2333,0.9936,0.0000,0.1132,-0.1132,0.0025,0.9936,0.0610,0.0121,0.1472,-0.0896,0.0234,0.1456,-0.0896,0.0234,0.1456,0.0899,0.0099,0.1475,-0.1304,0.0295,0.0891,0.1290,0.0036,0.0898,0.0401,0.0091,-0.1868,-0.1038,0.0079,-0.1866,-0.0001,0.0021,0.0697,0.0513,0.0216,-0.0634,-0.0716,0.0126,-0.0683,0.0516,0.0299,-0.0862,-0.0774,0.0156,-0.0869,0.5834,-0.0283,0.0938,-0.0005,0.0404,-0.1851,0.0002,0.0517,0.0413,0.0324,-0.0220,-0.0128,-0.0528,-0.0907,0.0020,-0.0097,0.0302,0.0379,0.0101,-0.0321,0.0290,-0.0578
600,0.584390,-0.0350,-0.2378,0.3000,0.3041,0.0021,-0.0430,0.1666,-0.1980,0.0014,-0.2405,-0.1294,0.2300,0.5691,0.3395,-0.2873,-0.0259,-0.2239,0.1457,-0.0019,-0.2665,-0.0626,0.0195,-0.0018,0.0003,0.0144,0.0157,0.0001,0.0001,-0.0023,0.0000,-0.0092,-0.0005,-0.0012,0.0302,0.0001,-0.0003,0.0041,-0.0028,0.3693,-1.3995,-0.0112,-0.0360,0.2333,0.9935,-0.0000,0.1138,-0.1138,0.0024,0.9935,0.0610,0.0120,0.1472,-0.0895,0.0233,0.1457,-0.0895,0.0233,0.1457,0.0899,0.0098,0.1475,-0.1304,0.0295,0.0892,0.1290,0.0036,0.0898,0.0400,0.0091,-0.1868,-0.1038,0.0079,-0.1866,-0.0001,0.0021,0.0697,0.0513,0.0216,-0.0634,-0.0716,0.0126,-0.0683,0.0516,0.0300,-0.0862,-0.0774,0.0156,-0.0869,0.5844,-0.0397,0.0852,-0.0030,0.0511,-0.1882,0.0057,0.0582,0.0464,0.0090,-0.0149,-0.0117,-0.0597,-0.1037,0.0013,-0.0102,0.0338,0.0006,0.0036,-0.0358,0.0316,-0.0723
601,0.585366,-0.0347,-0.2379,0.3000,0.3044,0.0024,-0.0430,0.1666,-0.1980,0.0014,-0.2406,-0.1294,0.2300,0.5695,0.3395,-0.2873,-0.0258,-0.2241,0.1498,0.0009,-0.2667,-0.0632,0.0104,-0.0099,0.0001,0.0219,0.0273,0.0001,-0.0002,-0.0057,0.0000,-0.0026,-0.0002,-0.0085,0.0285,-0.0001,-0.0001,0.0108,-0.0238,0.0885,0.0336,-0.0143,-0.0532,0.2333,0.9935,-0.0000,0.1140,-0.1140,0.0024,0.9935,0.0610,0.0119,0.1472,-0.0895,0.0233,0.1457,-0.0895,0.0233,0.1457,0.0899,0.0097,0.1475,-0.1304,0.0295,0.0892,0.1290,0.0035,0.0898,0.0399,0.0091,-0.1868,-0.1039,0.0079,-0.1866,-0.0001,0.0021,0.0697,0.0513,0.0217,-0.0634,-0.0716,0.0126,-0.0683,0.0516,0.0300,-0.0862,-0.0774,0.0156,-0.0869,0.5854,-0.0250,0.0911,-0.0018,0.0387,-0.1883,0.0005,0.0529,0.0421,0.0292,-0.0227,-0.0123,-0.0545,-0.0869,0.0021,-0.0092,0.0336,0.0433,0.0110,-0.0322,0.0271,-0.0620
602,0.586341,-0.0344,-0.2380,0.3000,0.3048,0.0029,-0.0430,0.1666,-0.1981,0.0014,-0.2407,-0.1294,0.2298,0.5700,0.3395,-0.2873,-0.0257,-0.2244,0.1589,0.0109,-0.2669,-0.0639,0.0257,-0.0031,0.0000,0.0195,0.0193,0.0000,0.0001,-0.0041,0.0000,-0.0124,-0.0001,-0.0065,0.0379,-0.0001,-0.0001,0.0086,-0.0054,0.2354,0.3240,-0.0175,-0.0370,0.2333,0.9934,-0.0000,0.1144,-0.1144,0.0024,0.9934,0.0610,0.0119,0.1472,-0.0895,0.0232,0.1457,-0.0895,0.0232,0.1457,0.0899,0.0097,0.1475,-0.1304,0.0295,0.0892,0.1290,0.0035,0.0898,0.0398,0.0092,-0.1867,-0.1040,0.0079,-0.1865,-0.0001,0.0020,0.0697,0.0513,0.0217,-0.0634,-0.0717,0.0126,-0.0683,0.0515,0.0301,-0.0861,-0.0775,0.0156,-0.0869,0.5863,-0.0204,0.0881,-0.0023,0.0347,-0.1881,-0.0016,0.0530,0.0422,0.0349,-0.0247,-0.0117,-0.0550,-0.0868,0.0020,-0.0085,0.0357,0.0439,0.0102,-0.0334,0.0272,-0.0575
603,0.587317,-0.0339,-0.2381,0.3000,0.3051,0.0032,-0.0430,0.1666,-0.1982,0.0014,-0.2410,-0.1294,0.2296,0.5707,0.3395,-0.2873,-0.0254,-0.2244,0.1620,0.0091,-0.2672,-0.0646,0.0285,-0.0026,0.0000,0.0184,0.0180,0.0000,-0.0000,-0.0042,0.0000,-0.0137,-0.0001,-0.0089,0.0397,-0.0001,-0.0001,0.0140,-0.0014,-0.0364,-0.2118,-0.0145,-0.0343,0.2332,0.9934,-0.0000,0.1149,-0.1149,0.0023,0.9934,0.0610,0.0118,0.1472,-0.0895,0.0232,0.1457,-0.0895,0.0232,0.1457,0.0899,0.0096,0.1475,-0.1304,0.0294,0.0892,0.1290,0.0034,0.0898,0.0397,0.0092,-0.1867,-0.1041,0.0080,-0.1865,-0.0001,0.0020,0.0697,0.0512,0.0217,-0.0634,-0.0717,0.0126,-0.0683,0.0515,0.0301,-0.0861,-0.0775,0.0156,-0.0869,0.5873,-0.0305,0.0871,0.0020,0.0389,-0.1867,-0.0005,0.0532,0.0426,0.0359,-0.0239,-0.0111,-0.0575,-0.1003,0.0025,-0.0092,0.0318,0.0268,0.0055,-0.0346,0.0297,-0.0519
604,0.588293,-0.0335,-0.2381,0.3000,0.3054,0.0035,-0.0430,0.1666,-0.1982,0.0014,-0.2412,-0.1294,0.2295,0.5712,0.3395,-0.2873,-0.0253,-0.2244,0.1649,0.0064,-0.2674,-0.0650,0.0184,-0.0017,0.0000,0.0169,0.0186,0.0001,0.0000,-0.0019,0.0000,-0.0115,-0.0001,-0.0103,0.0252,0.0002,-0.0001,0.0133,-0.0046,1.3061,-0.6119,-0.0115,-0.0251,0.2332,0.9933,-0.0000,0.1154,-0.1154,0.0023,0.9933,0.0610,0.0117,0.1472,-0.0895,0.0231,0.1457,-0.0895,0.0231,0.1457,0.0899,0.0095,0.1475,-0.1304,0.0294,0.0892,0.1290,0.0034,0.0898,0.0397,0.0092,-0.1867,-0.1041,0.0080,-0.1865,-0.0001,0.0020,0.0697,0.0512,0.0217,-0.0633,-0.0717,0.0126,-0.0683,0.0514,0.0302,-0.0861,-0.0775,0.0156,-0.0869,0.5883,-0.0288,0.0791,-0.0043,0.0350,-0.1985,0.0020,0.0579,0.0473,0.0001,-0.0198,-0.0108,-0.0533,-0.0951,0.0007,-0.0063,0.0493,0.0332,0.0054,-0.0369,0.0253,-0.0784
605,0.589268,-0.0333,-0.2383,0.3000,0.3056,0.0038,-0.0430,0.1667,-0.1983,0.0014,-0.2413,-0.1294,0.2293,0.5717,0.3395,-0.2873,-0.0249,-0.2246,0.1629,0.0125,-0.2676,-0.0657,0.0148,-0.0234,0.0000,0.0070,0.0160,0.0001,0.0004,-0.0013,0.0000,-0.0048,-0.0001,-0.0194,0.0416,-0.0003,0.0003,0.0306,-0.0042,-1.4697,1.5884,-0.0188,-0.0792,0.2332,0.9933,-0.0000,0.1157,-0.1157,0.0022,0.9933,0.0611,0.0116,0.1472,-0.0895,0.0231,0.1457,-0.0895,0.0231,0.1457,0.0900,0.0095,0.1475,-0.1304,0.0294,0.0892,0.1290,0.0033,0.0897,0.0396,0.0093,-0.1867,-0.1042,0.0080,-0.1865,-0.0001,0.0019,0.0697,0.0512,0.0218,-0.0633,-0.0717,0.0126,-0.0682,0.0514,0.0302,-0.0861,-0.0775,0.0156,-0.0869,0.5893,-0.0435,0.0749,0.0139,0.0379,-0.1706,-0.0150,0.0544,0.0455,0.0594,-0.0280,-0.0061,-0.0724,-0.1534,0.0023,-0.0125,-0.0183,-0.0452,0.0076,-0.0098,0.0312,-0.0012
606,0.590244,-0.0332,-0.2385,0.3001,0.3059,0.0040,-0.0430,0.1667,-0.1983,0.0014,-0.2416,-0.1294,0.2291,0.5722,0.3395,-0.2873,-0.0248,-0.2250,0.1607,0.0150,-0.2678,-0.0656,0.0034,-0.0022,0.0084,0.0333,0.0257,-0.0011,0.0001,-0.0073,-0.0001,-0.0230,-0.0000,-0.0137,0.0109,0.0000,0.0002,-0.0095,-0.0449,0.0763,1.0540,-0.0097,0.0349,0.2332,0.9933,0.0000,0.1159,-0.1159,0.0022,0.9933,0.0611,0.0116,0.1472,-0.0895,0.0230,0.1457,-0.0895,0.0230,0.1457,0.0900,0.0094,0.1475,-0.1304,0.0294,0.0892,0.1290,0.0033,0.0897,0.0395,0.0093,-0.1867,-0.1042,0.0081,-0.1865,-0.0001,0.0019,0.0697,0.0512,0.0218,-0.0633,-0.0718,0.0126,-0.0682,0.0514,0.0302,-0.0861,-0.0776,0.0156,-0.0869,0.5902,-0.0206,0.0782,0.0005,0.0391,-0.1925,-0.0081,0.0549,0.0449,0.0550,-0.0311,-0.0115,-0.0585,-0.1033,0.0025,-0.0079,0.0222,0.0268,0.0142,-0.0327,0.0334,-0.0392
607,0.591219,-0.0330,-0.2386,0.3002,0.3063,0.0044,-0.0430,0.1667,-0.1984,0.0014,-0.2420,-0.1294,0.2287,0.5726,0.3395,-0.2873,-0.0247,-0.2254,0.1607,0.0212,-0.2679,-0.0657,0.0203,-0.0105,0.0032,0.0108,0.0128,-0.0003,0.0009,-0.0024,-0.0000,-0.0242,-0.0000,-0.0194,0.0325,-0.0002,-0.0002,0.0112,-0.0067,-0.9855,-0.4443,-0.0062,-0.0261,0.2332,0.9932,0.0000,0.1160,-0.1160,0.0022,0.9932,0.0610,0.0116,0.1472,-0.0895,0.0230,0.1457,-0.0895,0.0230,0.1457,0.0900,0.0094,0.1475,-0.1304,0.0294,0.0892,0.1290,0.0033,0.0897,0.0395,0.0093,-0.1866,-0.1043,0.0081,-0.1865,-0.0001,0.0019,0.0697,0.0511,0.0218,-0.0633,-0.0718,0.0126,-0.0682,0.0514,0.0302,-0.0861,-0.0776,0.0156,-0.0868,0.5912,-0.0374,0.0699,0.0106,0.0382,-0.1814,-0.0085,0.0553,0.0451,0.0318,-0.0249,-0.0102,-0.0583,-0.1521,0.0051,-0.0104,0.0168,-0.0481,-0.0025,-0.0316,0.0327,-0.0069
608,0.592195,-0.0327,-0.2387,0.3003,0.3066,0.0047,-0.0430,0.1667,-0.1984,0.0014,-0.2423,-0.1294,0.2284,0.5729,0.3395,-0.2873,-0.0246,-0.2258,0.1498,0.0117,-0.2681,-0.0658,0.0052,-0.0015,0.0041,0.0304,0.0266,0.0000,0.0008,-0.0021,-0.0000,-0.0111,0.0000,-0.0144,0.0078,0.0001,0.0001,0.0042,-0.0398,-0.0659,-0.1221,-0.0132,0.0231,0.2331,0.9932,0.0000,0.1161,-0.1161,0.0022,0.9932,0.0610,0.0116,0.1473,-0.0895,0.0230,0.1457,-0.0895,0.0230,0.1457,0.0899,0.0094,0.1475,-0.1304,0.0294,0.0892,0.1290,0.0033,0.0898,0.0394,0.0093,-0.1866,-0.1044,0.0081,-0.1864,-0.0001,0.0019,0.0697,0.0511,0.0218,-0.0633,-0.0718,0.0126,-0.0682,0.0513,0.0303,-0.0861,-0.0776,0.0156,-0.0868,0.5922,-0.0318,0.0855,0.0021,0.0416,-0.1904,-0.0011,0.0554,0.0443,0.0390,-0.0245,-0.0125,-0.0595,-0.1039,0.0019,-0.0091,0.0248,0.0193,0.0115,-0.0385,0.0324,-0.0503
609,0.593171,-0.0327,-0.2388,0.3003,0.3069,0.0050,-0.0430,0.1667,-0.1984,0.0014,-0.2424,-0.1294,0.2283,0.5731,0.3395,-0.2873,-0.0245,-0.2262,0.1466,0.0090,-0.2682,-0.0658,0.0132,-0.0139,0.0029,0.0149,0.0206,-0.0001,0.0009,-0.0025,0.0000,-0.0133,-0.0001,-0.0135,0.0315,-0.0003,-0.0003,0.0073,-0.0191,-1.9110,-1.8335,-0.0179,-0.0551,0.2331,0.9933,-0.0000,0.1160,-0.1160,0.0023,0.9932,0.0610,0.0116,0.1472,-0.0895,0.0231,0.1457,-0.0895,0.0231,0.1457,0.0900,0.0095,0.1475,-0.1304,0.0295,0.0892,0.1290,0.0033,0.0898,0.0394,0.0093,-0.1866,-0.1044,0.0081,-0.1864,-0.0001,0.0019,0.0697,0.0511,0.0218,-0.0633,-0.0718,0.0126,-0.0682,0.0513,0.0303,-0.0861,-0.0776,0.0156,-0.0868,0.5932,-0.0459,0.0521,0.0188,0.0416,-0.1764,-0.0030,0.0515,0.0408,-0.0053,-0.0186,0.0013,-0.0672,-0.1815,0.0067,-0.0098,0.0153,-0.1234,-0.0098,-0.0213,0.0231,0.0090
610,0.594146,-0.0325,-0.2389,0.3004,0.3075,0.0054,-0.0430,0.1667,-0.1985,0.0014,-0.2426,-0.1294,0.2278,0.5734,0.3395,-0.2873,-0.0244,-0.2271,0.1526,0.0116,-0.2686,-0.0655,0.0035,-0.0027,0.0145,0.0268,0.0207,0.0000,0.0001,-0.0056,-0.0001,-0.0030,-0.0000,-0.0403,0.0067,-0.0001,-0.0001,0.0064,-0.0872,0.0085,-0.3816,-0.0211,0.0430,0.2331,0.9933,0.0000,0.1157,-0.1157,0.0024,0.9933,0.0610,0.0117,0.1473,-0.0895,0.0231,0.1457,-0.0895,0.0231,0.1457,0.0899,0.0095,0.1475,-0.1304,0.0295,0.0892,0.1290,0.0034,0.0898,0.0393,0.0092,-0.1866,-0.1045,0.0081,-0.1864,-0.0001,0.0020,0.0697,0.0511,0.0218,-0.0633,-0.0719,0.0126,-0.0682,0.0513,0.0302,-0.0861,-0.0777,0.0156,-0.0868,0.5941,-0.0334,0.0864,0.0014,0.0433,-0.1933,0.0005,0.0558,0.0447,0.0320,-0.0233,-0.0124,-0.0605,-0.1050,0.0021,-0.0091,0.0282,0.0215,0.0100,-0.0390,0.0312,-0.0564
611,0.595122,-0.0324,-0.2391,0.3007,0.3079,0.0059,-0.0430,0.1667,-0.1987,0.0014,-0.2427,-0.1294,0.2273,0.5737,0.3395,-0.2873,-0.0243,-0.2280,0.1529,0.0100,-0.2689,-0.0659,0.0144,-0.0123,0.0049,0.0119,0.0142,-0.0000,0.0007,-0.0069,-0.0000,-0.0097,-0.0000,-0.0197,0.0255,-0.0001,-0.0000,0.0011,-0.0079,-0.3563,-0.2274,-0.0113,-0.0319,0.2331,0.9934,-0.0000,0.1151,-0.1151,0.0025,0.9933,0.0610,0.0118,0.1472,-0.0896,0.0232,0.1457,-0.0896,0.0232,0.1457,0.0899,0.0096,0.1475,-0.1304,0.0296,0.0892,0.1290,0.0034,0.0898,0.0392,0.0091,-0.1866,-0.1046,0.0080,-0.1864,-0.0001,0.0020,0.0697,0.0511,0.0218,-0.0633,-0.0719,0.0125,-0.0682,0.0513,0.0302,-0.0861,-0.0777,0.0155,-0.0868,0.5951,-0.0334,0.0882,0.0036,0.0463,-0.1931,-0.0014,0.0552,0.0452,0.0425,-0.0269,-0.0119,-0.0602,-0.1076,0.0024,-0.0092,0.0226,0.0190,0.0085,-0.0378,0.0347,-0.0502
612,0.596098,-0.0321,-0.2392,0.3007,0.3082,0.0062,-0.0430,0.1667,-0.1988,0.0014,-0.2430,-0.1294,0.2270,0.5740,0.3395,-0.2873,-0.0243,-0.2281,0.1522,0.0051,-0.2690,-0.0663,0.0142,-0.0028,0.0007,0.0245,0.0258,0.0001,0.0002,-0.0091,0.0000,-0.0172,-0.0000,-0.0164,0.0219,-0.0003,-0.0002,0.0004,-0.0086,-1.5758,-1.5044,-0.0084,-0.0242,0.2331,0.9934,-0.0000,0.1148,-0.1148,0.0025,0.9934,0.0610,0.0118,0.1472,-0.0896,0.0233,0.1457,-0.0896,0.0233,0.1457,0.0899,0.0097,0.1475,-0.1304,0.0296,0.0892,0.1290,0.0034,0.0898,0.0391,0.0090,-0.1866,-0.1047,0.0079,-0.1864,-0.0001,0.0020,0.0697,0.0510,0.0218,-0.0633,-0.0719,0.0125,-0.0682,0.0512,0.0302,-0.0861,-0.0778,0.0154,-0.0868,0.5961,-0.0437,0.0650,0.0152,0.0459,-0.1877,-0.0036,0.0532,0.0443,-0.0018,-0.0225,-0.0018,-0.0622,-0.1610,0.0066,-0.0095,0.0201,-0.0782,-0.0097,-0.0231,0.0256,-0.0136
613,0.597073,-0.0320,-0.2393,0.3008,0.3085,0.0065,-0.0430,0.1667,-0.1989,0.0014,-0.2432,-0.1294,0.2267,0.5742,0.3395,-0.2873,-0.0243,-0.2286,0.1456,0.0018,-0.2693,-0.0665,0.0055,-0.0031,0.0090,0.0264,0.0235,0.0001,0.0001,-0.0083,0.0000,-0.0075,-0.0000,-0.0305,0.0081,0.0001,0.0001,-0.0006,-0.0645,-0.0349,0.4062,-0.0260,0.0074,0.2331,0.9934,0.0000,0.1144,-0.1144,0.0025,0.9934,0.0610,0.0119,0.1472,-0.0895,0.0234,0.1457,-0.0895,0.0234,0.1457,0.0899,0.0098,0.1475,-0.1304,0.0297,0.0891,0.1290,0.0035,0.0898,0.0391,0.0090,-0.1866,-0.1047,0.0078,-0.1864,-0.0001,0.0021,0.0697,0.0510,0.0218,-0.0633,-0.0719,0.0125,-0.0682,0.0512,0.0302,-0.0861,-0.0778,0.0154,-0.0868,0.5971,-0.0207,0.0916,-0.0021,0.0439,-0.2013,-0.0013,0.0559,0.0464,0.0379,-0.0278,-0.0132,-0.0574,-0.0898,0.0025,-0.0087,0.0275,0.0507,0.0162,-0.0341,0.0322,-0.0635
614,0.598049,-0.0318,-0.2394,0.3009,0.3088,0.0069,-0.0430,0.1667,-0.1991,0.0014,-0.2435,-0.1294,0.2261,0.5745,0.3395,-0.2873,-0.0243,-0.2292,0.1377,0.0070,-0.2696,-0.0672,0.0209,-0.0129,0.0040,0.0098,0.0152,-0.0000,0.0011,-0.0092,-0.0000,-0.0207,0.0000,-0.0225,0.0310,0.0001,-0.0001,-0.0039,-0.0045,0.0224,0.0014,-0.0164,-0.0554,0.2331,0.9935,0.0000,0.1138,-0.1138,0.0025,0.9935,0.0610,0.0120,0.1472,-0.0896,0.0234,0.1456,-0.0896,0.0234,0.1456,0.0899,0.0098,0.1475,-0.1304,0.0297,0.0891,0.1290,0.0035,0.0898,0.0390,0.0089,-0.1866,-0.1048,0.0077,-0.1864,-0.0001,0.0021,0.0697,0.0510,0.0217,-0.0633,-0.0720,0.0124,-0.0682,0.0512,0.0301,-0.0861,-0.0778,0.0153,-0.0868,0.5980,-0.0254,0.0964,-0.0027,0.0423,-0.2020,0.0021,0.0553,0.0464,0.0261,-0.0253,-0.0128,-0.0563,-0.0857,0.0010,-0.0088,0.0289,0.0529,0.0169,-0.0402,0.0302,-0.0699
615,0.599024,-0.0314,-0.2395,0.3009,0.3089,0.0071,-0.0430,0.1667,-0.1992,0.0014,-0.2437,-0.1294,0.2258,0.5750,0.3395,-0.2873,-0.0244,-0.2293,0.1357,0.0090,-0.2698,-0.0678,0.0243,-0.0069,0.0009,0.0081,0.0117,0.0000,0.0007,-0.0070,0.0000,-0.0137,-0.0000,-0.0171,0.0337,0.0001,-0.0001,-0.0029,-0.0084,0.0164,0.0432,-0.0176,-0.0497,0.2331,0.9935,-0.0000,0.1136,-0.1136,0.0025,0.9935,0.0610,0.0121,0.1472,-0.0895,0.0235,0.1456,-0.0895,0.0235,0.1456,0.0899,0.0099,0.1475,-0.1304,0.0298,0.0891,0.1290,0.0036,0.0897,0.0389,0.0088,-0.1866,-0.1048,0.0076,-0.1864,-0.0001,0.0021,0.0697,0.0510,0.0218,-0.0634,-0.0720,0.0124,-0.0682,0.0511,0.0302,-0.0861,-0.0778,0.0153,-0.0868,0.5990,-0.0246,0.0974,-0.0031,0.0425,-0.2035,0.0022,0.0556,0.0470,0.0251,-0.0257,-0.0130,-0.0555,-0.0836,0.0005,-0.0088,0.0287,0.0561,0.0180,-0.0416,0.0311,-0.0719
616,0.600000,-0.0309,-0.2396,0.3010,0.3090,0.0073,-0.0430,0.1668,-0.1994,0.0014,-0.2440,-0.1294,0.2255,0.5756,0.3395,-0.2873,-0.0244,-0.2295,0.1260,0.0220,-0.2701,-0.0687,0.0224,-0.0063,0.0001,0.0074,0.0104,0.0001,0.0006,-0.0059,0.0000,-0.0146,-0.0000,-0.0152,0.0337,0.0001,-0.0001,-0.0023,-0.0145,-0.0422,0.5177,-0.0175,-0.0458,0.2331,0.9935,-0.0000,0.1135,-0.1135,0.0024,0.9935,0.0610,0.0121,0.1472,-0.0895,0.0235,0.1456,-0.0895,0.0235,0.1456,0.0900,0.0099,0.1475,-0.1304,0.0298,0.0891,0.1290,0.0036,0.0897,0.0389,0.0088,-0.1865,-0.1049,0.0075,-0.1864,-0.0001,0.0021,0.0697,0.0510,0.0217,-0.0634,-0.0720,0.0123,-0.0682,0.0511,0.0301,-0.0861,-0.0778,0.0152,-0.0868,0.6000,-0.0209,0.0976,-0.0042,0.0402,-0.2045,-0.0011,0.0555,0.0479,0.0347,-0.0275,-0.0149,-0.0532,-0.0853,-0.0008,-0.0087,0.0212,0.0550,0.0253,-0.0461,0.0341,-0.0628
617,0.600976,-0.0306,-0.2397,0.3010,0.3091,0.0074,-0.0430,0.1668,-0.1994,0.0014,-0.2443,-0.1295,0.2253,0.5761,0.3395,-0.2873,-0.0245,-0.2298,0.1157,0.0253,-0.2703,-0.0693,0.0229,-0.0016,0.0000,0.0059,0.0088,0.0001,0.0010,-0.0025,0.0000,-0.0178,-0.0011,-0.0112,0.0305,0.0001,-0.0001,-0.0064,-0.0173,-0.3227,-0.0477,-0.0139,-0.0339,0.2331,0.9935,-0.0000,0.1135,-0.1135,0.0023,0.9935,0.0610,0.0121,0.1472,-0.0895,0.0234,0.1457,-0.0895,0.0234,0.1457,0.0900,0.0099,0.1475,-0.1304,0.0298,0.0892,0.1290,0.0036,0.0897,0.0388,0.0087,-0.1865,-0.1049,0.0075,-0.1863,-0.0001,0.0021,0.0697,0.0509,0.0217,-0.0634,-0.0720,0.0123,-0.0682,0.0511,0.0301,-0.0861,-0.0779,0.0152,-0.0868,0.6010,-0.0302,0.0993,-0.0022,0.0434,-0.2048,0.0009,0.0551,0.0474,0.0263,-0.0264,-0.0153,-0.0537,-0.0898,-0.0010,-0.0087,0.0158,0.0463,0.0256,-0.0503,0.0346,-0.0679
618,0.601951,-0.0302,-0.2397,0.3010,0.3092,0.0076,-0.0430,0.1668,-0.1995,0.0014,-0.2446,-0.1295,0.2251,0.5766,0.3395,-0.2873,-0.0246,-0.2301,0.1218,0.0261,-0.2705,-0.0698,0.0165,-0.0007,-0.0000,0.0073,0.0120,0.0001,0.0007,-0.0020,0.0000,-0.0150,-0.0014,-0.0065,0.0237,-0.0000,-0.0001,-0.0075,-0.0215,-0.1019,-0.1965,-0.0110,-0.0405,0.2330,0.9935,0.0000,0.1136,-0.1136,0.0022,0.9935,0.0611,0.0121,0.1472,-0.0895,0.0234,0.1457,-0.0895,0.0234,0.1457,0.0900,0.0099,0.1475,-0.1304,0.0298,0.0892,0.1290,0.0036,0.0897,0.0387,0.0087,-0.1865,-0.1049,0.0075,-0.1863,-0.0001,0.0021,0.0697,0.0509,0.0217,-0.0634,-0.0720,0.0123,-0.0682,0.0511,0.0302,-0.0861,-0.0779,0.0152,-0.0868,0.6020,-0.0301,0.0994,-0.0032,0.0415,-0.2059,0.0028,0.0551,0.0470,0.0215,-0.0253,-0.0148,-0.0549,-0.0880,-0.0010,-0.0085,0.0215,0.0500,0.0231,-0.0511,0.0327,-0.0721
619,0.602927,-0.0300,-0.2397,0.3010,0.3093,0.0078,-0.0430,0.1668,-0.1995,0.0014,-0.2448,-0.1295,0.2250,0.5769,0.3395,-0.2873,-0.0246,-0.2304,0.1246,0.0233,-0.2708,-0.0705,0.0186,-0.0026,-0.0000,0.0120,0.0169,0.0001,0.0007,-0.0038,0.0000,-0.0141,-0.0005,-0.0081,0.0265,0.0003,-0.0001,-0.0021,-0.0174,1.6181,-0.3680,-0.0191,-0.0496,0.2330,0.9935,-0.0000,0.1137,-0.1137,0.0022,0.9935,0.0611,0.0120,0.1472,-0.0895,0.0234,0.1457,-0.0895,0.0234,0.1457,0.0900,0.0099,0.1475,-0.1303,0.0298,0.0892,0.1290,0.0036,0.0897,0.0387,0.0087,-0.1865,-0.1050,0.0075,-0.1863,-0.0001,0.0021,0.0697,0.0509,0.0218,-0.0634,-0.0720,0.0123,-0.0682,0.0510,0.0302,-0.0861,-0.0779,0.0151,-0.0868,0.6029,-0.0314,0.0925,-0.0118,0.0300,-0.2101,0.0058,0.0568,0.0480,-0.0122,-0.0184,-0.0152,-0.0502,-0.0750,-0.0034,-0.0058,0.0431,0.0550,0.0241,-0.0499,0.0238,-0.0936
620,0.603902,-0.0297,-0.2400,0.3010,0.3094,0.0080,-0.0430,0.1668,-0.1995,0.0014,-0.2450,-0.1295,0.2249,0.5777,0.3395,-0.2873,-0.0245,-0.2307,0.1359,0.0185,-0.2712,-0.0717,0.0140,-0.0221,0.0000,0.0015,0.0053,0.0001,-0.0001,-0.0015,0.0000,-0.0037,-0.0019,-0.0078,0.0510,-0.0002,0.0001,0.0132,-0.0129,-0.1543,0.0091,-0.0253,-0.0673,0.2330,0.9935,0.0000,0.1140,-0.1140,0.0020,0.9935,0.0611,0.0120,0.1472,-0.0895,0.0234,0.1457,-0.0895,0.0234,0.1457,0.0900,0.0098,0.1475,-0.1303,0.0298,0.0892,0.1290,0.0036,0.0897,0.0386,0.0087,-0.1865,-0.1050,0.0075,-0.1863,-0.0001,0.0021,0.0697,0.0509,0.0218,-0.0633,-0.0720,0.0123,-0.0682,0.0510,0.0302,-0.0861,-0.0779,0.0151,-0.0868,0.6039,-0.0281,0.0966,-0.0010,0.0437,-0.2061,0.0012,0.0561,0.0481,0.0316,-0.0279,-0.0130,-0.0582,-0.0929,0.0003,-0.0087,0.0223,0.0476,0.0187,-0.0462,0.0336,-0.0653
621,0.604878,-0.0294,-0.2402,0.3010,0.3094,0.0081,-0.0430,0.1668,-0.1996,0.0014,-0.2453,-0.1295,0.2247,0.5784,0.3395,-0.2873,-0.0244,-0.2309,0.1351,0.0127,-0.2715,-0.0724,0.0187,-0.0034,0.0000,0.0073,0.0098,0.0001,0.0007,-0.0015,0.0000,-0.0251,-0.0003,-0.0108,0.0254,-0.0002,0.0002,0.0036,-0.0075,-0.8138,0.3523,-0.0107,-0.0279,0.2330,0.9934,0.0000,0.1144,-0.1144,0.0019,0.9934,0.0611,0.0119,0.1472,-0.0895,0.0233,0.1457,-0.0895,0.0233,0.1457,0.0900,0.0098,0.1475,-0.1303,0.0297,0.0892,0.1290,0.0035,0.0897,0.0386,0.0088,-0.1865,-0.1051,0.0075,-0.1863,-0.0001,0.0020,0.0697,0.0509,0.0218,-0.0633,-0.0720,0.0123,-0.0682,0.0510,0.0303,-0.0861,-0.0779,0.0152,-0.0868,0.6049,-0.0264,0.0893,0.0041,0.0522,-0.2033,-0.0069,0.0590,0.0518,0.0615,-0.0316,-0.0141,-0.0593,-0.1141,0.0033,-0.0089,0.0075,0.0205,0.0198,-0.0394,0.0429,-0.0434
622,0.605854,-0.0291,-0.2402,0.3010,0.3097,0.0082,-0.0430,0.1668,-0.1996,0.0014,-0.2456,-0.1295,0.2246,0.5787,0.3395,-0.2873,-0.0244,-0.2310,0.1302,0.0164,-0.2716,-0.0727,0.0118,-0.0004,-0.0000,0.0169,0.0149,0.0000,0.0009,-0.0013,0.0000,-0.0333,-0.0001,-0.0112,0.0172,-0.0003,0.0003,0.0013,-0.0166,-1.7295,1.7151,-0.0069,-0.0101,0.2330,0.9934,-0.0000,0.1148,-0.1148,0.0018,0.9934,0.0611,0.0119,0.1472,-0.0895,0.0233,0.1457,-0.0895,0.0233,0.1457,0.0900,0.0097,0.1475,-0.1303,0.0297,0.0893,0.1290,0.0035,0.0897,0.0385,0.0088,-0.1865,-0.1051,0.0076,-0.1863,-0.0001,0.0020,0.0697,0.0509,0.0219,-0.0633,-0.0721,0.0123,-0.0682,0.0510,0.0303,-0.0861,-0.0779,0.0152,-0.0868,0.6059,-0.0480,0.0822,0.0118,0.0332,-0.1740,-0.0148,0.0578,0.0481,0.0548,-0.0271,-0.0070,-0.0730,-0.1557,0.0003,-0.0124,-0.0360,-0.0366,0.0215,-0.0128,0.0292,-0.0040
623,0.606829,-0.0290,-0.2402,0.3010,0.3099,0.0085,-0.0430,0.1668,-0.1996,0.0014,-0.2460,-0.1295,0.2244,0.5789,0.3395,-0.2873,-0.0244,-0.2315,0.1251,0.0212,-0.2717,-0.0726,0.0055,-0.0001,0.0019,0.0267,0.0184,-0.0000,0.0016,-0.0014,0.0000,-0.0130,-0.0000,-0.0132,0.0069,-0.0003,0.0003,-0.0168,-0.0441,-1.6341,1.6090,-0.0193,0.0366,0.2330,0.9934,0.0000,0.1150,-0.1150,0.0019,0.9934,0.0611,0.0119,0.1472,-0.0895,0.0232,0.1457,-0.0895,0.0232,0.1457,0.0900,0.0097,0.1475,-0.1303,0.0297,0.0892,0.1290,0.0035,0.0897,0.0385,0.0088,-0.1864,-0.1052,0.0076,-0.1863,-0.0001,0.0020,0.0697,0.0509,0.0219,-0.0633,-0.0721,0.0123,-0.0682,0.0510,0.0303,-0.0861,-0.0780,0.0152,-0.0868,0.6068,-0.0453,0.0831,0.0105,0.0353,-0.1783,-0.0144,0.0577,0.0480,0.0552,-0.0278,-0.0088,-0.0719,-0.1505,0.0001,-0.0122,-0.0341,-0.0320,0.0253,-0.0181,0.0317,-0.0090
624,0.607805,-0.0289,-0.2402,0.3011,0.3104,0.0090,-0.0430,0.1669,-0.1997,0.0014,-0.2463,-0.1295,0.2242,0.5790,0.3395,-0.2873,-0.0247,-0.2323,0.1259,0.0216,-0.2719,-0.0723,0.0011,-0.0009,0.0063,0.0235,0.0226,-0.0002,0.0010,-0.0052,0.0000,-0.0170,-0.0000,-0.0142,0.0004,-0.0002,0.0002,-0.0151,-0.0395,-0.6798,0.8097,-0.0062,0.0115,0.2330,0.9934,-0.0000,0.1149,-0.1149,0.0020,0.9934,0.0611,0.0119,0.1472,-0.0895,0.0233,0.1457,-0.0895,0.0233,0.1457,0.0900,0.0097,0.1475,-0.1303,0.0298,0.0892,0.1290,0.0035,0.0897,0.0384,0.0088,-0.1864,-0.1052,0.0076,-0.1862,-0.0001,0.0020,0.0697,0.0508,0.0219,-0.0633,-0.0721,0.0123,-0.0682,0.0509,0.0303,-0.0861,-0.0780,0.0152,-0.0868,0.6078,-0.0243,0.0873,0.0030,0.0515,-0.2049,-0.0080,0.0600,0.0524,0.0623,-0.0323,-0.0147,-0.0593,-0.1114,0.0017,-0.0090,0.0031,0.0226,0.0282,-0.0429,0.0432,-0.0434
625,0.608781,-0.0287,-0.2402,0.3012,0.3108,0.0093,-0.0430,0.1669,-0.1997,0.0014,-0.2467,-0.1295,0.2239,0.5792,0.3395,-0.2873,-0.0249,-0.2327,0.1161,0.0327,-0.2721,-0.0724,0.0225,-0.0001,0.0020,0.0141,0.0153,-0.0001,0.0013,-0.0021,-0.0000,-0.0258,-0.0000,-0.0124,0.0241,0.0001,-0.0001,-0.0006,-0.0104,-0.1496,0.1834,-0.0054,-0.0179,0.2329,0.9934,0.0000,0.1148,-0.1148,0.0021,0.9934,0.0611,0.0119,0.1472,-0.0895,0.0233,0.1457,-0.0895,0.0233,0.1457,0.0900,0.0097,0.1475,-0.1303,0.0298,0.0892,0.1290,0.0035,0.0897,0.0384,0.0088,-0.1864,-0.1053,0.0075,-0.1862,-0.0001,0.0020,0.0697,0.0508,0.0219,-0.0633,-0.0721,0.0122,-0.0682,0.0509,0.0303,-0.0861,-0.0780,0.0151,-0.0868,0.6088,-0.0281,0.0973,-0.0029,0.0424,-0.2097,0.0008,0.0573,0.0494,0.0324,-0.0284,-0.0150,-0.0577,-0.0920,-0.0016,-0.0080,0.0142,0.0454,0.0291,-0.0560,0.0362,-0.0660
626,0.609756,-0.0282,-0.2402,0.3012,0.3109,0.0095,-0.0430,0.1669,-0.1998,0.0014,-0.2471,-0.1295,0.2238,0.5797,0.3395,-0.2873,-0.0249,-0.2329,0.1113,0.0350,-0.2722,-0.0730,0.0283,-0.0001,0.0003,0.0069,0.0078,0.0000,0.0007,-0.0014,0.0000,-0.0181,-0.0008,-0.0041,0.0391,0.0001,-0.0001,0.0001,-0.0064,-0.0930,-0.0214,-0.0123,-0.0376,0.2329,0.9934,0.0000,0.1149,-0.1149,0.0020,0.9934,0.0611,0.0119,0.1472,-0.0895,0.0233,0.1457,-0.0895,0.0233,0.1457,0.0900,0.0097,0.1475,-0.1303,0.0298,0.0892,0.1290,0.0035,0.0897,0.0383,0.0087,-0.1864,-0.1053,0.0075,-0.1862,-0.0001,0.0020,0.0697,0.0508,0.0219,-0.0633,-0.0721,0.0122,-0.0682,0.0509,0.0303,-0.0861,-0.0780,0.0151,-0.0868,0.6098,-0.0305,0.0976,-0.0032,0.0420,-0.2102,0.0024,0.0573,0.0491,0.0277,-0.0275,-0.0151,-0.0580,-0.0908,-0.0020,-0.0079,0.0138,0.0445,0.0306,-0.0589,0.0351,-0.0696
627,0.610732,-0.0279,-0.2402,0.3012,0.3110,0.0096,-0.0430,0.1669,-0.1998,0.0014,-0.2473,-0.1296,0.2237,0.5802,0.3395,-0.2873,-0.0249,-0.2330,0.1092,0.0390,-0.2723,-0.0734,0.0270,-0.0003,0.0001,0.0037,0.0071,0.0000,0.0007,-0.0015,0.0000,-0.0183,-0.0008,-0.0064,0.0377,-0.0003,0.0003,0.0002,-0.0125,-1.8255,1.9416,-0.0100,-0.0447,0.2329,0.9934,0.0000,0.1150,-0.1150,0.0019,0.9934,0.0611,0.0119,0.1472,-0.0895,0.0233,0.1457,-0.0895,0.0233,0.1457,0.0900,0.0097,0.1475,-0.1303,0.0298,0.0892,0.1290,0.0035,0.0897,0.0382,0.0087,-0.1864,-0.1054,0.0075,-0.1862,-0.0001,0.0020,0.0697,0.0508,0.0219,-0.0633,-0.0721,0.0122,-0.0682,0.0509,0.0303,-0.0861,-0.0781,0.0151,-0.0868,0.6107,-0.0542,0.0865,0.0097,0.0240,-0.1708,-0.0150,0.0571,0.0458,0.0475,-0.0247,-0.0071,-0.0701,-0.1606,-0.0026,-0.0118,-0.0501,-0.0357,0.0325,-0.0192,0.0255,0.0016
628,0.611707,-0.0276,-0.2402,0.3012,0.3113,0.0098,-0.0430,0.1669,-0.1998,0.0014,-0.2475,-0.1296,0.2237,0.5807,0.3395,-0.2873,-0.0252,-0.2335,0.1156,0.0310,-0.2727,-0.0732,0.0064,0.0039,0.0003,0.0270,0.0153,-0.0005,0.0016,-0.0045,-0.0000,-0.0107,-0.0002,-0.0088,0.0096,-0.0000,0.0000,-0.0350,-0.0569,0.4045,-0.6649,-0.0198,0.0492,0.2329,0.9934,0.0000,0.1150,-0.1150,0.0019,0.9934,0.0611,0.0119,0.1472,-0.0895,0.0233,0.1457,-0.0895,0.0233,0.1457,0.0900,0.0097,0.1475,-0.1303,0.0298,0.0892,0.1290,0.0035,0.0897,0.0382,0.0086,-0.1864,-0.1054,0.0074,-0.1862,-0.0001,0.0020,0.0697,0.0508,0.0219,-0.0633,-0.0722,0.0122,-0.0682,0.0509,0.0303,-0.0861,-0.0781,0.0151,-0.0868,0.6117,-0.0340,0.0961,-0.0057,0.0424,-0.2121,0.0075,0.0594,0.0497,0.0096,-0.0221,-0.0149,-0.0597,-0.0893,-0.0013,-0.0081,0.0251,0.0468,0.0275,-0.0587,0.0315,-0.0865
629,0.612683,-0.0274,-0.2404,0.3012,0.3116,0.0102,-0.0430,0.1669,-0.2000,0.0014,-0.2477,-0.1296,0.2233,0.5811,0.3395,-0.2873,-0.0253,-0.2343,0.1105,0.0351,-0.2730,-0.0740,0.0158,-0.0106,0.0004,0.0074,0.0118,-0.0000,0.0004,-0.0046,-0.0000,-0.0081,-0.0008,-0.0134,0.0317,0.0002,-0.0002,0.0060,-0.0144,0.8123,-0.8565,-0.0143,-0.0488,0.2329,0.9934,0.0000,0.1146,-0.1146,0.0020,0.9934,0.0611,0.0119,0.1472,-0.0895,0.0233,0.1457,-0.0895,0.0233,0.1457,0.0900,0.0097,0.1475,-0.1303,0.0299,0.0892,0.1290,0.0035,0.0897,0.0381,0.0086,-0.1864,-0.1055,0.0073,-0.1862,-0.0001,0.0020,0.0697,0.0507,0.0219,-0.0633,-0.0722,0.0121,-0.0682,0.0508,0.0303,-0.0861,-0.0781,0.0150,-0.0868,0.6127,-0.0411,0.0950,-0.0074,0.0404,-0.2104,0.0106,0.0591,0.0478,-0.0013,-0.0200,-0.0149,-0.0592,-0.0849,-0.0022,-0.0073,0.0252,0.0414,0.0284,-0.0625,0.0281,-0.0947
630,0.613659,-0.0272,-0.2406,0.3012,0.3117,0.0104,-0.0430,0.1669,-0.2000,0.0014,-0.2478,-0.1296,0.2231,0.5818,0.3395,-0.2873,-0.0253,-0.2345,0.1155,0.0296,-0.2732,-0.0747,0.0131,-0.0152,0.0001,0.0043,0.0096,0.0001,0.0003,-0.0021,0.0000,-0.0048,-0.0003,-0.0083,0.0405,0.0003,-0.0003,0.0054,-0.0241,1.6953,-1.7280,-0.0283,-0.0799,0.2329,0.9934,-0.0000,0.1145,-0.1145,0.0018,0.9934,0.0611,0.0119,0.1472,-0.0895,0.0233,0.1457,-0.0895,0.0233,0.1457,0.0900,0.0098,0.1475,-0.1303,0.0299,0.0892,0.1290,0.0035,0.0897,0.0380,0.0085,-0.1864,-0.1055,0.0073,-0.1862,-0.0001,0.0020,0.0697,0.0507,0.0219,-0.0633,-0.0722,0.0121,-0.0682,0.0508,0.0303,-0.0861,-0.0781,0.0150,-0.0868,0.6137,-0.0521,0.0795,-0.0086,0.0533,-0.2144,0.0131,0.0654,0.0488,-0.0058,-0.0187,-0.0104,-0.0675,-0.0858,-0.0031,-0.0020,0.0284,0.0118,0.0329,-0.0592,0.0280,-0.1117
631,0.614634,-0.0270,-0.2409,0.3012,0.3118,0.0105,-0.0430,0.1670,-0.2000,0.0014,-0.2479,-0.1296,0.2230,0.5823,0.3395,-0.2873,-0.0252,-0.2349,0.1217,0.0226,-0.2736,-0.0759,0.0072,-0.0367,0.0000,0.0070,0.0153,0.0001,0.0007,-0.0025,0.0000,-0.0026,-0.0002,-0.0183,0.0611,0.0002,-0.0003,0.0125,-0.0448,1.5553,-1.6077,-0.0364,-0.0965,0.2329,0.9934,0.0000,0.1144,-0.1144,0.0017,0.9934,0.0611,0.0120,0.1472,-0.0894,0.0234,0.1457,-0.0894,0.0234,0.1457,0.0901,0.0098,0.1475,-0.1303,0.0299,0.0893,0.1290,0.0035,0.0897,0.0380,0.0085,-0.1863,-0.1056,0.0072,-0.1861,-0.0000,0.0021,0.0697,0.0507,0.0219,-0.0633,-0.0722,0.0121,-0.0682,0.0508,0.0303,-0.0861,-0.0781,0.0149,-0.0868,0.6146,-0.0492,0.0814,-0.0080,0.0538,-0.2153,0.0135,0.0647,0.0490,-0.0054,-0.0192,-0.0101,-0.0670,-0.0856,-0.0021,-0.0032,0.0320,0.0211,0.0282,-0.0566,0.0272,-0.1117
632,0.615610,-0.0270,-0.2415,0.3012,0.3120,0.0109,-0.0430,0.1670,-0.2001,0.0014,-0.2479,-0.1296,0.2226,0.5832,0.3395,-0.2873,-0.0249,-0.2357,0.1348,0.0091,-0.2741,-0.0774,0.0029,-0.0309,0.0000,0.0094,0.0181,0.0001,0.0009,-0.0027,0.0000,-0.0039,-0.0001,-0.0203,0.0418,-0.0001,0.0001,0.0116,-0.0337,0.0614,-0.0573,-0.0192,-0.0721,0.2328,0.9935,0.0000,0.1141,-0.1141,0.0016,0.9935,0.0611,0.0120,0.1472,-0.0894,0.0234,0.1457,-0.0894,0.0234,0.1457,0.0901,0.0098,0.1474,-0.1303,0.0299,0.0893,0.1290,0.0035,0.0896,0.0379,0.0085,-0.1863,-0.1056,0.0072,-0.1861,-0.0000,0.0021,0.0697,0.0507,0.0219,-0.0633,-0.0722,0.0121,-0.0681,0.0507,0.0304,-0.0861,-0.0782,0.0149,-0.0867,0.6156,-0.0260,0.0983,-0.0026,0.0476,-0.2188,0.0046,0.0596,0.0518,0.0255,-0.0300,-0.0122,-0.0630,-0.0885,0.0004,-0.0080,0.0266,0.0631,0.0199,-0.0491,0.0331,-0.0812
633,0.616585,-0.0267,-0.2419,0.3012,0.3121,0.0111,-0.0430,0.1670,-0.2001,0.0014,-0.2483,-0.1296,0.2222,0.5839,0.3395,-0.2873,-0.0248,-0.2361,0.1442,-0.0021,-0.2744,-0.0783,0.0248,-0.0087,-0.0000,0.0071,0.0101,0.0000,0.0015,-0.0022,0.0000,-0.0295,-0.0001,-0.0240,0.0323,-0.0001,0.0001,0.0062,-0.0087,0.2518,-0.3343,-0.0103,-0.0330,0.2328,0.9935,-0.0000,0.1139,-0.1139,0.0014,0.9935,0.0612,0.0120,0.1472,-0.0894,0.0234,0.1457,-0.0894,0.0234,0.1457,0.0901,0.0098,0.1474,-0.1303,0.0300,0.0893,0.1291,0.0036,0.0896,0.0378,0.0085,-0.1863,-0.1057,0.0072,-0.1861,-0.0000,0.0021,0.0697,0.0506,0.0219,-0.0633,-0.0723,0.0120,-0.0681,0.0507,0.0304,-0.0861,-0.0782,0.0149,-0.0867,0.6166,-0.0261,0.0978,-0.0026,0.0494,-0.2204,0.0070,0.0611,0.0530,0.0197,-0.0281,-0.0101,-0.0645,-0.0880,0.0020,-0.0082,0.0346,0.0666,0.0146,-0.0434,0.0315,-0.0879
634,0.617561,-0.0263,-0.2420,0.3012,0.3123,0.0113,-0.0430,0.1670,-0.2002,0.0014,-0.2486,-0.1296,0.2219,0.5843,0.3395,-0.2873,-0.0247,-0.2362,0.1430,0.0003,-0.2746,-0.0788,0.0276,-0.0078,0.0000,0.0079,0.0161,0.0001,0.0014,-0.0021,0.0000,-0.0190,-0.0000,-0.0262,0.0368,0.0003,-0.0003,0.0162,-0.0080,1.5023,-1.4007,-0.0258,-0.0531,0.2328,0.9935,0.0000,0.1140,-0.1140,0.0013,0.9935,0.0612,0.0120,0.1472,-0.0894,0.0234,0.1458,-0.0894,0.0234,0.1458,0.0901,0.0098,0.1474,-0.1303,0.0300,0.0893,0.1291,0.0035,0.0896,0.0377,0.0084,-0.1863,-0.1058,0.0072,-0.1861,-0.0000,0.0021,0.0697,0.0506,0.0219,-0.0633,-0.0723,0.0120,-0.0681,0.0507,0.0304,-0.0861,-0.0782,0.0149,-0.0867,0.6176,-0.0454,0.0805,-0.0047,0.0595,-0.2211,0.0121,0.0645,0.0521,-0.0031,-0.0213,-0.0087,-0.0667,-0.0870,0.0007,-0.0044,0.0442,0.0403,0.0158,-0.0433,0.0277,-0.1161
635,0.618537,-0.0260,-0.2422,0.3012,0.3124,0.0116,-0.0430,0.1670,-0.2002,0.0014,-0.2489,-0.1296,0.2215,0.5850,0.3395,-0.2873,-0.0243,-0.2364,0.1500,-0.0031,-0.2750,-0.0799,0.0119,-0.0378,0.0000,0.0174,0.0277,0.0001,0.0012,-0.0037,0.0000,-0.0079,-0.0000,-0.0260,0.0560,0.0002,0.0000,0.0277,-0.0258,1.1980,0.0795,-0.0405,-0.1043,0.2328,0.9935,-0.0000,0.1142,-0.1142,0.0012,0.9935,0.0612,0.0120,0.1471,-0.0894,0.0234,0.1458,-0.0894,0.0234,0.1458,0.0901,0.0098,0.1474,-0.1302,0.0300,0.0893,0.1291,0.0035,0.0896,0.0377,0.0085,-0.1863,-0.1058,0.0072,-0.1861,-0.0000,0.0021,0.0697,0.0506,0.0220,-0.0633,-0.0723,0.0120,-0.0681,0.0506,0.0304,-0.0861,-0.0782,0.0148,-0.0867,0.6185,-0.0221,0.0905,-0.0061,0.0410,-0.2228,0.0058,0.0589,0.0521,0.0156,-0.0270,-0.0107,-0.0575,-0.0759,0.0005,-0.0048,0.0523,0.0802,0.0141,-0.0423,0.0258,-0.0961
636,0.619512,-0.0257,-0.2427,0.3012,0.3127,0.0119,-0.0430,0.1670,-0.2002,0.0014,-0.2491,-0.1296,0.2211,0.5859,0.3395,-0.2873,-0.0239,-0.2367,0.1607,0.0022,-0.2754,-0.0809,0.0280,-0.0154,-0.0000,0.0083,0.0099,-0.0000,0.0005,-0.0016,0.0000,-0.0200,-0.0000,-0.0204,0.0510,-0.0001,-0.0001,0.0257,-0.0047,0.0117,-0.3605,-0.0224,-0.0479,0.2328,0.9934,-0.0000,0.1143,-0.1143,0.0011,0.9934,0.0612,0.0119,0.1471,-0.0893,0.0233,0.1458,-0.0893,0.0233,0.1458,0.0901,0.0098,0.1474,-0.1302,0.0300,0.0893,0.1291,0.0035,0.0896,0.0376,0.0085,-0.1863,-0.1059,0.0072,-0.1860,0.0000,0.0020,0.0697,0.0506,0.0220,-0.0633,-0.0723,0.0120,-0.0681,0.0506,0.0305,-0.0861,-0.0783,0.0148,-0.0867,0.6195,-0.0296,0.0935,0.0016,0.0512,-0.2207,0.0048,0.0613,0.0536,0.0331,-0.0316,-0.0082,-0.0692,-0.1024,0.0029,-0.0081,0.0308,0.0527,0.0084,-0.0429,0.0347,-0.0752
637,0.620488,-0.0252,-0.2429,0.3012,0.3128,0.0121,-0.0430,0.1670,-0.2003,0.0014,-0.2496,-0.1296,0.2207,0.5865,0.3395,-0.2873,-0.0234,-0.2368,0.1716,-0.0087,-0.2757,-0.0816,0.0231,-0.0039,0.0000,0.0124,0.0164,0.0000,0.0010,-0.0017,0.0000,-0.0254,-0.0001,-0.0275,0.0209,-0.0001,0.0001,0.0209,-0.0074,0.3205,-0.0857,-0.0075,-0.0208,0.2327,0.9934,-0.0000,0.1148,-0.1148,0.0010,0.9934,0.0612,0.0119,0.1471,-0.0893,0.0233,0.1458,-0.0893,0.0233,0.1458,0.0901,0.0097,0.1474,-0.1302,0.0300,0.0894,0.1291,0.0035,0.0896,0.0375,0.0085,-0.1862,-0.1060,0.0072,-0.1860,-0.0000,0.0020,0.0697,0.0506,0.0220,-0.0633,-0.0724,0.0120,-0.0681,0.0506,0.0305,-0.0860,-0.0783,0.0148,-0.0867,0.6205,-0.0236,0.0903,0.0005,0.0492,-0.2233,0.0042,0.0616,0.0540,0.0330,-0.0320,-0.0080,-0.0694,-0.0964,0.0045,-0.0073,0.0408,0.0669,0.0053,-0.0366,0.0322,-0.0823
638,0.621463,-0.0248,-0.2430,0.3012,0.3130,0.0124,-0.0430,0.1671,-0.2003,0.0014,-0.2500,-0.1296,0.2201,0.5871,0.3395,-0.2873,-0.0231,-0.2368,0.1677,-0.0126,-0.2759,-0.0819,0.0275,-0.0124,0.0000,0.0095,0.0124,0.0000,0.0010,-0.0015,0.0000,-0.0250,-0.0000,-0.0341,0.0344,-0.0001,-0.0003,0.0330,-0.0045,1.2916,-1.9319,-0.0265,-0.0431,0.2327,0.9933,-0.0000,0.1152,-0.1152,0.0009,0.9933,0.0612,0.0118,0.1471,-0.0893,0.0232,0.1458,-0.0893,0.0232,0.1458,0.0902,0.0096,0.1474,-0.1302,0.0300,0.0894,0.1291,0.0034,0.0896,0.0374,0.0086,-0.1862,-0.1060,0.0073,-0.1860,0.0000,0.0020,0.0697,0.0505,0.0221,-0.0633,-0.0724,0.0120,-0.0681,0.0505,0.0306,-0.0860,-0.0783,0.0148,-0.0867,0.6215,-0.0530,0.0762,-0.0002,0.0737,-0.2247,0.0119,0.0669,0.0555,0.0016,-0.0237,-0.0053,-0.0745,-0.1018,0.0024,-0.0037,0.0445,0.0211,0.0016,-0.0328,0.0276,-0.1193
639,0.622439,-0.0245,-0.2433,0.3012,0.3132,0.0126,-0.0430,0.1671,-0.2003,0.0014,-0.2503,-0.1296,0.2197,0.5876,0.3395,-0.2873,-0.0226,-0.2370,0.1683,-0.0174,-0.2763,-0.0829,0.0122,-0.0396,0.0000,0.0142,0.0266,-0.0000,0.0011,-0.0018,0.0000,-0.0100,-0.0000,-0.0298,0.0567,-0.0001,-0.0003,0.0378,-0.0255,-0.7636,-1.4980,-0.0416,-0.1118,0.2327,0.9933,0.0000,0.1155,-0.1155,0.0008,0.9933,0.0613,0.0117,0.1471,-0.0893,0.0232,0.1458,-0.0893,0.0232,0.1458,0.0902,0.0095,0.1474,-0.1302,0.0299,0.0894,0.1291,0.0033,0.0895,0.0373,0.0087,-0.1862,-0.1061,0.0074,-0.1860,0.0000,0.0019,0.0697,0.0505,0.0221,-0.0633,-0.0724,0.0120,-0.0681,0.0505,0.0306,-0.0860,-0.0783,0.0148,-0.0867,0.6224,-0.0546,0.0739,0.0128,0.0733,-0.2178,0.0042,0.0642,0.0558,0.0278,-0.0300,-0.0015,-0.0779,-0.1424,0.0072,-0.0072,0.0186,-0.0348,-0.0106,-0.0317,0.0353,-0.0532
640,0.623415,-0.0244,-0.2437,0.3013,0.3137,0.0132,-0.0430,0.1671,-0.2004,0.0014,-0.2506,-0.1296,0.2192,0.5881,0.3395,-0.2873,-0.0221,-0.2376,0.1602,-0.0204,-0.2767,-0.0832,0.0015,-0.0118,0.0091,0.0394,0.0371,0.0000,0.0007,-0.0055,-0.0000,-0.0247,0.0000,-0.0266,0.0098,0.0001,-0.0000,0.0160,-0.0427,-0.0959,-0.1223,-0.0181,0.0101,0.2327,0.9933,0.0000,0.1157,-0.1157,0.0008,0.9933,0.0613,0.0117,0.1471,-0.0893,0.0232,0.1458,-0.0893,0.0232,0.1458,0.0902,0.0095,0.1474,-0.1302,0.0300,0.0894,0.1291,0.0033,0.0896,0.0373,0.0087,-0.1862,-0.1062,0.0074,-0.1860,0.0000,0.0019,0.0697,0.0505,0.0221,-0.0633,-0.0724,0.0120,-0.0681,0.0505,0.0307,-0.0860,-0.0784,0.0149,-0.0866,0.6234,-0.0295,0.0871,0.0037,0.0588,-0.2251,0.0030,0.0640,0.0562,0.0458,-0.0340,-0.0074,-0.0731,-0.1094,0.0055,-0.0085,0.0257,0.0446,0.0074,-0.0346,0.0367,-0.0704
641,0.624390,-0.0242,-0.2439,0.3014,0.3143,0.0137,-0.0430,0.1671,-0.2004,0.0014,-0.2511,-0.1296,0.2186,0.5884,0.3395,-0.2873,-0.0217,-0.2380,0.1508,-0.0255,-0.2770,-0.0835,0.0248,-0.0104,0.0032,0.0282,0.0288,0.0001,0.0027,-0.0035,-0.0000,-0.0282,-0.0000,-0.0276,0.0273,0.0001,0.0002,0.0220,0.0011,-0.2949,0.4857,-0.0136,-0.0197,0.2327,0.9933,-0.0000,0.1158,-0.1158,0.0008,0.9933,0.0612,0.0117,0.1472,-0.0893,0.0232,0.1458,-0.0893,0.0232,0.1458,0.0902,0.0095,0.1474,-0.1302,0.0300,0.0894,0.1291,0.0033,0.0896,0.0371,0.0088,-0.1861,-0.1063,0.0075,-0.1859,-0.0000,0.0019,0.0697,0.0504,0.0222,-0.0633,-0.0725,0.0120,-0.0680,0.0504,0.0307,-0.0860,-0.0784,0.0149,-0.0866,0.6244,-0.0259,0.0828,0.0043,0.0621,-0.2203,-0.0008,0.0654,0.0571,0.0722,-0.0359,-0.0070,-0.0719,-0.1101,0.0066,-0.0081,0.0149,0.0357,0.0131,-0.0310,0.0410,-0.0561
642,0.625366,-0.0237,-0.2441,0.3014,0.3147,0.0141,-0.0430,0.1672,-0.2005,0.0014,-0.2517,-0.1296,0.2182,0.5890,0.3395,-0.2873,-0.0214,-0.2380,0.1499,-0.0179,-0.2771,-0.0837,0.0267,-0.0090,0.0005,0.0249,0.0217,0.0000,0.0018,-0.0020,-0.0000,-0.0309,-0.0000,-0.0210,0.0353,0.0001,-0.0001,0.0134,-0.0017,0.0870,0.0765,-0.0106,-0.0046,0.2326,0.9932,0.0000,0.1162,-0.1162,0.0008,0.9932,0.0612,0.0117,0.1472,-0.0893,0.0231,0.1458,-0.0893,0.0231,0.1458,0.0902,0.0095,0.1474,-0.1302,0.0300,0.0894,0.1291,0.0033,0.0896,0.0371,0.0088,-0.1861,-0.1064,0.0075,-0.1859,0.0000,0.0019,0.0697,0.0504,0.0222,-0.0633,-0.0725,0.0120,-0.0680,0.0504,0.0307,-0.0860,-0.0785,0.0149,-0.0866,0.6254,-0.0299,0.0871,0.0024,0.0563,-0.2250,0.0037,0.0647,0.0571,0.0449,-0.0324,-0.0079,-0.0725,-0.1053,0.0045,-0.0081,0.0231,0.0448,0.0123,-0.0372,0.0371,-0.0698
643,0.626341,-0.0232,-0.2443,0.3014,0.3151,0.0145,-0.0430,0.1672,-0.2005,0.0014,-0.2520,-0.1296,0.2179,0.5894,0.3395,-0.2873,-0.0211,-0.2380,0.1487,-0.0159,-0.2772,-0.0839,0.0243,-0.0144,0.0001,0.0197,0.0202,0.0000,0.0015,-0.0032,-0.0000,-0.0251,-0.0000,-0.0333,0.0333,-0.0001,0.0003,0.0259,-0.0014,-0.7429,1.8116,-0.0123,-0.0331,0.2326,0.9932,-0.0000,0.1165,-0.1165,0.0008,0.9932,0.0613,0.0116,0.1472,-0.0893,0.0231,0.1458,-0.0893,0.0231,0.1458,0.0902,0.0094,0.1474,-0.1302,0.0300,0.0894,0.1291,0.0032,0.0896,0.0370,0.0088,-0.1861,-0.1065,0.0075,-0.1859,0.0000,0.0019,0.0697,0.0504,0.0222,-0.0632,-0.0725,0.0120,-0.0680,0.0503,0.0308,-0.0860,-0.0785,0.0149,-0.0866,0.6263,-0.0356,0.0673,0.0101,0.0684,-0.2141,-0.0095,0.0635,0.0554,0.0892,-0.0385,-0.0032,-0.0769,-0.1316,0.0052,-0.0072,-0.0061,-0.0001,0.0207,-0.0192,0.0421,-0.0319
644,0.627317,-0.0229,-0.2444,0.3014,0.3154,0.0148,-0.0430,0.1672,-0.2006,0.0014,-0.2526,-0.1296,0.2175,0.5900,0.3395,-0.2873,-0.0208,-0.2381,0.1534,-0.0123,-0.2775,-0.0841,0.0119,-0.0070,0.0032,0.0469,0.0383,0.0001,0.0016,-0.0020,0.0000,-0.0467,0.0000,-0.0166,0.0163,0.0003,0.0003,0.0093,-0.0207,1.6831,1.4784,-0.0218,0.0264,0.2326,0.9932,-0.0000,0.1167,-0.1167,0.0008,0.9932,0.0613,0.0116,0.1472,-0.0893,0.0231,0.1458,-0.0893,0.0231,0.1458,0.0902,0.0094,0.1474,-0.1302,0.0301,0.0894,0.1291,0.0032,0.0896,0.0369,0.0088,-0.1861,-0.1065,0.0075,-0.1859,0.0000,0.0019,0.0697,0.0504,0.0222,-0.0632,-0.0725,0.0120,-0.0680,0.0503,0.0308,-0.0859,-0.0785,0.0148,-0.0866,0.6273,-0.0263,0.0665,-0.0002,0.0382,-0.2237,-0.0050,0.0580,0.0493,0.0507,-0.0362,-0.0031,-0.0632,-0.0991,-0.0008,0.0028,0.0403,0.0383,0.0134,-0.0331,0.0266,-0.0536
645,0.628293,-0.0227,-0.2450,0.3015,0.3159,0.0152,-0.0430,0.1672,-0.2006,0.0014,-0.2532,-0.1296,0.2169,0.5907,0.3395,-0.2873,-0.0204,-0.2384,0.1545,-0.0101,-0.2779,-0.0842,0.0102,-0.0394,0.0012,0.0186,0.0166,0.0001,0.0012,-0.0014,0.0000,-0.0299,0.0000,-0.0319,0.0522,0.0002,0.0002,0.0349,-0.0078,0.8306,0.8654,-0.0215,-0.0237,0.2326,0.9932,-0.0000,0.1166,-0.1166,0.0007,0.9932,0.0613,0.0116,0.1472,-0.0893,0.0231,0.1458,-0.0893,0.0231,0.1458,0.0902,0.0094,0.1474,-0.1302,0.0301,0.0895,0.1291,0.0032,0.0896,0.0368,0.0088,-0.1861,-0.1066,0.0076,-0.1858,0.0000,0.0019,0.0697,0.0504,0.0223,-0.0632,-0.0726,0.0120,-0.0680,0.0503,0.0309,-0.0859,-0.0786,0.0148,-0.0866,0.6283,-0.0236,0.0763,0.0007,0.0467,-0.2220,0.0004,0.0632,0.0538,0.0598,-0.0349,-0.0050,-0.0708,-0.0987,0.0020,-0.0032,0.0289,0.0440,0.0149,-0.0404,0.0334,-0.0591
646,0.629268,-0.0223,-0.2453,0.3015,0.3162,0.0155,-0.0430,0.1673,-0.2006,0.0014,-0.2537,-0.1296,0.2163,0.5915,0.3395,-0.2873,-0.0199,-0.2386,0.1649,0.0008,-0.2782,-0.0845,0.0271,-0.0167,0.0002,0.0195,0.0181,-0.0000,0.0029,-0.0017,0.0000,-0.0289,-0.0000,-0.0294,0.0439,-0.0001,-0.0001,0.0241,-0.0093,0.1076,0.1768,-0.0167,-0.0188,0.2325,0.9932,0.0000,0.1168,-0.1168,0.0007,0.9932,0.0613,0.0116,0.1472,-0.0893,0.0231,0.1459,-0.0893,0.0231,0.1459,0.0902,0.0094,0.1474,-0.1302,0.0301,0.0895,0.1291,0.0032,0.0895,0.0367,0.0089,-0.1860,-0.1067,0.0076,-0.1858,0.0000,0.0019,0.0697,0.0503,0.0223,-0.0632,-0.0726,0.0120,-0.0680,0.0503,0.0309,-0.0859,-0.0786,0.0148,-0.0866,0.6293,-0.0298,0.0843,0.0038,0.0518,-0.2247,0.0017,0.0651,0.0578,0.0535,-0.0350,-0.0069,-0.0755,-0.1169,0.0040,-0.0074,0.0212,0.0352,0.0088,-0.0440,0.0398,-0.0582
647,0.630244,-0.0219,-0.2456,0.3015,0.3166,0.0159,-0.0430,0.1673,-0.2006,0.0014,-0.2542,-0.1296,0.2158,0.5921,0.3395,-0.2873,-0.0195,-0.2387,0.1670,-0.0009,-0.2784,-0.0847,0.0227,-0.0072,0.0000,0.0206,0.0218,-0.0000,0.0019,-0.0019,0.0000,-0.0295,-0.0000,-0.0306,0.0223,-0.0001,-0.0001,0.0210,-0.0075,1.7900,1.5168,-0.0122,-0.0104,0.2325,0.9931,-0.0000,0.1170,-0.1170,0.0006,0.9931,0.0613,0.0115,0.1472,-0.0893,0.0231,0.1459,-0.0893,0.0231,0.1459,0.0902,0.0093,0.1474,-0.1302,0.0301,0.0895,0.1291,0.0032,0.0895,0.0367,0.0089,-0.1860,-0.1068,0.0076,-0.1858,0.0000,0.0019,0.0697,0.0503,0.0223,-0.0632,-0.0726,0.0120,-0.0680,0.0502,0.0309,-0.0859,-0.0787,0.0148,-0.0866,0.6302,-0.0289,0.0629,0.0015,0.0344,-0.2260,-0.0069,0.0577,0.0504,0.0477,-0.0369,-0.0010,-0.0640,-0.1089,-0.0015,0.0042,0.0418,0.0314,0.0081,-0.0353,0.0263,-0.0467
648,0.631220,-0.0217,-0.2458,0.3015,0.3168,0.0161,-0.0430,0.1673,-0.2007,0.0014,-0.2546,-0.1296,0.2154,0.5925,0.3395,-0.2873,-0.0191,-0.2389,0.1732,0.0078,-0.2786,-0.0848,0.0105,-0.0417,0.0000,0.0175,0.0099,0.0001,0.0010,-0.0009,0.0000,-0.0398,0.0000,-0.0412,0.0539,0.0003,0.0003,0.0389,-0.0186,1.6711,2.0009,-0.0378,-0.0059,0.2325,0.9931,0.0000,0.1170,-0.1170,0.0006,0.9931,0.0613,0.0115,0.1471,-0.0892,0.0231,0.1459,-0.0892,0.0231,0.1459,0.0902,0.0093,0.1474,-0.1301,0.0302,0.0895,0.1291,0.0031,0.0895,0.0366,0.0089,-0.1860,-0.1069,0.0076,-0.1858,0.0000,0.0019,0.0697,0.0503,0.0223,-0.0632,-0.0726,0.0120,-0.0680,0.0502,0.0310,-0.0859,-0.0787,0.0148,-0.0866,0.6312,-0.0322,0.0582,0.0035,0.0335,-0.2294,-0.0112,0.0586,0.0524,0.0455,-0.0407,0.0019,-0.0658,-0.1208,-0.0019,0.0052,0.0361,0.0252,0.0063,-0.0352,0.0281,-0.0372
649,0.632195,-0.0216,-0.2465,0.3015,0.3170,0.0162,-0.0430,0.1673,-0.2007,0.0014,-0.2554,-0.1296,0.2147,0.5932,0.3395,-0.2873,-0.0185,-0.2391,0.1792,0.0133,-0.2790,-0.0849,0.0019,-0.0295,0.0000,0.0060,0.0041,-0.0000,0.0006,-0.0007,0.0000,-0.0381,-0.0000,-0.0348,0.0266,-0.0002,0.0003,0.0311,-0.0108,-0.9436,0.9392,-0.0144,-0.0011,0.2325,0.9931,0.0000,0.1170,-0.1170,0.0004,0.9931,0.0613,0.0115,0.1471,-0.0892,0.0231,0.1459,-0.0892,0.0231,0.1459,0.0902,0.0093,0.1474,-0.1301,0.0302,0.0895,0.1291,0.0031,0.0895,0.0366,0.0089,-0.1860,-0.1069,0.0077,-0.1858,0.0000,0.0019,0.0697,0.0503,0.0224,-0.0632,-0.0727,0.0120,-0.0680,0.0502,0.0310,-0.0859,-0.0787,0.0148,-0.0865,0.6322,-0.0321,0.0704,0.0132,0.0640,-0.2184,-0.0117,0.0683,0.0621,0.0868,-0.0419,-0.0059,-0.0802,-0.1546,0.0075,-0.0068,-0.0020,-0.0114,0.0066,-0.0354,0.0494,-0.0236
650,0.633171,-0.0215,-0.2469,0.3016,0.3172,0.0164,-0.0430,0.1674,-0.2007,0.0014,-0.2561,-0.1296,0.2141,0.5936,0.3395,-0.2873,-0.0181,-0.2395,0.1685,0.0243,-0.2793,-0.0848,0.0123,-0.0096,0.0114,0.0252,0.0259,0.0000,0.0097,-0.0006,0.0000,-0.0401,0.0000,-0.0324,0.0084,0.0001,0.0001,0.0076,-0.0301,-0.0533,0.1824,-0.0059,0.0117,0.2325,0.9931,0.0000,0.1169,-0.1169,0.0004,0.9931,0.0613,0.0115,0.1471,-0.0892,0.0231,0.1459,-0.0892,0.0231,0.1459,0.0902,0.0093,0.1474,-0.1301,0.0303,0.0895,0.1291,0.0032,0.0895,0.0365,0.0090,-0.1860,-0.1070,0.0077,-0.1857,0.0000,0.0019,0.0697,0.0503,0.0224,-0.0632,-0.0727,0.0120,-0.0680,0.0502,0.0310,-0.0859,-0.0787,0.0148,-0.0865,0.6332,-0.0308,0.0850,0.0042,0.0495,-0.2258,-0.0012,0.0643,0.0583,0.0580,-0.0360,-0.0084,-0.0758,-0.1283,0.0034,-0.0073,0.0167,0.0272,0.0087,-0.0502,0.0442,-0.0494
651,0.634146,-0.0212,-0.2470,0.3017,0.3175,0.0167,-0.0430,0.1675,-0.2007,0.0014,-0.2565,-0.1296,0.2136,0.5937,0.3395,-0.2873,-0.0180,-0.2398,0.1653,0.0227,-0.2793,-0.0848,0.0164,-0.0089,0.0039,0.0113,0.0186,-0.0000,0.0051,-0.0030,-0.0000,-0.0284,-0.0000,-0.0475,0.0049,-0.0003,0.0003,0.0216,-0.0137,-1.9124,1.5164,-0.0027,-0.0165,0.2325,0.9932,-0.0000,0.1168,-0.1168,0.0005,0.9932,0.0613,0.0116,0.1471,-0.0892,0.0231,0.1459,-0.0892,0.0231,0.1459,0.0902,0.0094,0.1474,-0.1301,0.0303,0.0895,0.1291,0.0032,0.0895,0.0364,0.0089,-0.1860,-0.1071,0.0077,-0.1857,0.0000,0.0019,0.0697,0.0502,0.0224,-0.0632,-0.0727,0.0120,-0.0680,0.0501,0.0310,-0.0859,-0.0788,0.0147,-0.0865,0.6341,-0.0503,0.0651,0.0199,0.0528,-0.1978,-0.0174,0.0645,0.0584,0.0733,-0.0343,-0.0018,-0.0867,-0.1897,0.0043,-0.0094,-0.0305,-0.0634,0.0117,-0.0177,0.0384,0.0070
652,0.635122,-0.0210,-0.2471,0.3018,0.3178,0.0170,-0.0430,0.1676,-0.2008,0.0014,-0.2571,-0.1296,0.2130,0.5938,0.3395,-0.2873,-0.0178,-0.2402,0.1623,0.0311,-0.2795,-0.0846,0.0070,-0.0032,0.0118,0.0283,0.0151,-0.0018,0.0020,-0.0019,-0.0000,-0.0276,-0.0000,-0.0352,0.0041,-0.0003,0.0003,-0.0049,-0.0537,-1.3835,1.9807,-0.0197,0.0735,0.2325,0.9932,0.0000,0.1166,-0.1166,0.0005,0.9932,0.0613,0.0116,0.1471,-0.0892,0.0232,0.1459,-0.0892,0.0232,0.1459,0.0902,0.0094,0.1474,-0.1301,0.0304,0.0895,0.1291,0.0032,0.0895,0.0364,0.0089,-0.1859,-0.1071,0.0077,-0.1857,0.0000,0.0019,0.0697,0.0502,0.0224,-0.0632,-0.0727,0.0119,-0.0680,0.0501,0.0310,-0.0859,-0.0788,0.0147,-0.0865,0.6351,-0.0437,0.0669,0.0148,0.0647,-0.2145,-0.0168,0.0615,0.0564,0.0775,-0.0390,-0.0026,-0.0826,-0.1681,0.0020,-0.0072,-0.0225,-0.0358,0.0208,-0.0248,0.0435,-0.0128
653,0.636098,-0.0210,-0.2472,0.3022,0.3183,0.0175,-0.0431,0.1677,-0.2008,0.0014,-0.2577,-0.1296,0.2123,0.5938,0.3395,-0.2873,-0.0179,-0.2411,0.1603,0.0211,-0.2797,-0.0840,0.0008,-0.0121,0.0175,0.0297,0.0284,-0.0045,0.0037,-0.0091,-0.0000,-0.0323,0.0000,-0.0354,-0.0006,-0.0000,0.0001,-0.0060,-0.0391,-0.0924,-0.0070,-0.0124,0.0154,0.2324,0.9932,-0.0000,0.1160,-0.1160,0.0007,0.9932,0.0613,0.0117,0.1471,-0.0893,0.0233,0.1458,-0.0893,0.0233,0.1458,0.0902,0.0095,0.1474,-0.1301,0.0305,0.0894,0.1291,0.0032,0.0895,0.0364,0.0088,-0.1859,-0.1072,0.0076,-0.1857,0.0000,0.0019,0.0697,0.0502,0.0223,-0.0632,-0.0727,0.0119,-0.0680,0.0501,0.0310,-0.0859,-0.0788,0.0147,-0.0865,0.6361,-0.0309,0.0896,0.0028,0.0526,-0.2305,0.0008,0.0649,0.0593,0.0510,-0.0354,-0.0088,-0.0747,-0.1232,0.0030,-0.0074,0.0172,0.0352,0.0111,-0.0510,0.0442,-0.0591
654,0.637073,-0.0207,-0.2474,0.3024,0.3187,0.0179,-0.0432,0.1678,-0.2010,0.0014,-0.2583,-0.1296,0.2116,0.5939,0.3395,-0.2873,-0.0179,-0.2415,0.1539,0.0091,-0.2800,-0.0843,0.0208,-0.0058,0.0047,0.0180,0.0255,-0.0013,0.0062,-0.0045,0.0000,-0.0290,-0.0000,-0.0359,0.0064,0.0001,0.0001,0.0093,-0.0069,0.2647,-0.3728,-0.0114,-0.0354,0.2324,0.9933,0.0000,0.1154,-0.1154,0.0008,0.9933,0.0613,0.0118,0.1471,-0.0893,0.0234,0.1458,-0.0893,0.0234,0.1458,0.0902,0.0096,0.1474,-0.1301,0.0306,0.0894,0.1291,0.0033,0.0896,0.0363,0.0088,-0.1859,-0.1072,0.0075,-0.1857,0.0000,0.0020,0.0697,0.0502,0.0223,-0.0632,-0.0728,0.0118,-0.0680,0.0501,0.0309,-0.0859,-0.0788,0.0146,-0.0865,0.6371,-0.0324,0.0916,0.0007,0.0527,-0.2334,0.0060,0.0668,0.0607,0.0369,-0.0311,-0.0074,-0.0737,-0.1138,0.0030,-0.0070,0.0238,0.0436,0.0123,-0.0513,0.0405,-0.0735
655,0.638049,-0.0204,-0.2476,0.3024,0.3188,0.0181,-0.0432,0.1678,-0.2010,0.0014,-0.2586,-0.1296,0.2112,0.5940,0.3395,-0.2873,-0.0178,-0.2416,0.1571,0.0126,-0.2801,-0.0847,0.0202,-0.0116,0.0012,0.0053,0.0109,-0.0004,0.0030,-0.0026,-0.0000,-0.0199,-0.0000,-0.0356,0.0269,0.0002,-0.0002,0.0120,-0.0109,0.8991,-1.3132,-0.0221,-0.0475,0.2324,0.9934,-0.0000,0.1150,-0.1150,0.0008,0.9934,0.0613,0.0119,0.1471,-0.0893,0.0234,0.1458,-0.0893,0.0234,0.1458,0.0902,0.0097,0.1474,-0.1301,0.0306,0.0894,0.1291,0.0033,0.0895,0.0362,0.0087,-0.1859,-0.1073,0.0075,-0.1857,0.0000,0.0020,0.0697,0.0502,0.0223,-0.0632,-0.0728,0.0118,-0.0680,0.0500,0.0309,-0.0859,-0.0789,0.0145,-0.0865,0.6380,-0.0494,0.0848,0.0002,0.0593,-0.2304,0.0114,0.0677,0.0593,0.0088,-0.0226,-0.0061,-0.0731,-0.1162,0.0024,-0.0060,0.0306,0.0237,0.0085,-0.0487,0.0364,-0.0916
656,0.639024,-0.0202,-0.2478,0.3024,0.3189,0.0184,-0.0432,0.1679,-0.2011,0.0014,-0.2589,-0.1296,0.2106,0.5944,0.3395,-0.2873,-0.0176,-0.2419,0.1538,0.0126,-0.2804,-0.0855,0.0078,-0.0234,0.0002,0.0055,0.0173,-0.0001,0.0017,-0.0046,0.0000,-0.0103,-0.0000,-0.0354,0.0229,-0.0003,0.0002,0.0145,-0.0268,-1.6973,1.1627,-0.0223,-0.0749,0.2324,0.9934,-0.0000,0.1146,-0.1146,0.0007,0.9934,0.0613,0.0120,0.1471,-0.0893,0.0235,0.1458,-0.0893,0.0235,0.1458,0.0902,0.0098,0.1474,-0.1301,0.0307,0.0894,0.1291,0.0034,0.0895,0.0362,0.0086,-0.1859,-0.1073,0.0074,-0.1857,0.0000,0.0021,0.0697,0.0501,0.0223,-0.0632,-0.0728,0.0117,-0.0680,0.0500,0.0309,-0.0859,-0.0789,0.0145,-0.0866,0.6390,-0.0387,0.0772,0.0152,0.0684,-0.2198,-0.0131,0.0651,0.0621,0.0844,-0.0376,-0.0057,-0.0819,-0.1606,0.0051,-0.0078,-0.0191,-0.0207,0.0203,-0.0274,0.0482,-0.0237
657,0.640000,-0.0201,-0.2481,0.3025,0.3193,0.0187,-0.0432,0.1680,-0.2011,0.0014,-0.2595,-0.1296,0.2100,0.5946,0.3395,-0.2873,-0.0176,-0.2426,0.1560,0.0203,-0.2807,-0.0855,0.0086,-0.0076,0.0151,0.0198,0.0185,-0.0000,0.0100,-0.0025,0.0000,-0.0439,-0.0001,-0.0370,0.0045,-0.0002,-0.0002,-0.0162,-0.0548,-0.5037,-0.2758,-0.0060,0.0297,0.2324,0.9935,-0.0000,0.1139,-0.1139,0.0008,0.9935,0.0613,0.0121,0.1471,-0.0893,0.0236,0.1458,-0.0893,0.0236,0.1458,0.0902,0.0098,0.1474,-0.1301,0.0308,0.0894,0.1291,0.0034,0.0895,0.0361,0.0085,-0.1859,-0.1074,0.0073,-0.1857,0.0000,0.0021,0.0697,0.0501,0.0223,-0.0632,-0.0728,0.0117,-0.0680,0.0500,0.0309,-0.0859,-0.0789,0.0144,-0.0866,0.6400,-0.0312,0.0951,0.0031,0.0580,-0.2380,0.0011,0.0650,0.0614,0.0495,-0.0367,-0.0088,-0.0739,-0.1240,0.0039,-0.0075,0.0142,0.0402,0.0122,-0.0502,0.0462,-0.0644
658,0.640976,-0.0199,-0.2482,0.3027,0.3196,0.0192,-0.0432,0.1681,-0.2013,0.0014,-0.2601,-0.1296,0.2092,0.5947,0.3395,-0.2873,-0.0177,-0.2433,0.1481,0.0161,-0.2809,-0.0858,0.0156,-0.0060,0.0053,0.0167,0.0253,-0.0001,0.0051,-0.0078,-0.0000,-0.0322,-0.0000,-0.0393,0.0007,0.0001,0.0002,0.0019,-0.0180,-0.0913,0.6799,-0.0102,-0.0352,0.2324,0.9936,0.0000,0.1132,-0.1132,0.0009,0.9936,0.0613,0.0122,0.1471,-0.0893,0.0237,0.1457,-0.0893,0.0237,0.1457,0.0902,0.0100,0.1474,-0.1301,0.0309,0.0893,0.1291,0.0035,0.0895,0.0360,0.0084,-0.1859,-0.1075,0.0072,-0.1857,0.0000,0.0021,0.0697,0.0501,0.0222,-0.0632,-0.0728,0.0116,-0.0680,0.0499,0.0308,-0.0859,-0.0789,0.0143,-0.0866,0.6410,-0.0195,0.0963,-0.0013,0.0533,-0.2368,-0.0008,0.0650,0.0613,0.0601,-0.0382,-0.0101,-0.0691,-0.1073,0.0025,-0.0068,0.0157,0.0670,0.0191,-0.0507,0.0458,-0.0664
659,0.641951,-0.0195,-0.2483,0.3028,0.3198,0.0194,-0.0432,0.1682,-0.2013,0.0014,-0.2606,-0.1296,0.2088,0.5947,0.3395,-0.2873,-0.0177,-0.2435,0.1457,0.0205,-0.2810,-0.0861,0.0281,-0.0020,0.0014,0.0048,0.0098,-0.0000,0.0091,-0.0031,0.0000,-0.0430,-0.0001,-0.0410,0.0149,-0.0003,0.0003,0.0007,-0.0102,-1.8455,1.7052,-0.0131,-0.0261,0.2324,0.9936,-0.0000,0.1127,-0.1127,0.0008,0.9936,0.0613,0.0122,0.1471,-0.0893,0.0238,0.1457,-0.0893,0.0238,0.1457,0.0902,0.0100,0.1474,-0.1301,0.0309,0.0893,0.1291,0.0035,0.0895,0.0360,0.0083,-0.1859,-0.1075,0.0071,-0.1857,0.0000,0.0022,0.0697,0.0501,0.0222,-0.0632,-0.0728,0.0115,-0.0680,0.0499,0.0308,-0.0859,-0.0789,0.0142,-0.0866,0.6420,-0.0442,0.0805,0.0143,0.0556,-0.2108,-0.0155,0.0612,0.0579,0.0769,-0.0353,-0.0045,-0.0784,-0.1614,0.0032,-0.0080,-0.0269,-0.0106,0.0236,-0.0198,0.0381,-0.0181
660,0.642927,-0.0193,-0.2483,0.3029,0.3201,0.0196,-0.0432,0.1683,-0.2014,0.0014,-0.2612,-0.1296,0.2082,0.5950,0.3395,-0.2873,-0.0180,-0.2441,0.1546,0.0166,-0.2814,-0.0859,0.0064,-0.0055,0.0131,0.0267,0.0212,-0.0010,0.0063,-0.0064,0.0000,-0.0305,-0.0000,-0.0324,0.0035,-0.0001,0.0002,-0.0229,-0.0576,0.1226,0.4181,-0.0241,0.0283,0.2324,0.9937,-0.0000,0.1123,-0.1123,0.0009,0.9937,0.0613,0.0124,0.1471,-0.0893,0.0239,0.1457,-0.0893,0.0239,0.1457,0.0902,0.0101,0.1474,-0.1301,0.0310,0.0893,0.1291,0.0036,0.0895,0.0359,0.0082,-0.1859,-0.1076,0.0070,-0.1857,0.0000,0.0022,0.0697,0.0501,0.0222,-0.0632,-0.0729,0.0115,-0.0680,0.0499,0.0308,-0.0859,-0.0790,0.0142,-0.0866,0.6429,-0.0160,0.1018,-0.0037,0.0486,-0.2435,0.0015,0.0635,0.0612,0.0417,-0.0363,-0.0113,-0.0675,-0.0981,0.0023,-0.0068,0.0288,0.0895,0.0157,-0.0505,0.0422,-0.0824
661,0.643902,-0.0189,-0.2485,0.3031,0.3203,0.0200,-0.0432,0.1685,-0.2015,0.0014,-0.2618,-0.1296,0.2074,0.5951,0.3395,-0.2873,-0.0181,-0.2446,0.1552,0.0152,-0.2817,-0.0865,0.0298,-0.0038,0.0036,0.0071,0.0136,-0.0001,0.0066,-0.0029,-0.0000,-0.0308,-0.0000,-0.0345,0.0179,0.0001,0.0001,0.0038,-0.0053,0.7567,0.5449,-0.0132,-0.0390,0.2324,0.9937,0.0000,0.1117,-0.1117,0.0010,0.9937,0.0613,0.0124,0.1471,-0.0893,0.0240,0.1457,-0.0893,0.0240,0.1457,0.0902,0.0102,0.1473,-0.1301,0.0311,0.0893,0.1291,0.0036,0.0895,0.0359,0.0082,-0.1859,-0.1076,0.0069,-0.1857,0.0000,0.0022,0.0697,0.0500,0.0222,-0.0632,-0.0729,0.0114,-0.0680,0.0499,0.0307,-0.0860,-0.0790,0.0141,-0.0866,0.6439,-0.0133,0.0993,-0.0064,0.0409,-0.2422,0.0030,0.0616,0.0591,0.0407,-0.0341,-0.0102,-0.0645,-0.0855,0.0007,-0.0042,0.0409,0.0998,0.0164,-0.0531,0.0381,-0.0879
662,0.644878,-0.0183,-0.2486,0.3031,0.3204,0.0202,-0.0432,0.1686,-0.2015,0.0014,-0.2623,-0.1296,0.2067,0.5954,0.3395,-0.2873,-0.0180,-0.2447,0.1581,0.0169,-0.2820,-0.0870,0.0339,-0.0064,0.0006,0.0016,0.0072,-0.0001,0.0042,-0.0020,0.0000,-0.0279,-0.0000,-0.0313,0.0317,0.0002,0.0003,0.0188,-0.0016,1.3605,1.3224,-0.0190,-0.0546,0.2324,0.9938,-0.0000,0.1115,-0.1115,0.0009,0.9938,0.0613,0.0125,0.1471,-0.0893,0.0240,0.1457,-0.0893,0.0240,0.1457,0.0902,0.0102,0.1473,-0.1301,0.0311,0.0893,0.1291,0.0037,0.0895,0.0358,0.0081,-0.1859,-0.1077,0.0068,-0.1857,0.0000,0.0022,0.0697,0.0500,0.0222,-0.0632,-0.0729,0.0114,-0.0680,0.0498,0.0307,-0.0860,-0.0790,0.0140,-0.0866,0.6449,-0.0145,0.0878,-0.0056,0.0325,-0.2405,-0.0035,0.0574,0.0555,0.0484,-0.0359,-0.0061,-0.0590,-0.0902,-0.0019,0.0009,0.0437,0.0863,0.0134,-0.0470,0.0345,-0.0673
663,0.645854,-0.0179,-0.2487,0.3031,0.3204,0.0203,-0.0432,0.1686,-0.2015,0.0014,-0.2627,-0.1296,0.2063,0.5960,0.3395,-0.2873,-0.0176,-0.2448,0.1609,0.0189,-0.2823,-0.0878,0.0248,-0.0118,0.0002,0.0018,0.0029,-0.0001,0.0018,-0.0011,0.0000,-0.0329,-0.0000,-0.0313,0.0331,-0.0002,-0.0001,0.0175,-0.0109,-1.0588,-0.6838,-0.0218,-0.0274,0.2324,0.9938,0.0000,0.1115,-0.1115,0.0008,0.9938,0.0613,0.0125,0.1471,-0.0893,0.0240,0.1457,-0.0893,0.0240,0.1457,0.0902,0.0102,0.1473,-0.1301,0.0312,0.0893,0.1291,0.0037,0.0895,0.0358,0.0081,-0.1859,-0.1077,0.0068,-0.1857,0.0000,0.0022,0.0697,0.0500,0.0222,-0.0633,-0.0729,0.0113,-0.0680,0.0498,0.0307,-0.0860,-0.0790,0.0140,-0.0866,0.6459,-0.0310,0.0958,0.0061,0.0653,-0.2445,-0.0002,0.0639,0.0625,0.0504,-0.0388,-0.0063,-0.0718,-0.1330,0.0062,-0.0067,0.0145,0.0357,0.0065,-0.0473,0.0475,-0.0636
664,0.646829,-0.0176,-0.2488,0.3031,0.3205,0.0204,-0.0432,0.1687,-0.2016,0.0014,-0.2634,-0.1296,0.2057,0.5964,0.3395,-0.2873,-0.0174,-0.2452,0.1596,0.0081,-0.2826,-0.0882,0.0124,-0.0033,0.0022,0.0036,0.0102,-0.0000,0.0017,-0.0016,0.0000,-0.0338,-0.0000,-0.0322,0.0075,-0.0003,0.0002,0.0050,-0.0351,-1.3126,0.2302,-0.0079,-0.0162,0.2324,0.9938,-0.0000,0.1115,-0.1115,0.0007,0.9938,0.0613,0.0125,0.1471,-0.0893,0.0240,0.1457,-0.0893,0.0240,0.1457,0.0902,0.0103,0.1473,-0.1301,0.0312,0.0893,0.1291,0.0037,0.0895,0.0357,0.0081,-0.1859,-0.1077,0.0068,-0.1856,0.0000,0.0022,0.0697,0.0500,0.0222,-0.0633,-0.0729,0.0113,-0.0680,0.0498,0.0307,-0.0860,-0.0790,0.0139,-0.0866,0.6468,-0.0201,0.0929,0.0070,0.0685,-0.2421,-0.0084,0.0654,0.0645,0.0781,-0.0413,-0.0096,-0.0681,-0.1323,0.0085,-0.0071,0.0082,0.0498,0.0134,-0.0378,0.0529,-0.0565
665,0.647805,-0.0173,-0.2489,0.3032,0.3206,0.0206,-0.0432,0.1688,-0.2016,0.0014,-0.2641,-0.1296,0.2052,0.5965,0.3395,-0.2873,-0.0174,-0.2456,0.1577,0.0113,-0.2827,-0.0884,0.0184,-0.0004,0.0071,0.0093,0.0143,0.0000,0.0082,-0.0008,-0.0000,-0.0402,0.0000,-0.0308,0.0011,0.0001,-0.0002,0.0009,-0.0150,0.6107,-0.6698,-0.0049,-0.0085,0.2324,0.9938,0.0000,0.1114,-0.1114,0.0007,0.9938,0.0613,0.0125,0.1471,-0.0893,0.0240,0.1457,-0.0893,0.0240,0.1457,0.0902,0.0103,0.1473,-0.1301,0.0312,0.0893,0.1291,0.0037,0.0895,0.0357,0.0080,-0.1859,-0.1078,0.0068,-0.1856,0.0000,0.0023,0.0697,0.0500,0.0222,-0.0633,-0.0729,0.0113,-0.0680,0.0498,0.0307,-0.0860,-0.0790,0.0139,-0.0866,0.6478,-0.0263,0.1047,-0.0051,0.0539,-0.2488,0.0100,0.0641,0.0624,0.0170,-0.0280,-0.0092,-0.0655,-0.0938,0.0028,-0.0071,0.0456,0.0962,0.0097,-0.0493,0.0398,-0.1083
666,0.648780,-0.0169,-0.2491,0.3033,0.3207,0.0209,-0.0432,0.1688,-0.2016,0.0014,-0.2646,-0.1296,0.2045,0.5966,0.3395,-0.2873,-0.0172,-0.2458,0.1596,0.0074,-0.2829,-0.0889,0.0239,-0.0159,0.0017,0.0023,0.0135,-0.0000,0.0025,-0.0016,0.0000,-0.0156,-0.0000,-0.0325,0.0300,0.0003,-0.0003,0.0319,-0.0031,1.5304,-1.6417,-0.0358,-0.1127,0.2324,0.9938,0.0000,0.1114,-0.1114,0.0006,0.9938,0.0613,0.0125,0.1471,-0.0892,0.0240,0.1457,-0.0892,0.0240,0.1457,0.0902,0.0103,0.1473,-0.1301,0.0313,0.0893,0.1291,0.0037,0.0895,0.0356,0.0081,-0.1858,-0.1078,0.0068,-0.1856,0.0000,0.0023,0.0697,0.0500,0.0222,-0.0633,-0.0729,0.0113,-0.0680,0.0498,0.0308,-0.0860,-0.0791,0.0139,-0.0866,0.6488,-0.0494,0.0883,-0.0036,0.0660,-0.2440,0.0146,0.0661,0.0583,0.0025,-0.0223,-0.0064,-0.0682,-0.0910,0.0018,-0.0028,0.0501,0.0678,0.0101,-0.0444,0.0328,-0.1304
667,0.649756,-0.0167,-0.2493,0.3033,0.3208,0.0211,-0.0432,0.1689,-0.2016,0.0014,-0.2647,-0.1296,0.2042,0.5972,0.3395,-0.2873,-0.0167,-0.2458,0.1660,-0.0009,-0.2834,-0.0905,0.0099,-0.0323,0.0005,0.0035,0.0160,0.0005,0.0011,-0.0015,0.0000,-0.0076,-0.0001,-0.0273,0.0400,-0.0001,0.0001,0.0339,-0.0062,-0.1539,-0.0763,-0.0287,-0.0975,0.2323,0.9938,-0.0000,0.1116,-0.1116,0.0005,0.9938,0.0613,0.0125,0.1470,-0.0892,0.0240,0.1457,-0.0892,0.0240,0.1457,0.0903,0.0102,0.1473,-0.1301,0.0313,0.0894,0.1292,0.0037,0.0895,0.0355,0.0081,-0.1858,-0.1079,0.0068,-0.1856,0.0000,0.0022,0.0697,0.0499,0.0222,-0.0632,-0.0729,0.0113,-0.0680,0.0497,0.0308,-0.0860,-0.0791,0.0139,-0.0866,0.6498,-0.0231,0.0999,0.0011,0.0608,-0.2497,0.0037,0.0640,0.0638,0.0504,-0.0367,-0.0074,-0.0690,-0.1063,0.0042,-0.0084,0.0329,0.0869,0.0066,-0.0440,0.0453,-0.0834
668,0.650732,-0.0164,-0.2497,0.3033,0.3209,0.0213,-0.0432,0.1689,-0.2016,0.0014,-0.2653,-0.1296,0.2036,0.5977,0.3395,-0.2873,-0.0162,-0.2458,0.1654,-0.0127,-0.2837,-0.0914,0.0229,-0.0085,0.0001,0.0103,0.0150,0.0001,0.0050,-0.0010,0.0000,-0.0423,-0.0000,-0.0331,0.0150,0.0000,0.0001,0.0223,0.0062,0.1979,-0.3461,-0.0090,-0.0241,0.2323,0.9937,-0.0000,0.1118,-0.1118,0.0004,0.9937,0.0613,0.0124,0.1470,-0.0892,0.0240,0.1457,-0.0892,0.0240,0.1457,0.0903,0.0102,0.1473,-0.1301,0.0313,0.0894,0.1292,0.0036,0.0895,0.0355,0.0082,-0.1858,-0.1079,0.0069,-0.1856,0.0000,0.0022,0.0697,0.0499,0.0222,-0.0632,-0.0730,0.0113,-0.0680,0.0497,0.0308,-0.0859,-0.0791,0.0139,-0.0865,0.6507,-0.0242,0.0993,0.0002,0.0612,-0.2530,0.0071,0.0652,0.0649,0.0392,-0.0336,-0.0067,-0.0681,-0.1006,0.0048,-0.0083,0.0421,0.0946,0.0050,-0.0416,0.0435,-0.0964
669,0.651707,-0.0159,-0.2499,0.3033,0.3210,0.0216,-0.0432,0.1690,-0.2017,0.0014,-0.2658,-0.1296,0.2030,0.5981,0.3395,-0.2873,-0.0157,-0.2457,0.1760,-0.0133,-0.2839,-0.0922,0.0286,-0.0090,0.0000,0.0020,0.0081,0.0000,0.0016,-0.0009,0.0000,-0.0271,-0.0000,-0.0318,0.0282,-0.0001,0.0001,0.0321,0.0084,0.1570,0.1534,-0.0140,-0.0459,0.2323,0.9937,-0.0000,0.1122,-0.1122,0.0003,0.9937,0.0614,0.0124,0.1470,-0.0892,0.0239,0.1458,-0.0892,0.0239,0.1458,0.0903,0.0102,0.1473,-0.1300,0.0313,0.0894,0.1292,0.0036,0.0895,0.0354,0.0082,-0.1858,-0.1080,0.0069,-0.1856,0.0001,0.0022,0.0697,0.0499,0.0223,-0.0632,-0.0730,0.0113,-0.0680,0.0497,0.0309,-0.0859,-0.0791,0.0139,-0.0865,0.6517,-0.0192,0.0927,0.0016,0.0606,-0.2505,0.0033,0.0642,0.0643,0.0560,-0.0369,-0.0055,-0.0698,-0.1037,0.0057,-0.0081,0.0430,0.0935,0.0025,-0.0372,0.0440,-0.0848
670,0.652683,-0.0154,-0.2500,0.3033,0.3211,0.0218,-0.0432,0.1690,-0.2017,0.0014,-0.2662,-0.1296,0.2026,0.5984,0.3395,-0.2873,-0.0152,-0.2455,0.1763,-0.0113,-0.2841,-0.0927,0.0310,-0.0057,0.0000,0.0096,0.0125,-0.0001,0.0012,-0.0011,-0.0000,-0.0414,0.0000,-0.0398,0.0216,0.0003,0.0001,0.0414,0.0126,1.6457,0.6112,-0.0176,-0.0274,0.2323,0.9936,0.0000,0.1127,-0.1127,0.0002,0.9936,0.0614,0.0123,0.1470,-0.0892,0.0239,0.1458,-0.0892,0.0239,0.1458,0.0903,0.0101,0.1473,-0.1300,0.0313,0.0894,0.1292,0.0035,0.0894,0.0354,0.0083,-0.1858,-0.1080,0.0070,-0.1856,0.0001,0.0022,0.0697,0.0499,0.0223,-0.0632,-0.0730,0.0113,-0.0680,0.0497,0.0309,-0.0859,-0.0791,0.0139,-0.0865,0.6527,-0.0241,0.0802,-0.0018,0.0419,-0.2459,0.0007,0.0583,0.0575,0.0424,-0.0316,-0.0052,-0.0590,-0.0940,0.0027,0.0005,0.0604,0.0871,0.0019,-0.0338,0.0308,-0.0843
671,0.653659,-0.0151,-0.2502,0.3033,0.3212,0.0219,-0.0432,0.1690,-0.2017,0.0014,-0.2667,-0.1296,0.2021,0.5990,0.3395,-0.2873,-0.0145,-0.2454,0.1849,-0.0175,-0.2845,-0.0933,0.0145,-0.0394,-0.0000,0.0072,0.0060,0.0000,0.0002,-0.0003,-0.0000,-0.0208,0.0000,-0.0311,0.0574,0.0003,-0.0003,0.0513,0.0056,1.9161,-1.7318,-0.0340,-0.0461,0.2323,0.9936,-0.0000,0.1132,-0.1132,0.0001,0.9936,0.0614,0.0122,0.1470,-0.0891,0.0238,0.1458,-0.0891,0.0238,0.1458,0.0903,0.0099,0.1473,-0.1300,0.0313,0.0895,0.1292,0.0034,0.0894,0.0353,0.0084,-0.1858,-0.1081,0.0071,-0.1855,0.0001,0.0021,0.0697,0.0499,0.0223,-0.0632,-0.0730,0.0113,-0.0679,0.0496,0.0310,-0.0859,-0.0791,0.0139,-0.0865,0.6537,-0.0541,0.0729,0.0014,0.0763,-0.2493,0.0103,0.0680,0.0615,0.0137,-0.0259,-0.0035,-0.0689,-0.0961,0.0040,0.0005,0.0591,0.0636,-0.0014,-0.0291,0.0296,-0.1387
672,0.654634,-0.0148,-0.2509,0.3033,0.3214,0.0222,-0.0432,0.1690,-0.2017,0.0014,-0.2670,-0.1296,0.2015,0.5999,0.3395,-0.2873,-0.0135,-0.2453,0.1792,-0.0192,-0.2851,-0.0949,0.0045,-0.0449,0.0000,0.0156,0.0243,0.0000,0.0006,-0.0014,-0.0000,-0.0136,0.0000,-0.0266,0.0497,0.0002,-0.0002,0.0522,0.0021,0.3826,-1.1024,-0.0323,-0.0904,0.2322,0.9935,-0.0000,0.1137,-0.1137,-0.0001,0.9935,0.0614,0.0121,0.1470,-0.0891,0.0237,0.1458,-0.0891,0.0237,0.1458,0.0903,0.0099,0.1473,-0.1300,0.0313,0.0895,0.1292,0.0034,0.0894,0.0352,0.0085,-0.1857,-0.1081,0.0072,-0.1855,0.0001,0.0021,0.0697,0.0498,0.0224,-0.0632,-0.0730,0.0113,-0.0679,0.0496,0.0311,-0.0859,-0.0792,0.0139,-0.0865,0.6546,-0.0406,0.0831,0.0067,0.0692,-0.2495,0.0101,0.0693,0.0674,0.0442,-0.0300,-0.0016,-0.0744,-0.1261,0.0059,-0.0088,0.0417,0.0458,-0.0058,-0.0379,0.0461,-0.0819
673,0.655610,-0.0147,-0.2514,0.3033,0.3217,0.0226,-0.0432,0.1690,-0.2017,0.0014,-0.2674,-0.1296,0.2010,0.6005,0.3395,-0.2873,-0.0127,-0.2452,0.1767,-0.0247,-0.2854,-0.0957,0.0112,-0.0140,0.0032,0.0207,0.0249,0.0001,0.0007,-0.0010,0.0000,-0.0200,-0.0000,-0.0309,0.0129,0.0001,0.0001,0.0416,0.0008,0.0955,0.0143,-0.0089,-0.0194,0.2322,0.9935,-0.0000,0.1142,-0.1142,-0.0002,0.9935,0.0614,0.0120,0.1470,-0.0891,0.0237,0.1459,-0.0891,0.0237,0.1459,0.0903,0.0098,0.1473,-0.1300,0.0313,0.0895,0.1292,0.0034,0.0894,0.0351,0.0086,-0.1857,-0.1082,0.0073,-0.1855,0.0001,0.0021,0.0697,0.0498,0.0225,-0.0632,-0.0731,0.0114,-0.0679,0.0496,0.0312,-0.0858,-0.0792,0.0140,-0.0865,0.6556,-0.0264,0.0830,0.0063,0.0673,-0.2509,0.0024,0.0677,0.0671,0.0680,-0.0371,-0.0030,-0.0744,-0.1220,0.0072,-0.0084,0.0345,0.0643,-0.0004,-0.0340,0.0477,-0.0699
674,0.656585,-0.0143,-0.2517,0.3034,0.3220,0.0229,-0.0432,0.1691,-0.2018,0.0014,-0.2680,-0.1296,0.2003,0.6007,0.3395,-0.2873,-0.0121,-0.2452,0.1761,-0.0282,-0.2855,-0.0959,0.0245,-0.0092,0.0045,0.0222,0.0232,0.0001,0.0020,-0.0010,-0.0000,-0.0339,0.0000,-0.0328,0.0255,-0.0001,-0.0002,0.0428,0.0092,-0.4796,-1.3955,-0.0056,-0.0113,0.2322,0.9934,0.0000,0.1148,-0.1148,-0.0003,0.9934,0.0614,0.0120,0.1470,-0.0891,0.0236,0.1459,-0.0891,0.0236,0.1459,0.0904,0.0097,0.1473,-0.1300,0.0313,0.0896,0.1292,0.0033,0.0894,0.0350,0.0088,-0.1857,-0.1083,0.0075,-0.1855,0.0001,0.0020,0.0697,0.0498,0.0225,-0.0632,-0.0731,0.0114,-0.0679,0.0495,0.0313,-0.0858,-0.0792,0.0140,-0.0864,0.6566,-0.0487,0.0737,0.0145,0.0829,-0.2528,0.0067,0.0732,0.0720,0.0473,-0.0336,0.0018,-0.0829,-0.1532,0.0081,-0.0093,0.0248,-0.0078,-0.0123,-0.0349,0.0499,-0.0605
675,0.657561,-0.0141,-0.2518,0.3035,0.3223,0.0233,-0.0432,0.1691,-0.2018,0.0014,-0.2683,-0.1296,0.1999,0.6011,0.3395,-0.2873,-0.0115,-0.2451,0.1828,-0.0288,-0.2856,-0.0961,0.0114,-0.0130,0.0100,0.0327,0.0342,0.0001,0.0014,-0.0012,0.0000,-0.0257,0.0000,-0.0331,0.0121,0.0002,0.0002,0.0381,-0.0128,1.4574,0.8283,-0.0127,-0.0059,0.2322,0.9933,0.0000,0.1152,-0.1152,-0.0003,0.9933,0.0615,0.0119,0.1470,-0.0891,0.0235,0.1459,-0.0891,0.0235,0.1459,0.0904,0.0096,0.1473,-0.1300,0.0312,0.0896,0.1292,0.0032,0.0894,0.0350,0.0088,-0.1857,-0.1084,0.0075,-0.1854,0.0001,0.0020,0.0697,0.0498,0.0225,-0.0631,-0.0731,0.0114,-0.0679,0.0495,0.0313,-0.0858,-0.0792,0.0140,-0.0864,0.6576,-0.0284,0.0664,0.0044,0.0501,-0.2425,-0.0014,0.0621,0.0593,0.0663,-0.0336,-0.0008,-0.0666,-0.1127,0.0058,0.0008,0.0501,0.0568,-0.0032,-0.0249,0.0339,-0.0621
676,0.658537,-0.0139,-0.2524,0.3036,0.3226,0.0236,-0.0432,0.1691,-0.2018,0.0014,-0.2688,-0.1296,0.1992,0.6017,0.3395,-0.2873,-0.0106,-0.2451,0.1855,-0.0295,-0.2859,-0.0962,0.0128,-0.0362,0.0034,0.0121,0.0090,-0.0000,0.0007,-0.0006,-0.0000,-0.0256,-0.0000,-0.0358,0.0454,-0.0001,0.0001,0.0483,0.0118,-0.4536,0.2985,-0.0155,-0.0112,0.2321,0.9933,0.0000,0.1155,-0.1155,-0.0004,0.9933,0.0614,0.0119,0.1470,-0.0891,0.0235,0.1459,-0.0891,0.0235,0.1459,0.0904,0.0096,0.1473,-0.1300,0.0313,0.0896,0.1292,0.0032,0.0894,0.0349,0.0089,-0.1856,-0.1084,0.0077,-0.1854,0.0001,0.0020,0.0697,0.0497,0.0226,-0.0631,-0.0731,0.0114,-0.0679,0.0495,0.0314,-0.0858,-0.0793,0.0141,-0.0864,0.6585,-0.0273,0.0704,0.0132,0.0743,-0.2444,-0.0046,0.0701,0.0698,0.1062,-0.0415,-0.0011,-0.0794,-0.1477,0.0109,-0.0088,0.0216,0.0280,-0.0051,-0.0267,0.0556,-0.0363
677,0.659512,-0.0136,-0.2528,0.3038,0.3230,0.0239,-0.0432,0.1692,-0.2018,0.0014,-0.2695,-0.1296,0.1985,0.6022,0.3395,-0.2873,-0.0099,-0.2449,0.1794,-0.0186,-0.2861,-0.0961,0.0195,-0.0118,0.0124,0.0260,0.0246,0.0000,0.0075,-0.0004,0.0000,-0.0406,0.0000,-0.0369,0.0127,0.0001,-0.0001,0.0310,0.0037,-0.0325,0.2403,-0.0037,0.0169,0.2321,0.9933,0.0000,0.1158,-0.1158,-0.0005,0.9933,0.0615,0.0118,0.1470,-0.0891,0.0235,0.1459,-0.0891,0.0235,0.1459,0.0904,0.0096,0.1473,-0.1300,0.0313,0.0896,0.1292,0.0032,0.0894,0.0348,0.0090,-0.1856,-0.1085,0.0077,-0.1854,0.0001,0.0019,0.0697,0.0497,0.0227,-0.0631,-0.0731,0.0114,-0.0679,0.0494,0.0314,-0.0857,-0.0793,0.0141,-0.0864,0.6595,-0.0296,0.0766,0.0088,0.0676,-0.2464,-0.0004,0.0695,0.0685,0.0860,-0.0386,-0.0021,-0.0790,-0.1382,0.0084,-0.0083,0.0226,0.0370,-0.0017,-0.0347,0.0525,-0.0492
678,0.660488,-0.0134,-0.2530,0.3039,0.3232,0.0242,-0.0432,0.1692,-0.2018,0.0014,-0.2700,-0.1296,0.1980,0.6024,0.3395,-0.2873,-0.0094,-0.2449,0.1744,-0.0213,-0.2861,-0.0960,0.0229,-0.0130,0.0094,0.0149,0.0172,-0.0001,0.0035,-0.0012,-0.0000,-0.0379,-0.0000,-0.0478,0.0155,-0.0003,0.0003,0.0374,0.0030,-2.0591,1.4203,-0.0010,0.0016,0.2321,0.9932,-0.0000,0.1160,-0.1160,-0.0004,0.9932,0.0615,0.0118,0.1470,-0.0891,0.0235,0.1459,-0.0891,0.0235,0.1459,0.0904,0.0095,0.1473,-0.1299,0.0313,0.0896,0.1292,0.0031,0.0894,0.0348,0.0091,-0.1856,-0.1086,0.0078,-0.1854,0.0001,0.0019,0.0697,0.0497,0.0227,-0.0631,-0.0731,0.0114,-0.0679,0.0494,0.0314,-0.0857,-0.0793,0.0141,-0.0864,0.6605,-0.0506,0.0565,0.0269,0.0723,-0.2212,-0.0165,0.0680,0.0681,0.1083,-0.0333,0.0024,-0.0903,-0.1979,0.0099,-0.0096,-0.0231,-0.0547,0.0024,-0.0031,0.0457,0.0053
679,0.661463,-0.0131,-0.2532,0.3043,0.3239,0.0246,-0.0432,0.1693,-0.2018,0.0014,-0.2705,-0.1296,0.1974,0.6026,0.3395,-0.2873,-0.0091,-0.2453,0.1880,-0.0192,-0.2864,-0.0952,0.0043,-0.0121,0.0330,0.0451,0.0328,-0.0035,0.0070,-0.0014,0.0000,-0.0221,-0.0000,-0.0362,0.0045,0.0000,-0.0000,0.0057,-0.0439,1.2149,0.0325,-0.0205,0.0706,0.2321,0.9932,0.0000,0.1161,-0.1161,-0.0003,0.9932,0.0615,0.0118,0.1470,-0.0891,0.0236,0.1459,-0.0891,0.0236,0.1459,0.0904,0.0095,0.1473,-0.1299,0.0314,0.0896,0.1292,0.0031,0.0894,0.0347,0.0091,-0.1856,-0.1087,0.0078,-0.1854,0.0001,0.0019,0.0697,0.0497,0.0227,-0.0631,-0.0732,0.0114,-0.0679,0.0494,0.0315,-0.0857,-0.0794,0.0141,-0.0864,0.6615,-0.0339,0.0711,0.0061,0.0548,-0.2481,0.0025,0.0672,0.0665,0.0562,-0.0318,-0.0029,-0.0707,-0.1242,0.0067,-0.0032,0.0479,0.0516,-0.0056,-0.0336,0.0417,-0.0727
680,0.662439,-0.0131,-0.2538,0.3047,0.3243,0.0252,-0.0433,0.1695,-0.2019,0.0014,-0.2709,-0.1296,0.1964,0.6028,0.3395,-0.2873,-0.0085,-0.2455,0.1935,-0.0199,-0.2866,-0.0956,0.0060,-0.0419,0.0121,0.0116,0.0222,-0.0005,0.0074,-0.0012,0.0000,-0.0229,-0.0001,-0.0464,0.0255,-0.0001,-0.0001,0.0472,0.0159,-0.0495,-0.5221,-0.0102,-0.0575,0.2321,0.9933,-0.0000,0.1157,-0.1157,-0.0002,0.9933,0.0614,0.0119,0.1470,-0.0891,0.0236,0.1459,-0.0891,0.0236,0.1459,0.0904,0.0096,0.1473,-0.1299,0.0315,0.0895,0.1292,0.0031,0.0894,0.0346,0.0091,-0.1856,-0.1088,0.0079,-0.1853,0.0001,0.0020,0.0697,0.0497,0.0227,-0.0631,-0.0732,0.0114,-0.0678,0.0494,0.0315,-0.0857,-0.0794,0.0140,-0.0864,0.6624,-0.0334,0.0730,0.0119,0.0716,-0.2527,0.0027,0.0719,0.0719,0.0801,-0.0392,0.0022,-0.0812,-0.1493,0.0079,-0.0097,0.0317,0.0262,-0.0098,-0.0375,0.0548,-0.0520
681,0.663415,-0.0128,-0.2542,0.3049,0.3245,0.0255,-0.0433,0.1696,-0.2019,0.0014,-0.2716,-0.1296,0.1956,0.6032,0.3395,-0.2873,-0.0078,-0.2453,0.1993,-0.0248,-0.2867,-0.0959,0.0176,-0.0136,0.0117,0.0118,0.0149,-0.0001,0.0054,-0.0011,0.0000,-0.0371,-0.0000,-0.0478,0.0077,-0.0002,0.0001,0.0333,0.0020,-0.2735,0.0621,-0.0026,0.0007,0.2321,0.9933,-0.0000,0.1155,-0.1155,-0.0003,0.9933,0.0614,0.0119,0.1470,-0.0891,0.0237,0.1459,-0.0891,0.0237,0.1459,0.0904,0.0096,0.1473,-0.1299,0.0315,0.0896,0.1292,0.0031,0.0894,0.0346,0.0091,-0.1856,-0.1088,0.0079,-0.1853,0.0001,0.0020,0.0697,0.0496,0.0227,-0.0631,-0.0732,0.0114,-0.0678,0.0493,0.0315,-0.0857,-0.0794,0.0140,-0.0864,0.6634,-0.0264,0.0699,0.0129,0.0747,-0.2519,-0.0042,0.0706,0.0718,0.0987,-0.0428,0.0008,-0.0800,-0.1526,0.0105,-0.0091,0.0302,0.0328,-0.0118,-0.0283,0.0585,-0.0419
682,0.664390,-0.0125,-0.2545,0.3052,0.3247,0.0258,-0.0433,0.1697,-0.2019,0.0014,-0.2723,-0.1296,0.1947,0.6032,0.3395,-0.2873,-0.0074,-0.2453,0.1958,-0.0264,-0.2868,-0.0959,0.0131,-0.0184,0.0166,0.0212,0.0257,0.0001,0.0111,-0.0006,0.0000,-0.0419,-0.0000,-0.0483,0.0011,0.0001,0.0002,0.0331,0.0005,-0.9489,-0.7498,-0.0013,-0.0017,0.2320,0.9933,-0.0000,0.1152,-0.1152,-0.0003,0.9933,0.0615,0.0120,0.1470,-0.0891,0.0238,0.1458,-0.0891,0.0238,0.1458,0.0904,0.0097,0.1473,-0.1299,0.0316,0.0895,0.1292,0.0032,0.0894,0.0345,0.0091,-0.1855,-0.1089,0.0079,-0.1853,0.0001,0.0020,0.0697,0.0496,0.0227,-0.0631,-0.0733,0.0114,-0.0678,0.0493,0.0315,-0.0857,-0.0795,0.0140,-0.0864,0.6644,-0.0356,0.0658,0.0190,0.0833,-0.2557,-0.0022,0.0754,0.0776,0.0845,-0.0414,0.0030,-0.0859,-0.1725,0.0117,-0.0112,0.0227,-0.0121,-0.0181,-0.0322,0.0602,-0.0350
683,0.665366,-0.0124,-0.2548,0.3054,0.3250,0.0261,-0.0433,0.1699,-0.2019,0.0014,-0.2728,-0.1296,0.1941,0.6032,0.3395,-0.2873,-0.0069,-0.2454,0.1976,-0.0208,-0.2869,-0.0959,0.0107,-0.0192,0.0238,0.0286,0.0328,0.0002,0.0128,-0.0007,0.0000,-0.0437,0.0000,-0.0540,0.0003,0.0003,0.0003,0.0255,-0.0237,1.5856,1.7643,-0.0056,0.0096,0.2320,0.9934,-0.0000,0.1149,-0.1149,-0.0002,0.9934,0.0615,0.0121,0.1470,-0.0891,0.0239,0.1458,-0.0891,0.0239,0.1458,0.0904,0.0098,0.1473,-0.1299,0.0317,0.0895,0.1292,0.0032,0.0894,0.0345,0.0091,-0.1855,-0.1089,0.0078,-0.1853,0.0001,0.0020,0.0697,0.0496,0.0227,-0.0631,-0.0733,0.0113,-0.0678,0.0493,0.0315,-0.0857,-0.0795,0.0139,-0.0864,0.6654,-0.0299,0.0570,0.0062,0.0460,-0.2473,-0.0096,0.0603,0.0595,0.0679,-0.0384,0.0062,-0.0643,-0.1269,0.0055,0.0051,0.0478,0.0469,-0.0118,-0.0166,0.0329,-0.0405
684,0.666341,-0.0123,-0.2554,0.3057,0.3254,0.0264,-0.0433,0.1700,-0.2019,0.0014,-0.2735,-0.1296,0.1931,0.6035,0.3395,-0.2873,-0.0064,-0.2457,0.1997,-0.0245,-0.2872,-0.0959,0.0016,-0.0427,0.0106,0.0174,0.0148,0.0001,0.0045,-0.0010,-0.0000,-0.0331,0.0000,-0.0467,0.0280,0.0002,0.0001,0.0341,-0.0024,0.9989,0.3171,-0.0288,-0.0072,0.2320,0.9934,0.0000,0.1143,-0.1143,-0.0002,0.9934,0.0615,0.0122,0.1470,-0.0891,0.0240,0.1458,-0.0891,0.0240,0.1458,0.0904,0.0099,0.1472,-0.1299,0.0318,0.0895,0.1292,0.0032,0.0894,0.0344,0.0091,-0.1855,-0.1090,0.0078,-0.1853,0.0001,0.0021,0.0697,0.0496,0.0227,-0.0631,-0.0733,0.0113,-0.0678,0.0493,0.0315,-0.0857,-0.0795,0.0139,-0.0864,0.6663,-0.0242,0.0699,0.0071,0.0559,-0.2504,-0.0023,0.0662,0.0671,0.0759,-0.0358,-0.0000,-0.0681,-0.1281,0.0083,-0.0026,0.0510,0.0615,-0.0111,-0.0270,0.0461,-0.0596
685,0.667317,-0.0122,-0.2559,0.3059,0.3256,0.0267,-0.0433,0.1701,-0.2019,0.0014,-0.2740,-0.1296,0.1923,0.6039,0.3395,-0.2873,-0.0058,-0.2457,0.2095,-0.0130,-0.2875,-0.0962,0.0120,-0.0260,0.0079,0.0103,0.0159,-0.0000,0.0071,-0.0008,0.0000,-0.0300,-0.0000,-0.0473,0.0145,-0.0001,-0.0001,0.0333,0.0043,-0.0644,0.2589,-0.0105,-0.0236,0.2320,0.9935,-0.0000,0.1138,-0.1138,-0.0002,0.9935,0.0615,0.0122,0.1470,-0.0891,0.0240,0.1458,-0.0891,0.0240,0.1458,0.0904,0.0099,0.1472,-0.1299,0.0319,0.0895,0.1292,0.0033,0.0894,0.0343,0.0090,-0.1855,-0.1091,0.0078,-0.1853,0.0001,0.0021,0.0697,0.0496,0.0227,-0.0631,-0.0733,0.0113,-0.0678,0.0492,0.0315,-0.0857,-0.0795,0.0138,-0.0864,0.6673,-0.0196,0.0736,0.0108,0.0693,-0.2541,-0.0050,0.0688,0.0714,0.0962,-0.0438,0.0013,-0.0753,-0.1474,0.0096,-0.0080,0.0383,0.0516,-0.0148,-0.0304,0.0581,-0.0454
686,0.668293,-0.0119,-0.2563,0.3061,0.3258,0.0270,-0.0433,0.1703,-0.2019,0.0014,-0.2748,-0.1296,0.1914,0.6041,0.3395,-0.2873,-0.0052,-0.2456,0.2169,-0.0125,-0.2876,-0.0964,0.0203,-0.0136,0.0140,0.0119,0.0167,-0.0001,0.0105,-0.0010,0.0000,-0.0455,-0.0000,-0.0511,0.0046,-0.0001,-0.0001,0.0248,0.0005,-0.0781,-0.1065,-0.0034,-0.0037,0.2320,0.9935,0.0000,0.1135,-0.1135,-0.0002,0.9935,0.0615,0.0123,0.1470,-0.0891,0.0241,0.1458,-0.0891,0.0241,0.1458,0.0904,0.0100,0.1472,-0.1299,0.0320,0.0895,0.1292,0.0033,0.0894,0.0343,0.0090,-0.1855,-0.1091,0.0078,-0.1853,0.0001,0.0021,0.0697,0.0496,0.0227,-0.0631,-0.0733,0.0112,-0.0678,0.0492,0.0315,-0.0857,-0.0796,0.0138,-0.0864,0.6683,-0.0201,0.0748,0.0111,0.0699,-0.2582,-0.0030,0.0688,0.0728,0.0899,-0.0438,0.0024,-0.0764,-0.1506,0.0093,-0.0095,0.0458,0.0540,-0.0188,-0.0310,0.0592,-0.0511
687,0.669268,-0.0116,-0.2565,0.3063,0.3259,0.0272,-0.0433,0.1704,-0.2020,0.0014,-0.2754,-0.1296,0.1907,0.6041,0.3395,-0.2873,-0.0049,-0.2456,0.2196,-0.0116,-0.2877,-0.0964,0.0190,-0.0209,0.0163,0.0102,0.0181,0.0001,0.0124,-0.0007,0.0000,-0.0520,-0.0000,-0.0671,0.0011,0.0002,0.0001,0.0384,0.0001,1.3509,0.7001,-0.0031,-0.0076,0.2320,0.9936,0.0000,0.1133,-0.1133,-0.0002,0.9936,0.0615,0.0123,0.1470,-0.0891,0.0242,0.1458,-0.0891,0.0242,0.1458,0.0904,0.0100,0.1472,-0.1299,0.0321,0.0895,0.1292,0.0033,0.0894,0.0343,0.0090,-0.1855,-0.1092,0.0078,-0.1853,0.0001,0.0021,0.0697,0.0496,0.0227,-0.0631,-0.0733,0.0112,-0.0678,0.0492,0.0315,-0.0857,-0.0796,0.0137,-0.0864,0.6693,-0.0214,0.0662,0.0062,0.0460,-0.2510,-0.0049,0.0622,0.0646,0.0744,-0.0370,0.0031,-0.0664,-0.1291,0.0071,0.0000,0.0622,0.0655,-0.0187,-0.0250,0.0420,-0.0548
688,0.670244,-0.0115,-0.2570,0.3065,0.3261,0.0275,-0.0433,0.1706,-0.2020,0.0014,-0.2760,-0.1296,0.1896,0.6043,0.3395,-0.2873,-0.0042,-0.2456,0.2232,-0.0047,-0.2879,-0.0967,0.0038,-0.0336,0.0092,0.0061,0.0083,-0.0001,0.0031,-0.0011,-0.0000,-0.0325,-0.0000,-0.0506,0.0161,-0.0002,-0.0001,0.0417,0.0024,-0.7987,0.0516,-0.0215,-0.0177,0.2320,0.9936,-0.0000,0.1130,-0.1130,-0.0003,0.9936,0.0615,0.0124,0.1470,-0.0891,0.0242,0.1458,-0.0891,0.0242,0.1458,0.0904,0.0101,0.1472,-0.1299,0.0321,0.0895,0.1292,0.0033,0.0894,0.0342,0.0090,-0.1855,-0.1092,0.0078,-0.1853,0.0001,0.0021,0.0697,0.0495,0.0227,-0.0631,-0.0733,0.0112,-0.0678,0.0492,0.0315,-0.0857,-0.0796,0.0137,-0.0864,0.6702,-0.0201,0.0690,0.0171,0.0753,-0.2559,-0.0087,0.0702,0.0758,0.1076,-0.0482,0.0029,-0.0787,-0.1694,0.0116,-0.0102,0.0352,0.0295,-0.0219,-0.0313,0.0654,-0.0315
689,0.671220,-0.0112,-0.2574,0.3068,0.3262,0.0276,-0.0433,0.1707,-0.2020,0.0014,-0.2768,-0.1296,0.1887,0.6044,0.3395,-0.2873,-0.0036,-0.2457,0.2152,0.0011,-0.2881,-0.0967,0.0163,-0.0174,0.0240,0.0095,0.0131,-0.0000,0.0127,-0.0000,-0.0000,-0.0530,0.0000,-0.0546,0.0037,0.0001,-0.0001,0.0235,-0.0081,0.0396,0.0551,-0.0011,0.0103,0.2320,0.9936,0.0000,0.1128,-0.1128,-0.0003,0.9936,0.0615,0.0124,0.1470,-0.0890,0.0243,0.1458,-0.0890,0.0243,0.1458,0.0904,0.0101,0.1472,-0.1299,0.0322,0.0895,0.1292,0.0033,0.0894,0.0342,0.0090,-0.1855,-0.1093,0.0078,-0.1853,0.0001,0.0022,0.0697,0.0495,0.0227,-0.0631,-0.0733,0.0111,-0.0678,0.0492,0.0315,-0.0857,-0.0796,0.0137,-0.0864,0.6712,-0.0179,0.0791,0.0085,0.0641,-0.2592,-0.0026,0.0680,0.0728,0.0851,-0.0433,0.0015,-0.0747,-0.1468,0.0082,-0.0090,0.0450,0.0605,-0.0169,-0.0366,0.0592,-0.0531
690,0.672195,-0.0109,-0.2578,0.3072,0.3263,0.0279,-0.0433,0.1709,-0.2020,0.0014,-0.2777,-0.1296,0.1876,0.6044,0.3395,-0.2873,-0.0030,-0.2457,0.2104,0.0086,-0.2881,-0.0968,0.0169,-0.0154,0.0152,0.0033,0.0113,0.0000,0.0087,-0.0005,-0.0000,-0.0415,0.0000,-0.0538,0.0005,0.0002,-0.0001,0.0318,0.0054,0.3679,0.2401,-0.0014,-0.0150,0.2320,0.9936,-0.0000,0.1126,-0.1126,-0.0003,0.9936,0.0615,0.0125,0.1470,-0.0890,0.0243,0.1457,-0.0890,0.0243,0.1457,0.0904,0.0102,0.1472,-0.1299,0.0323,0.0894,0.1292,0.0034,0.0894,0.0341,0.0091,-0.1855,-0.1093,0.0079,-0.1853,0.0001,0.0022,0.0697,0.0495,0.0227,-0.0630,-0.0734,0.0111,-0.0678,0.0491,0.0315,-0.0857,-0.0796,0.0136,-0.0864,0.6722,-0.0184,0.0798,0.0061,0.0574,-0.2569,-0.0020,0.0679,0.0721,0.0813,-0.0410,0.0006,-0.0731,-0.1392,0.0070,-0.0074,0.0445,0.0634,-0.0135,-0.0419,0.0583,-0.0561
691,0.673171,-0.0107,-0.2579,0.3073,0.3264,0.0280,-0.0433,0.1710,-0.2020,0.0014,-0.2782,-0.1296,0.1870,0.6044,0.3395,-0.2873,-0.0026,-0.2456,0.2142,0.0060,-0.2881,-0.0969,0.0223,-0.0142,0.0090,0.0085,0.0174,0.0001,0.0110,-0.0006,-0.0000,-0.0404,0.0000,-0.0583,0.0002,0.0003,0.0003,0.0356,0.0073,1.6954,1.4341,-0.0027,-0.0180,0.2320,0.9936,-0.0000,0.1125,-0.1125,-0.0003,0.9936,0.0615,0.0125,0.1470,-0.0890,0.0244,0.1457,-0.0890,0.0244,0.1457,0.0904,0.0102,0.1472,-0.1299,0.0323,0.0894,0.1292,0.0034,0.0894,0.0341,0.0091,-0.1855,-0.1093,0.0079,-0.1852,0.0001,0.0022,0.0697,0.0495,0.0227,-0.0630,-0.0734,0.0111,-0.0678,0.0491,0.0315,-0.0857,-0.0796,0.0136,-0.0864,0.6732,-0.0249,0.0649,0.0036,0.0350,-0.2489,-0.0104,0.0584,0.0608,0.0677,-0.0355,0.0046,-0.0599,-0.1333,0.0049,0.0048,0.0525,0.0540,-0.0170,-0.0259,0.0370,-0.0369
692,0.674146,-0.0104,-0.2583,0.3074,0.3265,0.0282,-0.0433,0.1711,-0.2020,0.0014,-0.2788,-0.1296,0.1861,0.6046,0.3395,-0.2873,-0.0020,-0.2455,0.2131,0.0082,-0.2884,-0.0972,0.0049,-0.0296,0.0025,0.0058,0.0048,0.0000,0.0027,-0.0004,-0.0000,-0.0280,0.0000,-0.0434,0.0180,0.0002,0.0001,0.0358,0.0020,0.6137,0.4263,-0.0203,-0.0045,0.2320,0.9937,0.0000,0.1124,-0.1124,-0.0004,0.9937,0.0615,0.0125,0.1470,-0.0890,0.0244,0.1457,-0.0890,0.0244,0.1457,0.0904,0.0102,0.1472,-0.1299,0.0324,0.0894,0.1292,0.0034,0.0893,0.0341,0.0091,-0.1855,-0.1094,0.0079,-0.1852,0.0001,0.0022,0.0697,0.0495,0.0227,-0.0630,-0.0734,0.0111,-0.0678,0.0491,0.0315,-0.0857,-0.0796,0.0136,-0.0864,0.6741,-0.0168,0.0753,0.0062,0.0532,-0.2536,-0.0030,0.0675,0.0713,0.0875,-0.0400,0.0014,-0.0717,-0.1383,0.0071,-0.0057,0.0479,0.0621,-0.0143,-0.0401,0.0569,-0.0508
693,0.675122,-0.0101,-0.2586,0.3075,0.3266,0.0284,-0.0433,0.1712,-0.2020,0.0014,-0.2794,-0.1296,0.1852,0.6048,0.3395,-0.2873,-0.0013,-0.2454,0.2212,0.0125,-0.2887,-0.0973,0.0229,-0.0115,0.0059,0.0052,0.0118,-0.0001,0.0094,-0.0004,-0.0000,-0.0381,0.0000,-0.0523,0.0032,-0.0001,-0.0001,0.0341,0.0086,0.0316,-0.0318,-0.0052,-0.0144,0.2320,0.9937,-0.0000,0.1124,-0.1124,-0.0004,0.9937,0.0615,0.0125,0.1470,-0.0890,0.0244,0.1457,-0.0890,0.0244,0.1457,0.0904,0.0102,0.1472,-0.1299,0.0324,0.0895,0.1292,0.0034,0.0893,0.0340,0.0092,-0.1855,-0.1094,0.0080,-0.1852,0.0001,0.0022,0.0697,0.0495,0.0227,-0.0630,-0.0734,0.0111,-0.0678,0.0491,0.0316,-0.0856,-0.0796,0.0136,-0.0864,0.6751,-0.0186,0.0795,0.0088,0.0628,-0.2605,-0.0028,0.0685,0.0743,0.0848,-0.0435,0.0023,-0.0739,-0.1525,0.0076,-0.0095,0.0447,0.0561,-0.0194,-0.0409,0.0626,-0.0501
694,0.676098,-0.0098,-0.2588,0.3076,0.3267,0.0286,-0.0433,0.1714,-0.2020,0.0014,-0.2802,-0.1296,0.1842,0.6048,0.3395,-0.2873,-0.0007,-0.2453,0.2303,0.0216,-0.2887,-0.0975,0.0208,-0.0082,0.0105,0.0064,0.0121,-0.0001,0.0072,-0.0008,-0.0000,-0.0439,0.0000,-0.0488,0.0006,-0.0001,-0.0001,0.0335,0.0067,0.2415,0.1624,-0.0021,-0.0077,0.2320,0.9937,0.0000,0.1124,-0.1124,-0.0004,0.9937,0.0615,0.0125,0.1469,-0.0890,0.0244,0.1457,-0.0890,0.0244,0.1457,0.0904,0.0102,0.1472,-0.1298,0.0325,0.0895,0.1292,0.0034,0.0893,0.0340,0.0092,-0.1855,-0.1095,0.0080,-0.1852,0.0001,0.0022,0.0697,0.0495,0.0228,-0.0630,-0.0734,0.0110,-0.0678,0.0491,0.0316,-0.0856,-0.0796,0.0136,-0.0864,0.6761,-0.0150,0.0760,0.0088,0.0573,-0.2592,-0.0049,0.0678,0.0740,0.0880,-0.0446,0.0031,-0.0733,-0.1534,0.0074,-0.0081,0.0496,0.0580,-0.0220,-0.0424,0.0627,-0.0465
695,0.677073,-0.0095,-0.2590,0.3078,0.3268,0.0287,-0.0433,0.1715,-0.2020,0.0014,-0.2808,-0.1296,0.1836,0.6048,0.3395,-0.2873,-0.0002,-0.2452,0.2276,0.0206,-0.2887,-0.0975,0.0255,-0.0143,0.0118,0.0073,0.0142,0.0001,0.0103,-0.0004,-0.0000,-0.0539,0.0000,-0.0670,0.0002,0.0002,0.0003,0.0473,0.0115,1.3946,1.5679,-0.0008,-0.0030,0.2320,0.9937,-0.0000,0.1125,-0.1125,-0.0004,0.9937,0.0615,0.0125,0.1469,-0.0890,0.0244,0.1457,-0.0890,0.0244,0.1457,0.0904,0.0102,0.1472,-0.1298,0.0325,0.0895,0.1292,0.0033,0.0893,0.0339,0.0092,-0.1854,-0.1095,0.0080,-0.1852,0.0001,0.0022,0.0697,0.0494,0.0228,-0.0630,-0.0734,0.0110,-0.0678,0.0491,0.0316,-0.0856,-0.0797,0.0135,-0.0864,0.6771,-0.0217,0.0638,0.0056,0.0372,-0.2515,-0.0131,0.0605,0.0636,0.0747,-0.0401,0.0069,-0.0650,-0.1445,0.0050,0.0043,0.0478,0.0497,-0.0216,-0.0304,0.0428,-0.0302
696,0.678049,-0.0092,-0.2592,0.3080,0.3268,0.0289,-0.0433,0.1716,-0.2020,0.0014,-0.2815,-0.1296,0.1826,0.6049,0.3395,-0.2873,0.0005,-0.2450,0.2314,0.0284,-0.2888,-0.0976,0.0082,-0.0273,0.0060,0.0037,0.0035,-0.0000,0.0030,-0.0005,-0.0000,-0.0369,0.0001,-0.0529,0.0113,0.0000,0.0003,0.0421,0.0054,0.4473,1.9107,-0.0207,-0.0016,0.2319,0.9936,0.0000,0.1125,-0.1125,-0.0005,0.9936,0.0615,0.0125,0.1469,-0.0890,0.0244,0.1457,-0.0890,0.0244,0.1457,0.0904,0.0102,0.1472,-0.1298,0.0325,0.0895,0.1292,0.0033,0.0893,0.0339,0.0093,-0.1854,-0.1095,0.0081,-0.1852,0.0001,0.0022,0.0697,0.0494,0.0228,-0.0630,-0.0734,0.0110,-0.0678,0.0491,0.0316,-0.0856,-0.0797,0.0135,-0.0864,0.6780,-0.0206,0.0586,0.0106,0.0527,-0.2506,-0.0165,0.0671,0.0676,0.0985,-0.0477,0.0073,-0.0748,-0.1610,0.0084,0.0018,0.0292,0.0356,-0.0187,-0.0332,0.0534,-0.0213
697,0.679024,-0.0090,-0.2597,0.3081,0.3269,0.0289,-0.0433,0.1717,-0.2020,0.0014,-0.2824,-0.1296,0.1817,0.6050,0.3395,-0.2873,0.0011,-0.2449,0.2342,0.0198,-0.2891,-0.0975,0.0102,-0.0214,0.0113,0.0011,0.0035,-0.0029,0.0080,-0.0002,-0.0000,-0.0508,0.0000,-0.0545,0.0021,-0.0001,0.0002,0.0275,0.0017,-0.1364,-0.2517,-0.0049,0.0093,0.2319,0.9937,0.0000,0.1125,-0.1125,-0.0005,0.9937,0.0615,0.0125,0.1469,-0.0890,0.0245,0.1457,-0.0890,0.0245,0.1457,0.0904,0.0102,0.1472,-0.1298,0.0326,0.0895,0.1292,0.0033,0.0893,0.0339,0.0093,-0.1854,-0.1096,0.0081,-0.1852,0.0001,0.0022,0.0697,0.0494,0.0228,-0.0630,-0.0734,0.0110,-0.0678,0.0490,0.0317,-0.0856,-0.0797,0.0135,-0.0864,0.6790,-0.0188,0.0763,0.0111,0.0647,-0.2619,-0.0047,0.0695,0.0763,0.0897,-0.0442,0.0038,-0.0758,-0.1681,0.0087,-0.0106,0.0447,0.0425,-0.0248,-0.0409,0.0670,-0.0410
698,0.680000,-0.0088,-0.2599,0.3084,0.3269,0.0291,-0.0433,0.1718,-0.2020,0.0014,-0.2832,-0.1296,0.1807,0.6050,0.3395,-0.2873,0.0017,-0.2449,0.2329,0.0157,-0.2891,-0.0975,0.0233,-0.0080,0.0158,0.0014,0.0073,-0.0011,0.0069,-0.0003,0.0000,-0.0434,-0.0000,-0.0560,0.0002,-0.0002,0.0001,0.0381,0.0058,-1.0660,-0.0076,-0.0009,-0.0035,0.2319,0.9937,0.0000,0.1124,-0.1124,-0.0005,0.9937,0.0615,0.0126,0.1469,-0.0890,0.0245,0.1457,-0.0890,0.0245,0.1457,0.0904,0.0103,0.1472,-0.1298,0.0327,0.0895,0.1292,0.0033,0.0893,0.0339,0.0094,-0.1854,-0.1096,0.0082,-0.1852,0.0001,0.0022,0.0697,0.0494,0.0228,-0.0630,-0.0734,0.0110,-0.0678,0.0490,0.0317,-0.0856,-0.0797,0.0135,-0.0864,0.6800,-0.0196,0.0679,0.0187,0.0751,-0.2580,-0.0129,0.0729,0.0805,0.1080,-0.0473,0.0032,-0.0787,-0.1890,0.0127,-0.0109,0.0276,0.0092,-0.0256,-0.0340,0.0733,-0.0194
699,0.680976,-0.0084,-0.2601,0.3087,0.3270,0.0292,-0.0434,0.1720,-0.2020,0.0014,-0.2841,-0.1296,0.1797,0.6050,0.3395,-0.2873,0.0022,-0.2448,0.2235,0.0086,-0.2891,-0.0974,0.0179,-0.0075,0.0268,0.0158,0.0199,-0.0009,0.0131,0.0004,-0.0000,-0.0484,0.0000,-0.0504,-0.0090,0.0001,0.0002,0.0250,-0.0036,0.1538,0.1774,-0.0001,0.0202,0.2319,0.9937,-0.0000,0.1124,-0.1124,-0.0005,0.9937,0.0615,0.0126,0.1469,-0.0890,0.0245,0.1457,-0.0890,0.0245,0.1457,0.0904,0.0103,0.1472,-0.1298,0.0327,0.0895,0.1292,0.0033,0.0893,0.0339,0.0094,-0.1854,-0.1096,0.0082,-0.1852,0.0001,0.0022,0.0697,0.0494,0.0228,-0.0630,-0.0734,0.0110,-0.0678,0.0490,0.0317,-0.0856,-0.0797,0.0134,-0.0864,0.6810,-0.0145,0.0758,0.0088,0.0627,-0.2625,-0.0073,0.0695,0.0758,0.0915,-0.0433,0.0024,-0.0710,-0.1569,0.0092,-0.0076,0.0428,0.0555,-0.0211,-0.0364,0.0655,-0.0442
700,0.681951,-0.0082,-0.2603,0.3091,0.3272,0.0294,-0.0434,0.1721,-0.2020,0.0014,-0.2847,-0.1296,0.1791,0.6049,0.3395,-0.2873,0.0026,-0.2448,0.2238,0.0096,-0.2891,-0.0973,0.0194,-0.0179,0.0196,0.0051,0.0144,-0.0003,0.0130,0.0002,-0.0000,-0.0446,0.0000,-0.0593,-0.0029,0.0000,0.0001,0.0383,0.0160,-0.0786,0.2439,0.0000,-0.0159,0.2319,0.9937,-0.0000,0.1123,-0.1123,-0.0005,0.9937,0.0615,0.0126,0.1469,-0.0890,0.0246,0.1457,-0.0890,0.0246,0.1457,0.0904,0.0103,0.1472,-0.1298,0.0328,0.0894,0.1293,0.0033,0.0893,0.0338,0.0094,-0.1854,-0.1097,0.0082,-0.1852,0.0001,0.0022,0.0697,0.0494,0.0228,-0.0630,-0.0734,0.0109,-0.0678,0.0490,0.0317,-0.0856,-0.0797,0.0134,-0.0864,0.6820,-0.0144,0.0762,0.0097,0.0669,-0.2612,-0.0089,0.0694,0.0754,0.1002,-0.0446,0.0026,-0.0712,-0.1618,0.0099,-0.0076,0.0373,0.0501,-0.0211,-0.0355,0.0672,-0.0374
701,0.682927,-0.0078,-0.2604,0.3093,0.3272,0.0296,-0.0434,0.1723,-0.2020,0.0014,-0.2855,-0.1296,0.1781,0.6049,0.3395,-0.2873,0.0032,-0.2446,0.2236,0.0177,-0.2891,-0.0975,0.0209,-0.0084,0.0144,0.0022,0.0075,-0.0000,0.0097,0.0002,-0.0000,-0.0441,0.0000,-0.0471,-0.0005,0.0002,-0.0001,0.0280,0.0100,1.0156,0.1644,0.0001,-0.0031,0.2319,0.9937,-0.0000,0.1122,-0.1122,-0.0005,0.9937,0.0615,0.0127,0.1469,-0.0890,0.0246,0.1457,-0.0890,0.0246,0.1457,0.0904,0.0104,0.1472,-0.1298,0.0329,0.0894,0.1293,0.0033,0.0893,0.0338,0.0094,-0.1854,-0.1097,0.0083,-0.1852,0.0001,0.0022,0.0697,0.0494,0.0228,-0.0630,-0.0734,0.0109,-0.0678,0.0490,0.0317,-0.0856,-0.0797,0.0134,-0.0864,0.6829,-0.0191,0.0744,0.0053,0.0467,-0.2585,-0.0039,0.0671,0.0738,0.0738,-0.0357,0.0017,-0.0665,-0.1440,0.0070,-0.0046,0.0552,0.0593,-0.0202,-0.0402,0.0577,-0.0541
702,0.683902,-0.0075,-0.2607,0.3095,0.3272,0.0298,-0.0434,0.1725,-0.2020,0.0014,-0.2861,-0.1296,0.1772,0.6049,0.3395,-0.2873,0.0039,-0.2443,0.2324,0.0218,-0.2891,-0.0978,0.0104,-0.0191,0.0058,0.0009,0.0092,-0.0001,0.0055,-0.0003,-0.0000,-0.0284,0.0000,-0.0486,-0.0000,-0.0001,-0.0001,0.0415,0.0140,-0.1645,0.0578,-0.0057,-0.0265,0.2319,0.9937,0.0000,0.1121,-0.1121,-0.0006,0.9937,0.0615,0.0127,0.1469,-0.0890,0.0247,0.1457,-0.0890,0.0247,0.1457,0.0904,0.0104,0.1471,-0.1298,0.0329,0.0894,0.1293,0.0033,0.0893,0.0338,0.0095,-0.1854,-0.1097,0.0083,-0.1852,0.0001,0.0022,0.0697,0.0494,0.0228,-0.0630,-0.0734,0.0109,-0.0678,0.0490,0.0317,-0.0856,-0.0797,0.0134,-0.0864,0.6839,-0.0162,0.0762,0.0103,0.0652,-0.2603,-0.0074,0.0692,0.0761,0.0999,-0.0444,0.0035,-0.0728,-0.1689,0.0093,-0.0094,0.0391,0.0419,-0.0240,-0.0405,0.0691,-0.0339
703,0.684878,-0.0072,-0.2609,0.3097,0.3273,0.0299,-0.0434,0.1726,-0.2021,0.0014,-0.2869,-0.1296,0.1763,0.6049,0.3395,-0.2873,0.0045,-0.2442,0.2324,0.0304,-0.2892,-0.0979,0.0220,-0.0063,0.0126,0.0036,0.0078,-0.0001,0.0084,-0.0004,-0.0000,-0.0458,0.0000,-0.0491,-0.0002,-0.0002,-0.0001,0.0274,0.0033,-0.9119,0.2601,-0.0014,0.0024,0.2319,0.9937,-0.0000,0.1120,-0.1120,-0.0006,0.9937,0.0615,0.0127,0.1469,-0.0890,0.0247,0.1457,-0.0890,0.0247,0.1457,0.0904,0.0104,0.1471,-0.1298,0.0330,0.0894,0.1293,0.0033,0.0893,0.0337,0.0095,-0.1854,-0.1098,0.0083,-0.1852,0.0001,0.0022,0.0697,0.0494,0.0228,-0.0630,-0.0735,0.0109,-0.0678,0.0490,0.0317,-0.0856,-0.0797,0.0133,-0.0864,0.6849,-0.0172,0.0721,0.0155,0.0708,-0.2580,-0.0136,0.0719,0.0795,0.1087,-0.0473,0.0018,-0.0756,-0.1853,0.0117,-0.0100,0.0243,0.0180,-0.0223,-0.0389,0.0754,-0.0202
704,0.685854,-0.0068,-0.2611,0.3100,0.3274,0.0301,-0.0434,0.1728,-0.2021,0.0014,-0.2878,-0.1296,0.1757,0.6048,0.3395,-0.2873,0.0048,-0.2442,0.2258,0.0269,-0.2892,-0.0978,0.0171,-0.0104,0.0225,0.0054,0.0105,-0.0002,0.0137,0.0005,-0.0000,-0.0492,0.0001,-0.0570,-0.0063,-0.0003,0.0003,0.0227,-0.0041,-1.8234,1.3614,0.0042,0.0140,0.2319,0.9937,-0.0000,0.1119,-0.1119,-0.0006,0.9937,0.0615,0.0127,0.1469,-0.0890,0.0247,0.1457,-0.0890,0.0247,0.1457,0.0904,0.0104,0.1471,-0.1298,0.0331,0.0894,0.1293,0.0034,0.0893,0.0337,0.0095,-0.1854,-0.1098,0.0083,-0.1852,0.0001,0.0022,0.0697,0.0494,0.0228,-0.0630,-0.0735,0.0108,-0.0678,0.0489,0.0317,-0.0856,-0.0797,0.0133,-0.0864,0.6859,-0.0314,0.0637,0.0231,0.0722,-0.2426,-0.0222,0.0672,0.0739,0.1123,-0.0413,0.0037,-0.0812,-0.2064,0.0120,-0.0080,-0.0043,-0.0255,-0.0141,-0.0155,0.0623,0.0026
705,0.686829,-0.0067,-0.2612,0.3103,0.3275,0.0302,-0.0434,0.1729,-0.2020,0.0014,-0.2883,-0.1296,0.1748,0.6047,0.3395,-0.2873,0.0051,-0.2444,0.2206,0.0322,-0.2892,-0.0975,0.0070,-0.0054,0.0307,0.0096,0.0075,-0.0077,0.0075,-0.0005,0.0000,-0.0375,0.0000,-0.0495,-0.0140,-0.0003,0.0001,0.0087,-0.0267,-1.5923,0.8545,-0.0021,0.0478,0.2319,0.9937,0.0000,0.1117,-0.1117,-0.0005,0.9937,0.0615,0.0128,0.1469,-0.0890,0.0248,0.1457,-0.0890,0.0248,0.1457,0.0904,0.0105,0.1471,-0.1298,0.0331,0.0894,0.1293,0.0034,0.0893,0.0337,0.0095,-0.1854,-0.1098,0.0083,-0.1852,0.0001,0.0022,0.0697,0.0494,0.0228,-0.0630,-0.0735,0.0108,-0.0678,0.0489,0.0317,-0.0856,-0.0797,0.0133,-0.0864,0.6868,-0.0234,0.0693,0.0199,0.0724,-0.2511,-0.0201,0.0714,0.0780,0.1093,-0.0433,0.0003,-0.0780,-0.1996,0.0121,-0.0091,0.0010,-0.0105,-0.0132,-0.0270,0.0710,-0.0077
706,0.687805,-0.0065,-0.2613,0.3109,0.3278,0.0306,-0.0436,0.1732,-0.2021,0.0014,-0.2891,-0.1296,0.1738,0.6043,0.3395,-0.2873,0.0052,-0.2447,0.2180,0.0410,-0.2892,-0.0971,0.0108,-0.0085,0.0336,0.0128,0.0177,-0.0102,0.0157,-0.0003,0.0000,-0.0428,-0.0000,-0.0495,-0.0161,-0.0002,-0.0001,0.0034,-0.0169,-1.0386,0.1119,-0.0015,0.0155,0.2319,0.9938,-0.0000,0.1112,-0.1112,-0.0004,0.9938,0.0615,0.0129,0.1469,-0.0890,0.0250,0.1456,-0.0890,0.0250,0.1456,0.0904,0.0106,0.1471,-0.1298,0.0333,0.0894,0.1292,0.0034,0.0893,0.0337,0.0095,-0.1854,-0.1098,0.0083,-0.1852,0.0001,0.0023,0.0697,0.0493,0.0228,-0.0630,-0.0735,0.0108,-0.0679,0.0489,0.0317,-0.0856,-0.0797,0.0132,-0.0864,0.6878,-0.0164,0.0807,0.0124,0.0682,-0.2586,-0.0131,0.0726,0.0800,0.1045,-0.0445,-0.0015,-0.0739,-0.1838,0.0109,-0.0098,0.0158,0.0171,-0.0150,-0.0445,0.0773,-0.0224
707,0.688780,-0.0062,-0.2614,0.3114,0.3279,0.0308,-0.0438,0.1735,-0.2021,0.0014,-0.2899,-0.1296,0.1729,0.6041,0.3395,-0.2873,0.0054,-0.2449,0.2085,0.0473,-0.2892,-0.0968,0.0220,-0.0066,0.0224,0.0056,0.0119,-0.0033,0.0159,0.0002,-0.0000,-0.0444,-0.0000,-0.0505,-0.0053,0.0001,-0.0001,0.0107,-0.0049,0.1257,0.1562,0.0028,0.0049,0.2319,0.9939,-0.0000,0.1107,-0.1107,-0.0003,0.9939,0.0615,0.0130,0.1469,-0.0890,0.0251,0.1456,-0.0890,0.0251,0.1456,0.0904,0.0107,0.1471,-0.1298,0.0334,0.0893,0.1292,0.0034,0.0893,0.0336,0.0094,-0.1854,-0.1099,0.0082,-0.1852,0.0001,0.0023,0.0697,0.0493,0.0228,-0.0630,-0.0735,0.0107,-0.0679,0.0489,0.0316,-0.0856,-0.0798,0.0131,-0.0864,0.6888,-0.0133,0.0926,0.0013,0.0529,-0.2665,-0.0040,0.0691,0.0765,0.0715,-0.0393,-0.0013,-0.0676,-0.1492,0.0058,-0.0078,0.0316,0.0624,-0.0103,-0.0558,0.0677,-0.0527
708,0.689756,-0.0057,-0.2615,0.3117,0.3280,0.0310,-0.0438,0.1737,-0.2021,0.0014,-0.2906,-0.1296,0.1720,0.6040,0.3395,-0.2873,0.0056,-0.2449,0.2086,0.0516,-0.2892,-0.0971,0.0265,-0.0013,0.0055,0.0004,0.0098,-0.0004,0.0113,-0.0006,0.0000,-0.0349,-0.0000,-0.0429,-0.0015,0.0002,-0.0001,0.0166,0.0071,0.9523,0.0656,-0.0006,-0.0257,0.2319,0.9939,0.0000,0.1103,-0.1103,-0.0003,0.9939,0.0615,0.0131,0.1469,-0.0890,0.0252,0.1456,-0.0890,0.0252,0.1456,0.0904,0.0107,0.1471,-0.1298,0.0335,0.0893,0.1292,0.0035,0.0893,0.0336,0.0093,-0.1854,-0.1099,0.0082,-0.1852,0.0001,0.0023,0.0697,0.0493,0.0228,-0.0630,-0.0735,0.0107,-0.0679,0.0489,0.0316,-0.0856,-0.0798,0.0131,-0.0864,0.6898,-0.0131,0.0875,-0.0011,0.0388,-0.2651,-0.0037,0.0681,0.0755,0.0583,-0.0332,-0.0017,-0.0621,-0.1415,0.0048,-0.0045,0.0455,0.0676,-0.0102,-0.0567,0.0626,-0.0588
709,0.690732,-0.0054,-0.2615,0.3117,0.3280,0.0312,-0.0438,0.1739,-0.2021,0.0014,-0.2910,-0.1296,0.1714,0.6040,0.3395,-0.2873,0.0059,-0.2448,0.2093,0.0547,-0.2892,-0.0975,0.0222,-0.0057,0.0013,-0.0018,0.0070,-0.0001,0.0088,-0.0006,0.0000,-0.0239,-0.0000,-0.0452,-0.0003,0.0001,-0.0001,0.0248,0.0059,0.4086,0.1809,-0.0055,-0.0281,0.2319,0.9939,-0.0000,0.1100,-0.1100,-0.0003,0.9939,0.0615,0.0131,0.1469,-0.0890,0.0252,0.1456,-0.0890,0.0252,0.1456,0.0904,0.0108,0.1471,-0.1298,0.0335,0.0893,0.1292,0.0035,0.0893,0.0336,0.0093,-0.1854,-0.1099,0.0081,-0.1852,0.0001,0.0024,0.0697,0.0493,0.0227,-0.0630,-0.0735,0.0106,-0.0679,0.0489,0.0316,-0.0856,-0.0798,0.0130,-0.0864,0.6907,-0.0111,0.0928,-0.0005,0.0467,-0.2658,-0.0039,0.0686,0.0761,0.0678,-0.0370,-0.0014,-0.0651,-0.1439,0.0051,-0.0066,0.0361,0.0691,-0.0093,-0.0587,0.0665,-0.0556
710,0.691707,-0.0049,-0.2616,0.3117,0.3279,0.0313,-0.0438,0.1741,-0.2021,0.0014,-0.2915,-0.1296,0.1706,0.6040,0.3395,-0.2873,0.0062,-0.2448,0.2138,0.0581,-0.2893,-0.0979,0.0264,-0.0012,0.0002,-0.0048,0.0045,-0.0001,0.0118,0.0000,0.0000,-0.0328,-0.0000,-0.0432,-0.0003,-0.0001,-0.0001,0.0134,0.0007,-0.0708,0.0268,-0.0009,-0.0244,0.2319,0.9940,-0.0000,0.1097,-0.1097,-0.0004,0.9940,0.0615,0.0131,0.1469,-0.0890,0.0252,0.1456,-0.0890,0.0252,0.1456,0.0904,0.0108,0.1471,-0.1297,0.0336,0.0893,0.1292,0.0035,0.0893,0.0335,0.0093,-0.1854,-0.1099,0.0081,-0.1852,0.0001,0.0024,0.0697,0.0493,0.0227,-0.0630,-0.0735,0.0106,-0.0679,0.0489,0.0316,-0.0856,-0.0798,0.0130,-0.0864,0.6917,-0.0121,0.0973,0.0007,0.0534,-0.2697,-0.0046,0.0682,0.0770,0.0701,-0.0397,-0.0018,-0.0665,-0.1535,0.0058,-0.0086,0.0312,0.0658,-0.0109,-0.0568,0.0697,-0.0522
711,0.692683,-0.0045,-0.2616,0.3117,0.3278,0.0313,-0.0438,0.1743,-0.2021,0.0014,-0.2922,-0.1296,0.1698,0.6040,0.3395,-0.2873,0.0065,-0.2448,0.2163,0.0633,-0.2893,-0.0982,0.0242,-0.0008,0.0001,-0.0042,0.0040,-0.0001,0.0108,-0.0003,0.0000,-0.0362,-0.0000,-0.0404,-0.0005,-0.0002,-0.0002,0.0109,-0.0003,-0.8303,-0.3525,-0.0005,-0.0197,0.2319,0.9940,0.0000,0.1095,-0.1095,-0.0004,0.9940,0.0615,0.0132,0.1469,-0.0890,0.0253,0.1456,-0.0890,0.0253,0.1456,0.0904,0.0109,0.1471,-0.1297,0.0336,0.0893,0.1293,0.0035,0.0893,0.0335,0.0092,-0.1854,-0.1100,0.0080,-0.1852,0.0001,0.0024,0.0697,0.0493,0.0227,-0.0630,-0.0735,0.0105,-0.0679,0.0488,0.0315,-0.0856,-0.0798,0.0129,-0.0864,0.6927,-0.0175,0.0920,0.0066,0.0612,-0.2637,-0.0080,0.0701,0.0784,0.0840,-0.0404,-0.0007,-0.0712,-0.1785,0.0081,-0.0090,0.0184,0.0283,-0.0126,-0.0546,0.0747,-0.0320
712,0.693659,-0.0042,-0.2616,0.3118,0.3278,0.0314,-0.0438,0.1744,-0.2021,0.0014,-0.2927,-0.1296,0.1693,0.6040,0.3395,-0.2873,0.0066,-0.2449,0.2104,0.0581,-0.2893,-0.0983,0.0182,-0.0006,0.0026,-0.0016,0.0039,-0.0001,0.0116,-0.0002,0.0000,-0.0452,-0.0000,-0.0436,-0.0072,-0.0003,-0.0002,0.0068,-0.0146,-1.7854,-1.4161,-0.0006,0.0021,0.2319,0.9940,-0.0000,0.1094,-0.1094,-0.0004,0.9940,0.0615,0.0132,0.1469,-0.0890,0.0253,0.1456,-0.0890,0.0253,0.1456,0.0904,0.0109,0.1471,-0.1297,0.0337,0.0893,0.1293,0.0035,0.0893,0.0335,0.0092,-0.1854,-0.1100,0.0080,-0.1852,0.0001,0.0024,0.0697,0.0493,0.0227,-0.0630,-0.0735,0.0105,-0.0679,0.0488,0.0315,-0.0856,-0.0798,0.0129,-0.0864,0.6937,-0.0275,0.0788,0.0173,0.0679,-0.2523,-0.0097,0.0680,0.0724,0.0653,-0.0307,0.0032,-0.0694,-0.2038,0.0111,-0.0071,0.0120,-0.0334,-0.0163,-0.0433,0.0658,-0.0150
713,0.694634,-0.0040,-0.2616,0.3120,0.3279,0.0316,-0.0438,0.1746,-0.2021,0.0014,-0.2932,-0.1296,0.1684,0.6037,0.3395,-0.2873,0.0067,-0.2455,0.2119,0.0546,-0.2893,-0.0981,0.0042,-0.0008,0.0230,0.0041,0.0110,0.0000,0.0076,-0.0007,0.0000,-0.0199,-0.0000,-0.0480,-0.0190,-0.0002,0.0003,0.0053,-0.0486,-0.8073,1.1241,-0.0008,0.0116,0.2319,0.9940,-0.0000,0.1090,-0.1090,-0.0004,0.9940,0.0615,0.0133,0.1469,-0.0890,0.0254,0.1456,-0.0890,0.0254,0.1456,0.0904,0.0110,0.1471,-0.1297,0.0338,0.0893,0.1292,0.0036,0.0893,0.0335,0.0091,-0.1854,-0.1100,0.0080,-0.1852,0.0001,0.0024,0.0697,0.0493,0.0227,-0.0630,-0.0735,0.0105,-0.0679,0.0488,0.0315,-0.0857,-0.0798,0.0128,-0.0864,0.6946,-0.0114,0.0866,0.0072,0.0671,-0.2570,-0.0157,0.0684,0.0734,0.1053,-0.0452,-0.0036,-0.0656,-0.1630,0.0093,-0.0055,0.0107,0.0507,-0.0048,-0.0461,0.0704,-0.0329
714,0.695610,-0.0037,-0.2617,0.3124,0.3280,0.0318,-0.0438,0.1748,-0.2021,0.0014,-0.2940,-0.1296,0.1676,0.6035,0.3395,-0.2873,0.0068,-0.2459,0.2109,0.0559,-0.2893,-0.0981,0.0221,-0.0012,0.0137,0.0038,0.0086,-0.0013,0.0140,-0.0003,0.0000,-0.0431,-0.0000,-0.0392,-0.0053,0.0000,-0.0001,0.0008,-0.0011,0.1425,-0.5699,-0.0006,0.0009,0.2319,0.9941,-0.0000,0.1086,-0.1086,-0.0003,0.9941,0.0615,0.0134,0.1468,-0.0890,0.0255,0.1455,-0.0890,0.0255,0.1455,0.0904,0.0110,0.1471,-0.1297,0.0338,0.0893,0.1292,0.0036,0.0893,0.0335,0.0091,-0.1854,-0.1100,0.0079,-0.1852,0.0001,0.0024,0.0697,0.0493,0.0227,-0.0630,-0.0735,0.0104,-0.0679,0.0488,0.0315,-0.0857,-0.0798,0.0127,-0.0865,0.6956,-0.0142,0.1001,-0.0024,0.0535,-0.2726,-0.0002,0.0685,0.0768,0.0554,-0.0346,-0.0012,-0.0646,-0.1480,0.0055,-0.0087,0.0388,0.0717,-0.0106,-0.0569,0.0674,-0.0672
715,0.696585,-0.0034,-0.2617,0.3125,0.3280,0.0319,-0.0438,0.1750,-0.2021,0.0014,-0.2944,-0.1296,0.1670,0.6034,0.3395,-0.2873,0.0069,-0.2459,0.2145,0.0528,-0.2894,-0.0983,0.0323,-0.0014,0.0048,0.0012,0.0155,-0.0007,0.0129,-0.0009,0.0000,-0.0201,-0.0000,-0.0507,-0.0016,0.0002,-0.0003,0.0233,0.0063,1.3392,-1.5977,-0.0110,-0.0560,0.2320,0.9941,0.0000,0.1084,-0.1084,-0.0003,0.9941,0.0615,0.0134,0.1468,-0.0890,0.0255,0.1455,-0.0890,0.0255,0.1455,0.0904,0.0111,0.1471,-0.1297,0.0339,0.0892,0.1292,0.0036,0.0893,0.0334,0.0091,-0.1854,-0.1100,0.0079,-0.1852,0.0001,0.0025,0.0697,0.0493,0.0227,-0.0630,-0.0735,0.0104,-0.0679,0.0488,0.0315,-0.0857,-0.0798,0.0127,-0.0865,0.6966,-0.0382,0.0918,-0.0031,0.0608,-0.2709,0.0038,0.0665,0.0729,0.0112,-0.0234,0.0002,-0.0584,-0.1374,0.0040,-0.0038,0.0550,0.0700,-0.0114,-0.0508,0.0522,-0.1076
716,0.697561,-0.0030,-0.2618,0.3125,0.3280,0.0322,-0.0438,0.1751,-0.2021,0.0014,-0.2947,-0.1296,0.1663,0.6034,0.3395,-0.2873,0.0073,-0.2458,0.2184,0.0491,-0.2897,-0.0996,0.0066,-0.0142,0.0008,0.0002,0.0145,-0.0002,0.0031,-0.0011,0.0000,-0.0079,-0.0000,-0.0300,-0.0002,-0.0002,-0.0001,0.0273,0.0052,-0.7719,-0.6182,-0.0216,-0.0806,0.2319,0.9941,0.0000,0.1081,-0.1081,-0.0003,0.9941,0.0615,0.0135,0.1468,-0.0890,0.0256,0.1455,-0.0890,0.0256,0.1455,0.0904,0.0111,0.1471,-0.1297,0.0339,0.0893,0.1293,0.0037,0.0893,0.0334,0.0091,-0.1854,-0.1100,0.0079,-0.1852,0.0001,0.0025,0.0697,0.0492,0.0226,-0.0631,-0.0735,0.0103,-0.0679,0.0488,0.0314,-0.0857,-0.0798,0.0127,-0.0865,0.6976,-0.0159,0.0950,0.0059,0.0659,-0.2721,-0.0060,0.0694,0.0792,0.0787,-0.0395,0.0007,-0.0675,-0.1708,0.0088,-0.0088,0.0258,0.0447,-0.0161,-0.0513,0.0725,-0.0430
717,0.698537,-0.0028,-0.2620,0.3126,0.3281,0.0324,-0.0438,0.1753,-0.2021,0.0014,-0.2954,-0.1296,0.1656,0.6034,0.3395,-0.2873,0.0077,-0.2458,0.2076,0.0429,-0.2899,-0.1000,0.0217,-0.0045,0.0058,0.0082,0.0122,-0.0000,0.0154,0.0003,-0.0000,-0.0479,0.0000,-0.0470,-0.0077,0.0001,0.0001,0.0084,-0.0024,-0.1840,0.0200,-0.0034,0.0092,0.2319,0.9942,-0.0000,0.1079,-0.1079,-0.0004,0.9942,0.0615,0.0135,0.1468,-0.0890,0.0256,0.1455,-0.0890,0.0256,0.1455,0.0904,0.0112,0.1471,-0.1297,0.0340,0.0892,0.1292,0.0037,0.0893,0.0333,0.0090,-0.1854,-0.1101,0.0079,-0.1852,0.0001,0.0025,0.0697,0.0492,0.0226,-0.0631,-0.0735,0.0103,-0.0679,0.0488,0.0314,-0.0857,-0.0798,0.0126,-0.0865,0.6985,-0.0063,0.1023,-0.0001,0.0592,-0.2801,-0.0080,0.0682,0.0794,0.0669,-0.0400,-0.0040,-0.0597,-0.1467,0.0073,-0.0079,0.0325,0.0904,-0.0111,-0.0508,0.0721,-0.0628
718,0.699512,-0.0023,-0.2621,0.3127,0.3281,0.0325,-0.0438,0.1755,-0.2021,0.0014,-0.2961,-0.1296,0.1648,0.6033,0.3395,-0.2873,0.0079,-0.2457,0.2016,0.0374,-0.2899,-0.1004,0.0284,-0.0010,0.0022,-0.0032,0.0061,0.0001,0.0132,0.0003,-0.0000,-0.0377,0.0000,-0.0396,-0.0016,0.0001,0.0002,0.0142,0.0166,-0.1402,0.3782,-0.0005,-0.0280,0.2319,0.9942,-0.0000,0.1077,-0.1077,-0.0004,0.9942,0.0615,0.0135,0.1468,-0.0890,0.0256,0.1455,-0.0890,0.0256,0.1455,0.0904,0.0112,0.1471,-0.1297,0.0341,0.0892,0.1293,0.0037,0.0893,0.0333,0.0090,-0.1854,-0.1101,0.0078,-0.1852,0.0001,0.0025,0.0697,0.0492,0.0226,-0.0631,-0.0735,0.0103,-0.0679,0.0487,0.0314,-0.0857,-0.0798,0.0126,-0.0865,0.6995,-0.0032,0.1010,0.0001,0.0608,-0.2792,-0.0116,0.0686,0.0787,0.0743,-0.0411,-0.0045,-0.0565,-0.1431,0.0081,-0.0057,0.0260,0.0944,-0.0085,-0.0477,0.0718,-0.0588
719,0.700488,-0.0019,-0.2621,0.3127,0.3280,0.0326,-0.0438,0.1757,-0.2021,0.0014,-0.2965,-0.1296,0.1644,0.6033,0.3395,-0.2873,0.0081,-0.2454,0.1991,0.0402,-0.2899,-0.1006,0.0262,-0.0000,0.0003,-0.0011,0.0046,-0.0001,0.0136,0.0004,-0.0000,-0.0474,-0.0000,-0.0342,-0.0002,-0.0003,0.0003,0.0111,0.0190,-1.8432,1.6388,-0.0009,-0.0120,0.2319,0.9942,-0.0000,0.1078,-0.1078,-0.0004,0.9942,0.0616,0.0135,0.1468,-0.0890,0.0256,0.1455,-0.0890,0.0256,0.1455,0.0905,0.0112,0.1471,-0.1297,0.0341,0.0893,0.1293,0.0037,0.0893,0.0333,0.0090,-0.1854,-0.1101,0.0078,-0.1852,0.0001,0.0025,0.0697,0.0492,0.0226,-0.0631,-0.0735,0.0103,-0.0679,0.0487,0.0314,-0.0857,-0.0798,0.0125,-0.0865,0.7005,-0.0257,0.0821,0.0144,0.0687,-0.2488,-0.0212,0.0636,0.0706,0.1102,-0.0367,-0.0001,-0.0694,-0.1846,0.0101,-0.0056,-0.0153,0.0112,0.0030,-0.0231,0.0609,-0.0115
720,0.701463,-0.0016,-0.2621,0.3127,0.3281,0.0327,-0.0438,0.1759,-0.2021,0.0014,-0.2972,-0.1296,0.1638,0.6033,0.3395,-0.2873,0.0082,-0.2453,0.1942,0.0460,-0.2899,-0.1006,0.0116,-0.0007,0.0102,0.0090,0.0024,-0.0068,0.0064,-0.0002,0.0000,-0.0300,-0.0000,-0.0317,-0.0004,-0.0003,0.0003,-0.0001,-0.0250,-1.5668,1.7232,-0.0113,0.0446,0.2319,0.9942,0.0000,0.1079,-0.1079,-0.0004,0.9942,0.0616,0.0135,0.1468,-0.0890,0.0256,0.1455,-0.0890,0.0256,0.1455,0.0905,0.0112,0.1471,-0.1297,0.0341,0.0893,0.1293,0.0036,0.0893,0.0333,0.0090,-0.1854,-0.1101,0.0078,-0.1852,0.0001,0.0025,0.0697,0.0492,0.0226,-0.0631,-0.0735,0.0102,-0.0679,0.0487,0.0314,-0.0857,-0.0798,0.0125,-0.0865,0.7015,-0.0233,0.0840,0.0114,0.0686,-0.2501,-0.0205,0.0642,0.0693,0.1089,-0.0377,-0.0016,-0.0684,-0.1765,0.0096,-0.0053,-0.0160,0.0203,0.0065,-0.0295,0.0617,-0.0172
721,0.702439,-0.0014,-0.2621,0.3130,0.3282,0.0329,-0.0440,0.1760,-0.2021,0.0014,-0.2978,-0.1296,0.1632,0.6031,0.3395,-0.2873,0.0082,-0.2458,0.1920,0.0426,-0.2901,-0.1002,0.0112,-0.0003,0.0175,0.0067,0.0099,-0.0113,0.0071,-0.0011,0.0000,-0.0330,-0.0000,-0.0339,-0.0081,-0.0002,0.0001,-0.0010,-0.0197,-1.0060,0.3745,-0.0026,0.0092,0.2319,0.9942,0.0000,0.1077,-0.1077,-0.0003,0.9942,0.0615,0.0135,0.1468,-0.0890,0.0257,0.1455,-0.0890,0.0257,0.1455,0.0904,0.0112,0.1471,-0.1297,0.0342,0.0892,0.1292,0.0036,0.0893,0.0333,0.0090,-0.1854,-0.1101,0.0078,-0.1852,0.0001,0.0025,0.0697,0.0492,0.0226,-0.0631,-0.0735,0.0102,-0.0679,0.0487,0.0314,-0.0857,-0.0798,0.0125,-0.0865,0.7024,-0.0076,0.0982,0.0050,0.0683,-0.2736,-0.0166,0.0715,0.0813,0.0958,-0.0420,-0.0077,-0.0601,-0.1638,0.0102,-0.0066,0.0054,0.0622,-0.0018,-0.0479,0.0800,-0.0402
722,0.703415,-0.0011,-0.2621,0.3133,0.3284,0.0331,-0.0442,0.1763,-0.2021,0.0014,-0.2985,-0.1296,0.1626,0.6031,0.3395,-0.2873,0.0082,-0.2459,0.1825,0.0512,-0.2901,-0.1001,0.0245,-0.0005,0.0087,0.0033,0.0083,-0.0060,0.0151,0.0009,-0.0000,-0.0407,0.0000,-0.0329,-0.0017,0.0001,-0.0001,0.0034,0.0062,0.0962,0.1267,0.0018,-0.0024,0.2319,0.9942,0.0000,0.1076,-0.1076,-0.0003,0.9942,0.0615,0.0135,0.1468,-0.0890,0.0257,0.1455,-0.0890,0.0257,0.1455,0.0904,0.0112,0.1471,-0.1297,0.0343,0.0892,0.1292,0.0036,0.0893,0.0332,0.0090,-0.1854,-0.1102,0.0078,-0.1852,0.0001,0.0025,0.0697,0.0492,0.0226,-0.0631,-0.0735,0.0102,-0.0679,0.0487,0.0314,-0.0857,-0.0798,0.0125,-0.0865,0.7034,-0.0056,0.1101,-0.0053,0.0532,-0.2829,-0.0065,0.0693,0.0793,0.0543,-0.0354,-0.0073,-0.0565,-0.1348,0.0057,-0.0059,0.0216,0.0979,0.0010,-0.0598,0.0703,-0.0706
723,0.704390,-0.0006,-0.2621,0.3134,0.3284,0.0332,-0.0443,0.1764,-0.2021,0.0014,-0.2989,-0.1296,0.1622,0.6030,0.3395,-0.2873,0.0083,-0.2457,0.1802,0.0509,-0.2901,-0.1004,0.0272,0.0003,0.0017,-0.0010,0.0125,-0.0019,0.0156,0.0006,-0.0000,-0.0262,0.0000,-0.0360,-0.0003,-0.0001,0.0003,0.0172,0.0224,-1.0860,1.6291,-0.0029,-0.0530,0.2319,0.9942,-0.0000,0.1076,-0.1076,-0.0003,0.9942,0.0615,0.0135,0.1468,-0.0890,0.0258,0.1455,-0.0890,0.0258,0.1455,0.0904,0.0112,0.1471,-0.1297,0.0344,0.0892,0.1292,0.0036,0.0893,0.0332,0.0090,-0.1854,-0.1102,0.0078,-0.1852,0.0001,0.0025,0.0697,0.0492,0.0226,-0.0631,-0.0735,0.0102,-0.0679,0.0487,0.0314,-0.0857,-0.0798,0.0124,-0.0865,0.7044,-0.0179,0.0915,0.0051,0.0683,-0.2524,-0.0172,0.0664,0.0687,0.1112,-0.0381,-0.0050,-0.0618,-0.1579,0.0090,-0.0035,-0.0150,0.0456,0.0130,-0.0419,0.0651,-0.0286
724,0.705366,-0.0003,-0.2621,0.3134,0.3285,0.0333,-0.0443,0.1766,-0.2021,0.0014,-0.2995,-0.1296,0.1618,0.6030,0.3395,-0.2873,0.0085,-0.2454,0.1806,0.0568,-0.2902,-0.1008,0.0112,-0.0002,0.0020,0.0208,0.0159,-0.0069,0.0084,0.0001,-0.0000,-0.0398,0.0000,-0.0145,-0.0001,0.0003,0.0003,-0.0009,-0.0063,1.5416,1.7409,-0.0122,0.0245,0.2319,0.9942,-0.0000,0.1076,-0.1076,-0.0003,0.9942,0.0615,0.0135,0.1468,-0.0890,0.0258,0.1455,-0.0890,0.0258,0.1455,0.0904,0.0112,0.1471,-0.1297,0.0344,0.0892,0.1292,0.0036,0.0893,0.0332,0.0090,-0.1854,-0.1102,0.0078,-0.1852,0.0001,0.0025,0.0697,0.0492,0.0226,-0.0631,-0.0735,0.0102,-0.0679,0.0487,0.0314,-0.0857,-0.0798,0.0124,-0.0865,0.7054,-0.0110,0.0924,-0.0094,0.0215,-0.2670,-0.0126,0.0595,0.0685,0.0594,-0.0291,-0.0019,-0.0473,-0.1303,0.0013,0.0037,0.0293,0.0733,-0.0008,-0.0502,0.0543,-0.0346
725,0.706341,-0.0001,-0.2621,0.3134,0.3286,0.0335,-0.0444,0.1768,-0.2021,0.0014,-0.3000,-0.1296,0.1613,0.6031,0.3395,-0.2873,0.0087,-0.2455,0.1833,0.0517,-0.2903,-0.1007,0.0165,0.0002,0.0007,-0.0007,0.0029,-0.0014,0.0032,0.0004,-0.0000,-0.0166,0.0001,-0.0260,0.0028,0.0001,0.0001,0.0218,0.0004,0.7159,0.1985,-0.0047,-0.0112,0.2319,0.9942,-0.0000,0.1076,-0.1076,-0.0002,0.9942,0.0615,0.0135,0.1468,-0.0890,0.0258,0.1455,-0.0890,0.0258,0.1455,0.0904,0.0112,0.1471,-0.1297,0.0344,0.0892,0.1292,0.0036,0.0893,0.0332,0.0090,-0.1854,-0.1102,0.0078,-0.1852,0.0001,0.0025,0.0697,0.0492,0.0226,-0.0631,-0.0735,0.0102,-0.0679,0.0487,0.0314,-0.0857,-0.0798,0.0124,-0.0865,0.7063,-0.0055,0.1048,-0.0071,0.0445,-0.2796,-0.0048,0.0688,0.0777,0.0511,-0.0306,-0.0068,-0.0543,-0.1270,0.0054,-0.0042,0.0312,0.0981,0.0009,-0.0603,0.0672,-0.0736
726,0.707317,0.0004,-0.2621,0.3134,0.3286,0.0336,-0.0444,0.1769,-0.2021,0.0014,-0.3003,-0.1296,0.1608,0.6031,0.3395,-0.2873,0.0091,-0.2453,0.1909,0.0545,-0.2904,-0.1013,0.0276,0.0005,0.0001,-0.0022,0.0085,-0.0004,0.0109,0.0010,-0.0000,-0.0221,0.0001,-0.0290,0.0020,-0.0001,-0.0002,0.0220,0.0201,0.0196,-0.6877,-0.0026,-0.0463,0.2319,0.9942,-0.0000,0.1077,-0.1077,-0.0003,0.9942,0.0615,0.0135,0.1468,-0.0890,0.0258,0.1455,-0.0890,0.0258,0.1455,0.0904,0.0111,0.1471,-0.1297,0.0345,0.0892,0.1292,0.0035,0.0893,0.0331,0.0090,-0.1854,-0.1102,0.0078,-0.1852,0.0001,0.0025,0.0697,0.0492,0.0226,-0.0631,-0.0735,0.0101,-0.0679,0.0487,0.0314,-0.0857,-0.0798,0.0124,-0.0865,0.7073,-0.0151,0.1060,-0.0039,0.0580,-0.2815,-0.0019,0.0708,0.0789,0.0516,-0.0323,-0.0034,-0.0604,-0.1476,0.0057,-0.0063,0.0228,0.0709,-0.0019,-0.0610,0.0705,-0.0688
727,0.708293,0.0008,-0.2621,0.3134,0.3286,0.0337,-0.0444,0.1771,-0.2021,0.0014,-0.3008,-0.1296,0.1603,0.6031,0.3395,-0.2873,0.0095,-0.2451,0.2015,0.0455,-0.2905,-0.1018,0.0196,0.0002,0.0000,-0.0010,0.0063,-0.0001,0.0068,0.0003,-0.0000,-0.0246,0.0000,-0.0284,0.0009,-0.0001,0.0001,0.0196,0.0048,0.3041,-0.0720,-0.0007,-0.0243,0.2319,0.9942,-0.0000,0.1079,-0.1079,-0.0004,0.9942,0.0615,0.0135,0.1468,-0.0889,0.0258,0.1455,-0.0889,0.0258,0.1455,0.0905,0.0111,0.1471,-0.1297,0.0345,0.0892,0.1293,0.0035,0.0893,0.0331,0.0091,-0.1854,-0.1102,0.0078,-0.1852,0.0001,0.0025,0.0697,0.0491,0.0226,-0.0630,-0.0735,0.0101,-0.0679,0.0487,0.0314,-0.0857,-0.0798,0.0124,-0.0865,0.7083,-0.0031,0.1003,-0.0029,0.0548,-0.2868,-0.0079,0.0686,0.0793,0.0582,-0.0359,-0.0048,-0.0541,-0.1428,0.0070,-0.0061,0.0334,0.0949,-0.0073,-0.0546,0.0728,-0.0663
728,0.709268,0.0010,-0.2621,0.3134,0.3285,0.0338,-0.0444,0.1772,-0.2021,0.0014,-0.3011,-0.1296,0.1599,0.6032,0.3395,-0.2873,0.0097,-0.2450,0.1976,0.0401,-0.2905,-0.1021,0.0266,0.0003,-0.0000,-0.0018,0.0051,-0.0001,0.0099,0.0009,-0.0000,-0.0402,0.0001,-0.0362,0.0003,0.0002,-0.0003,0.0281,0.0174,1.2972,-2.0497,-0.0010,-0.0208,0.2319,0.9941,-0.0000,0.1081,-0.1081,-0.0004,0.9941,0.0616,0.0134,0.1468,-0.0889,0.0257,0.1455,-0.0889,0.0257,0.1455,0.0905,0.0111,0.1471,-0.1296,0.0345,0.0893,0.1293,0.0035,0.0893,0.0331,0.0091,-0.1854,-0.1103,0.0079,-0.1852,0.0001,0.0025,0.0697,0.0491,0.0226,-0.0630,-0.0735,0.0101,-0.0679,0.0486,0.0314,-0.0857,-0.0798,0.0124,-0.0865,0.7093,-0.0517,0.0964,-0.0032,0.0734,-0.2734,0.0098,0.0687,0.0719,0.0061,-0.0183,0.0005,-0.0607,-0.1290,0.0045,-0.0040,0.0418,0.0597,-0.0070,-0.0504,0.0501,-0.1201
729,0.710244,0.0013,-0.2622,0.3134,0.3286,0.0341,-0.0444,0.1773,-0.2021,0.0014,-0.3015,-0.1296,0.1594,0.6032,0.3395,-0.2873,0.0103,-0.2448,0.1983,0.0465,-0.2908,-0.1036,0.0054,-0.0106,0.0000,0.0077,0.0222,-0.0001,0.0023,-0.0005,0.0000,-0.0070,-0.0000,-0.0189,0.0012,-0.0003,-0.0001,0.0324,0.0018,-1.3464,-0.2508,-0.0248,-0.0880,0.2319,0.9941,0.0000,0.1083,-0.1083,-0.0004,0.9941,0.0616,0.0134,0.1468,-0.0889,0.0257,0.1455,-0.0889,0.0257,0.1455,0.0905,0.0110,0.1471,-0.1296,0.0345,0.0893,0.1293,0.0034,0.0893,0.0330,0.0092,-0.1854,-0.1103,0.0079,-0.1852,0.0001,0.0025,0.0697,0.0491,0.0226,-0.0630,-0.0735,0.0101,-0.0679,0.0486,0.0314,-0.0856,-0.0798,0.0124,-0.0865,0.7102,-0.0109,0.0911,0.0109,0.0712,-0.2753,-0.0163,0.0744,0.0837,0.0999,-0.0398,-0.0040,-0.0676,-0.1862,0.0117,-0.0077,-0.0006,0.0248,-0.0049,-0.0496,0.0829,-0.0254
730,0.711219,0.0016,-0.2623,0.3135,0.3288,0.0344,-0.0444,0.1775,-0.2020,0.0014,-0.3021,-0.1296,0.1588,0.6031,0.3395,-0.2873,0.0107,-0.2448,0.1993,0.0444,-0.2909,-0.1038,0.0200,-0.0024,0.0132,0.0111,0.0150,-0.0041,0.0190,0.0054,-0.0000,-0.0335,0.0001,-0.0364,-0.0079,0.0001,0.0002,0.0076,-0.0069,-0.4754,-0.7796,0.0079,0.0304,0.2319,0.9941,-0.0000,0.1085,-0.1085,-0.0004,0.9941,0.0616,0.0134,0.1468,-0.0889,0.0257,0.1455,-0.0889,0.0257,0.1455,0.0905,0.0110,0.1471,-0.1296,0.0346,0.0893,0.1293,0.0034,0.0893,0.0330,0.0092,-0.1854,-0.1103,0.0080,-0.1852,0.0001,0.0025,0.0697,0.0491,0.0226,-0.0630,-0.0736,0.0101,-0.0679,0.0486,0.0315,-0.0856,-0.0799,0.0124,-0.0865,0.7112,-0.0136,0.0987,0.0032,0.0672,-0.2875,-0.0079,0.0740,0.0836,0.0596,-0.0359,-0.0021,-0.0623,-0.1666,0.0086,-0.0065,0.0159,0.0548,-0.0075,-0.0559,0.0749,-0.0548
731,0.712195,0.0019,-0.2624,0.3137,0.3289,0.0346,-0.0444,0.1777,-0.2019,0.0014,-0.3025,-0.1296,0.1583,0.6030,0.3395,-0.2873,0.0109,-0.2449,0.2001,0.0439,-0.2908,-0.1037,0.0213,-0.0007,0.0063,0.0030,0.0095,-0.0013,0.0120,0.0016,-0.0000,-0.0298,0.0000,-0.0328,-0.0023,-0.0001,-0.0001,0.0179,0.0040,-0.3600,-0.4555,0.0009,-0.0111,0.2319,0.9941,-0.0000,0.1086,-0.1086,-0.0004,0.9941,0.0616,0.0133,0.1468,-0.0889,0.0257,0.1455,-0.0889,0.0257,0.1455,0.0905,0.0110,0.1471,-0.1296,0.0346,0.0893,0.1293,0.0034,0.0893,0.0330,0.0092,-0.1854,-0.1103,0.0080,-0.1852,0.0001,0.0024,0.0697,0.0491,0.0226,-0.0630,-0.0736,0.0101,-0.0679,0.0486,0.0315,-0.0856,-0.0799,0.0124,-0.0865,0.7122,-0.0101,0.0995,0.0021,0.0665,-0.2890,-0.0103,0.0724,0.0831,0.0649,-0.0376,-0.0035,-0.0594,-0.1637,0.0081,-0.0063,0.0173,0.0669,-0.0076,-0.0546,0.0775,-0.0542
732,0.713171,0.0023,-0.2624,0.3137,0.3289,0.0347,-0.0444,0.1779,-0.2019,0.0014,-0.3032,-0.1296,0.1577,0.6030,0.3395,-0.2873,0.0113,-0.2447,0.2007,0.0458,-0.2908,-0.1038,0.0218,-0.0002,0.0009,0.0010,0.0055,-0.0003,0.0110,0.0014,-0.0000,-0.0318,0.0000,-0.0273,-0.0004,-0.0001,-0.0001,0.0178,0.0145,-0.3549,-0.2405,0.0009,-0.0072,0.2319,0.9941,0.0000,0.1087,-0.1087,-0.0004,0.9941,0.0616,0.0133,0.1468,-0.0889,0.0257,0.1455,-0.0889,0.0257,0.1455,0.0905,0.0109,0.1471,-0.1296,0.0346,0.0893,0.1293,0.0034,0.0893,0.0330,0.0093,-0.1854,-0.1104,0.0080,-0.1852,0.0001,0.0024,0.0697,0.0491,0.0226,-0.0630,-0.0736,0.0101,-0.0679,0.0486,0.0315,-0.0856,-0.0799,0.0124,-0.0865,0.7132,-0.0070,0.0989,0.0014,0.0658,-0.2897,-0.0121,0.0711,0.0828,0.0696,-0.0387,-0.0049,-0.0576,-0.1653,0.0082,-0.0067,0.0164,0.0687,-0.0077,-0.0542,0.0801,-0.0490
733,0.714146,0.0027,-0.2624,0.3138,0.3289,0.0348,-0.0445,0.1781,-0.2019,0.0014,-0.3037,-0.1296,0.1573,0.6030,0.3395,-0.2873,0.0115,-0.2445,0.1984,0.0442,-0.2908,-0.1039,0.0232,-0.0001,0.0002,-0.0002,0.0039,-0.0002,0.0117,0.0015,-0.0000,-0.0358,0.0001,-0.0296,-0.0001,0.0001,0.0000,0.0185,0.0145,0.4989,0.1577,0.0026,-0.0017,0.2319,0.9941,0.0000,0.1089,-0.1089,-0.0005,0.9941,0.0616,0.0133,0.1468,-0.0889,0.0257,0.1455,-0.0889,0.0257,0.1455,0.0905,0.0109,0.1471,-0.1296,0.0347,0.0893,0.1293,0.0033,0.0893,0.0329,0.0093,-0.1854,-0.1104,0.0080,-0.1852,0.0001,0.0024,0.0697,0.0491,0.0226,-0.0630,-0.0736,0.0101,-0.0679,0.0486,0.0315,-0.0856,-0.0799,0.0123,-0.0865,0.7141,-0.0006,0.0939,-0.0030,0.0542,-0.2897,-0.0110,0.0687,0.0794,0.0616,-0.0351,-0.0057,-0.0516,-0.1482,0.0079,-0.0046,0.0277,0.0855,-0.0060,-0.0541,0.0758,-0.0561
734,0.715122,0.0031,-0.2624,0.3138,0.3289,0.0348,-0.0445,0.1783,-0.2018,0.0014,-0.3042,-0.1296,0.1568,0.6030,0.3395,-0.2873,0.0119,-0.2441,0.1988,0.0416,-0.2908,-0.1041,0.0237,0.0002,0.0000,-0.0018,0.0026,-0.0001,0.0096,0.0017,-0.0000,-0.0277,0.0001,-0.0276,0.0002,0.0001,0.0001,0.0251,0.0227,0.6104,0.4843,0.0006,-0.0118,0.2319,0.9940,-0.0000,0.1091,-0.1091,-0.0005,0.9940,0.0616,0.0133,0.1468,-0.0889,0.0257,0.1455,-0.0889,0.0257,0.1455,0.0905,0.0109,0.1471,-0.1296,0.0347,0.0893,0.1293,0.0033,0.0893,0.0329,0.0093,-0.1854,-0.1104,0.0081,-0.1852,0.0001,0.0024,0.0697,0.0491,0.0227,-0.0630,-0.0736,0.0101,-0.0679,0.0486,0.0315,-0.0856,-0.0799,0.0123,-0.0865,0.7151,-0.0006,0.0908,-0.0027,0.0537,-0.2886,-0.0131,0.0684,0.0788,0.0651,-0.0355,-0.0053,-0.0510,-0.1478,0.0079,-0.0027,0.0255,0.0834,-0.0068,-0.0512,0.0752,-0.0512
735,0.716098,0.0034,-0.2624,0.3138,0.3288,0.0349,-0.0445,0.1784,-0.2018,0.0014,-0.3046,-0.1296,0.1564,0.6030,0.3395,-0.2873,0.0123,-0.2438,0.1987,0.0415,-0.2908,-0.1042,0.0220,0.0003,0.0000,-0.0015,0.0020,-0.0005,0.0095,0.0020,-0.0000,-0.0306,0.0001,-0.0252,0.0002,-0.0002,-0.0002,0.0232,0.0206,-0.9263,-0.8498,0.0002,-0.0091,0.2319,0.9940,-0.0000,0.1093,-0.1093,-0.0006,0.9940,0.0616,0.0132,0.1468,-0.0889,0.0257,0.1456,-0.0889,0.0257,0.1456,0.0905,0.0108,0.1471,-0.1296,0.0347,0.0893,0.1293,0.0033,0.0893,0.0329,0.0094,-0.1854,-0.1104,0.0081,-0.1852,0.0001,0.0024,0.0697,0.0491,0.0227,-0.0630,-0.0736,0.0101,-0.0679,0.0486,0.0315,-0.0856,-0.0799,0.0123,-0.0865,0.7161,-0.0157,0.0903,0.0087,0.0730,-0.2853,-0.0121,0.0769,0.0864,0.0707,-0.0363,-0.0010,-0.0653,-0.1849,0.0104,-0.0065,0.0047,0.0234,-0.0098,-0.0544,0.0795,-0.0350
736,0.717073,0.0038,-0.2624,0.3138,0.3288,0.0349,-0.0445,0.1787,-0.2018,0.0014,-0.3052,-0.1296,0.1559,0.6030,0.3395,-0.2873,0.0126,-0.2437,0.1972,0.0392,-0.2908,-0.1042,0.0181,0.0000,0.0088,-0.0000,0.0037,-0.0005,0.0129,0.0030,-0.0000,-0.0290,0.0001,-0.0318,-0.0035,0.0002,-0.0001,0.0122,-0.0101,0.8626,-0.4251,0.0003,0.0039,0.2319,0.9940,0.0000,0.1095,-0.1095,-0.0006,0.9940,0.0616,0.0132,0.1468,-0.0889,0.0257,0.1456,-0.0889,0.0257,0.1456,0.0905,0.0108,0.1471,-0.1296,0.0347,0.0893,0.1293,0.0032,0.0893,0.0329,0.0094,-0.1854,-0.1104,0.0081,-0.1852,0.0001,0.0024,0.0697,0.0491,0.0227,-0.0630,-0.0736,0.0101,-0.0679,0.0486,0.0315,-0.0856,-0.0799,0.0123,-0.0865,0.7171,-0.0080,0.0921,-0.0032,0.0550,-0.2914,-0.0067,0.0700,0.0800,0.0473,-0.0312,-0.0055,-0.0515,-0.1474,0.0071,-0.0048,0.0335,0.0776,-0.0064,-0.0565,0.0722,-0.0686
737,0.718049,0.0041,-0.2624,0.3139,0.3288,0.0350,-0.0445,0.1788,-0.2017,0.0014,-0.3056,-0.1296,0.1554,0.6030,0.3395,-0.2873,0.0129,-0.2437,0.1984,0.0373,-0.2908,-0.1044,0.0195,0.0001,0.0036,-0.0031,0.0046,-0.0002,0.0053,0.0013,-0.0000,-0.0211,0.0001,-0.0284,-0.0020,0.0000,0.0001,0.0299,0.0164,0.2255,0.5365,0.0001,-0.0263,0.2319,0.9940,-0.0000,0.1096,-0.1096,-0.0006,0.9940,0.0616,0.0132,0.1468,-0.0889,0.0257,0.1456,-0.0889,0.0257,0.1456,0.0905,0.0108,0.1471,-0.1296,0.0348,0.0893,0.1293,0.0032,0.0893,0.0329,0.0094,-0.1854,-0.1104,0.0082,-0.1852,0.0001,0.0024,0.0697,0.0491,0.0227,-0.0630,-0.0736,0.0101,-0.0679,0.0486,0.0315,-0.0856,-0.0799,0.0123,-0.0865,0.7180,0.0044,0.0890,-0.0013,0.0649,-0.2936,-0.0176,0.0676,0.0780,0.0765,-0.0395,-0.0070,-0.0479,-0.1602,0.0095,-0.0033,0.0147,0.0767,-0.0061,-0.0481,0.0807,-0.0380
738,0.719024,0.0044,-0.2623,0.3140,0.3288,0.0350,-0.0445,0.1789,-0.2017,0.0014,-0.3062,-0.1296,0.1550,0.6030,0.3395,-0.2873,0.0133,-0.2433,0.2066,0.0412,-0.2907,-0.1044,0.0205,0.0003,0.0006,0.0008,0.0017,-0.0038,0.0120,0.0051,-0.0000,-0.0338,0.0001,-0.0192,-0.0000,-0.0002,-0.0002,0.0125,0.0215,-0.4321,-0.8160,0.0031,0.0095,0.2319,0.9939,-0.0000,0.1099,-0.1099,-0.0006,0.9939,0.0616,0.0131,0.1468,-0.0889,0.0256,0.1456,-0.0889,0.0256,0.1456,0.0905,0.0107,0.1471,-0.1296,0.0348,0.0893,0.1293,0.0032,0.0893,0.0329,0.0095,-0.1854,-0.1104,0.0082,-0.1852,0.0001,0.0023,0.0697,0.0491,0.0227,-0.0630,-0.0736,0.0101,-0.0679,0.0486,0.0315,-0.0856,-0.0799,0.0123,-0.0865,0.7190,-0.0132,0.0899,0.0058,0.0711,-0.2898,-0.0116,0.0754,0.0852,0.0652,-0.0358,-0.0011,-0.0611,-0.1806,0.0097,-0.0067,0.0122,0.0388,-0.0120,-0.0539,0.0799,-0.0415
739,0.720000,0.0048,-0.2623,0.3140,0.3288,0.0351,-0.0446,0.1792,-0.2016,0.0014,-0.3068,-0.1296,0.1545,0.6029,0.3395,-0.2873,0.0136,-0.2432,0.2077,0.0387,-0.2907,-0.1043,0.0170,-0.0002,0.0039,0.0009,0.0036,-0.0017,0.0105,0.0020,-0.0000,-0.0284,0.0000,-0.0260,-0.0009,-0.0001,-0.0001,0.0167,0.0006,-0.5246,-0.7986,0.0004,0.0014,0.2319,0.9939,-0.0000,0.1101,-0.1101,-0.0006,0.9939,0.0616,0.0131,0.1468,-0.0889,0.0256,0.1456,-0.0889,0.0256,0.1456,0.0905,0.0107,0.1471,-0.1296,0.0348,0.0894,0.1293,0.0031,0.0893,0.0329,0.0095,-0.1854,-0.1104,0.0082,-0.1852,0.0001,0.0023,0.0697,0.0491,0.0227,-0.0630,-0.0736,0.0101,-0.0679,0.0486,0.0316,-0.0856,-0.0799,0.0123,-0.0865,0.7200,-0.0127,0.0885,0.0067,0.0735,-0.2914,-0.0128,0.0757,0.0858,0.0662,-0.0364,-0.0012,-0.0608,-0.1839,0.0102,-0.0066,0.0102,0.0359,-0.0128,-0.0531,0.0809,-0.0388
740,0.720976,0.0050,-0.2623,0.3141,0.3288,0.0351,-0.0446,0.1793,-0.2016,0.0014,-0.3072,-0.1296,0.1541,0.6029,0.3395,-0.2873,0.0138,-0.2432,0.2026,0.0324,-0.2907,-0.1043,0.0168,-0.0001,0.0057,0.0006,0.0044,-0.0006,0.0117,0.0026,-0.0000,-0.0372,0.0000,-0.0272,-0.0037,-0.0003,-0.0003,0.0154,0.0002,-1.9490,-1.9591,0.0004,0.0005,0.2319,0.9939,-0.0000,0.1102,-0.1102,-0.0006,0.9939,0.0616,0.0131,0.1468,-0.0889,0.0256,0.1456,-0.0889,0.0256,0.1456,0.0905,0.0106,0.1471,-0.1295,0.0349,0.0894,0.1293,0.0031,0.0893,0.0329,0.0095,-0.1854,-0.1104,0.0083,-0.1852,0.0001,0.0023,0.0697,0.0491,0.0227,-0.0630,-0.0736,0.0101,-0.0679,0.0486,0.0315,-0.0856,-0.0799,0.0123,-0.0865,0.7210,-0.0340,0.0793,0.0191,0.0767,-0.2621,-0.0057,0.0700,0.0752,0.0620,-0.0221,0.0072,-0.0744,-0.2119,0.0131,-0.0090,0.0000,-0.0556,-0.0215,-0.0363,0.0659,-0.0165
741,0.721951,0.0052,-0.2623,0.3143,0.3290,0.0354,-0.0446,0.1795,-0.2016,0.0014,-0.3076,-0.1296,0.1535,0.6027,0.3395,-0.2873,0.0141,-0.2437,0.2007,0.0308,-0.2908,-0.1040,0.0040,-0.0001,0.0237,0.0144,0.0181,-0.0005,0.0067,0.0002,-0.0000,-0.0072,0.0000,-0.0421,-0.0155,0.0000,-0.0000,0.0154,-0.0500,0.0861,-0.0630,-0.0072,0.0189,0.2319,0.9939,0.0000,0.1100,-0.1100,-0.0005,0.9939,0.0616,0.0131,0.1468,-0.0889,0.0257,0.1455,-0.0889,0.0257,0.1455,0.0905,0.0107,0.1471,-0.1296,0.0349,0.0893,0.1293,0.0031,0.0893,0.0329,0.0095,-0.1854,-0.1105,0.0083,-0.1852,0.0001,0.0023,0.0697,0.0491,0.0227,-0.0630,-0.0736,0.0101,-0.0679,0.0485,0.0315,-0.0856,-0.0799,0.0123,-0.0865,0.7220,0.0039,0.0891,-0.0017,0.0700,-0.3041,-0.0163,0.0674,0.0800,0.0632,-0.0373,-0.0089,-0.0455,-0.1701,0.0101,-0.0063,0.0178,0.0724,-0.0080,-0.0466,0.0843,-0.0411
742,0.722927,0.0054,-0.2624,0.3147,0.3292,0.0356,-0.0447,0.1796,-0.2016,0.0014,-0.3081,-0.1296,0.1529,0.6025,0.3395,-0.2873,0.0143,-0.2439,0.2007,0.0335,-0.2908,-0.1039,0.0194,-0.0000,0.0069,0.0025,0.0045,-0.0020,0.0114,0.0008,-0.0000,-0.0320,0.0000,-0.0212,-0.0045,0.0001,-0.0001,0.0097,0.0280,0.2596,-0.0519,0.0027,0.0050,0.2319,0.9940,-0.0000,0.1098,-0.1098,-0.0005,0.9940,0.0616,0.0132,0.1468,-0.0889,0.0258,0.1455,-0.0889,0.0258,0.1455,0.0905,0.0107,0.1471,-0.1296,0.0350,0.0893,0.1293,0.0031,0.0893,0.0328,0.0095,-0.1854,-0.1105,0.0083,-0.1852,0.0001,0.0024,0.0697,0.0491,0.0227,-0.0630,-0.0736,0.0101,-0.0679,0.0485,0.0315,-0.0856,-0.0799,0.0123,-0.0865,0.7229,0.0047,0.0892,-0.0026,0.0664,-0.3030,-0.0152,0.0675,0.0801,0.0615,-0.0366,-0.0080,-0.0442,-0.1649,0.0096,-0.0060,0.0207,0.0760,-0.0085,-0.0484,0.0840,-0.0436
743,0.723902,0.0057,-0.2624,0.3147,0.3292,0.0356,-0.0447,0.1798,-0.2015,0.0014,-0.3085,-0.1296,0.1526,0.6025,0.3395,-0.2873,0.0145,-0.2435,0.2020,0.0336,-0.2908,-0.1038,0.0203,0.0002,0.0015,-0.0002,0.0026,-0.0027,0.0107,0.0014,-0.0000,-0.0320,0.0000,-0.0208,-0.0008,-0.0001,-0.0002,0.0122,0.0235,-0.5445,-0.6155,0.0021,-0.0019,0.2319,0.9940,-0.0000,0.1098,-0.1098,-0.0005,0.9940,0.0616,0.0132,0.1468,-0.0889,0.0258,0.1455,-0.0889,0.0258,0.1455,0.0905,0.0107,0.1471,-0.1295,0.0351,0.0893,0.1293,0.0031,0.0893,0.0328,0.0095,-0.1854,-0.1105,0.0082,-0.1852,0.0001,0.0024,0.0697,0.0491,0.0227,-0.0630,-0.0736,0.0101,-0.0679,0.0485,0.0315,-0.0856,-0.0799,0.0122,-0.0865,0.7239,-0.0059,0.0900,0.0049,0.0765,-0.2983,-0.0158,0.0740,0.0858,0.0684,-0.0373,-0.0042,-0.0545,-0.1835,0.0108,-0.0065,0.0082,0.0465,-0.0110,-0.0505,0.0852,-0.0361
744,0.724878,0.0061,-0.2624,0.3147,0.3292,0.0357,-0.0448,0.1800,-0.2015,0.0014,-0.3091,-0.1296,0.1521,0.6025,0.3395,-0.2873,0.0147,-0.2432,0.1914,0.0220,-0.2907,-0.1038,0.0192,-0.0001,0.0033,0.0022,0.0070,-0.0049,0.0152,0.0025,-0.0000,-0.0308,0.0001,-0.0276,-0.0048,0.0001,0.0001,0.0059,0.0028,-0.0358,-0.0777,0.0038,0.0031,0.2319,0.9940,-0.0000,0.1097,-0.1097,-0.0005,0.9940,0.0616,0.0132,0.1468,-0.0889,0.0258,0.1455,-0.0889,0.0258,0.1455,0.0905,0.0107,0.1471,-0.1295,0.0351,0.0893,0.1293,0.0031,0.0893,0.0328,0.0094,-0.1854,-0.1105,0.0082,-0.1852,0.0001,0.0024,0.0697,0.0490,0.0226,-0.0630,-0.0736,0.0100,-0.0679,0.0485,0.0315,-0.0856,-0.0799,0.0122,-0.0865,0.7249,0.0065,0.0915,-0.0025,0.0745,-0.3092,-0.0187,0.0677,0.0813,0.0618,-0.0367,-0.0110,-0.0407,-0.1701,0.0110,-0.0060,0.0116,0.0765,-0.0058,-0.0430,0.0877,-0.0398
745,0.725854,0.0064,-0.2624,0.3148,0.3292,0.0358,-0.0448,0.1803,-0.2014,0.0014,-0.3097,-0.1296,0.1518,0.6024,0.3395,-0.2873,0.0147,-0.2431,0.1762,0.0072,-0.2907,-0.1038,0.0173,-0.0001,0.0011,0.0002,0.0032,-0.0080,0.0126,0.0032,-0.0000,-0.0298,0.0001,-0.0166,-0.0012,0.0001,0.0001,0.0047,0.0140,-0.5925,-0.5261,0.0049,0.0007,0.2319,0.9940,0.0000,0.1096,-0.1096,-0.0005,0.9940,0.0616,0.0132,0.1468,-0.0889,0.0258,0.1455,-0.0889,0.0258,0.1455,0.0905,0.0107,0.1471,-0.1295,0.0352,0.0893,0.1293,0.0031,0.0893,0.0328,0.0094,-0.1854,-0.1105,0.0082,-0.1852,0.0001,0.0024,0.0697,0.0490,0.0226,-0.0630,-0.0736,0.0100,-0.0679,0.0485,0.0315,-0.0856,-0.0799,0.0122,-0.0865,0.7259,-0.0014,0.0924,0.0024,0.0841,-0.3087,-0.0195,0.0740,0.0862,0.0632,-0.0347,-0.0093,-0.0465,-0.1774,0.0132,-0.0051,-0.0028,0.0564,-0.0017,-0.0409,0.0859,-0.0380
746,0.726829,0.0066,-0.2624,0.3148,0.3292,0.0358,-0.0449,0.1804,-0.2014,0.0014,-0.3101,-0.1296,0.1516,0.6024,0.3395,-0.2873,0.0148,-0.2430,0.1764,0.0084,-0.2906,-0.1038,0.0171,-0.0003,0.0003,-0.0021,0.0022,-0.0060,0.0171,0.0099,-0.0000,-0.0307,-0.0000,-0.0124,-0.0006,-0.0002,-0.0002,-0.0006,0.0056,-1.4980,-1.3999,0.0027,0.0003,0.2319,0.9940,-0.0000,0.1096,-0.1096,-0.0005,0.9940,0.0616,0.0132,0.1468,-0.0889,0.0259,0.1455,-0.0889,0.0259,0.1455,0.0905,0.0107,0.1471,-0.1295,0.0352,0.0893,0.1293,0.0030,0.0893,0.0328,0.0094,-0.1854,-0.1105,0.0082,-0.1852,0.0001,0.0024,0.0697,0.0491,0.0226,-0.0630,-0.0736,0.0100,-0.0679,0.0485,0.0315,-0.0856,-0.0799,0.0122,-0.0865,0.7268,-0.0153,0.0862,0.0150,0.0843,-0.2922,-0.0157,0.0793,0.0867,0.0658,-0.0291,-0.0013,-0.0639,-0.1980,0.0137,-0.0058,-0.0103,-0.0042,-0.0072,-0.0403,0.0795,-0.0311
747,0.727805,0.0069,-0.2624,0.3149,0.3292,0.0359,-0.0451,0.1808,-0.2013,0.0014,-0.3105,-0.1296,0.1512,0.6024,0.3395,-0.2873,0.0148,-0.2431,0.1781,0.0103,-0.2906,-0.1037,0.0187,-0.0002,0.0149,0.0027,0.0086,-0.0084,0.0183,0.0043,-0.0000,-0.0120,0.0001,-0.0411,-0.0069,0.0003,0.0003,0.0031,-0.0324,1.5888,1.5380,0.0004,0.0085,0.2319,0.9940,0.0000,0.1095,-0.1095,-0.0005,0.9940,0.0616,0.0132,0.1468,-0.0889,0.0259,0.1455,-0.0889,0.0259,0.1455,0.0905,0.0107,0.1471,-0.1295,0.0353,0.0893,0.1293,0.0030,0.0893,0.0328,0.0094,-0.1854,-0.1105,0.0082,-0.1852,0.0001,0.0024,0.0697,0.0490,0.0226,-0.0630,-0.0736,0.0100,-0.0679,0.0485,0.0315,-0.0856,-0.0799,0.0122,-0.0865,0.7278,-0.0032,0.0833,-0.0047,0.0419,-0.2814,-0.0239,0.0649,0.0734,0.0677,-0.0260,-0.0033,-0.0370,-0.1393,0.0093,0.0083,0.0240,0.0819,-0.0033,-0.0243,0.0598,-0.0344
748,0.728781,0.0071,-0.2624,0.3151,0.3292,0.0360,-0.0453,0.1810,-0.2012,0.0014,-0.3107,-0.1296,0.1507,0.6022,0.3395,-0.2873,0.0149,-0.2433,0.1805,0.0125,-0.2907,-0.1036,0.0077,-0.0040,0.0057,0.0007,0.0005,-0.0177,0.0048,0.0020,-0.0000,-0.0120,0.0001,-0.0143,-0.0029,0.0001,0.0001,0.0136,0.0155,0.4810,0.4318,-0.0080,-0.0006,0.2319,0.9940,-0.0000,0.1093,-0.1093,-0.0005,0.9940,0.0616,0.0132,0.1468,-0.0889,0.0260,0.1455,-0.0889,0.0260,0.1455,0.0905,0.0107,0.1471,-0.1295,0.0354,0.0893,0.1293,0.0030,0.0893,0.0328,0.0094,-0.1854,-0.1105,0.0082,-0.1852,0.0001,0.0024,0.0697,0.0490,0.0226,-0.0630,-0.0736,0.0100,-0.0679,0.0485,0.0314,-0.0856,-0.0799,0.0121,-0.0865,0.7288,0.0135,0.0895,-0.0059,0.0716,-0.3094,-0.0219,0.0652,0.0773,0.0634,-0.0342,-0.0135,-0.0327,-0.1579,0.0120,-0.0023,0.0111,0.0901,-0.0013,-0.0374,0.0850,-0.0395
749,0.729756,0.0073,-0.2624,0.3151,0.3292,0.0360,-0.0455,0.1810,-0.2012,0.0014,-0.3110,-0.1296,0.1506,0.6022,0.3395,-0.2872,0.0150,-0.2430,0.1807,0.0126,-0.2907,-0.1037,0.0172,-0.0005,0.0014,-0.0004,0.0020,-0.0191,0.0114,0.0029,-0.0000,-0.0411,0.0001,-0.0136,-0.0003,0.0003,0.0020,0.0057,0.0225,1.4393,1.4764,0.0062,-0.0002,0.2319,0.9940,0.0000,0.1093,-0.1093,-0.0005,0.9940,0.0616,0.0132,0.1468,-0.0889,0.0260,0.1455,-0.0889,0.0260,0.1455,0.0905,0.0107,0.1471,-0.1295,0.0355,0.0893,0.1293,0.0029,0.0893,0.0328,0.0094,-0.1854,-0.1105,0.0082,-0.1852,0.0001,0.0024,0.0697,0.0490,0.0226,-0.0630,-0.0736,0.0100,-0.0679,0.0485,0.0314,-0.0856,-0.0799,0.0121,-0.0865,0.7298,0.0002,0.0845,-0.0044,0.0431,-0.2833,-0.0251,0.0662,0.0746,0.0717,-0.0273,-0.0036,-0.0374,-0.1415,0.0099,0.0079,0.0217,0.0849,-0.0036,-0.0257,0.0633,-0.0338
750,0.730732,0.0076,-0.2624,0.3152,0.3292,0.0360,-0.0459,0.1813,-0.2011,0.0014,-0.3114,-0.1296,0.1503,0.6022,0.3395,-0.2872,0.0152,-0.2427,0.1966,0.0260,-0.2908,-0.1037,0.0166,0.0005,0.0002,-0.0019,-0.0013,-0.0214,0.0070,0.0052,-0.0000,-0.0133,0.0001,-0.0192,0.0003,-0.0000,0.0030,0.0169,0.0101,0.7925,0.4985,-0.0102,-0.0001,0.2319,0.9940,0.0000,0.1094,-0.1094,-0.0005,0.9940,0.0616,0.0131,0.1468,-0.0888,0.0261,0.1455,-0.0888,0.0261,0.1455,0.0905,0.0106,0.1471,-0.1295,0.0355,0.0893,0.1293,0.0029,0.0893,0.0328,0.0094,-0.1854,-0.1105,0.0082,-0.1852,0.0001,0.0024,0.0697,0.0490,0.0226,-0.0630,-0.0736,0.0100,-0.0679,0.0485,0.0314,-0.0856,-0.0799,0.0121,-0.0865,0.7307,0.0120,0.0844,-0.0053,0.0622,-0.3038,-0.0199,0.0650,0.0769,0.0654,-0.0333,-0.0104,-0.0373,-0.1590,0.0108,-0.0018,0.0228,0.0847,-0.0063,-0.0404,0.0827,-0.0385
751,0.731707,0.0079,-0.2624,0.3152,0.3292,0.0360,-0.0462,0.1814,-0.2009,0.0014,-0.3119,-0.1296,0.1500,0.6022,0.3395,-0.2872,0.0154,-0.2425,0.1969,0.0243,-0.2908,-0.1037,0.0175,0.0003,0.0000,-0.0015,0.0009,-0.0123,0.0110,0.0058,-0.0000,-0.0235,0.0000,-0.0184,0.0002,-0.0001,0.0018,0.0146,0.0154,-0.1294,-0.1831,0.0015,-0.0001,0.2319,0.9940,0.0000,0.1096,-0.1096,-0.0005,0.9940,0.0616,0.0131,0.1468,-0.0888,0.0261,0.1455,-0.0888,0.0261,0.1455,0.0905,0.0106,0.1471,-0.1294,0.0356,0.0893,0.1293,0.0028,0.0893,0.0328,0.0094,-0.1854,-0.1105,0.0082,-0.1852,0.0001,0.0024,0.0697,0.0490,0.0226,-0.0630,-0.0736,0.0100,-0.0679,0.0485,0.0315,-0.0856,-0.0799,0.0121,-0.0865,0.7317,0.0129,0.0896,-0.0028,0.0798,-0.3133,-0.0207,0.0669,0.0807,0.0673,-0.0373,-0.0123,-0.0372,-0.1790,0.0118,-0.0065,0.0113,0.0729,-0.0070,-0.0421,0.0930,-0.0329
752,0.732683,0.0082,-0.2624,0.3152,0.3292,0.0360,-0.0464,0.1816,-0.2009,0.0014,-0.3123,-0.1296,0.1498,0.6022,0.3395,-0.2872,0.0157,-0.2423,0.1951,0.0224,-0.2908,-0.1036,0.0161,0.0011,-0.0000,-0.0008,0.0010,-0.0131,0.0121,0.0058,-0.0000,-0.0353,0.0001,-0.0125,0.0001,0.0001,0.0003,0.0075,0.0114,0.6382,0.2603,0.0059,0.0076,0.2319,0.9940,-0.0000,0.1097,-0.1097,-0.0005,0.9940,0.0616,0.0130,0.1468,-0.0888,0.0261,0.1455,-0.0888,0.0261,0.1455,0.0905,0.0105,0.1471,-0.1294,0.0356,0.0893,0.1293,0.0027,0.0893,0.0328,0.0095,-0.1854,-0.1105,0.0082,-0.1852,0.0001,0.0024,0.0697,0.0491,0.0226,-0.0630,-0.0736,0.0100,-0.0679,0.0485,0.0315,-0.0856,-0.0799,0.0121,-0.0865,0.7327,0.0141,0.0856,-0.0056,0.0685,-0.3091,-0.0196,0.0652,0.0775,0.0626,-0.0337,-0.0120,-0.0344,-0.1627,0.0115,-0.0033,0.0195,0.0839,-0.0054,-0.0413,0.0866,-0.0395
753,0.733659,0.0085,-0.2624,0.3152,0.3291,0.0360,-0.0466,0.1818,-0.2007,0.0014,-0.3128,-0.1296,0.1495,0.6022,0.3395,-0.2872,0.0159,-0.2420,0.1954,0.0218,-0.2907,-0.1036,0.0158,0.0006,-0.0000,-0.0018,0.0000,-0.0112,0.0100,0.0065,-0.0000,-0.0254,0.0001,-0.0111,0.0002,0.0001,0.0000,0.0149,0.0194,0.4467,-0.0205,0.0010,0.0002,0.2319,0.9939,-0.0000,0.1101,-0.1101,-0.0005,0.9939,0.0616,0.0130,0.1469,-0.0888,0.0261,0.1455,-0.0888,0.0261,0.1455,0.0905,0.0104,0.1471,-0.1294,0.0357,0.0893,0.1293,0.0027,0.0893,0.0328,0.0095,-0.1854,-0.1105,0.0083,-0.1852,0.0001,0.0023,0.0697,0.0491,0.0226,-0.0630,-0.0736,0.0100,-0.0679,0.0485,0.0315,-0.0856,-0.0799,0.0121,-0.0865,0.7337,0.0158,0.0853,-0.0052,0.0737,-0.3133,-0.0196,0.0656,0.0783,0.0617,-0.0346,-0.0129,-0.0327,-0.1690,0.0116,-0.0050,0.0168,0.0790,-0.0051,-0.0427,0.0900,-0.0372
754,0.734634,0.0087,-0.2624,0.3152,0.3291,0.0360,-0.0467,0.1820,-0.2006,0.0014,-0.3132,-0.1296,0.1494,0.6022,0.3395,-0.2872,0.0161,-0.2417,0.1991,0.0211,-0.2907,-0.1035,0.0156,0.0011,0.0000,-0.0010,0.0010,-0.0100,0.0105,0.0078,-0.0000,-0.0294,0.0000,-0.0091,0.0003,-0.0001,0.0001,0.0143,0.0194,0.0297,0.3577,0.0007,0.0004,0.2319,0.9939,-0.0000,0.1103,-0.1103,-0.0005,0.9939,0.0616,0.0129,0.1469,-0.0888,0.0260,0.1455,-0.0888,0.0260,0.1455,0.0905,0.0103,0.1471,-0.1294,0.0357,0.0893,0.1293,0.0026,0.0894,0.0328,0.0095,-0.1854,-0.1105,0.0083,-0.1852,0.0001,0.0023,0.0697,0.0491,0.0226,-0.0630,-0.0736,0.0100,-0.0679,0.0485,0.0315,-0.0856,-0.0799,0.0122,-0.0865,0.7346,0.0208,0.0827,-0.0031,0.0818,-0.3137,-0.0252,0.0651,0.0779,0.0787,-0.0395,-0.0131,-0.0328,-0.1807,0.0131,-0.0048,0.0071,0.0723,-0.0072,-0.0383,0.0951,-0.0204
755,0.735610,0.0090,-0.2623,0.3152,0.3291,0.0361,-0.0470,0.1822,-0.2005,0.0014,-0.3139,-0.1296,0.1492,0.6022,0.3395,-0.2872,0.0163,-0.2413,0.1993,0.0192,-0.2906,-0.1033,0.0182,0.0041,0.0000,-0.0007,0.0000,-0.0194,0.0118,0.0085,-0.0000,-0.0342,0.0000,-0.0084,0.0001,-0.0001,0.0001,0.0095,0.0172,-0.4300,0.4843,0.0077,0.0149,0.2319,0.9938,0.0000,0.1108,-0.1108,-0.0006,0.9938,0.0616,0.0128,0.1469,-0.0888,0.0260,0.1455,-0.0888,0.0260,0.1455,0.0905,0.0103,0.1471,-0.1294,0.0358,0.0893,0.1293,0.0025,0.0894,0.0328,0.0096,-0.1854,-0.1105,0.0084,-0.1852,0.0001,0.0023,0.0697,0.0491,0.0226,-0.0630,-0.0736,0.0100,-0.0679,0.0485,0.0315,-0.0856,-0.0799,0.0122,-0.0865,0.7356,0.0214,0.0800,0.0009,0.0867,-0.3083,-0.0298,0.0685,0.0807,0.0990,-0.0412,-0.0135,-0.0370,-0.1927,0.0153,-0.0051,-0.0026,0.0566,-0.0058,-0.0353,0.0997,-0.0073
756,0.736585,0.0093,-0.2623,0.3152,0.3291,0.0361,-0.0473,0.1824,-0.2003,0.0014,-0.3144,-0.1296,0.1491,0.6022,0.3395,-0.2872,0.0164,-0.2411,0.2027,0.0175,-0.2905,-0.1030,0.0226,0.0065,-0.0000,-0.0002,0.0001,-0.0286,0.0184,0.0149,-0.0000,-0.0393,0.0000,-0.0100,-0.0019,0.0009,-0.0001,0.0046,0.0106,0.6472,-0.7364,0.0105,0.0325,0.2319,0.9938,0.0000,0.1112,-0.1112,-0.0006,0.9938,0.0616,0.0127,0.1469,-0.0888,0.0260,0.1455,-0.0888,0.0260,0.1455,0.0905,0.0101,0.1471,-0.1294,0.0358,0.0893,0.1293,0.0024,0.0894,0.0328,0.0097,-0.1854,-0.1105,0.0084,-0.1852,0.0001,0.0022,0.0697,0.0491,0.0226,-0.0630,-0.0736,0.0100,-0.0679,0.0486,0.0315,-0.0856,-0.0799,0.0122,-0.0865,0.7366,0.0073,0.0833,-0.0037,0.0789,-0.3131,-0.0155,0.0682,0.0802,0.0531,-0.0326,-0.0122,-0.0373,-0.1733,0.0110,-0.0065,0.0228,0.0660,-0.0092,-0.0448,0.0880,-0.0494
757,0.737561,0.0097,-0.2622,0.3152,0.3291,0.0361,-0.0477,0.1826,-0.2001,0.0014,-0.3149,-0.1296,0.1489,0.6022,0.3395,-0.2872,0.0168,-0.2409,0.2076,0.0135,-0.2904,-0.1031,0.0137,0.0017,0.0000,-0.0003,0.0061,-0.0093,0.0048,0.0072,-0.0000,-0.0248,0.0000,-0.0090,-0.0001,0.0001,0.0002,0.0277,0.0181,-0.7702,0.9129,0.0019,-0.0212,0.2319,0.9938,-0.0000,0.1116,-0.1116,-0.0006,0.9938,0.0616,0.0126,0.1469,-0.0888,0.0260,0.1455,-0.0888,0.0260,0.1455,0.0905,0.0100,0.1471,-0.1293,0.0359,0.0893,0.1293,0.0023,0.0894,0.0328,0.0097,-0.1854,-0.1105,0.0085,-0.1852,0.0001,0.0022,0.0697,0.0491,0.0227,-0.0630,-0.0736,0.0101,-0.0679,0.0485,0.0315,-0.0855,-0.0799,0.0122,-0.0865,0.7376,0.0212,0.0692,0.0074,0.0919,-0.3002,-0.0351,0.0705,0.0804,0.1266,-0.0441,-0.0118,-0.0409,-0.2062,0.0175,-0.0038,-0.0087,0.0389,-0.0061,-0.0278,0.1016,0.0091
758,0.738537,0.0100,-0.2621,0.3152,0.3291,0.0362,-0.0481,0.1829,-0.1998,0.0014,-0.3156,-0.1296,0.1487,0.6021,0.3395,-0.2872,0.0171,-0.2406,0.2064,0.0150,-0.2902,-0.1025,0.0185,0.0032,0.0060,0.0008,0.0003,-0.0362,0.0189,0.0155,-0.0000,-0.0410,0.0001,-0.0139,-0.0050,-0.0000,-0.0002,0.0056,0.0066,-0.2434,-0.7823,0.0113,0.0428,0.2319,0.9937,-0.0000,0.1120,-0.1120,-0.0006,0.9937,0.0616,0.0125,0.1469,-0.0888,0.0260,0.1455,-0.0888,0.0260,0.1455,0.0905,0.0099,0.1472,-0.1293,0.0360,0.0893,0.1293,0.0022,0.0894,0.0329,0.0098,-0.1854,-0.1105,0.0085,-0.1852,0.0001,0.0022,0.0697,0.0491,0.0227,-0.0630,-0.0736,0.0101,-0.0679,0.0486,0.0316,-0.0855,-0.0799,0.0123,-0.0865,0.7385,0.0085,0.0800,0.0020,0.0912,-0.3138,-0.0207,0.0717,0.0835,0.0676,-0.0357,-0.0101,-0.0408,-0.1962,0.0135,-0.0070,0.0065,0.0411,-0.0117,-0.0409,0.0949,-0.0268
759,0.739512,0.0102,-0.2621,0.3153,0.3291,0.0362,-0.0486,0.1831,-0.1997,0.0014,-0.3161,-0.1296,0.1485,0.6020,0.3395,-0.2872,0.0172,-0.2405,0.2053,0.0137,-0.2900,-0.1021,0.0147,0.0006,0.0027,-0.0003,0.0035,-0.0252,0.0131,0.0106,-0.0000,-0.0271,0.0000,-0.0142,-0.0028,0.0002,0.0001,0.0142,0.0074,0.6943,0.3875,0.0063,0.0089,0.2319,0.9937,0.0000,0.1122,-0.1122,-0.0006,0.9937,0.0616,0.0124,0.1469,-0.0888,0.0260,0.1455,-0.0888,0.0260,0.1455,0.0905,0.0098,0.1472,-0.1293,0.0361,0.0893,0.1293,0.0021,0.0894,0.0329,0.0098,-0.1854,-0.1105,0.0086,-0.1852,0.0001,0.0022,0.0697,0.0491,0.0227,-0.0629,-0.0736,0.0101,-0.0679,0.0486,0.0316,-0.0855,-0.0799,0.0123,-0.0865,0.7395,0.0200,0.0740,-0.0041,0.0761,-0.3103,-0.0236,0.0644,0.0758,0.0769,-0.0340,-0.0130,-0.0327,-0.1782,0.0134,-0.0029,0.0167,0.0662,-0.0076,-0.0343,0.0901,-0.0208
760,0.740488,0.0105,-0.2621,0.3153,0.3291,0.0362,-0.0489,0.1833,-0.1995,0.0014,-0.3166,-0.1296,0.1483,0.6020,0.3395,-0.2872,0.0175,-0.2402,0.2058,0.0106,-0.2900,-0.1020,0.0154,0.0003,0.0004,-0.0005,0.0005,-0.0193,0.0093,0.0081,-0.0000,-0.0250,0.0000,-0.0101,-0.0002,0.0002,-0.0001,0.0193,0.0247,0.7739,-0.4661,0.0018,0.0074,0.2319,0.9937,0.0000,0.1125,-0.1125,-0.0007,0.9937,0.0616,0.0124,0.1469,-0.0888,0.0260,0.1455,-0.0888,0.0260,0.1455,0.0905,0.0098,0.1472,-0.1293,0.0362,0.0893,0.1293,0.0020,0.0894,0.0329,0.0099,-0.1854,-0.1105,0.0086,-0.1852,0.0001,0.0022,0.0697,0.0491,0.0227,-0.0629,-0.0736,0.0101,-0.0679,0.0486,0.0316,-0.0855,-0.0799,0.0123,-0.0865,0.7405,0.0139,0.0769,-0.0042,0.0807,-0.3145,-0.0179,0.0657,0.0777,0.0611,-0.0315,-0.0140,-0.0318,-0.1782,0.0124,-0.0059,0.0219,0.0617,-0.0084,-0.0393,0.0894,-0.0363
761,0.741463,0.0108,-0.2621,0.3153,0.3291,0.0363,-0.0492,0.1835,-0.1994,0.0014,-0.3169,-0.1296,0.1481,0.6020,0.3395,-0.2872,0.0178,-0.2399,0.2063,0.0108,-0.2899,-0.1019,0.0117,0.0005,0.0000,-0.0005,0.0008,-0.0092,0.0069,0.0066,-0.0000,-0.0225,0.0000,-0.0080,0.0003,-0.0001,0.0002,0.0224,0.0213,-0.3869,0.6683,0.0002,0.0020,0.2319,0.9936,-0.0000,0.1128,-0.1128,-0.0007,0.9936,0.0616,0.0123,0.1469,-0.0888,0.0260,0.1455,-0.0888,0.0260,0.1455,0.0905,0.0097,0.1472,-0.1293,0.0362,0.0893,0.1293,0.0019,0.0894,0.0329,0.0099,-0.1854,-0.1105,0.0087,-0.1852,0.0001,0.0022,0.0697,0.0491,0.0227,-0.0629,-0.0736,0.0101,-0.0679,0.0486,0.0316,-0.0855,-0.0799,0.0123,-0.0865,0.7415,0.0292,0.0689,0.0019,0.0932,-0.3087,-0.0334,0.0677,0.0782,0.1150,-0.0418,-0.0153,-0.0339,-0.2062,0.0176,-0.0043,-0.0063,0.0412,-0.0056,-0.0296,0.1036,0.0114
762,0.742439,0.0110,-0.2620,0.3153,0.3291,0.0363,-0.0494,0.1836,-0.1992,0.0014,-0.3175,-0.1296,0.1480,0.6020,0.3395,-0.2872,0.0181,-0.2396,0.2074,0.0107,-0.2898,-0.1015,0.0240,0.0097,0.0000,0.0003,-0.0004,-0.0278,0.0173,0.0154,-0.0000,-0.0436,-0.0030,-0.0149,-0.0066,0.0005,0.0002,0.0071,0.0089,-0.4685,0.8218,0.0180,0.0516,0.2319,0.9936,-0.0000,0.1130,-0.1130,-0.0007,0.9936,0.0616,0.0122,0.1469,-0.0887,0.0260,0.1455,-0.0887,0.0260,0.1455,0.0905,0.0096,0.1472,-0.1292,0.0363,0.0894,0.1293,0.0018,0.0894,0.0329,0.0099,-0.1854,-0.1105,0.0087,-0.1852,0.0001,0.0021,0.0697,0.0491,0.0227,-0.0629,-0.0736,0.0102,-0.0679,0.0486,0.0316,-0.0855,-0.0799,0.0123,-0.0865,0.7424,0.0313,0.0669,0.0031,0.0941,-0.3071,-0.0356,0.0689,0.0784,0.1208,-0.0431,-0.0156,-0.0346,-0.2086,0.0182,-0.0039,-0.0078,0.0400,-0.0049,-0.0282,0.1048,0.0132
763,0.743415,0.0114,-0.2619,0.3153,0.3291,0.0363,-0.0501,0.1840,-0.1989,0.0014,-0.3183,-0.1296,0.1477,0.6019,0.3396,-0.2872,0.0182,-0.2394,0.1945,0.0108,-0.2896,-0.1008,0.0218,0.0050,0.0004,-0.0000,0.0001,-0.0441,0.0216,0.0165,-0.0000,-0.0399,-0.0021,-0.0139,-0.0063,0.0036,-0.0001,0.0010,0.0095,-0.3995,-0.4629,0.0126,0.0438,0.2319,0.9936,-0.0000,0.1133,-0.1133,-0.0007,0.9936,0.0616,0.0122,0.1469,-0.0887,0.0261,0.1455,-0.0887,0.0261,0.1455,0.0905,0.0095,0.1472,-0.1292,0.0364,0.0893,0.1292,0.0017,0.0894,0.0329,0.0099,-0.1854,-0.1105,0.0087,-0.1852,0.0001,0.0021,0.0697,0.0491,0.0227,-0.0629,-0.0736,0.0102,-0.0679,0.0486,0.0316,-0.0855,-0.0799,0.0123,-0.0865,0.7434,0.0162,0.0772,0.0003,0.0958,-0.3175,-0.0249,0.0712,0.0826,0.0766,-0.0349,-0.0149,-0.0362,-0.2056,0.0152,-0.0069,-0.0075,0.0316,-0.0044,-0.0377,0.1012,-0.0100
764,0.744390,0.0117,-0.2618,0.3153,0.3291,0.0363,-0.0507,0.1843,-0.1986,0.0014,-0.3188,-0.1297,0.1475,0.6018,0.3396,-0.2872,0.0182,-0.2393,0.1894,-0.0009,-0.2894,-0.1003,0.0133,0.0033,0.0001,-0.0001,0.0032,-0.0273,0.0176,0.0131,0.0000,-0.0243,-0.0004,-0.0071,-0.0068,0.0010,0.0000,0.0002,0.0026,-0.5823,-0.7639,0.0089,0.0173,0.2319,0.9935,0.0000,0.1134,-0.1134,-0.0006,0.9935,0.0616,0.0121,0.1469,-0.0887,0.0262,0.1455,-0.0887,0.0262,0.1455,0.0905,0.0094,0.1472,-0.1292,0.0365,0.0893,0.1292,0.0016,0.0895,0.0329,0.0100,-0.1854,-0.1105,0.0088,-0.1852,0.0001,0.0021,0.0697,0.0491,0.0227,-0.0629,-0.0736,0.0102,-0.0679,0.0486,0.0316,-0.0855,-0.0799,0.0123,-0.0865,0.7444,0.0143,0.0770,0.0027,0.0987,-0.3182,-0.0243,0.0727,0.0831,0.0761,-0.0329,-0.0140,-0.0387,-0.2082,0.0164,-0.0064,-0.0126,0.0223,-0.0028,-0.0346,0.0986,-0.0105
765,0.745366,0.0119,-0.2618,0.3153,0.3291,0.0363,-0.0511,0.1846,-0.1984,0.0014,-0.3192,-0.1297,0.1474,0.6016,0.3396,-0.2872,0.0182,-0.2393,0.1945,0.0032,-0.2893,-0.1000,0.0143,0.0038,0.0000,-0.0015,0.0013,-0.0215,0.0179,0.0137,-0.0000,-0.0232,-0.0001,-0.0102,-0.0083,0.0018,0.0000,0.0000,0.0006,0.0145,0.0373,0.0044,0.0188,0.2319,0.9935,-0.0000,0.1134,-0.1134,-0.0006,0.9935,0.0616,0.0120,0.1470,-0.0887,0.0262,0.1455,-0.0887,0.0262,0.1455,0.0905,0.0093,0.1472,-0.1292,0.0366,0.0893,0.1292,0.0015,0.0895,0.0329,0.0100,-0.1854,-0.1105,0.0088,-0.1852,0.0001,0.0021,0.0697,0.0491,0.0227,-0.0629,-0.0736,0.0102,-0.0679,0.0486,0.0316,-0.0855,-0.0799,0.0123,-0.0865,0.7454,0.0305,0.0742,-0.0047,0.0951,-0.3238,-0.0283,0.0647,0.0767,0.0809,-0.0357,-0.0199,-0.0241,-0.2010,0.0159,-0.0060,-0.0035,0.0513,-0.0020,-0.0318,0.1039,-0.0035
766,0.746341,0.0122,-0.2616,0.3153,0.3291,0.0363,-0.0515,0.1849,-0.1982,0.0014,-0.3197,-0.1298,0.1473,0.6015,0.3397,-0.2872,0.0182,-0.2391,0.1944,0.0029,-0.2892,-0.0996,0.0191,0.0102,0.0000,-0.0000,-0.0000,-0.0276,0.0133,0.0103,-0.0000,-0.0271,-0.0075,-0.0023,-0.0037,0.0002,0.0000,-0.0002,0.0134,-0.1851,0.1459,0.0079,0.0218,0.2319,0.9935,-0.0000,0.1135,-0.1135,-0.0006,0.9935,0.0616,0.0120,0.1470,-0.0887,0.0262,0.1455,-0.0887,0.0262,0.1455,0.0905,0.0093,0.1472,-0.1292,0.0367,0.0893,0.1292,0.0014,0.0895,0.0330,0.0099,-0.1854,-0.1105,0.0088,-0.1852,0.0001,0.0021,0.0697,0.0491,0.0226,-0.0629,-0.0735,0.0102,-0.0679,0.0486,0.0316,-0.0855,-0.0798,0.0123,-0.0865,0.7463,0.0322,0.0734,-0.0038,0.0971,-0.3214,-0.0301,0.0656,0.0773,0.0905,-0.0364,-0.0199,-0.0256,-0.2049,0.0170,-0.0058,-0.0077,0.0466,-0.0015,-0.0301,0.1057,0.0026
767,0.747317,0.0125,-0.2615,0.3153,0.3291,0.0363,-0.0519,0.1851,-0.1980,0.0014,-0.3201,-0.1299,0.1472,0.6014,0.3397,-0.2872,0.0182,-0.2390,0.1948,0.0018,-0.2891,-0.0992,0.0206,0.0108,-0.0000,0.0001,-0.0002,-0.0323,0.0167,0.0143,-0.0000,-0.0308,-0.0100,-0.0029,-0.0051,0.0003,-0.0002,-0.0002,0.0099,0.9202,-0.9623,0.0086,0.0311,0.2319,0.9935,-0.0000,0.1136,-0.1136,-0.0006,0.9935,0.0616,0.0119,0.1470,-0.0887,0.0263,0.1455,-0.0887,0.0263,0.1455,0.0905,0.0092,0.1473,-0.1291,0.0369,0.0893,0.1292,0.0013,0.0895,0.0330,0.0099,-0.1854,-0.1105,0.0087,-0.1852,0.0001,0.0021,0.0697,0.0491,0.0226,-0.0629,-0.0735,0.0102,-0.0679,0.0486,0.0316,-0.0855,-0.0798,0.0123,-0.0865,0.7473,0.0125,0.0750,-0.0059,0.0934,-0.3206,-0.0171,0.0687,0.0783,0.0473,-0.0282,-0.0179,-0.0280,-0.1820,0.0128,-0.0054,0.0136,0.0501,-0.0018,-0.0415,0.0901,-0.0469
768,0.748293,0.0128,-0.2613,0.3153,0.3291,0.0365,-0.0524,0.1853,-0.1979,0.0014,-0.3205,-0.1300,0.1472,0.6014,0.3397,-0.2872,0.0183,-0.2388,0.1954,0.0001,-0.2891,-0.0995,0.0121,0.0035,0.0000,0.0002,0.0090,-0.0109,0.0100,0.0074,0.0000,-0.0142,-0.0046,-0.0008,-0.0020,0.0007,0.0001,0.0101,0.0058,-0.1085,0.2103,-0.0069,-0.0400,0.2319,0.9935,-0.0000,0.1137,-0.1137,-0.0006,0.9935,0.0616,0.0119,0.1470,-0.0887,0.0263,0.1455,-0.0887,0.0263,0.1455,0.0905,0.0091,0.1473,-0.1291,0.0369,0.0893,0.1292,0.0012,0.0895,0.0330,0.0099,-0.1854,-0.1105,0.0087,-0.1852,0.0001,0.0021,0.0697,0.0491,0.0226,-0.0629,-0.0735,0.0102,-0.0679,0.0486,0.0315,-0.0855,-0.0798,0.0123,-0.0865,0.7483,0.0353,0.0716,-0.0045,0.0986,-0.3225,-0.0306,0.0641,0.0752,0.0942,-0.0365,-0.0207,-0.0230,-0.2054,0.0175,-0.0052,-0.0078,0.0476,-0.0005,-0.0288,0.1056,0.0063
769,0.749268,0.0131,-0.2611,0.3153,0.3291,0.0365,-0.0527,0.1856,-0.1977,0.0014,-0.3210,-0.1302,0.1472,0.6012,0.3397,-0.2872,0.0183,-0.2387,0.1948,0.0006,-0.2889,-0.0992,0.0193,0.0140,0.0000,0.0007,-0.0004,-0.0270,0.0138,0.0103,-0.0000,-0.0291,-0.0097,-0.0026,-0.0081,0.0026,-0.0001,-0.0041,0.0068,-0.8489,-0.2825,0.0084,0.0309,0.2319,0.9935,-0.0000,0.1139,-0.1139,-0.0005,0.9935,0.0616,0.0118,0.1470,-0.0887,0.0263,0.1455,-0.0887,0.0263,0.1455,0.0904,0.0090,0.1473,-0.1291,0.0370,0.0893,0.1292,0.0012,0.0895,0.0330,0.0099,-0.1854,-0.1105,0.0087,-0.1852,0.0001,0.0021,0.0697,0.0491,0.0226,-0.0629,-0.0735,0.0102,-0.0679,0.0486,0.0315,-0.0855,-0.0798,0.0123,-0.0865,0.7493,0.0271,0.0711,0.0038,0.1022,-0.3197,-0.0309,0.0720,0.0831,0.0999,-0.0363,-0.0173,-0.0372,-0.2211,0.0187,-0.0072,-0.0171,0.0190,-0.0014,-0.0286,0.1096,0.0055
770,0.750244,0.0134,-0.2609,0.3153,0.3291,0.0365,-0.0531,0.1858,-0.1975,0.0014,-0.3214,-0.1303,0.1470,0.6010,0.3398,-0.2872,0.0182,-0.2386,0.1867,-0.0051,-0.2888,-0.0987,0.0291,0.0180,0.0000,-0.0043,0.0006,-0.0298,0.0280,0.0204,0.0000,-0.0344,-0.0043,-0.0218,-0.0260,0.0058,-0.0003,-0.0058,0.0026,-2.0885,-2.0735,0.0083,0.0367,0.2319,0.9935,0.0000,0.1139,-0.1139,-0.0005,0.9935,0.0616,0.0118,0.1470,-0.0887,0.0264,0.1455,-0.0887,0.0264,0.1455,0.0904,0.0090,0.1473,-0.1291,0.0371,0.0893,0.1292,0.0011,0.0896,0.0330,0.0099,-0.1854,-0.1105,0.0087,-0.1852,0.0001,0.0021,0.0697,0.0491,0.0226,-0.0629,-0.0735,0.0102,-0.0679,0.0486,0.0315,-0.0855,-0.0798,0.0123,-0.0865,0.7502,-0.0189,0.0751,0.0250,0.0863,-0.2757,-0.0180,0.0788,0.0843,0.0921,-0.0174,0.0018,-0.0776,-0.2358,0.0175,-0.0078,-0.0255,-0.0676,-0.0148,-0.0237,0.0810,-0.0053
771,0.751220,0.0137,-0.2608,0.3156,0.3291,0.0367,-0.0536,0.1862,-0.1973,0.0014,-0.3217,-0.1304,0.1464,0.6005,0.3398,-0.2872,0.0182,-0.2391,0.1837,-0.0075,-0.2888,-0.0983,0.0055,0.0030,0.0316,0.0079,0.0182,-0.0155,0.0204,0.0052,-0.0000,-0.0071,-0.0010,-0.0509,-0.0376,0.0035,0.0000,0.0006,-0.0501,0.2309,0.0769,-0.0069,0.0105,0.2319,0.9935,0.0000,0.1136,-0.1136,-0.0004,0.9935,0.0616,0.0118,0.1470,-0.0887,0.0265,0.1454,-0.0887,0.0265,0.1454,0.0904,0.0090,0.1473,-0.1291,0.0372,0.0893,0.1292,0.0010,0.0896,0.0330,0.0099,-0.1854,-0.1105,0.0087,-0.1852,0.0001,0.0021,0.0697,0.0491,0.0226,-0.0629,-0.0735,0.0102,-0.0680,0.0486,0.0315,-0.0855,-0.0798,0.0123,-0.0865,0.7512,0.0390,0.0733,-0.0088,0.0997,-0.3303,-0.0293,0.0629,0.0729,0.0782,-0.0335,-0.0241,-0.0170,-0.1959,0.0170,-0.0044,-0.0056,0.0610,0.0062,-0.0286,0.1041,-0.0075
772,0.752195,0.0139,-0.2607,0.3160,0.3292,0.0369,-0.0539,0.1866,-0.1972,0.0014,-0.3222,-0.1307,0.1457,0.6000,0.3399,-0.2872,0.0181,-0.2394,0.1930,-0.0076,-0.2887,-0.0980,0.0217,0.0073,0.0105,0.0018,0.0040,-0.0255,0.0173,0.0050,-0.0000,-0.0318,-0.0253,-0.0143,-0.0120,0.0032,0.0000,-0.0086,0.0245,-0.0215,-0.0159,0.0087,0.0156,0.2320,0.9936,-0.0000,0.1132,-0.1132,-0.0003,0.9936,0.0616,0.0119,0.1470,-0.0887,0.0267,0.1454,-0.0887,0.0267,0.1454,0.0904,0.0091,0.1473,-0.1291,0.0374,0.0892,0.1292,0.0011,0.0896,0.0330,0.0098,-0.1854,-0.1105,0.0087,-0.1852,0.0001,0.0021,0.0697,0.0491,0.0225,-0.0629,-0.0735,0.0101,-0.0680,0.0486,0.0314,-0.0855,-0.0798,0.0123,-0.0865,0.7522,0.0427,0.0737,-0.0074,0.1029,-0.3319,-0.0309,0.0631,0.0746,0.0845,-0.0358,-0.0231,-0.0159,-0.2004,0.0181,-0.0054,-0.0025,0.0640,0.0013,-0.0253,0.1083,-0.0047
773,0.753171,0.0143,-0.2605,0.3161,0.3292,0.0369,-0.0545,0.1868,-0.1971,0.0014,-0.3227,-0.1310,0.1456,0.5999,0.3399,-0.2872,0.0180,-0.2390,0.2053,-0.0079,-0.2886,-0.0977,0.0269,0.0165,0.0016,-0.0001,0.0002,-0.0339,0.0148,0.0097,-0.0000,-0.0327,-0.0142,-0.0022,-0.0044,0.0038,-0.0000,-0.0066,0.0166,0.7613,-0.0829,0.0114,0.0273,0.2320,0.9936,-0.0000,0.1131,-0.1131,-0.0002,0.9936,0.0615,0.0119,0.1470,-0.0887,0.0267,0.1454,-0.0887,0.0267,0.1454,0.0904,0.0090,0.1473,-0.1290,0.0375,0.0892,0.1292,0.0010,0.0896,0.0330,0.0098,-0.1854,-0.1105,0.0086,-0.1852,0.0001,0.0021,0.0697,0.0491,0.0225,-0.0629,-0.0735,0.0101,-0.0680,0.0486,0.0314,-0.0855,-0.0798,0.0122,-0.0865,0.7532,0.0375,0.0710,-0.0086,0.0946,-0.3270,-0.0252,0.0612,0.0718,0.0722,-0.0313,-0.0206,-0.0159,-0.1847,0.0166,-0.0042,0.0173,0.0740,-0.0024,-0.0252,0.0985,-0.0228
774,0.754146,0.0147,-0.2603,0.3161,0.3292,0.0369,-0.0549,0.1870,-0.1969,0.0014,-0.3230,-0.1311,0.1456,0.5998,0.3400,-0.2872,0.0180,-0.2387,0.2007,-0.0080,-0.2885,-0.0975,0.0160,0.0070,0.0004,-0.0001,0.0003,-0.0269,0.0113,0.0063,-0.0000,-0.0219,-0.0096,-0.0007,-0.0024,0.0022,0.0001,0.0004,0.0173,-0.1700,0.4125,0.0017,0.0057,0.2320,0.9936,-0.0000,0.1130,-0.1130,-0.0002,0.9936,0.0615,0.0118,0.1470,-0.0887,0.0268,0.1454,-0.0887,0.0268,0.1454,0.0904,0.0090,0.1473,-0.1290,0.0376,0.0892,0.1292,0.0009,0.0896,0.0330,0.0097,-0.1854,-0.1105,0.0085,-0.1852,0.0001,0.0021,0.0697,0.0491,0.0225,-0.0629,-0.0735,0.0101,-0.0680,0.0486,0.0314,-0.0855,-0.0798,0.0122,-0.0866,0.7541,0.0517,0.0693,-0.0062,0.1042,-0.3293,-0.0353,0.0618,0.0731,0.1056,-0.0388,-0.0230,-0.0152,-0.2056,0.0201,-0.0044,-0.0033,0.0637,0.0000,-0.0199,0.1108,0.0100
775,0.755122,0.0152,-0.2599,0.3161,0.3292,0.0369,-0.0555,0.1873,-0.1967,0.0014,-0.3237,-0.1314,0.1455,0.5996,0.3400,-0.2872,0.0179,-0.2385,0.1972,0.0037,-0.2883,-0.0968,0.0317,0.0266,0.0000,-0.0003,0.0002,-0.0422,0.0193,0.0138,-0.0000,-0.0353,-0.0159,-0.0073,-0.0165,0.0026,-0.0001,-0.0100,0.0074,0.6850,0.3558,0.0168,0.0450,0.2320,0.9936,-0.0000,0.1131,-0.1131,-0.0001,0.9936,0.0615,0.0118,0.1470,-0.0887,0.0269,0.1453,-0.0887,0.0269,0.1453,0.0904,0.0089,0.1473,-0.1290,0.0377,0.0892,0.1292,0.0008,0.0896,0.0331,0.0097,-0.1854,-0.1105,0.0085,-0.1852,0.0001,0.0021,0.0697,0.0491,0.0224,-0.0630,-0.0735,0.0101,-0.0680,0.0486,0.0313,-0.0855,-0.0798,0.0122,-0.0866,0.7551,0.0423,0.0716,-0.0100,0.0914,-0.3245,-0.0276,0.0617,0.0703,0.0797,-0.0323,-0.0213,-0.0169,-0.1847,0.0161,-0.0024,0.0085,0.0732,0.0033,-0.0296,0.1002,-0.0151
776,0.756098,0.0155,-0.2597,0.3161,0.3292,0.0369,-0.0562,0.1876,-0.1966,0.0014,-0.3241,-0.1316,0.1454,0.5994,0.3401,-0.2872,0.0177,-0.2384,0.2054,0.0113,-0.2882,-0.0965,0.0190,0.0077,0.0000,-0.0044,-0.0015,-0.0308,0.0159,0.0106,-0.0000,-0.0215,-0.0109,-0.0026,-0.0028,0.0028,-0.0000,-0.0023,0.0109,0.0470,0.7934,0.0023,0.0019,0.2320,0.9936,-0.0000,0.1132,-0.1132,-0.0001,0.9936,0.0615,0.0117,0.1470,-0.0887,0.0269,0.1453,-0.0887,0.0269,0.1453,0.0904,0.0088,0.1474,-0.1290,0.0379,0.0891,0.1292,0.0007,0.0897,0.0331,0.0096,-0.1855,-0.1104,0.0085,-0.1853,0.0001,0.0021,0.0697,0.0491,0.0224,-0.0630,-0.0735,0.0101,-0.0680,0.0486,0.0313,-0.0855,-0.0798,0.0122,-0.0866,0.7561,0.0527,0.0677,-0.0071,0.0966,-0.3240,-0.0341,0.0613,0.0708,0.1081,-0.0396,-0.0219,-0.0183,-0.2029,0.0179,-0.0028,-0.0031,0.0623,0.0026,-0.0288,0.1084,0.0120
777,0.757073,0.0159,-0.2595,0.3161,0.3292,0.0369,-0.0566,0.1879,-0.1964,0.0014,-0.3245,-0.1318,0.1453,0.5993,0.3401,-0.2872,0.0177,-0.2382,0.2090,0.0095,-0.2881,-0.0963,0.0346,0.0260,-0.0000,-0.0013,-0.0014,-0.0393,0.0198,0.0147,-0.0000,-0.0471,-0.0167,-0.0175,-0.0177,0.0011,0.0002,-0.0022,0.0064,1.9136,1.3743,0.0189,0.0571,0.2320,0.9936,0.0000,0.1133,-0.1133,-0.0001,0.9936,0.0615,0.0116,0.1470,-0.0887,0.0270,0.1453,-0.0887,0.0270,0.1453,0.0904,0.0087,0.1474,-0.1290,0.0380,0.0891,0.1292,0.0006,0.0897,0.0331,0.0096,-0.1855,-0.1104,0.0085,-0.1853,0.0001,0.0021,0.0697,0.0491,0.0224,-0.0630,-0.0735,0.0101,-0.0680,0.0486,0.0313,-0.0855,-0.0798,0.0122,-0.0866,0.7571,0.0191,0.0648,-0.0044,0.0562,-0.2874,-0.0301,0.0640,0.0680,0.0879,-0.0254,-0.0063,-0.0275,-0.1624,0.0133,0.0100,0.0321,0.0702,-0.0027,-0.0158,0.0679,-0.0212
778,0.758049,0.0163,-0.2593,0.3161,0.3291,0.0369,-0.0573,0.1881,-0.1962,0.0014,-0.3250,-0.1320,0.1450,0.5992,0.3401,-0.2872,0.0179,-0.2381,0.2029,0.0115,-0.2883,-0.0962,0.0135,0.0021,0.0000,-0.0010,0.0013,-0.0378,0.0068,0.0081,-0.0000,-0.0093,-0.0031,-0.0128,-0.0035,0.0015,0.0002,0.0198,0.0058,-0.0075,-0.0574,-0.0281,-0.0218,0.2320,0.9935,-0.0000,0.1135,-0.1135,-0.0001,0.9935,0.0615,0.0116,0.1471,-0.0887,0.0270,0.1453,-0.0887,0.0270,0.1453,0.0904,0.0086,0.1474,-0.1289,0.0381,0.0891,0.1292,0.0005,0.0897,0.0331,0.0096,-0.1855,-0.1104,0.0085,-0.1853,0.0001,0.0021,0.0697,0.0491,0.0224,-0.0630,-0.0735,0.0101,-0.0680,0.0486,0.0313,-0.0855,-0.0798,0.0122,-0.0866,0.7580,0.0487,0.0718,-0.0091,0.1028,-0.3329,-0.0295,0.0613,0.0726,0.0901,-0.0365,-0.0244,-0.0144,-0.2080,0.0169,-0.0066,-0.0018,0.0567,0.0020,-0.0332,0.1136,0.0033
779,0.759024,0.0167,-0.2589,0.3161,0.3291,0.0369,-0.0579,0.1884,-0.1959,0.0014,-0.3255,-0.1322,0.1449,0.5989,0.3402,-0.2872,0.0180,-0.2380,0.2019,0.0110,-0.2882,-0.0959,0.0267,0.0246,0.0000,-0.0021,0.0004,-0.0316,0.0160,0.0135,0.0000,-0.0304,-0.0162,-0.0023,-0.0155,0.0022,-0.0000,-0.0046,0.0080,-0.4103,-0.2468,0.0122,0.0252,0.2320,0.9935,0.0000,0.1138,-0.1138,-0.0000,0.9935,0.0615,0.0115,0.1471,-0.0887,0.0270,0.1453,-0.0887,0.0270,0.1453,0.0903,0.0085,0.1474,-0.1289,0.0382,0.0891,0.1292,0.0004,0.0897,0.0331,0.0096,-0.1855,-0.1104,0.0085,-0.1853,0.0001,0.0021,0.0697,0.0491,0.0224,-0.0630,-0.0735,0.0101,-0.0680,0.0487,0.0312,-0.0855,-0.0798,0.0122,-0.0866,0.7590,0.0457,0.0731,-0.0063,0.1066,-0.3319,-0.0304,0.0652,0.0767,0.0939,-0.0367,-0.0232,-0.0206,-0.2149,0.0184,-0.0071,-0.0075,0.0475,0.0017,-0.0326,0.1159,0.0035
780,0.760000,0.0172,-0.2584,0.3161,0.3290,0.0369,-0.0583,0.1886,-0.1958,0.0014,-0.3258,-0.1324,0.1449,0.5987,0.3402,-0.2872,0.0179,-0.2379,0.1991,0.0052,-0.2881,-0.0956,0.0245,0.0244,-0.0000,-0.0032,0.0007,-0.0292,0.0217,0.0183,0.0000,-0.0350,-0.0154,-0.0017,-0.0229,0.0052,-0.0003,-0.0090,0.0087,-1.6455,-1.8851,0.0109,0.0240,0.2320,0.9935,-0.0000,0.1142,-0.1142,0.0000,0.9935,0.0615,0.0114,0.1471,-0.0887,0.0271,0.1453,-0.0887,0.0271,0.1453,0.0903,0.0084,0.1474,-0.1289,0.0383,0.0891,0.1292,0.0003,0.0897,0.0332,0.0097,-0.1855,-0.1104,0.0085,-0.1853,0.0001,0.0021,0.0697,0.0492,0.0224,-0.0630,-0.0735,0.0101,-0.0680,0.0487,0.0312,-0.0855,-0.0798,0.0122,-0.0866,0.7600,0.0048,0.0751,0.0168,0.0979,-0.3052,-0.0223,0.0769,0.0857,0.0863,-0.0257,-0.0069,-0.0622,-0.2377,0.0159,-0.0070,-0.0239,-0.0328,-0.0127,-0.0357,0.0998,-0.0075
781,0.760976,0.0175,-0.2582,0.3162,0.3290,0.0370,-0.0589,0.1890,-0.1955,0.0014,-0.3263,-0.1326,0.1447,0.5983,0.3403,-0.2872,0.0178,-0.2379,0.1948,-0.0025,-0.2879,-0.0952,0.0247,0.0193,0.0117,-0.0014,0.0104,-0.0249,0.0239,0.0120,0.0000,-0.0130,-0.0061,-0.0419,-0.0372,0.0016,-0.0001,0.0009,-0.0232,0.1295,-0.7185,0.0051,0.0112,0.2320,0.9934,0.0000,0.1144,-0.1144,0.0000,0.9934,0.0615,0.0113,0.1471,-0.0887,0.0271,0.1453,-0.0887,0.0271,0.1453,0.0903,0.0083,0.1474,-0.1289,0.0384,0.0891,0.1292,0.0002,0.0898,0.0332,0.0096,-0.1855,-0.1104,0.0085,-0.1853,0.0001,0.0020,0.0697,0.0492,0.0223,-0.0630,-0.0735,0.0101,-0.0680,0.0487,0.0312,-0.0855,-0.0798,0.0122,-0.0866,0.7610,0.0418,0.0729,-0.0093,0.1098,-0.3382,-0.0261,0.0644,0.0744,0.0710,-0.0328,-0.0249,-0.0169,-0.2043,0.0172,-0.0063,-0.0012,0.0531,0.0045,-0.0328,0.1097,-0.0162
782,0.761951,0.0179,-0.2580,0.3164,0.3290,0.0371,-0.0593,0.1893,-0.1953,0.0014,-0.3267,-0.1330,0.1441,0.5977,0.3403,-0.2872,0.0178,-0.2380,0.2090,-0.0073,-0.2878,-0.0951,0.0229,0.0119,0.0054,-0.0004,0.0034,-0.0233,0.0164,0.0079,-0.0000,-0.0325,-0.0289,-0.0120,-0.0132,0.0031,0.0000,-0.0002,0.0189,0.9354,-0.4802,0.0024,0.0034,0.2320,0.9934,-0.0000,0.1143,-0.1143,0.0001,0.9934,0.0615,0.0113,0.1471,-0.0887,0.0272,0.1453,-0.0887,0.0272,0.1453,0.0903,0.0083,0.1474,-0.1289,0.0385,0.0891,0.1292,0.0002,0.0898,0.0332,0.0097,-0.1855,-0.1104,0.0085,-0.1853,0.0001,0.0020,0.0697,0.0492,0.0223,-0.0630,-0.0735,0.0101,-0.0680,0.0487,0.0312,-0.0856,-0.0798,0.0122,-0.0866,0.7620,0.0420,0.0679,-0.0113,0.1020,-0.3362,-0.0228,0.0602,0.0711,0.0663,-0.0296,-0.0242,-0.0122,-0.1901,0.0163,-0.0054,0.0182,0.0693,0.0009,-0.0298,0.1021,-0.0270
783,0.762927,0.0183,-0.2577,0.3164,0.3290,0.0372,-0.0597,0.1896,-0.1952,0.0014,-0.3271,-0.1333,0.1440,0.5976,0.3404,-0.2872,0.0179,-0.2376,0.2078,-0.0022,-0.2878,-0.0951,0.0213,0.0115,0.0008,-0.0001,0.0006,-0.0177,0.0087,0.0048,-0.0000,-0.0194,-0.0154,-0.0016,-0.0018,0.0032,0.0002,0.0084,0.0253,1.3682,-1.1692,0.0015,-0.0004,0.2320,0.9934,0.0000,0.1146,-0.1146,0.0002,0.9934,0.0615,0.0113,0.1471,-0.0887,0.0272,0.1453,-0.0887,0.0272,0.1453,0.0903,0.0082,0.1475,-0.1289,0.0385,0.0891,0.1291,0.0001,0.0898,0.0332,0.0097,-0.1855,-0.1104,0.0085,-0.1853,0.0001,0.0020,0.0697,0.0492,0.0223,-0.0630,-0.0735,0.0101,-0.0680,0.0487,0.0312,-0.0856,-0.0798,0.0122,-0.0866,0.7629,0.0219,0.0658,-0.0087,0.1022,-0.3285,-0.0159,0.0645,0.0735,0.0498,-0.0251,-0.0207,-0.0181,-0.1822,0.0134,-0.0046,0.0225,0.0538,0.0019,-0.0395,0.0918,-0.0498
784,0.763902,0.0185,-0.2576,0.3164,0.3290,0.0372,-0.0599,0.1897,-0.1951,0.0014,-0.3273,-0.1334,0.1440,0.5976,0.3404,-0.2872,0.0180,-0.2373,0.2069,-0.0027,-0.2878,-0.0952,0.0116,0.0041,0.0003,-0.0063,0.0007,-0.0086,0.0053,0.0043,-0.0000,-0.0083,-0.0072,-0.0005,-0.0002,0.0008,0.0001,0.0119,0.0127,-1.3591,0.6067,-0.0057,-0.0396,0.2320,0.9934,-0.0000,0.1147,-0.1147,0.0002,0.9934,0.0615,0.0112,0.1471,-0.0887,0.0272,0.1453,-0.0887,0.0272,0.1453,0.0903,0.0081,0.1475,-0.1288,0.0386,0.0891,0.1291,0.0000,0.0898,0.0332,0.0097,-0.1855,-0.1104,0.0085,-0.1853,0.0001,0.0020,0.0697,0.0492,0.0223,-0.0630,-0.0735,0.0101,-0.0680,0.0487,0.0312,-0.0856,-0.0798,0.0122,-0.0866,0.7639,0.0519,0.0589,0.0048,0.1137,-0.3286,-0.0421,0.0656,0.0801,0.1355,-0.0366,-0.0207,-0.0375,-0.2460,0.0194,-0.0061,-0.0293,0.0112,-0.0029,-0.0115,0.1268,0.0394
785,0.764878,0.0191,-0.2570,0.3164,0.3289,0.0372,-0.0603,0.1900,-0.1949,0.0014,-0.3278,-0.1337,0.1436,0.5969,0.3405,-0.2872,0.0180,-0.2372,0.1918,0.0024,-0.2873,-0.0942,0.0490,0.0603,0.0004,-0.0008,0.0028,-0.0473,0.0304,0.0180,-0.0000,-0.0393,-0.0114,-0.0332,-0.0659,0.0055,-0.0000,-0.0213,0.0005,-0.8359,0.5400,0.0463,0.1068,0.2321,0.9934,-0.0000,0.1150,-0.1150,0.0003,0.9934,0.0614,0.0111,0.1471,-0.0887,0.0272,0.1453,-0.0887,0.0272,0.1453,0.0903,0.0080,0.1475,-0.1288,0.0387,0.0891,0.1291,-0.0001,0.0898,0.0333,0.0096,-0.1855,-0.1103,0.0085,-0.1853,0.0001,0.0020,0.0697,0.0492,0.0223,-0.0630,-0.0735,0.0101,-0.0680,0.0487,0.0311,-0.0856,-0.0797,0.0121,-0.0866,0.7649,0.0607,0.0673,-0.0046,0.1100,-0.3330,-0.0397,0.0655,0.0772,0.1246,-0.0378,-0.0263,-0.0256,-0.2281,0.0205,-0.0061,-0.0264,0.0366,0.0085,-0.0219,0.1272,0.0255
786,0.765854,0.0198,-0.2563,0.3165,0.3289,0.0372,-0.0613,0.1905,-0.1946,0.0014,-0.3284,-0.1340,0.1434,0.5963,0.3406,-0.2872,0.0176,-0.2371,0.1892,0.0017,-0.2869,-0.0933,0.0380,0.0304,0.0004,-0.0009,0.0019,-0.0548,0.0303,0.0190,-0.0000,-0.0322,-0.0222,-0.0080,-0.0241,0.0067,-0.0001,-0.0193,0.0079,0.0798,-0.1913,0.0166,0.0453,0.2321,0.9934,0.0000,0.1151,-0.1151,0.0004,0.9934,0.0614,0.0110,0.1471,-0.0887,0.0273,0.1452,-0.0887,0.0273,0.1452,0.0903,0.0079,0.1475,-0.1288,0.0388,0.0891,0.1291,-0.0002,0.0899,0.0333,0.0096,-0.1855,-0.1103,0.0085,-0.1853,0.0001,0.0020,0.0697,0.0492,0.0222,-0.0630,-0.0735,0.0100,-0.0680,0.0487,0.0311,-0.0856,-0.0797,0.0121,-0.0866,0.7659,0.0565,0.0718,-0.0129,0.1085,-0.3428,-0.0302,0.0614,0.0722,0.0824,-0.0336,-0.0292,-0.0093,-0.2079,0.0183,-0.0065,-0.0090,0.0595,0.0111,-0.0311,0.1179,0.0002
787,0.766829,0.0204,-0.2558,0.3165,0.3289,0.0373,-0.0621,0.1909,-0.1944,0.0014,-0.3289,-0.1345,0.1433,0.5960,0.3406,-0.2872,0.0174,-0.2369,0.1849,-0.0013,-0.2867,-0.0928,0.0318,0.0251,0.0000,-0.0025,0.0001,-0.0401,0.0156,0.0098,0.0000,-0.0241,-0.0275,-0.0024,-0.0103,0.0013,0.0001,-0.0059,0.0163,0.1967,0.5868,0.0105,0.0118,0.2321,0.9933,-0.0000,0.1153,-0.1153,0.0005,0.9933,0.0614,0.0109,0.1472,-0.0887,0.0274,0.1452,-0.0887,0.0274,0.1452,0.0902,0.0078,0.1475,-0.1288,0.0390,0.0890,0.1291,-0.0003,0.0899,0.0333,0.0096,-0.1855,-0.1103,0.0084,-0.1854,0.0001,0.0020,0.0697,0.0492,0.0222,-0.0630,-0.0734,0.0100,-0.0681,0.0487,0.0310,-0.0856,-0.0797,0.0121,-0.0866,0.7668,0.0629,0.0684,-0.0133,0.1052,-0.3382,-0.0337,0.0597,0.0687,0.0973,-0.0345,-0.0289,-0.0078,-0.2034,0.0190,-0.0033,-0.0140,0.0650,0.0152,-0.0280,0.1146,0.0119
788,0.767805,0.0209,-0.2554,0.3165,0.3288,0.0372,-0.0626,0.1911,-0.1942,0.0014,-0.3292,-0.1348,0.1433,0.5958,0.3406,-0.2872,0.0173,-0.2367,0.1865,0.0024,-0.2866,-0.0925,0.0422,0.0345,-0.0000,-0.0014,-0.0011,-0.0398,0.0195,0.0155,-0.0000,-0.0302,-0.0296,-0.0007,-0.0116,0.0004,0.0003,-0.0122,0.0145,0.2778,1.6642,0.0124,0.0362,0.2321,0.9933,0.0000,0.1155,-0.1155,0.0005,0.9933,0.0614,0.0109,0.1472,-0.0887,0.0274,0.1452,-0.0887,0.0274,0.1452,0.0902,0.0077,0.1476,-0.1288,0.0391,0.0890,0.1291,-0.0004,0.0899,0.0333,0.0095,-0.1856,-0.1103,0.0084,-0.1854,0.0001,0.0020,0.0697,0.0492,0.0222,-0.0630,-0.0734,0.0100,-0.0681,0.0487,0.0310,-0.0856,-0.0797,0.0121,-0.0866,0.7678,0.0562,0.0595,-0.0081,0.0933,-0.3193,-0.0357,0.0633,0.0681,0.1228,-0.0364,-0.0198,-0.0232,-0.1981,0.0184,0.0018,-0.0098,0.0598,0.0175,-0.0239,0.1041,0.0181
789,0.768780,0.0216,-0.2550,0.3165,0.3288,0.0372,-0.0634,0.1915,-0.1939,0.0014,-0.3298,-0.1351,0.1431,0.5957,0.3407,-0.2872,0.0171,-0.2365,0.1928,0.0087,-0.2865,-0.0920,0.0333,0.0132,0.0000,-0.0046,-0.0029,-0.0431,0.0240,0.0186,0.0000,-0.0302,-0.0060,-0.0112,-0.0031,0.0047,-0.0002,-0.0056,0.0098,0.0540,-0.6724,0.0020,0.0251,0.2321,0.9933,-0.0000,0.1158,-0.1158,0.0005,0.9933,0.0614,0.0108,0.1472,-0.0887,0.0274,0.1452,-0.0887,0.0274,0.1452,0.0902,0.0076,0.1476,-0.1287,0.0392,0.0890,0.1291,-0.0006,0.0899,0.0334,0.0095,-0.1856,-0.1102,0.0084,-0.1854,0.0001,0.0019,0.0697,0.0492,0.0222,-0.0630,-0.0734,0.0100,-0.0681,0.0487,0.0310,-0.0856,-0.0797,0.0121,-0.0867,0.7688,0.0508,0.0714,-0.0119,0.1120,-0.3442,-0.0270,0.0632,0.0739,0.0754,-0.0326,-0.0286,-0.0124,-0.2134,0.0170,-0.0074,-0.0095,0.0459,0.0098,-0.0380,0.1186,-0.0038
790,0.769756,0.0221,-0.2546,0.3165,0.3287,0.0372,-0.0641,0.1919,-0.1936,0.0014,-0.3302,-0.1355,0.1430,0.5954,0.3407,-0.2872,0.0170,-0.2364,0.2075,0.0000,-0.2863,-0.0917,0.0295,0.0353,0.0000,-0.0049,0.0005,-0.0309,0.0136,0.0112,0.0000,-0.0236,-0.0310,-0.0028,-0.0246,0.0040,0.0001,-0.0068,0.0022,0.5189,0.2160,0.0091,0.0105,0.2321,0.9932,-0.0000,0.1160,-0.1160,0.0006,0.9932,0.0614,0.0107,0.1472,-0.0887,0.0275,0.1452,-0.0887,0.0275,0.1452,0.0902,0.0075,0.1476,-0.1287,0.0393,0.0890,0.1291,-0.0007,0.0900,0.0334,0.0095,-0.1856,-0.1102,0.0083,-0.1854,0.0001,0.0019,0.0697,0.0492,0.0221,-0.0630,-0.0734,0.0100,-0.0681,0.0487,0.0310,-0.0856,-0.0797,0.0121,-0.0867,0.7698,0.0632,0.0641,-0.0137,0.1051,-0.3430,-0.0298,0.0570,0.0686,0.0902,-0.0340,-0.0278,-0.0077,-0.2045,0.0185,-0.0053,0.0053,0.0697,0.0072,-0.0279,0.1144,0.0028
791,0.770732,0.0227,-0.2541,0.3165,0.3286,0.0372,-0.0646,0.1922,-0.1933,0.0014,-0.3307,-0.1359,0.1430,0.5951,0.3408,-0.2872,0.0169,-0.2362,0.2129,-0.0001,-0.2863,-0.0914,0.0326,0.0254,0.0000,-0.0035,-0.0015,-0.0314,0.0170,0.0151,0.0000,-0.0266,-0.0210,-0.0005,-0.0117,0.0051,0.0001,-0.0018,0.0181,0.0999,0.1427,0.0039,0.0163,0.2321,0.9932,-0.0000,0.1163,-0.1163,0.0006,0.9932,0.0614,0.0106,0.1472,-0.0887,0.0275,0.1452,-0.0887,0.0275,0.1452,0.0902,0.0073,0.1476,-0.1287,0.0394,0.0890,0.1291,-0.0008,0.0900,0.0334,0.0095,-0.1856,-0.1102,0.0083,-0.1854,0.0001,0.0019,0.0697,0.0492,0.0221,-0.0630,-0.0734,0.0100,-0.0681,0.0488,0.0309,-0.0856,-0.0797,0.0121,-0.0867,0.7707,0.0693,0.0637,-0.0125,0.1105,-0.3471,-0.0334,0.0568,0.0708,0.1022,-0.0369,-0.0288,-0.0061,-0.2179,0.0202,-0.0070,0.0007,0.0651,0.0040,-0.0246,0.1225,0.0167
792,0.771707,0.0232,-0.2536,0.3165,0.3286,0.0372,-0.0652,0.1924,-0.1931,0.0014,-0.3311,-0.1363,0.1430,0.5949,0.3408,-0.2872,0.0169,-0.2359,0.2203,0.0083,-0.2861,-0.0909,0.0363,0.0446,-0.0000,-0.0019,-0.0012,-0.0424,0.0172,0.0174,-0.0000,-0.0409,-0.0341,-0.0002,-0.0331,0.0017,0.0003,-0.0006,0.0214,2.3959,2.1144,0.0298,0.0615,0.2321,0.9932,-0.0000,0.1167,-0.1167,0.0007,0.9932,0.0614,0.0105,0.1472,-0.0887,0.0275,0.1452,-0.0887,0.0275,0.1452,0.0902,0.0072,0.1476,-0.1287,0.0395,0.0890,0.1291,-0.0009,0.0900,0.0335,0.0095,-0.1856,-0.1102,0.0083,-0.1854,0.0000,0.0019,0.0697,0.0492,0.0221,-0.0630,-0.0734,0.0100,-0.0681,0.0488,0.0309,-0.0856,-0.0797,0.0121,-0.0867,0.7717,0.0115,0.0475,0.0011,0.0525,-0.2764,-0.0317,0.0682,0.0648,0.0943,-0.0304,0.0064,-0.0409,-0.1536,0.0123,0.0179,0.0423,0.0602,0.0016,-0.0134,0.0527,-0.0309
793,0.772683,0.0236,-0.2536,0.3165,0.3285,0.0371,-0.0658,0.1927,-0.1929,0.0014,-0.3315,-0.1366,0.1425,0.5948,0.3409,-0.2870,0.0174,-0.2357,0.2126,-0.0021,-0.2867,-0.0914,0.0104,-0.0331,0.0004,-0.0067,-0.0020,-0.0375,0.0111,0.0096,0.0000,-0.0161,-0.0050,-0.0476,0.0148,0.0019,0.0153,0.0498,0.0047,-0.9847,-1.0267,-0.0676,-0.0624,0.2321,0.9931,-0.0000,0.1169,-0.1169,0.0006,0.9931,0.0614,0.0104,0.1472,-0.0886,0.0276,0.1452,-0.0886,0.0276,0.1452,0.0902,0.0071,0.1476,-0.1286,0.0396,0.0890,0.1291,-0.0010,0.0900,0.0335,0.0095,-0.1856,-0.1102,0.0084,-0.1854,0.0001,0.0019,0.0697,0.0492,0.0221,-0.0630,-0.0734,0.0100,-0.0681,0.0488,0.0309,-0.0856,-0.0797,0.0121,-0.0867,0.7727,0.0514,0.0602,0.0004,0.1229,-0.3470,-0.0324,0.0645,0.0791,0.0994,-0.0335,-0.0228,-0.0303,-0.2496,0.0177,-0.0079,-0.0234,0.0009,-0.0073,-0.0277,0.1280,0.0262
794,0.773659,0.0242,-0.2529,0.3165,0.3283,0.0371,-0.0665,0.1931,-0.1925,0.0014,-0.3320,-0.1369,0.1421,0.5940,0.3410,-0.2869,0.0173,-0.2357,0.2025,-0.0117,-0.2862,-0.0909,0.0496,0.0814,0.0001,-0.0067,0.0037,-0.0374,0.0299,0.0229,-0.0000,-0.0263,-0.0220,-0.0089,-0.0794,0.0032,0.0025,-0.0382,-0.0056,-0.8644,-0.7869,0.0559,0.1296,0.2322,0.9931,-0.0000,0.1171,-0.1171,0.0007,0.9931,0.0614,0.0103,0.1473,-0.0886,0.0276,0.1452,-0.0886,0.0276,0.1452,0.0902,0.0070,0.1477,-0.1286,0.0397,0.0890,0.1291,-0.0011,0.0900,0.0335,0.0095,-0.1856,-0.1101,0.0084,-0.1854,0.0000,0.0018,0.0697,0.0492,0.0220,-0.0630,-0.0734,0.0100,-0.0681,0.0488,0.0309,-0.0856,-0.0796,0.0121,-0.0867,0.7737,0.0635,0.0664,-0.0049,0.1231,-0.3574,-0.0336,0.0637,0.0791,0.0942,-0.0336,-0.0268,-0.0230,-0.2387,0.0200,-0.0087,-0.0179,0.0304,0.0007,-0.0215,0.1309,0.0125
795,0.774634,0.0247,-0.2522,0.3165,0.3282,0.0371,-0.0671,0.1935,-0.1922,0.0014,-0.3324,-0.1372,0.1419,0.5933,0.3410,-0.2868,0.0171,-0.2357,0.2012,-0.0115,-0.2859,-0.0899,0.0341,0.0372,0.0000,-0.0083,-0.0017,-0.0418,0.0232,0.0173,-0.0000,-0.0254,-0.0220,-0.0117,-0.0376,0.0051,0.0007,-0.0114,0.0096,0.4046,0.5138,0.0190,0.0340,0.2322,0.9931,-0.0000,0.1173,-0.1173,0.0008,0.9931,0.0613,0.0102,0.1473,-0.0886,0.0277,0.1452,-0.0886,0.0277,0.1452,0.0901,0.0069,0.1477,-0.1286,0.0398,0.0890,0.1290,-0.0012,0.0900,0.0336,0.0095,-0.1856,-0.1101,0.0083,-0.1854,0.0000,0.0018,0.0697,0.0492,0.0220,-0.0630,-0.0734,0.0100,-0.0681,0.0488,0.0308,-0.0856,-0.0796,0.0120,-0.0867,0.7746,0.0747,0.0606,-0.0152,0.1105,-0.3491,-0.0350,0.0553,0.0673,0.1020,-0.0346,-0.0313,-0.0028,-0.2123,0.0207,-0.0044,-0.0031,0.0716,0.0119,-0.0209,0.1199,0.0175
796,0.775610,0.0254,-0.2516,0.3165,0.3281,0.0370,-0.0679,0.1938,-0.1919,0.0014,-0.3329,-0.1377,0.1418,0.5928,0.3411,-0.2868,0.0169,-0.2353,0.2128,-0.0020,-0.2857,-0.0894,0.0416,0.0308,0.0000,-0.0102,-0.0103,-0.0434,0.0171,0.0165,0.0000,-0.0276,-0.0288,-0.0019,-0.0094,0.0075,-0.0000,-0.0050,0.0292,0.1244,-0.0446,0.0077,0.0286,0.2322,0.9931,-0.0000,0.1177,-0.1177,0.0008,0.9931,0.0613,0.0101,0.1473,-0.0886,0.0277,0.1451,-0.0886,0.0277,0.1451,0.0901,0.0068,0.1477,-0.1286,0.0400,0.0890,0.1290,-0.0013,0.0901,0.0336,0.0094,-0.1856,-0.1101,0.0083,-0.1855,0.0000,0.0018,0.0697,0.0493,0.0220,-0.0630,-0.0733,0.0100,-0.0681,0.0488,0.0308,-0.0856,-0.0796,0.0120,-0.0867,0.7756,0.0734,0.0619,-0.0142,0.1147,-0.3535,-0.0328,0.0563,0.0712,0.0996,-0.0356,-0.0314,-0.0037,-0.2231,0.0207,-0.0081,-0.0016,0.0613,0.0069,-0.0251,0.1269,0.0184
797,0.776585,0.0260,-0.2511,0.3165,0.3280,0.0369,-0.0685,0.1940,-0.1917,0.0014,-0.3333,-0.1381,0.1418,0.5926,0.3412,-0.2868,0.0168,-0.2349,0.2155,0.0025,-0.2855,-0.0889,0.0416,0.0433,0.0000,-0.0099,-0.0075,-0.0408,0.0171,0.0169,0.0000,-0.0303,-0.0296,-0.0005,-0.0251,0.0072,-0.0001,-0.0034,0.0252,0.1137,0.1719,0.0181,0.0347,0.2322,0.9930,-0.0000,0.1181,-0.1181,0.0009,0.9930,0.0613,0.0100,0.1473,-0.0886,0.0277,0.1451,-0.0886,0.0277,0.1451,0.0901,0.0066,0.1477,-0.1285,0.0401,0.0890,0.1290,-0.0015,0.0901,0.0337,0.0094,-0.1857,-0.1100,0.0083,-0.1855,0.0000,0.0018,0.0697,0.0493,0.0220,-0.0630,-0.0733,0.0100,-0.0681,0.0488,0.0308,-0.0856,-0.0796,0.0120,-0.0867,0.7766,0.0761,0.0606,-0.0142,0.1139,-0.3531,-0.0338,0.0559,0.0707,0.1038,-0.0368,-0.0311,-0.0045,-0.2240,0.0207,-0.0078,-0.0024,0.0611,0.0067,-0.0263,0.1276,0.0220
798,0.777561,0.0268,-0.2502,0.3165,0.3278,0.0368,-0.0693,0.1944,-0.1914,0.0014,-0.3339,-0.1386,0.1418,0.5920,0.3413,-0.2868,0.0168,-0.2345,0.2183,0.0033,-0.2852,-0.0882,0.0386,0.0409,0.0000,-0.0091,-0.0069,-0.0410,0.0180,0.0180,0.0000,-0.0287,-0.0258,-0.0002,-0.0262,0.0057,0.0000,-0.0039,0.0212,0.1483,0.3268,0.0140,0.0346,0.2322,0.9929,-0.0000,0.1186,-0.1186,0.0010,0.9929,0.0613,0.0099,0.1473,-0.0886,0.0277,0.1451,-0.0886,0.0277,0.1451,0.0901,0.0065,0.1477,-0.1285,0.0402,0.0890,0.1290,-0.0016,0.0901,0.0337,0.0094,-0.1857,-0.1100,0.0083,-0.1855,0.0000,0.0017,0.0697,0.0493,0.0219,-0.0630,-0.0733,0.0100,-0.0681,0.0489,0.0307,-0.0856,-0.0796,0.0120,-0.0867,0.7776,0.0789,0.0578,-0.0142,0.1130,-0.3518,-0.0347,0.0551,0.0696,0.1102,-0.0374,-0.0306,-0.0053,-0.2256,0.0209,-0.0074,-0.0017,0.0595,0.0069,-0.0258,0.1274,0.0274
799,0.778537,0.0273,-0.2497,0.3165,0.3277,0.0367,-0.0698,0.1947,-0.1911,0.0014,-0.3343,-0.1390,0.1418,0.5917,0.3414,-0.2868,0.0167,-0.2342,0.2218,0.0059,-0.2850,-0.0877,0.0394,0.0459,-0.0000,-0.0045,-0.0034,-0.0449,0.0185,0.0181,-0.0000,-0.0357,-0.0306,-0.0001,-0.0328,0.0025,0.0003,-0.0049,0.0221,1.1472,1.6710,0.0206,0.0513,0.2322,0.9929,0.0000,0.1190,-0.1190,0.0010,0.9929,0.0613,0.0098,0.1473,-0.0886,0.0277,0.1451,-0.0886,0.0277,0.1451,0.0901,0.0063,0.1478,-0.1285,0.0403,0.0890,0.1290,-0.0017,0.0902,0.0338,0.0094,-0.1857,-0.1099,0.0083,-0.1855,0.0000,0.0017,0.0697,0.0493,0.0219,-0.0630,-0.0733,0.0100,-0.0681,0.0489,0.0307,-0.0856,-0.0795,0.0120,-0.0867,0.7785,0.0626,0.0459,-0.0095,0.0833,-0.3250,-0.0370,0.0593,0.0661,0.1105,-0.0358,-0.0167,-0.0205,-0.2019,0.0176,0.0055,0.0186,0.0660,0.0080,-0.0182,0.0980,0.0143
800,0.779512,0.0280,-0.2492,0.3165,0.3275,0.0366,-0.0707,0.1950,-0.1908,0.0014,-0.3348,-0.1393,0.1416,0.5913,0.3415,-0.2868,0.0168,-0.2338,0.2328,0.0056,-0.2850,-0.0872,0.0286,0.0098,0.0000,-0.0070,-0.0056,-0.0468,0.0179,0.0158,0.0000,-0.0286,-0.0060,-0.0171,-0.0078,0.0055,0.0002,0.0121,0.0218,-0.3081,0.9740,-0.0102,0.0123,0.2322,0.9928,-0.0000,0.1194,-0.1194,0.0011,0.9928,0.0613,0.0096,0.1474,-0.0886,0.0278,0.1451,-0.0886,0.0278,0.1451,0.0900,0.0062,0.1478,-0.1285,0.0404,0.0889,0.1290,-0.0019,0.0902,0.0338,0.0094,-0.1857,-0.1099,0.0083,-0.1855,0.0000,0.0017,0.0697,0.0493,0.0219,-0.0630,-0.0733,0.0100,-0.0682,0.0489,0.0307,-0.0856,-0.0795,0.0120,-0.0868,0.7795,0.0838,0.0479,-0.0092,0.1157,-0.3496,-0.0408,0.0550,0.0716,0.1286,-0.0418,-0.0277,-0.0145,-0.2429,0.0215,-0.0062,-0.0063,0.0433,0.0001,-0.0188,0.1298,0.0484
801,0.780488,0.0287,-0.2484,0.3165,0.3275,0.0366,-0.0717,0.1955,-0.1904,0.0014,-0.3355,-0.1397,0.1413,0.5907,0.3416,-0.2868,0.0168,-0.2334,0.2323,-0.0001,-0.2848,-0.0864,0.0367,0.0414,-0.0000,-0.0019,-0.0011,-0.0570,0.0221,0.0195,-0.0000,-0.0355,-0.0192,-0.0105,-0.0395,0.0058,0.0004,-0.0035,0.0165,0.5097,0.7375,0.0228,0.0731,0.2323,0.9928,-0.0000,0.1199,-0.1199,0.0012,0.9928,0.0612,0.0095,0.1474,-0.0886,0.0278,0.1451,-0.0886,0.0278,0.1451,0.0900,0.0060,0.1478,-0.1284,0.0406,0.0889,0.1290,-0.0021,0.0902,0.0339,0.0094,-0.1857,-0.1099,0.0083,-0.1855,0.0000,0.0017,0.0697,0.0493,0.0219,-0.0630,-0.0733,0.0100,-0.0682,0.0489,0.0306,-0.0856,-0.0795,0.0120,-0.0868,0.7805,0.0830,0.0476,-0.0137,0.1080,-0.3498,-0.0366,0.0530,0.0673,0.1194,-0.0382,-0.0286,-0.0069,-0.2281,0.0207,-0.0051,0.0084,0.0605,0.0039,-0.0215,0.1241,0.0345
802,0.781463,0.0292,-0.2480,0.3165,0.3274,0.0365,-0.0724,0.1958,-0.1901,0.0014,-0.3360,-0.1400,0.1412,0.5903,0.3417,-0.2868,0.0168,-0.2331,0.2366,0.0037,-0.2845,-0.0854,0.0353,0.0332,0.0000,-0.0103,-0.0087,-0.0522,0.0218,0.0214,0.0000,-0.0330,-0.0256,-0.0040,-0.0268,0.0069,0.0001,-0.0018,0.0253,0.3874,0.3257,0.0116,0.0413,0.2323,0.9927,-0.0000,0.1202,-0.1202,0.0013,0.9927,0.0612,0.0094,0.1474,-0.0886,0.0279,0.1451,-0.0886,0.0279,0.1451,0.0900,0.0058,0.1479,-0.1284,0.0407,0.0889,0.1289,-0.0022,0.0903,0.0340,0.0094,-0.1857,-0.1098,0.0083,-0.1856,-0.0000,0.0016,0.0697,0.0493,0.0218,-0.0630,-0.0733,0.0100,-0.0682,0.0489,0.0306,-0.0856,-0.0795,0.0121,-0.0868,0.7815,0.0830,0.0495,-0.0144,0.1129,-0.3548,-0.0340,0.0525,0.0689,0.1141,-0.0378,-0.0300,-0.0048,-0.2329,0.0209,-0.0085,0.0078,0.0547,0.0025,-0.0254,0.1290,0.0335
803,0.782439,0.0299,-0.2472,0.3165,0.3271,0.0363,-0.0732,0.1961,-0.1897,0.0014,-0.3366,-0.1404,0.1412,0.5897,0.3418,-0.2868,0.0168,-0.2327,0.2350,0.0039,-0.2843,-0.0846,0.0388,0.0423,0.0000,-0.0151,-0.0128,-0.0433,0.0185,0.0208,0.0000,-0.0319,-0.0249,-0.0007,-0.0284,0.0081,-0.0001,-0.0004,0.0237,-0.2582,-0.1272,0.0166,0.0401,0.2323,0.9927,0.0000,0.1208,-0.1208,0.0013,0.9927,0.0612,0.0092,0.1474,-0.0886,0.0279,0.1451,-0.0886,0.0279,0.1451,0.0900,0.0057,0.1479,-0.1284,0.0408,0.0889,0.1289,-0.0024,0.0903,0.0340,0.0094,-0.1857,-0.1098,0.0083,-0.1856,-0.0000,0.0016,0.0697,0.0494,0.0218,-0.0630,-0.0732,0.0100,-0.0682,0.0490,0.0306,-0.0856,-0.0795,0.0121,-0.0868,0.7824,0.0830,0.0502,-0.0128,0.1277,-0.3605,-0.0359,0.0547,0.0731,0.1147,-0.0369,-0.0314,-0.0106,-0.2510,0.0204,-0.0103,-0.0055,0.0355,-0.0044,-0.0230,0.1405,0.0428
804,0.783415,0.0306,-0.2462,0.3165,0.3270,0.0362,-0.0740,0.1965,-0.1893,0.0014,-0.3372,-0.1410,0.1412,0.5889,0.3419,-0.2868,0.0167,-0.2322,0.2231,0.0029,-0.2838,-0.0836,0.0371,0.0526,-0.0000,-0.0061,-0.0019,-0.0451,0.0211,0.0215,-0.0000,-0.0286,-0.0276,-0.0027,-0.0500,0.0055,-0.0002,-0.0049,0.0191,-0.1266,-1.0622,0.0269,0.0572,0.2323,0.9926,0.0000,0.1214,-0.1214,0.0014,0.9926,0.0612,0.0091,0.1474,-0.0886,0.0279,0.1451,-0.0886,0.0279,0.1451,0.0900,0.0055,0.1479,-0.1283,0.0409,0.0889,0.1289,-0.0025,0.0903,0.0341,0.0094,-0.1858,-0.1097,0.0083,-0.1856,-0.0000,0.0016,0.0697,0.0494,0.0218,-0.0630,-0.0732,0.0100,-0.0682,0.0490,0.0305,-0.0856,-0.0794,0.0121,-0.0868,0.7834,0.0647,0.0564,-0.0116,0.1270,-0.3645,-0.0295,0.0589,0.0754,0.0792,-0.0323,-0.0305,-0.0157,-0.2460,0.0186,-0.0116,-0.0134,0.0201,-0.0003,-0.0322,0.1341,0.0142
805,0.784390,0.0311,-0.2456,0.3165,0.3268,0.0361,-0.0746,0.1967,-0.1891,0.0014,-0.3375,-0.1413,0.1411,0.5883,0.3420,-0.2868,0.0166,-0.2320,0.2216,-0.0034,-0.2835,-0.0831,0.0349,0.0464,0.0000,-0.0164,-0.0074,-0.0357,0.0207,0.0207,0.0000,-0.0210,-0.0279,-0.0016,-0.0406,0.0056,-0.0002,-0.0106,0.0083,-1.7731,-1.5670,0.0182,0.0198,0.2323,0.9925,0.0000,0.1219,-0.1219,0.0015,0.9925,0.0612,0.0090,0.1475,-0.0886,0.0279,0.1451,-0.0886,0.0279,0.1451,0.0899,0.0053,0.1479,-0.1283,0.0410,0.0889,0.1289,-0.0027,0.0903,0.0342,0.0094,-0.1858,-0.1097,0.0083,-0.1856,-0.0000,0.0015,0.0697,0.0494,0.0217,-0.0630,-0.0732,0.0101,-0.0682,0.0490,0.0305,-0.0857,-0.0794,0.0121,-0.0868,0.7844,0.0524,0.0444,0.0077,0.1157,-0.3404,-0.0327,0.0655,0.0801,0.0903,-0.0232,-0.0198,-0.0518,-0.2897,0.0147,-0.0097,-0.0332,-0.0631,-0.0172,-0.0250,0.1304,0.0513
806,0.785366,0.0317,-0.2448,0.3165,0.3267,0.0361,-0.0752,0.1971,-0.1888,0.0014,-0.3377,-0.1416,0.1407,0.5872,0.3420,-0.2868,0.0165,-0.2321,0.2240,-0.0060,-0.2832,-0.0821,0.0351,0.0533,0.0000,-0.0104,-0.0011,-0.0390,0.0292,0.0180,0.0000,-0.0065,-0.0077,-0.0533,-0.0841,0.0015,-0.0000,-0.0107,-0.0226,-0.0820,-0.3057,0.0193,0.0762,0.2324,0.9925,0.0000,0.1219,-0.1219,0.0016,0.9925,0.0611,0.0089,0.1475,-0.0887,0.0280,0.1450,-0.0887,0.0280,0.1450,0.0899,0.0053,0.1480,-0.1283,0.0411,0.0889,0.1289,-0.0027,0.0904,0.0342,0.0094,-0.1858,-0.1096,0.0083,-0.1856,-0.0001,0.0015,0.0697,0.0494,0.0217,-0.0630,-0.0732,0.0100,-0.0682,0.0490,0.0304,-0.0857,-0.0794,0.0120,-0.0868,0.7854,0.0855,0.0515,-0.0165,0.1300,-0.3689,-0.0347,0.0531,0.0709,0.1005,-0.0340,-0.0347,-0.0071,-0.2473,0.0207,-0.0104,-0.0082,0.0397,0.0036,-0.0226,0.1397,0.0335
807,0.786341,0.0322,-0.2440,0.3165,0.3265,0.0360,-0.0760,0.1976,-0.1885,0.0014,-0.3381,-0.1421,0.1401,0.5860,0.3421,-0.2868,0.0162,-0.2321,0.2237,-0.0061,-0.2829,-0.0812,0.0394,0.0512,0.0001,-0.0065,-0.0027,-0.0421,0.0181,0.0122,-0.0000,-0.0223,-0.0280,-0.0101,-0.0496,0.0052,0.0003,-0.0123,0.0272,-0.7558,1.3925,0.0201,0.0432,0.2324,0.9926,-0.0000,0.1218,-0.1218,0.0019,0.9926,0.0611,0.0089,0.1475,-0.0887,0.0280,0.1450,-0.0887,0.0280,0.1450,0.0899,0.0052,0.1480,-0.1283,0.0412,0.0888,0.1289,-0.0028,0.0904,0.0343,0.0093,-0.1859,-0.1096,0.0083,-0.1857,-0.0000,0.0015,0.0697,0.0494,0.0216,-0.0630,-0.0732,0.0100,-0.0682,0.0491,0.0303,-0.0857,-0.0793,0.0120,-0.0869,0.7863,0.0869,0.0435,-0.0077,0.1184,-0.3478,-0.0418,0.0541,0.0710,0.1367,-0.0373,-0.0252,-0.0230,-0.2507,0.0213,-0.0063,-0.0175,0.0279,0.0036,-0.0057,0.1304,0.0556
808,0.787317,0.0331,-0.2430,0.3165,0.3263,0.0359,-0.0769,0.1980,-0.1882,0.0014,-0.3387,-0.1425,0.1398,0.5852,0.3422,-0.2868,0.0160,-0.2316,0.2129,-0.0039,-0.2826,-0.0801,0.0484,0.0478,0.0000,-0.0077,-0.0084,-0.0554,0.0255,0.0174,-0.0000,-0.0333,-0.0148,-0.0266,-0.0457,0.0084,-0.0000,-0.0119,0.0185,-0.7502,-0.0973,0.0102,0.0719,0.2324,0.9925,-0.0000,0.1220,-0.1220,0.0020,0.9925,0.0611,0.0088,0.1475,-0.0887,0.0281,0.1450,-0.0887,0.0281,0.1450,0.0898,0.0051,0.1480,-0.1283,0.0414,0.0888,0.1289,-0.0029,0.0905,0.0344,0.0092,-0.1859,-0.1095,0.0082,-0.1857,-0.0001,0.0015,0.0697,0.0495,0.0216,-0.0630,-0.0731,0.0100,-0.0683,0.0491,0.0303,-0.0857,-0.0793,0.0120,-0.0869,0.7873,0.0920,0.0491,-0.0137,0.1383,-0.3686,-0.0389,0.0556,0.0735,0.1148,-0.0325,-0.0346,-0.0153,-0.2593,0.0188,-0.0098,-0.0268,0.0175,0.0008,-0.0187,0.1513,0.0503
809,0.788293,0.0337,-0.2423,0.3165,0.3262,0.0359,-0.0777,0.1984,-0.1879,0.0014,-0.3390,-0.1429,0.1396,0.5845,0.3423,-0.2868,0.0157,-0.2314,0.2123,-0.0043,-0.2822,-0.0792,0.0500,0.0665,-0.0000,-0.0110,-0.0037,-0.0559,0.0284,0.0204,-0.0000,-0.0216,-0.0387,-0.0085,-0.0588,0.0054,0.0001,-0.0309,0.0085,0.0634,0.2332,0.0377,0.0631,0.2325,0.9925,-0.0000,0.1220,-0.1220,0.0022,0.9925,0.0610,0.0087,0.1476,-0.0887,0.0282,0.1450,-0.0887,0.0282,0.1450,0.0898,0.0050,0.1481,-0.1283,0.0416,0.0888,0.1288,-0.0030,0.0905,0.0345,0.0092,-0.1859,-0.1094,0.0081,-0.1857,-0.0001,0.0015,0.0697,0.0495,0.0215,-0.0631,-0.0731,0.0100,-0.0683,0.0491,0.0302,-0.0857,-0.0793,0.0119,-0.0869,0.7883,0.0958,0.0511,-0.0196,0.1270,-0.3669,-0.0365,0.0520,0.0678,0.1089,-0.0342,-0.0363,-0.0018,-0.2368,0.0204,-0.0087,-0.0103,0.0517,0.0111,-0.0240,0.1409,0.0374
810,0.789268,0.0346,-0.2413,0.3165,0.3261,0.0358,-0.0786,0.1988,-0.1876,0.0014,-0.3395,-0.1436,0.1395,0.5836,0.3424,-0.2868,0.0153,-0.2312,0.2062,0.0032,-0.2819,-0.0784,0.0472,0.0507,-0.0000,-0.0085,-0.0046,-0.0514,0.0252,0.0210,-0.0000,-0.0247,-0.0356,-0.0017,-0.0371,0.0036,-0.0002,-0.0200,0.0212,0.3771,-0.2350,0.0156,0.0410,0.2325,0.9925,-0.0000,0.1222,-0.1222,0.0024,0.9925,0.0610,0.0086,0.1476,-0.0887,0.0283,0.1449,-0.0887,0.0283,0.1449,0.0897,0.0049,0.1481,-0.1282,0.0417,0.0887,0.1288,-0.0032,0.0905,0.0345,0.0091,-0.1859,-0.1094,0.0080,-0.1858,-0.0001,0.0015,0.0697,0.0495,0.0214,-0.0631,-0.0731,0.0099,-0.0683,0.0491,0.0301,-0.0857,-0.0793,0.0119,-0.0869,0.7893,0.0871,0.0531,-0.0213,0.1250,-0.3684,-0.0305,0.0536,0.0685,0.0911,-0.0320,-0.0376,-0.0016,-0.2304,0.0183,-0.0103,-0.0080,0.0482,0.0163,-0.0338,0.1386,0.0222
811,0.790244,0.0353,-0.2404,0.3165,0.3259,0.0357,-0.0794,0.1992,-0.1872,0.0014,-0.3399,-0.1443,0.1395,0.5830,0.3425,-0.2868,0.0149,-0.2309,0.2196,0.0011,-0.2816,-0.0779,0.0408,0.0481,0.0000,-0.0143,-0.0076,-0.0389,0.0198,0.0170,0.0000,-0.0225,-0.0396,-0.0003,-0.0332,0.0051,0.0001,-0.0198,0.0110,0.8250,0.5710,0.0178,0.0221,0.2325,0.9925,0.0000,0.1223,-0.1223,0.0025,0.9925,0.0610,0.0086,0.1476,-0.0887,0.0283,0.1449,-0.0887,0.0283,0.1449,0.0897,0.0048,0.1481,-0.1282,0.0418,0.0887,0.1288,-0.0033,0.0906,0.0346,0.0090,-0.1859,-0.1093,0.0079,-0.1858,-0.0001,0.0015,0.0697,0.0495,0.0214,-0.0631,-0.0731,0.0099,-0.0683,0.0492,0.0300,-0.0858,-0.0792,0.0118,-0.0870,0.7902,0.0915,0.0429,-0.0190,0.1108,-0.3573,-0.0340,0.0516,0.0651,0.1159,-0.0349,-0.0331,-0.0022,-0.2257,0.0201,-0.0065,0.0061,0.0571,0.0152,-0.0272,0.1291,0.0339
812,0.791220,0.0361,-0.2396,0.3165,0.3255,0.0354,-0.0801,0.1996,-0.1869,0.0014,-0.3403,-0.1447,0.1394,0.5826,0.3425,-0.2868,0.0147,-0.2307,0.2175,0.0041,-0.2814,-0.0775,0.0376,0.0343,0.0000,-0.0235,-0.0195,-0.0394,0.0222,0.0223,-0.0000,-0.0321,-0.0329,-0.0118,-0.0342,0.0033,0.0003,-0.0101,0.0188,1.3183,1.6283,0.0102,0.0444,0.2325,0.9925,-0.0000,0.1225,-0.1225,0.0025,0.9925,0.0610,0.0085,0.1476,-0.0887,0.0284,0.1449,-0.0887,0.0284,0.1449,0.0897,0.0047,0.1481,-0.1282,0.0420,0.0887,0.1288,-0.0034,0.0906,0.0347,0.0089,-0.1860,-0.1093,0.0079,-0.1858,-0.0001,0.0015,0.0697,0.0495,0.0213,-0.0631,-0.0730,0.0099,-0.0683,0.0492,0.0300,-0.0858,-0.0792,0.0118,-0.0870,0.7912,0.0784,0.0348,-0.0142,0.0897,-0.3332,-0.0360,0.0575,0.0641,0.1264,-0.0361,-0.0196,-0.0183,-0.2081,0.0173,0.0026,0.0183,0.0558,0.0182,-0.0248,0.1103,0.0269
813,0.792195,0.0365,-0.2392,0.3165,0.3253,0.0353,-0.0806,0.1999,-0.1866,0.0014,-0.3408,-0.1452,0.1392,0.5821,0.3426,-0.2868,0.0146,-0.2305,0.2191,0.0109,-0.2812,-0.0770,0.0414,0.0168,0.0000,-0.0171,-0.0090,-0.0444,0.0267,0.0196,0.0000,-0.0345,-0.0132,-0.0369,-0.0177,0.0020,0.0003,0.0057,0.0109,-0.4856,1.8080,0.0001,0.0140,0.2326,0.9925,0.0000,0.1225,-0.1225,0.0025,0.9925,0.0610,0.0084,0.1476,-0.0887,0.0285,0.1449,-0.0887,0.0285,0.1449,0.0897,0.0046,0.1481,-0.1282,0.0421,0.0887,0.1288,-0.0035,0.0906,0.0347,0.0089,-0.1860,-0.1092,0.0078,-0.1858,-0.0001,0.0015,0.0697,0.0495,0.0213,-0.0631,-0.0730,0.0098,-0.0683,0.0492,0.0299,-0.0858,-0.0792,0.0118,-0.0870,0.7922,0.0906,0.0405,-0.0111,0.1118,-0.3445,-0.0389,0.0539,0.0680,0.1394,-0.0381,-0.0224,-0.0267,-0.2432,0.0184,-0.0052,-0.0115,0.0322,0.0137,-0.0168,0.1280,0.0516
814,0.793171,0.0373,-0.2386,0.3165,0.3250,0.0351,-0.0815,0.2004,-0.1862,0.0014,-0.3413,-0.1454,0.1386,0.5814,0.3427,-0.2868,0.0144,-0.2303,0.2148,0.0050,-0.2810,-0.0761,0.0400,0.0425,-0.0000,-0.0111,-0.0072,-0.0543,0.0262,0.0163,-0.0000,-0.0307,-0.0123,-0.0317,-0.0500,0.0031,0.0002,-0.0142,0.0035,0.8378,0.5587,0.0123,0.0571,0.2326,0.9925,-0.0000,0.1226,-0.1226,0.0026,0.9925,0.0610,0.0084,0.1476,-0.0887,0.0285,0.1449,-0.0887,0.0285,0.1449,0.0897,0.0045,0.1481,-0.1281,0.0422,0.0887,0.1288,-0.0036,0.0906,0.0348,0.0088,-0.1860,-0.1092,0.0078,-0.1859,-0.0001,0.0015,0.0697,0.0496,0.0213,-0.0631,-0.0730,0.0098,-0.0684,0.0492,0.0299,-0.0858,-0.0792,0.0117,-0.0870,0.7932,0.0965,0.0428,-0.0211,0.1129,-0.3602,-0.0339,0.0511,0.0646,0.1171,-0.0354,-0.0349,-0.0011,-0.2264,0.0194,-0.0077,0.0051,0.0581,0.0187,-0.0308,0.1331,0.0344
815,0.794146,0.0380,-0.2380,0.3165,0.3247,0.0349,-0.0823,0.2008,-0.1859,0.0014,-0.3418,-0.1458,0.1382,0.5808,0.3427,-0.2868,0.0142,-0.2302,0.2195,0.0076,-0.2808,-0.0754,0.0410,0.0380,0.0000,-0.0260,-0.0197,-0.0442,0.0238,0.0221,0.0000,-0.0281,-0.0375,-0.0109,-0.0278,0.0060,-0.0001,-0.0132,0.0134,-0.3657,-0.3910,0.0179,0.0323,0.2326,0.9924,-0.0000,0.1227,-0.1227,0.0026,0.9924,0.0609,0.0083,0.1476,-0.0887,0.0286,0.1448,-0.0887,0.0286,0.1448,0.0897,0.0044,0.1482,-0.1281,0.0424,0.0887,0.1288,-0.0037,0.0907,0.0349,0.0088,-0.1860,-0.1091,0.0077,-0.1859,-0.0001,0.0015,0.0697,0.0496,0.0212,-0.0631,-0.0730,0.0098,-0.0684,0.0493,0.0298,-0.0858,-0.0791,0.0117,-0.0870,0.7941,0.0978,0.0523,-0.0213,0.1395,-0.3807,-0.0357,0.0524,0.0710,0.0948,-0.0332,-0.0365,-0.0068,-0.2498,0.0172,-0.0112,-0.0154,0.0389,0.0048,-0.0262,0.1515,0.0374
816,0.795122,0.0389,-0.2369,0.3165,0.3243,0.0346,-0.0831,0.2013,-0.1855,0.0014,-0.3423,-0.1465,0.1381,0.5799,0.3428,-0.2868,0.0138,-0.2300,0.2095,-0.0029,-0.2803,-0.0746,0.0491,0.0728,-0.0000,-0.0190,-0.0115,-0.0462,0.0212,0.0189,-0.0000,-0.0226,-0.0366,-0.0017,-0.0591,0.0028,0.0001,-0.0268,0.0109,-0.1941,-0.1686,0.0323,0.0485,0.2326,0.9924,-0.0000,0.1231,-0.1231,0.0027,0.9924,0.0609,0.0082,0.1476,-0.0886,0.0287,0.1448,-0.0886,0.0287,0.1448,0.0897,0.0042,0.1482,-0.1281,0.0425,0.0887,0.1288,-0.0038,0.0907,0.0350,0.0087,-0.1861,-0.1090,0.0077,-0.1859,-0.0001,0.0014,0.0697,0.0496,0.0212,-0.0631,-0.0730,0.0098,-0.0684,0.0493,0.0297,-0.0858,-0.0791,0.0117,-0.0870,0.7951,0.1047,0.0523,-0.0238,0.1388,-0.3825,-0.0369,0.0509,0.0689,0.0991,-0.0334,-0.0385,-0.0026,-0.2429,0.0183,-0.0108,-0.0133,0.0518,0.0114,-0.0237,0.1509,0.0361
817,0.796098,0.0397,-0.2357,0.3165,0.3239,0.0343,-0.0839,0.2017,-0.1852,0.0014,-0.3427,-0.1472,0.1381,0.5791,0.3429,-0.2868,0.0134,-0.2298,0.2050,-0.0089,-0.2798,-0.0739,0.0562,0.0686,-0.0000,-0.0265,-0.0193,-0.0477,0.0243,0.0226,-0.0000,-0.0248,-0.0423,-0.0029,-0.0472,0.0039,0.0000,-0.0258,0.0166,-0.4999,-0.5358,0.0298,0.0445,0.2327,0.9923,-0.0000,0.1235,-0.1235,0.0027,0.9923,0.0609,0.0081,0.1477,-0.0886,0.0287,0.1448,-0.0886,0.0287,0.1448,0.0896,0.0041,0.1482,-0.1280,0.0426,0.0887,0.1288,-0.0039,0.0907,0.0350,0.0087,-0.1861,-0.1089,0.0076,-0.1860,-0.0001,0.0014,0.0697,0.0496,0.0211,-0.0632,-0.0729,0.0097,-0.0684,0.0493,0.0297,-0.0859,-0.0790,0.0117,-0.0871,0.7961,0.1034,0.0550,-0.0227,0.1438,-0.3900,-0.0378,0.0527,0.0715,0.0924,-0.0331,-0.0377,-0.0073,-0.2482,0.0178,-0.0119,-0.0186,0.0453,0.0108,-0.0191,0.1538,0.0334
818,0.797073,0.0408,-0.2344,0.3165,0.3234,0.0340,-0.0848,0.2021,-0.1847,0.0014,-0.3431,-0.1479,0.1381,0.5782,0.3429,-0.2868,0.0129,-0.2295,0.2031,-0.0102,-0.2792,-0.0731,0.0558,0.0741,-0.0000,-0.0272,-0.0193,-0.0505,0.0231,0.0219,-0.0000,-0.0227,-0.0374,-0.0017,-0.0540,0.0035,0.0001,-0.0277,0.0149,-0.0486,0.0293,0.0293,0.0426,0.2327,0.9923,-0.0000,0.1240,-0.1240,0.0028,0.9923,0.0609,0.0079,0.1477,-0.0886,0.0287,0.1448,-0.0886,0.0287,0.1448,0.0896,0.0039,0.1482,-0.1280,0.0427,0.0887,0.1288,-0.0041,0.0907,0.0352,0.0086,-0.1861,-0.1088,0.0075,-0.1860,-0.0001,0.0014,0.0697,0.0497,0.0210,-0.0632,-0.0729,0.0097,-0.0684,0.0494,0.0296,-0.0859,-0.0790,0.0116,-0.0871,0.7971,0.1108,0.0491,-0.0253,0.1397,-0.3825,-0.0379,0.0493,0.0666,0.1058,-0.0330,-0.0401,0.0003,-0.2405,0.0184,-0.0106,-0.0128,0.0562,0.0155,-0.0222,0.1523,0.0398
819,0.798049,0.0415,-0.2335,0.3165,0.3231,0.0337,-0.0854,0.2024,-0.1845,0.0014,-0.3434,-0.1484,0.1381,0.5775,0.3430,-0.2868,0.0125,-0.2293,0.1985,-0.0129,-0.2789,-0.0725,0.0610,0.0720,0.0000,-0.0331,-0.0273,-0.0475,0.0255,0.0263,0.0000,-0.0279,-0.0520,-0.0005,-0.0433,0.0048,-0.0002,-0.0266,0.0171,-2.0261,-1.1739,0.0330,0.0546,0.2327,0.9922,0.0000,0.1244,-0.1244,0.0028,0.9922,0.0609,0.0078,0.1477,-0.0886,0.0287,0.1448,-0.0886,0.0287,0.1448,0.0896,0.0038,0.1483,-0.1280,0.0428,0.0887,0.1287,-0.0042,0.0908,0.0352,0.0085,-0.1862,-0.1088,0.0075,-0.1860,-0.0001,0.0013,0.0697,0.0497,0.0210,-0.0632,-0.0729,0.0097,-0.0684,0.0494,0.0295,-0.0859,-0.0790,0.0116,-0.0871,0.7980,0.0958,0.0268,-0.0018,0.1140,-0.3680,-0.0403,0.0613,0.0758,0.1055,-0.0182,-0.0286,-0.0371,-0.3159,0.0140,-0.0116,-0.0292,-0.0604,-0.0099,-0.0093,0.1529,0.0822
820,0.799024,0.0426,-0.2321,0.3165,0.3226,0.0334,-0.0864,0.2030,-0.1840,0.0014,-0.3437,-0.1490,0.1375,0.5762,0.3430,-0.2868,0.0122,-0.2292,0.1940,-0.0210,-0.2782,-0.0710,0.0508,0.0777,0.0000,-0.0307,-0.0159,-0.0541,0.0396,0.0315,0.0000,-0.0062,-0.0178,-0.0591,-0.1104,0.0008,0.0000,-0.0179,-0.0209,-0.3433,-0.4215,0.0426,0.1040,0.2328,0.9922,-0.0000,0.1247,-0.1247,0.0030,0.9922,0.0609,0.0077,0.1477,-0.0886,0.0288,0.1448,-0.0886,0.0288,0.1448,0.0896,0.0036,0.1483,-0.1279,0.0430,0.0886,0.1287,-0.0043,0.0908,0.0354,0.0085,-0.1862,-0.1087,0.0074,-0.1861,-0.0001,0.0013,0.0697,0.0497,0.0209,-0.0632,-0.0728,0.0097,-0.0685,0.0494,0.0294,-0.0859,-0.0789,0.0116,-0.0871,0.7990,0.1136,0.0530,-0.0270,0.1454,-0.3986,-0.0394,0.0506,0.0687,0.0957,-0.0333,-0.0405,-0.0035,-0.2455,0.0182,-0.0127,-0.0159,0.0560,0.0187,-0.0155,0.1555,0.0335
821,0.800000,0.0435,-0.2309,0.3165,0.3220,0.0330,-0.0874,0.2036,-0.1835,0.0014,-0.3442,-0.1497,0.1370,0.5747,0.3431,-0.2868,0.0117,-0.2292,0.1883,-0.0189,-0.2777,-0.0700,0.0598,0.0716,-0.0001,-0.0245,-0.0174,-0.0563,0.0247,0.0193,-0.0000,-0.0216,-0.0384,-0.0096,-0.0562,0.0024,0.0001,-0.0282,0.0280,1.0811,0.2931,0.0203,0.0392,0.2328,0.9922,-0.0000,0.1248,-0.1248,0.0031,0.9922,0.0608,0.0076,0.1477,-0.0886,0.0289,0.1448,-0.0886,0.0289,0.1448,0.0895,0.0035,0.1483,-0.1279,0.0431,0.0886,0.1287,-0.0044,0.0908,0.0355,0.0084,-0.1863,-0.1085,0.0074,-0.1861,-0.0001,0.0013,0.0697,0.0498,0.0208,-0.0632,-0.0728,0.0096,-0.0685,0.0495,0.0293,-0.0860,-0.0789,0.0115,-0.0872,0.8000,0.1056,0.0411,-0.0262,0.1240,-0.3692,-0.0317,0.0490,0.0616,0.1180,-0.0324,-0.0394,0.0035,-0.2187,0.0192,-0.0099,0.0032,0.0659,0.0313,-0.0271,0.1393,0.0260
822,0.800976,0.0443,-0.2300,0.3165,0.3215,0.0327,-0.0881,0.2039,-0.1832,0.0014,-0.3445,-0.1503,0.1369,0.5742,0.3431,-0.2868,0.0114,-0.2288,0.1894,-0.0125,-0.2775,-0.0695,0.0485,0.0418,-0.0002,-0.0240,-0.0193,-0.0430,0.0231,0.0225,0.0000,-0.0235,-0.0426,-0.0020,-0.0207,0.0018,-0.0000,-0.0130,0.0264,0.6532,0.3933,0.0095,0.0213,0.2329,0.9921,0.0000,0.1251,-0.1251,0.0031,0.9921,0.0608,0.0075,0.1478,-0.0886,0.0289,0.1448,-0.0886,0.0289,0.1448,0.0895,0.0034,0.1483,-0.1279,0.0433,0.0886,0.1287,-0.0046,0.0909,0.0356,0.0083,-0.1863,-0.1084,0.0073,-0.1861,-0.0002,0.0013,0.0697,0.0498,0.0208,-0.0632,-0.0727,0.0096,-0.0685,0.0495,0.0293,-0.0860,-0.0788,0.0115,-0.0872,0.8010,0.1131,0.0414,-0.0269,0.1315,-0.3748,-0.0340,0.0477,0.0613,0.1229,-0.0336,-0.0407,0.0037,-0.2282,0.0189,-0.0109,-0.0067,0.0603,0.0288,-0.0281,0.1478,0.0397
823,0.801951,0.0453,-0.2289,0.3165,0.3211,0.0323,-0.0889,0.2043,-0.1828,0.0014,-0.3450,-0.1511,0.1369,0.5736,0.3432,-0.2868,0.0110,-0.2283,0.1972,-0.0148,-0.2771,-0.0688,0.0581,0.0645,-0.0014,-0.0296,-0.0253,-0.0410,0.0212,0.0216,0.0000,-0.0253,-0.0419,-0.0003,-0.0330,0.0057,-0.0001,-0.0238,0.0177,0.0240,-0.2395,0.0247,0.0435,0.2329,0.9921,0.0000,0.1255,-0.1255,0.0032,0.9921,0.0608,0.0074,0.1478,-0.0886,0.0289,0.1448,-0.0886,0.0289,0.1448,0.0895,0.0032,0.1483,-0.1278,0.0433,0.0886,0.1287,-0.0047,0.0909,0.0357,0.0082,-0.1863,-0.1083,0.0072,-0.1862,-0.0001,0.0013,0.0697,0.0498,0.0207,-0.0633,-0.0727,0.0096,-0.0685,0.0496,0.0292,-0.0860,-0.0788,0.0114,-0.0872,0.8020,0.1167,0.0489,-0.0289,0.1446,-0.3931,-0.0377,0.0480,0.0656,0.0992,-0.0331,-0.0418,0.0015,-0.2387,0.0175,-0.0124,-0.0116,0.0615,0.0206,-0.0215,0.1555,0.0348
824,0.802927,0.0464,-0.2276,0.3164,0.3206,0.0319,-0.0897,0.2047,-0.1824,0.0014,-0.3454,-0.1520,0.1369,0.5731,0.3432,-0.2868,0.0107,-0.2281,0.2020,-0.0184,-0.2768,-0.0683,0.0610,0.0773,-0.0040,-0.0262,-0.0197,-0.0485,0.0202,0.0195,0.0000,-0.0244,-0.0405,-0.0001,-0.0593,0.0021,-0.0002,-0.0293,0.0241,1.9047,-0.9956,0.0320,0.0469,0.2329,0.9920,0.0000,0.1261,-0.1261,0.0032,0.9920,0.0608,0.0072,0.1478,-0.0886,0.0289,0.1447,-0.0886,0.0289,0.1447,0.0895,0.0031,0.1484,-0.1278,0.0434,0.0886,0.1287,-0.0048,0.0909,0.0358,0.0082,-0.1863,-0.1083,0.0071,-0.1862,-0.0001,0.0012,0.0697,0.0498,0.0207,-0.0633,-0.0727,0.0096,-0.0685,0.0496,0.0291,-0.0860,-0.0787,0.0114,-0.0872,0.8029,0.0695,0.0352,-0.0215,0.1177,-0.3491,-0.0170,0.0513,0.0609,0.1177,-0.0236,-0.0335,-0.0123,-0.2075,0.0131,-0.0110,0.0169,0.0291,0.0275,-0.0398,0.1295,-0.0038
825,0.803902,0.0470,-0.2269,0.3164,0.3203,0.0317,-0.0902,0.2050,-0.1821,0.0014,-0.3456,-0.1524,0.1369,0.5724,0.3433,-0.2868,0.0103,-0.2279,0.2117,-0.0269,-0.2764,-0.0679,0.0231,0.0261,-0.0018,-0.0232,-0.0129,-0.0211,0.0118,0.0153,0.0000,-0.0084,-0.0274,-0.0018,-0.0178,0.0013,0.0000,-0.0033,-0.0006,-0.0777,-0.5321,0.0046,-0.0180,0.2329,0.9920,-0.0000,0.1264,-0.1264,0.0032,0.9920,0.0608,0.0071,0.1478,-0.0886,0.0289,0.1448,-0.0886,0.0289,0.1448,0.0895,0.0030,0.1484,-0.1278,0.0435,0.0886,0.1287,-0.0049,0.0909,0.0358,0.0081,-0.1864,-0.1082,0.0071,-0.1862,-0.0002,0.0012,0.0697,0.0498,0.0206,-0.0633,-0.0726,0.0096,-0.0685,0.0496,0.0291,-0.0860,-0.0787,0.0114,-0.0872,0.8039,0.1182,0.0437,-0.0279,0.1494,-0.4043,-0.0383,0.0464,0.0664,0.1018,-0.0318,-0.0424,0.0021,-0.2526,0.0184,-0.0125,-0.0112,0.0527,0.0121,-0.0125,0.1586,0.0386
826,0.804878,0.0479,-0.2256,0.3164,0.3198,0.0314,-0.0907,0.2053,-0.1817,0.0014,-0.3460,-0.1533,0.1368,0.5714,0.3433,-0.2868,0.0099,-0.2276,0.2129,-0.0281,-0.2758,-0.0670,0.0663,0.0935,-0.0040,-0.0310,-0.0241,-0.0428,0.0213,0.0209,-0.0000,-0.0259,-0.0484,-0.0028,-0.0674,0.0036,0.0001,-0.0314,0.0204,-0.8855,0.0317,0.0437,0.0656,0.2330,0.9919,0.0000,0.1269,-0.1269,0.0033,0.9919,0.0608,0.0070,0.1478,-0.0886,0.0289,0.1448,-0.0886,0.0289,0.1448,0.0895,0.0028,0.1484,-0.1278,0.0436,0.0886,0.1287,-0.0050,0.0909,0.0360,0.0081,-0.1864,-0.1081,0.0070,-0.1863,-0.0002,0.0012,0.0697,0.0499,0.0206,-0.0633,-0.0726,0.0095,-0.0686,0.0497,0.0290,-0.0861,-0.0786,0.0114,-0.0872,0.8049,0.1384,0.0351,-0.0258,0.1389,-0.4126,-0.0479,0.0511,0.0732,0.1450,-0.0309,-0.0417,-0.0039,-0.2849,0.0192,-0.0116,-0.0057,0.0429,0.0037,0.0088,0.1686,0.0708
827,0.805854,0.0489,-0.2245,0.3163,0.3193,0.0310,-0.0915,0.2057,-0.1813,0.0014,-0.3463,-0.1539,0.1365,0.5704,0.3433,-0.2868,0.0097,-0.2273,0.2120,-0.0305,-0.2752,-0.0659,0.0780,0.0961,-0.0019,-0.0390,-0.0288,-0.0635,0.0379,0.0360,-0.0000,-0.0194,-0.0478,-0.0280,-0.0883,0.0013,0.0001,-0.0188,0.0283,-0.2085,0.2196,0.0506,0.0989,0.2330,0.9919,-0.0000,0.1273,-0.1273,0.0033,0.9919,0.0607,0.0069,0.1478,-0.0886,0.0290,0.1448,-0.0886,0.0290,0.1448,0.0894,0.0026,0.1484,-0.1277,0.0437,0.0886,0.1286,-0.0051,0.0910,0.0361,0.0080,-0.1864,-0.1080,0.0070,-0.1863,-0.0002,0.0011,0.0697,0.0499,0.0205,-0.0633,-0.0726,0.0095,-0.0686,0.0497,0.0289,-0.0861,-0.0786,0.0113,-0.0873,0.8059,0.1385,0.0369,-0.0295,0.1408,-0.4032,-0.0453,0.0460,0.0655,0.1394,-0.0336,-0.0424,0.0036,-0.2608,0.0196,-0.0115,-0.0011,0.0641,0.0132,-0.0033,0.1614,0.0599
828,0.806829,0.0501,-0.2229,0.3163,0.3186,0.0305,-0.0927,0.2063,-0.1807,0.0014,-0.3467,-0.1548,0.1363,0.5692,0.3434,-0.2868,0.0093,-0.2268,0.2004,-0.0295,-0.2746,-0.0646,0.0698,0.0825,-0.0042,-0.0367,-0.0308,-0.0699,0.0309,0.0332,-0.0000,-0.0237,-0.0454,-0.0056,-0.0605,0.0048,-0.0002,-0.0213,0.0316,-0.3203,-0.9697,0.0268,0.0656,0.2331,0.9918,-0.0000,0.1280,-0.1280,0.0033,0.9918,0.0607,0.0067,0.1479,-0.0886,0.0290,0.1447,-0.0886,0.0290,0.1447,0.0894,0.0024,0.1485,-0.1277,0.0439,0.0886,0.1286,-0.0053,0.0910,0.0362,0.0079,-0.1865,-0.1079,0.0069,-0.1863,-0.0002,0.0011,0.0697,0.0499,0.0205,-0.0633,-0.0725,0.0095,-0.0686,0.0497,0.0288,-0.0861,-0.0786,0.0113,-0.0873,0.8068,0.1204,0.0455,-0.0275,0.1448,-0.4157,-0.0393,0.0515,0.0706,0.1049,-0.0311,-0.0413,-0.0040,-0.2614,0.0172,-0.0137,-0.0122,0.0475,0.0153,-0.0091,0.1618,0.0330
829,0.807805,0.0514,-0.2213,0.3162,0.3179,0.0299,-0.0939,0.2069,-0.1802,0.0014,-0.3471,-0.1556,0.1362,0.5680,0.3435,-0.2868,0.0088,-0.2263,0.2067,-0.0317,-0.2739,-0.0637,0.0617,0.0810,-0.0042,-0.0443,-0.0333,-0.0564,0.0270,0.0301,0.0000,-0.0196,-0.0417,-0.0027,-0.0619,0.0018,-0.0001,-0.0257,0.0220,-0.0573,-0.3239,0.0308,0.0398,0.2331,0.9917,0.0000,0.1287,-0.1287,0.0033,0.9917,0.0607,0.0065,0.1479,-0.0886,0.0290,0.1447,-0.0886,0.0290,0.1447,0.0894,0.0022,0.1485,-0.1276,0.0440,0.0886,0.1286,-0.0055,0.0910,0.0364,0.0079,-0.1865,-0.1077,0.0069,-0.1864,-0.0002,0.0010,0.0697,0.0500,0.0204,-0.0634,-0.0725,0.0095,-0.0686,0.0498,0.0287,-0.0861,-0.0785,0.0113,-0.0873,0.8078,0.1340,0.0381,-0.0316,0.1441,-0.4118,-0.0416,0.0464,0.0659,0.1247,-0.0318,-0.0439,0.0036,-0.2612,0.0185,-0.0131,-0.0040,0.0577,0.0168,-0.0063,0.1626,0.0501
830,0.808780,0.0523,-0.2201,0.3161,0.3172,0.0294,-0.0947,0.2073,-0.1797,0.0014,-0.3474,-0.1563,0.1362,0.5670,0.3435,-0.2868,0.0085,-0.2259,0.2065,-0.0337,-0.2735,-0.0629,0.0663,0.0887,-0.0086,-0.0404,-0.0336,-0.0573,0.0257,0.0293,-0.0000,-0.0218,-0.0503,-0.0057,-0.0699,0.0004,0.0001,-0.0220,0.0320,-0.0757,0.5457,0.0317,0.0648,0.2332,0.9916,-0.0000,0.1293,-0.1293,0.0033,0.9916,0.0607,0.0063,0.1479,-0.0886,0.0290,0.1447,-0.0886,0.0290,0.1447,0.0893,0.0020,0.1485,-0.1276,0.0441,0.0886,0.1286,-0.0057,0.0911,0.0365,0.0078,-0.1866,-0.1076,0.0068,-0.1864,-0.0002,0.0010,0.0697,0.0500,0.0203,-0.0634,-0.0724,0.0095,-0.0686,0.0499,0.0287,-0.0862,-0.0784,0.0113,-0.0873,0.8088,0.1443,0.0280,-0.0292,0.1342,-0.3982,-0.0448,0.0456,0.0628,0.1688,-0.0326,-0.0414,0.0025,-0.2679,0.0190,-0.0120,0.0007,0.0534,0.0170,-0.0024,0.1633,0.0762
831,0.809756,0.0537,-0.2184,0.3159,0.3164,0.0287,-0.0959,0.2078,-0.1791,0.0014,-0.3478,-0.1571,0.1359,0.5657,0.3435,-0.2868,0.0081,-0.2253,0.2059,-0.0314,-0.2728,-0.0614,0.0680,0.0842,-0.0082,-0.0442,-0.0388,-0.0627,0.0284,0.0331,0.0000,-0.0221,-0.0411,-0.0110,-0.0655,0.0041,0.0000,-0.0175,0.0315,-0.9035,0.1474,0.0348,0.0801,0.2332,0.9915,0.0000,0.1301,-0.1301,0.0034,0.9915,0.0607,0.0061,0.1479,-0.0885,0.0290,0.1447,-0.0885,0.0290,0.1447,0.0893,0.0017,0.1485,-0.1275,0.0442,0.0886,0.1286,-0.0059,0.0911,0.0367,0.0078,-0.1866,-0.1074,0.0068,-0.1865,-0.0002,0.0009,0.0697,0.0501,0.0203,-0.0634,-0.0724,0.0095,-0.0687,0.0499,0.0286,-0.0862,-0.0783,0.0112,-0.0874,0.8098,0.1550,0.0233,-0.0296,0.1252,-0.4189,-0.0498,0.0520,0.0720,0.1621,-0.0280,-0.0434,-0.0015,-0.3084,0.0182,-0.0127,-0.0012,0.0266,0.0064,0.0159,0.1719,0.0984
832,0.810732,0.0551,-0.2166,0.3158,0.3155,0.0279,-0.0971,0.2085,-0.1786,0.0014,-0.3481,-0.1577,0.1356,0.5647,0.3436,-0.2868,0.0079,-0.2249,0.1995,-0.0275,-0.2722,-0.0600,0.0810,0.1022,-0.0104,-0.0611,-0.0476,-0.0739,0.0448,0.0487,-0.0000,-0.0095,-0.0564,-0.0490,-0.1122,0.0049,0.0002,-0.0128,0.0341,-1.7796,1.2476,0.0808,0.1515,0.2333,0.9914,0.0000,0.1308,-0.1308,0.0034,0.9914,0.0607,0.0059,0.1479,-0.0885,0.0290,0.1447,-0.0885,0.0290,0.1447,0.0893,0.0015,0.1485,-0.1275,0.0443,0.0886,0.1286,-0.0061,0.0911,0.0369,0.0077,-0.1867,-0.1073,0.0067,-0.1866,-0.0002,0.0009,0.0697,0.0501,0.0202,-0.0634,-0.0723,0.0094,-0.0687,0.0500,0.0285,-0.0862,-0.0782,0.0112,-0.0874,0.8107,0.1283,0.0021,-0.0147,0.0462,-0.3289,-0.0439,0.0626,0.0655,0.2164,-0.0059,-0.0261,-0.0270,-0.3573,0.0188,-0.0154,-0.0173,-0.0459,-0.0147,0.0428,0.1396,0.1555
833,0.811707,0.0560,-0.2154,0.3157,0.3148,0.0273,-0.0980,0.2091,-0.1777,0.0014,-0.3483,-0.1584,0.1349,0.5626,0.3436,-0.2868,0.0076,-0.2244,0.1948,-0.0295,-0.2713,-0.0576,0.0780,0.1007,-0.0048,-0.0633,-0.0546,-0.0645,0.0654,0.0637,0.0000,-0.0068,-0.0192,-0.0848,-0.1539,0.0059,-0.0003,-0.0099,0.0139,-1.5874,-1.5825,0.0504,0.2079,0.2333,0.9914,0.0000,0.1311,-0.1311,0.0035,0.9914,0.0606,0.0058,0.1480,-0.0886,0.0291,0.1447,-0.0886,0.0291,0.1447,0.0892,0.0013,0.1486,-0.1275,0.0445,0.0886,0.1285,-0.0063,0.0912,0.0371,0.0077,-0.1867,-0.1071,0.0067,-0.1866,-0.0002,0.0009,0.0697,0.0502,0.0201,-0.0634,-0.0723,0.0094,-0.0687,0.0501,0.0283,-0.0862,-0.0782,0.0112,-0.0874,0.8117,0.1271,0.0270,-0.0192,0.1060,-0.4140,-0.0417,0.0587,0.0754,0.1254,-0.0181,-0.0365,-0.0255,-0.3203,0.0136,-0.0151,-0.0014,-0.0166,0.0052,0.0038,0.1612,0.0717
834,0.812683,0.0572,-0.2137,0.3156,0.3134,0.0264,-0.0994,0.2101,-0.1767,0.0014,-0.3483,-0.1591,0.1336,0.5600,0.3437,-0.2868,0.0073,-0.2243,0.2008,-0.0222,-0.2704,-0.0556,0.0651,0.0863,-0.0006,-0.0918,-0.0739,-0.0579,0.0374,0.0428,0.0000,-0.0007,-0.0284,-0.0548,-0.1033,0.0006,-0.0007,-0.0179,0.0098,-1.2161,-1.1388,0.0450,0.0849,0.2334,0.9914,-0.0000,0.1309,-0.1309,0.0036,0.9914,0.0606,0.0057,0.1480,-0.0885,0.0292,0.1447,-0.0885,0.0292,0.1447,0.0893,0.0012,0.1486,-0.1274,0.0447,0.0886,0.1286,-0.0064,0.0912,0.0374,0.0076,-0.1868,-0.1069,0.0066,-0.1867,-0.0002,0.0009,0.0697,0.0503,0.0200,-0.0635,-0.0721,0.0093,-0.0688,0.0502,0.0282,-0.0863,-0.0780,0.0111,-0.0875,0.8127,0.1403,0.0310,-0.0277,0.1111,-0.4294,-0.0460,0.0574,0.0761,0.1259,-0.0244,-0.0406,-0.0137,-0.3132,0.0140,-0.0148,0.0052,0.0144,0.0089,0.0062,0.1644,0.0729
835,0.813659,0.0580,-0.2126,0.3156,0.3123,0.0255,-0.1001,0.2106,-0.1762,0.0014,-0.3484,-0.1596,0.1330,0.5585,0.3437,-0.2869,0.0070,-0.2239,0.1972,-0.0267,-0.2699,-0.0545,0.0800,0.1007,-0.0028,-0.0966,-0.0764,-0.0629,0.0445,0.0485,-0.0000,-0.0151,-0.0555,-0.0525,-0.1157,0.0001,-0.0007,-0.0226,0.0373,-0.6274,-1.0384,0.0630,0.0988,0.2335,0.9914,-0.0000,0.1309,-0.1309,0.0036,0.9914,0.0606,0.0057,0.1480,-0.0885,0.0294,0.1447,-0.0885,0.0294,0.1447,0.0892,0.0011,0.1486,-0.1274,0.0449,0.0886,0.1285,-0.0065,0.0912,0.0375,0.0075,-0.1869,-0.1067,0.0065,-0.1868,-0.0002,0.0009,0.0697,0.0503,0.0199,-0.0635,-0.0721,0.0093,-0.0688,0.0502,0.0281,-0.0863,-0.0780,0.0110,-0.0875,0.8137,0.1425,0.0436,-0.0343,0.1282,-0.4386,-0.0437,0.0535,0.0737,0.1311,-0.0295,-0.0438,-0.0062,-0.2808,0.0153,-0.0151,0.0034,0.0552,0.0189,0.0040,0.1696,0.0463
836,0.814634,0.0595,-0.2107,0.3154,0.3106,0.0241,-0.1014,0.2113,-0.1754,0.0014,-0.3487,-0.1605,0.1324,0.5566,0.3437,-0.2869,0.0064,-0.2231,0.1873,-0.0411,-0.2690,-0.0533,0.0787,0.1003,-0.0155,-0.0817,-0.0673,-0.0653,0.0330,0.0372,-0.0000,-0.0181,-0.0472,-0.0224,-0.0933,0.0004,-0.0016,-0.0336,0.0522,-0.2795,-0.3504,0.0343,0.0544,0.2336,0.9914,0.0000,0.1311,-0.1311,0.0034,0.9914,0.0606,0.0055,0.1480,-0.0885,0.0294,0.1447,-0.0885,0.0294,0.1447,0.0892,0.0009,0.1486,-0.1273,0.0450,0.0886,0.1285,-0.0067,0.0912,0.0378,0.0073,-0.1870,-0.1064,0.0064,-0.1868,-0.0002,0.0009,0.0697,0.0504,0.0198,-0.0635,-0.0720,0.0092,-0.0688,0.0504,0.0279,-0.0864,-0.0778,0.0109,-0.0876,0.8146,0.1601,0.0410,-0.0415,0.1349,-0.4380,-0.0450,0.0469,0.0675,0.1525,-0.0305,-0.0480,0.0069,-0.2750,0.0169,-0.0150,0.0039,0.0693,0.0230,0.0126,0.1763,0.0640
837,0.815610,0.0610,-0.2088,0.3150,0.3090,0.0227,-0.1025,0.2119,-0.1747,0.0014,-0.3491,-0.1615,0.1320,0.5551,0.3437,-0.2869,0.0057,-0.2222,0.1800,-0.0454,-0.2680,-0.0518,0.0868,0.1160,-0.0306,-0.0803,-0.0683,-0.0669,0.0310,0.0363,-0.0000,-0.0184,-0.0549,-0.0123,-0.0936,0.0019,-0.0013,-0.0424,0.0509,-0.2502,-0.0721,0.0514,0.0769,0.2336,0.9913,-0.0000,0.1316,-0.1316,0.0034,0.9913,0.0606,0.0054,0.1480,-0.0884,0.0294,0.1447,-0.0884,0.0294,0.1447,0.0892,0.0007,0.1486,-0.1272,0.0451,0.0886,0.1286,-0.0068,0.0912,0.0381,0.0072,-0.1870,-0.1061,0.0062,-0.1869,-0.0002,0.0008,0.0697,0.0505,0.0196,-0.0636,-0.0718,0.0091,-0.0689,0.0505,0.0278,-0.0865,-0.0777,0.0108,-0.0876,0.8156,0.1671,0.0373,-0.0421,0.1312,-0.4344,-0.0463,0.0467,0.0662,0.1695,-0.0305,-0.0479,0.0087,-0.2752,0.0166,-0.0154,0.0075,0.0727,0.0257,0.0155,0.1774,0.0715
838,0.816585,0.0627,-0.2068,0.3144,0.3075,0.0214,-0.1037,0.2125,-0.1740,0.0014,-0.3494,-0.1625,0.1317,0.5535,0.3438,-0.2869,0.0051,-0.2214,0.1779,-0.0541,-0.2671,-0.0502,0.0915,0.1148,-0.0339,-0.0811,-0.0684,-0.0690,0.0361,0.0401,-0.0000,-0.0184,-0.0548,-0.0233,-0.0962,0.0019,-0.0017,-0.0375,0.0478,0.0326,-0.2261,0.0506,0.0857,0.2337,0.9912,-0.0000,0.1321,-0.1321,0.0033,0.9912,0.0606,0.0052,0.1480,-0.0884,0.0294,0.1447,-0.0884,0.0294,0.1447,0.0892,0.0005,0.1487,-0.1271,0.0453,0.0886,0.1286,-0.0070,0.0912,0.0384,0.0070,-0.1871,-0.1059,0.0060,-0.1870,-0.0002,0.0008,0.0697,0.0506,0.0195,-0.0636,-0.0717,0.0091,-0.0689,0.0506,0.0276,-0.0865,-0.0776,0.0107,-0.0877,0.8166,0.1650,0.0345,-0.0419,0.1348,-0.4323,-0.0445,0.0444,0.0630,0.1661,-0.0296,-0.0486,0.0118,-0.2718,0.0166,-0.0164,0.0064,0.0718,0.0273,0.0130,0.1761,0.0658
839,0.817561,0.0638,-0.2053,0.3140,0.3064,0.0205,-0.1046,0.2130,-0.1734,0.0014,-0.3497,-0.1632,0.1314,0.5523,0.3438,-0.2869,0.0045,-0.2209,0.1750,-0.0521,-0.2664,-0.0492,0.0908,0.1097,-0.0341,-0.0983,-0.0862,-0.0654,0.0343,0.0432,0.0000,-0.0196,-0.0642,-0.0172,-0.0765,0.0003,-0.0008,-0.0426,0.0334,-1.4079,-1.4548,0.0612,0.0901,0.2338,0.9912,-0.0000,0.1325,-0.1325,0.0033,0.9912,0.0605,0.0050,0.1481,-0.0884,0.0294,0.1447,-0.0884,0.0294,0.1447,0.0892,0.0003,0.1487,-0.1271,0.0454,0.0886,0.1285,-0.0071,0.0913,0.0386,0.0069,-0.1872,-0.1057,0.0059,-0.1871,-0.0002,0.0008,0.0697,0.0506,0.0195,-0.0636,-0.0717,0.0090,-0.0689,0.0507,0.0275,-0.0865,-0.0775,0.0107,-0.0877,0.8176,0.1490,0.0291,-0.0292,0.1082,-0.4344,-0.0467,0.0559,0.0737,0.1318,-0.0181,-0.0402,-0.0111,-0.3136,0.0134,-0.0163,0.0108,0.0237,0.0111,0.0231,0.1663,0.0668
840,0.818537,0.0655,-0.2032,0.3135,0.3046,0.0191,-0.1059,0.2138,-0.1726,0.0014,-0.3499,-0.1640,0.1306,0.5503,0.3438,-0.2869,0.0040,-0.2203,0.1724,-0.0538,-0.2654,-0.0475,0.0784,0.1035,-0.0166,-0.0986,-0.0759,-0.0732,0.0458,0.0495,-0.0000,-0.0039,-0.0392,-0.0558,-0.1252,0.0003,-0.0008,-0.0245,0.0246,0.9507,-0.3410,0.0474,0.0813,0.2338,0.9911,-0.0000,0.1330,-0.1330,0.0031,0.9911,0.0606,0.0048,0.1481,-0.0884,0.0295,0.1447,-0.0884,0.0295,0.1447,0.0892,0.0000,0.1487,-0.1270,0.0456,0.0887,0.1285,-0.0073,0.0913,0.0389,0.0068,-0.1872,-0.1054,0.0058,-0.1871,-0.0002,0.0008,0.0697,0.0507,0.0193,-0.0637,-0.0716,0.0090,-0.0689,0.0508,0.0273,-0.0866,-0.0774,0.0106,-0.0877,0.8185,0.1499,0.0236,-0.0395,0.1440,-0.4055,-0.0349,0.0407,0.0547,0.1664,-0.0273,-0.0478,0.0108,-0.2545,0.0155,-0.0180,0.0008,0.0566,0.0365,-0.0104,0.1712,0.0479
841,0.819512,0.0666,-0.2016,0.3132,0.3031,0.0179,-0.1071,0.2144,-0.1719,0.0014,-0.3501,-0.1649,0.1301,0.5486,0.3438,-0.2870,0.0034,-0.2198,0.1841,-0.0590,-0.2648,-0.0464,0.0619,0.0848,-0.0252,-0.0666,-0.0561,-0.0508,0.0252,0.0280,0.0000,-0.0189,-0.0528,-0.0105,-0.0712,0.0017,-0.0042,-0.0421,0.0264,0.1492,0.0250,0.0388,0.0551,0.2339,0.9911,-0.0000,0.1332,-0.1332,0.0030,0.9911,0.0606,0.0047,0.1481,-0.0883,0.0295,0.1447,-0.0883,0.0295,0.1447,0.0892,-0.0001,0.1487,-0.1270,0.0457,0.0887,0.1286,-0.0075,0.0913,0.0392,0.0067,-0.1873,-0.1051,0.0057,-0.1872,-0.0002,0.0007,0.0697,0.0508,0.0192,-0.0637,-0.0715,0.0089,-0.0690,0.0509,0.0272,-0.0867,-0.0772,0.0105,-0.0878,0.8195,0.1736,0.0270,-0.0439,0.1286,-0.4306,-0.0456,0.0423,0.0608,0.1903,-0.0285,-0.0494,0.0151,-0.2784,0.0167,-0.0167,0.0147,0.0712,0.0276,0.0183,0.1765,0.0794
842,0.820488,0.0681,-0.1997,0.3126,0.3018,0.0167,-0.1080,0.2150,-0.1712,0.0014,-0.3504,-0.1660,0.1297,0.5475,0.3438,-0.2870,0.0029,-0.2194,0.1858,-0.0614,-0.2641,-0.0453,0.0932,0.1149,-0.0361,-0.0817,-0.0709,-0.0627,0.0326,0.0379,-0.0000,-0.0171,-0.0558,-0.0315,-0.1041,0.0009,-0.0016,-0.0262,0.0510,1.7520,-1.2120,0.0713,0.1405,0.2340,0.9910,-0.0000,0.1338,-0.1338,0.0030,0.9910,0.0606,0.0045,0.1481,-0.0883,0.0295,0.1447,-0.0883,0.0295,0.1447,0.0892,-0.0004,0.1487,-0.1269,0.0458,0.0887,0.1286,-0.0076,0.0913,0.0394,0.0066,-0.1874,-0.1049,0.0056,-0.1873,-0.0002,0.0007,0.0697,0.0509,0.0191,-0.0638,-0.0714,0.0089,-0.0690,0.0510,0.0271,-0.0867,-0.0771,0.0104,-0.0878,0.8205,0.1179,0.0286,-0.0368,0.1412,-0.3758,-0.0220,0.0419,0.0542,0.1705,-0.0249,-0.0409,0.0036,-0.2166,0.0140,-0.0165,0.0173,0.0609,0.0366,-0.0222,0.1509,0.0040
843,0.821463,0.0690,-0.1986,0.3122,0.3009,0.0159,-0.1088,0.2153,-0.1708,0.0014,-0.3506,-0.1665,0.1294,0.5461,0.3438,-0.2871,0.0024,-0.2187,0.1935,-0.0581,-0.2634,-0.0441,0.0433,0.0475,-0.0317,-0.0529,-0.0368,-0.0425,0.0167,0.0188,-0.0000,-0.0079,-0.0356,-0.0080,-0.0365,0.0013,-0.0026,-0.0151,0.0221,1.8038,1.8608,0.0028,-0.0376,0.2340,0.9910,-0.0000,0.1342,-0.1342,0.0029,0.9909,0.0606,0.0043,0.1481,-0.0883,0.0295,0.1448,-0.0883,0.0295,0.1448,0.0891,-0.0005,0.1487,-0.1269,0.0458,0.0887,0.1285,-0.0078,0.0913,0.0396,0.0065,-0.1874,-0.1048,0.0055,-0.1873,-0.0002,0.0007,0.0697,0.0509,0.0191,-0.0638,-0.0714,0.0088,-0.0690,0.0510,0.0270,-0.0867,-0.0771,0.0104,-0.0878,0.8215,0.1243,0.0075,-0.0288,0.1042,-0.3492,-0.0338,0.0484,0.0540,0.2068,-0.0332,-0.0238,-0.0121,-0.2192,0.0147,-0.0028,0.0376,0.0679,0.0396,-0.0040,0.1307,0.0412
844,0.822439,0.0701,-0.1977,0.3117,0.2997,0.0150,-0.1094,0.2158,-0.1703,0.0014,-0.3509,-0.1670,0.1289,0.5454,0.3439,-0.2871,0.0023,-0.2181,0.1952,-0.0561,-0.2631,-0.0436,0.0504,0.0333,-0.0110,-0.0534,-0.0439,-0.0360,0.0294,0.0310,0.0000,-0.0217,-0.0088,-0.0361,-0.0354,0.0000,-0.0004,0.0008,0.0313,-1.0321,0.0082,0.0106,0.0324,0.2341,0.9909,0.0000,0.1347,-0.1347,0.0028,0.9909,0.0606,0.0042,0.1481,-0.0882,0.0294,0.1448,-0.0882,0.0294,0.1448,0.0892,-0.0007,0.1487,-0.1268,0.0459,0.0888,0.1286,-0.0079,0.0913,0.0397,0.0065,-0.1874,-0.1046,0.0055,-0.1874,-0.0001,0.0006,0.0697,0.0510,0.0191,-0.0638,-0.0713,0.0088,-0.0690,0.0511,0.0270,-0.0867,-0.0770,0.0104,-0.0879,0.8224,0.1973,0.0107,-0.0444,0.0810,-0.4387,-0.0558,0.0510,0.0687,0.1891,-0.0202,-0.0503,0.0125,-0.3511,0.0171,-0.0151,0.0195,0.0300,0.0025,0.0525,0.1740,0.1431
845,0.823415,0.0720,-0.1955,0.3114,0.2982,0.0137,-0.1104,0.2167,-0.1693,0.0014,-0.3512,-0.1682,0.1278,0.5431,0.3439,-0.2871,0.0022,-0.2176,0.1957,-0.0527,-0.2622,-0.0417,0.1130,0.1516,-0.0385,-0.1108,-0.0943,-0.0802,0.0554,0.0633,-0.0000,-0.0052,-0.0874,-0.0622,-0.1600,0.0001,0.0000,-0.0268,0.0604,0.3233,0.8572,0.1791,0.3399,0.2341,0.9908,-0.0000,0.1354,-0.1354,0.0026,0.9908,0.0606,0.0039,0.1481,-0.0882,0.0294,0.1448,-0.0882,0.0294,0.1448,0.0892,-0.0010,0.1487,-0.1267,0.0460,0.0888,0.1286,-0.0081,0.0913,0.0400,0.0064,-0.1875,-0.1043,0.0054,-0.1874,-0.0001,0.0006,0.0697,0.0511,0.0189,-0.0638,-0.0712,0.0087,-0.0691,0.0513,0.0268,-0.0868,-0.0768,0.0103,-0.0879,0.8234,0.1861,0.0114,-0.0425,0.1058,-0.4100,-0.0479,0.0460,0.0604,0.2559,-0.0302,-0.0410,0.0086,-0.2876,0.0162,-0.0151,0.0334,0.0692,0.0353,0.0124,0.1678,0.0938
846,0.824390,0.0732,-0.1941,0.3108,0.2968,0.0125,-0.1116,0.2174,-0.1685,0.0014,-0.3514,-0.1689,0.1272,0.5415,0.3439,-0.2871,0.0018,-0.2167,0.1915,-0.0566,-0.2608,-0.0388,0.0968,0.0854,-0.0389,-0.1059,-0.0859,-0.0762,0.0523,0.0601,0.0000,-0.0414,-0.0219,-0.0490,-0.0773,0.0001,-0.0006,-0.0098,0.0485,-0.7247,-1.0835,0.0512,0.0789,0.2342,0.9907,0.0000,0.1359,-0.1359,0.0024,0.9907,0.0606,0.0037,0.1481,-0.0881,0.0294,0.1448,-0.0881,0.0294,0.1448,0.0892,-0.0012,0.1487,-0.1267,0.0462,0.0888,0.1286,-0.0083,0.0913,0.0403,0.0064,-0.1876,-0.1041,0.0054,-0.1875,-0.0001,0.0005,0.0697,0.0511,0.0188,-0.0639,-0.0711,0.0087,-0.0691,0.0513,0.0267,-0.0868,-0.0767,0.0103,-0.0879,0.8244,0.1806,0.0211,-0.0429,0.1090,-0.4561,-0.0488,0.0479,0.0673,0.1702,-0.0223,-0.0492,0.0086,-0.3247,0.0130,-0.0151,0.0271,0.0496,0.0157,0.0349,0.1711,0.0792
847,0.825366,0.0749,-0.1919,0.3101,0.2950,0.0110,-0.1130,0.2182,-0.1675,0.0014,-0.3518,-0.1698,0.1265,0.5395,0.3439,-0.2871,0.0015,-0.2157,0.1840,-0.0676,-0.2596,-0.0370,0.0898,0.1325,-0.0397,-0.1048,-0.0860,-0.0770,0.0358,0.0486,-0.0000,-0.0072,-0.0570,-0.0331,-0.1355,0.0001,-0.0016,-0.0187,0.0581,-0.0773,-0.1317,0.0639,0.0974,0.2343,0.9906,0.0000,0.1368,-0.1368,0.0022,0.9906,0.0606,0.0034,0.1481,-0.0881,0.0294,0.1449,-0.0881,0.0294,0.1449,0.0892,-0.0015,0.1488,-0.1266,0.0463,0.0889,0.1286,-0.0085,0.0913,0.0406,0.0063,-0.1877,-0.1038,0.0053,-0.1876,-0.0001,0.0005,0.0697,0.0512,0.0187,-0.0639,-0.0710,0.0087,-0.0691,0.0515,0.0266,-0.0869,-0.0766,0.0102,-0.0880,0.8254,0.1948,0.0204,-0.0487,0.1200,-0.4497,-0.0485,0.0418,0.0617,0.2245,-0.0256,-0.0535,0.0162,-0.3094,0.0148,-0.0163,0.0181,0.0613,0.0264,0.0359,0.1869,0.1002
848,0.826341,0.0767,-0.1896,0.3093,0.2929,0.0092,-0.1143,0.2189,-0.1666,0.0014,-0.3519,-0.1706,0.1261,0.5379,0.3439,-0.2871,0.0012,-0.2150,0.1813,-0.0669,-0.2587,-0.0355,0.1007,0.1391,-0.0491,-0.1056,-0.0925,-0.0747,0.0380,0.0509,0.0000,-0.0164,-0.0791,-0.0306,-0.1096,-0.0002,-0.0008,-0.0355,0.0509,-1.8728,-1.5685,0.0990,0.1571,0.2344,0.9905,0.0000,0.1377,-0.1377,0.0020,0.9905,0.0606,0.0031,0.1481,-0.0880,0.0293,0.1449,-0.0880,0.0293,0.1449,0.0892,-0.0019,0.1488,-0.1265,0.0464,0.0890,0.1286,-0.0088,0.0913,0.0410,0.0062,-0.1878,-0.1035,0.0052,-0.1877,-0.0001,0.0004,0.0697,0.0513,0.0186,-0.0640,-0.0708,0.0086,-0.0691,0.0516,0.0264,-0.0869,-0.0764,0.0101,-0.0880,0.8263,0.1756,-0.0013,-0.0313,0.0687,-0.4269,-0.0521,0.0526,0.0668,0.1560,-0.0029,-0.0423,-0.0023,-0.3803,0.0102,-0.0152,0.0292,-0.0187,-0.0062,0.0523,0.1582,0.1190
849,0.827317,0.0780,-0.1877,0.3087,0.2914,0.0079,-0.1153,0.2194,-0.1658,0.0014,-0.3521,-0.1717,0.1253,0.5354,0.3439,-0.2872,0.0007,-0.2140,0.1804,-0.0728,-0.2574,-0.0330,0.0896,0.1368,-0.0357,-0.1181,-0.0991,-0.0785,0.0448,0.0568,0.0000,-0.0033,-0.0413,-0.0698,-0.1727,0.0000,-0.0015,-0.0076,0.0459,0.1243,0.0217,0.0620,0.1460,0.2345,0.9904,-0.0000,0.1384,-0.1384,0.0020,0.9904,0.0606,0.0029,0.1482,-0.0881,0.0293,0.1449,-0.0881,0.0293,0.1449,0.0891,-0.0022,0.1488,-0.1265,0.0465,0.0890,0.1285,-0.0090,0.0914,0.0413,0.0061,-0.1878,-0.1032,0.0052,-0.1877,-0.0002,0.0004,0.0697,0.0514,0.0185,-0.0640,-0.0708,0.0086,-0.0692,0.0517,0.0263,-0.0870,-0.0763,0.0101,-0.0880,0.8273,0.1998,0.0127,-0.0504,0.1169,-0.4428,-0.0480,0.0398,0.0573,0.2482,-0.0245,-0.0533,0.0175,-0.3132,0.0137,-0.0172,0.0199,0.0529,0.0317,0.0327,0.1854,0.1085
850,0.828293,0.0796,-0.1853,0.3080,0.2891,0.0059,-0.1168,0.2203,-0.1647,0.0014,-0.3522,-0.1727,0.1245,0.5326,0.3439,-0.2872,0.0002,-0.2130,0.1787,-0.0733,-0.2562,-0.0304,0.0959,0.1304,-0.0487,-0.1136,-0.1026,-0.0748,0.0378,0.0510,-0.0000,-0.0085,-0.0599,-0.0259,-0.1194,0.0001,-0.0028,-0.0362,0.0600,0.0909,-0.2019,0.0631,0.1267,0.2346,0.9903,-0.0000,0.1390,-0.1390,0.0018,0.9903,0.0606,0.0027,0.1482,-0.0880,0.0293,0.1449,-0.0880,0.0293,0.1449,0.0892,-0.0025,0.1488,-0.1263,0.0467,0.0890,0.1286,-0.0092,0.0914,0.0417,0.0060,-0.1879,-0.1028,0.0051,-0.1879,-0.0001,0.0003,0.0697,0.0515,0.0184,-0.0640,-0.0706,0.0085,-0.0692,0.0519,0.0261,-0.0870,-0.0761,0.0100,-0.0881,0.8283,0.2026,0.0138,-0.0521,0.1132,-0.4471,-0.0466,0.0390,0.0565,0.2472,-0.0226,-0.0548,0.0205,-0.3192,0.0123,-0.0170,0.0210,0.0497,0.0303,0.0381,0.1864,0.1087
851,0.829268,0.0811,-0.1832,0.3072,0.2874,0.0044,-0.1179,0.2208,-0.1640,0.0014,-0.3523,-0.1737,0.1241,0.5308,0.3439,-0.2872,-0.0003,-0.2121,0.1801,-0.0745,-0.2552,-0.0285,0.1043,0.1460,-0.0586,-0.1111,-0.0994,-0.0729,0.0362,0.0489,-0.0000,-0.0038,-0.0674,-0.0273,-0.1315,0.0002,-0.0029,-0.0346,0.0665,0.8771,0.6565,0.0715,0.1350,0.2346,0.9902,0.0000,0.1398,-0.1398,0.0018,0.9902,0.0605,0.0024,0.1482,-0.0880,0.0293,0.1450,-0.0880,0.0293,0.1450,0.0891,-0.0028,0.1488,-0.1263,0.0468,0.0891,0.1285,-0.0094,0.0914,0.0420,0.0060,-0.1880,-0.1026,0.0050,-0.1879,-0.0001,0.0003,0.0697,0.0516,0.0183,-0.0641,-0.0705,0.0085,-0.0692,0.0520,0.0260,-0.0871,-0.0760,0.0100,-0.0881,0.8293,0.1906,0.0006,-0.0463,0.1029,-0.4043,-0.0430,0.0422,0.0557,0.2900,-0.0261,-0.0442,0.0164,-0.2938,0.0159,-0.0181,0.0382,0.0601,0.0412,0.0169,0.1680,0.1019
852,0.830244,0.0829,-0.1811,0.3062,0.2854,0.0026,-0.1191,0.2215,-0.1630,0.0014,-0.3525,-0.1746,0.1235,0.5288,0.3439,-0.2873,-0.0007,-0.2109,0.1818,-0.0674,-0.2542,-0.0264,0.0893,0.1013,-0.0525,-0.1120,-0.0997,-0.0614,0.0435,0.0575,0.0000,-0.0125,-0.0428,-0.0326,-0.0974,0.0009,-0.0018,-0.0184,0.0648,-0.9598,-0.3419,0.0554,0.1128,0.2347,0.9901,-0.0000,0.1406,-0.1406,0.0016,0.9901,0.0606,0.0021,0.1482,-0.0879,0.0292,0.1450,-0.0879,0.0292,0.1450,0.0891,-0.0031,0.1488,-0.1262,0.0468,0.0891,0.1286,-0.0096,0.0914,0.0424,0.0059,-0.1881,-0.1022,0.0049,-0.1880,-0.0001,0.0002,0.0697,0.0517,0.0182,-0.0641,-0.0704,0.0085,-0.0693,0.0522,0.0259,-0.0871,-0.0758,0.0099,-0.0882,0.8302,0.2223,-0.0020,-0.0534,0.0477,-0.4437,-0.0517,0.0466,0.0559,0.2387,-0.0130,-0.0563,0.0217,-0.3870,0.0114,-0.0174,0.0276,0.0118,0.0038,0.0658,0.1728,0.1709
853,0.831219,0.0849,-0.1784,0.3052,0.2831,0.0005,-0.1203,0.2224,-0.1619,0.0014,-0.3526,-0.1757,0.1225,0.5261,0.3439,-0.2873,-0.0011,-0.2098,0.1713,-0.0777,-0.2526,-0.0228,0.1132,0.1737,-0.0655,-0.1431,-0.1274,-0.0783,0.0512,0.0660,-0.0000,-0.0023,-0.0690,-0.0643,-0.1975,0.0003,-0.0041,-0.0306,0.0611,-0.0263,-0.1578,0.0904,0.2080,0.2348,0.9899,-0.0000,0.1415,-0.1415,0.0014,0.9899,0.0606,0.0018,0.1482,-0.0879,0.0291,0.1451,-0.0879,0.0291,0.1451,0.0891,-0.0034,0.1488,-0.1261,0.0469,0.0892,0.1286,-0.0099,0.0914,0.0428,0.0058,-0.1882,-0.1018,0.0048,-0.1881,-0.0001,0.0001,0.0697,0.0519,0.0181,-0.0641,-0.0702,0.0084,-0.0693,0.0524,0.0257,-0.0872,-0.0756,0.0098,-0.0882,0.8312,0.2149,0.0096,-0.0564,0.0914,-0.4408,-0.0459,0.0393,0.0519,0.2857,-0.0191,-0.0568,0.0211,-0.3380,0.0103,-0.0189,0.0214,0.0408,0.0288,0.0455,0.1856,0.1289
854,0.832195,0.0862,-0.1764,0.3043,0.2812,-0.0012,-0.1213,0.2230,-0.1611,0.0014,-0.3526,-0.1766,0.1219,0.5239,0.3439,-0.2873,-0.0016,-0.2090,0.1672,-0.0750,-0.2516,-0.0207,0.1129,0.1539,-0.0700,-0.1635,-0.1428,-0.0719,0.0428,0.0614,0.0000,-0.0005,-0.0786,-0.0402,-0.1391,-0.0002,-0.0018,-0.0458,0.0518,-1.9833,-1.4168,0.0974,0.1412,0.2349,0.9899,0.0000,0.1419,-0.1419,0.0012,0.9899,0.0605,0.0015,0.1482,-0.0879,0.0291,0.1451,-0.0879,0.0291,0.1451,0.0890,-0.0038,0.1488,-0.1262,0.0471,0.0893,0.1285,-0.0101,0.0914,0.0432,0.0057,-0.1883,-0.1015,0.0047,-0.1882,-0.0002,0.0001,0.0697,0.0519,0.0179,-0.0642,-0.0702,0.0084,-0.0693,0.0524,0.0255,-0.0872,-0.0755,0.0098,-0.0883,0.8322,0.1922,-0.0132,-0.0369,0.0292,-0.4126,-0.0509,0.0504,0.0554,0.1966,0.0079,-0.0466,0.0023,-0.4134,0.0059,-0.0170,0.0263,-0.0328,-0.0188,0.0747,0.1572,0.1603
855,0.833171,0.0882,-0.1734,0.3031,0.2785,-0.0036,-0.1228,0.2239,-0.1599,0.0014,-0.3526,-0.1776,0.1206,0.5203,0.3439,-0.2874,-0.0021,-0.2079,0.1776,-0.0758,-0.2501,-0.0172,0.0790,0.1449,-0.0486,-0.1559,-0.1334,-0.0795,0.0500,0.0642,0.0000,-0.0000,-0.0465,-0.0795,-0.2140,-0.0001,-0.0016,-0.0261,0.0466,0.3349,-0.5073,0.0759,0.1761,0.2350,0.9898,-0.0000,0.1425,-0.1425,0.0011,0.9898,0.0605,0.0013,0.1482,-0.0879,0.0291,0.1451,-0.0879,0.0291,0.1451,0.0890,-0.0040,0.1488,-0.1261,0.0472,0.0894,0.1285,-0.0103,0.0914,0.0437,0.0055,-0.1884,-0.1011,0.0046,-0.1883,-0.0001,0.0001,0.0697,0.0521,0.0178,-0.0642,-0.0700,0.0083,-0.0694,0.0527,0.0253,-0.0873,-0.0753,0.0096,-0.0883,0.8332,0.2161,0.0091,-0.0609,0.1020,-0.4507,-0.0432,0.0356,0.0516,0.3103,-0.0194,-0.0595,0.0280,-0.3352,0.0081,-0.0197,0.0311,0.0433,0.0360,0.0348,0.1887,0.1112
856,0.834146,0.0898,-0.1706,0.3020,0.2756,-0.0061,-0.1242,0.2247,-0.1588,0.0014,-0.3526,-0.1789,0.1197,0.5169,0.3439,-0.2875,-0.0029,-0.2068,0.1745,-0.0770,-0.2486,-0.0145,0.1019,0.1527,-0.0723,-0.1398,-0.1257,-0.0675,0.0340,0.0499,-0.0000,-0.0006,-0.0654,-0.0294,-0.1473,0.0001,-0.0042,-0.0449,0.0710,0.5372,0.5897,0.0741,0.1319,0.2351,0.9897,0.0000,0.1429,-0.1429,0.0009,0.9897,0.0606,0.0011,0.1482,-0.0877,0.0291,0.1452,-0.0877,0.0291,0.1452,0.0891,-0.0043,0.1488,-0.1259,0.0473,0.0894,0.1286,-0.0105,0.0914,0.0442,0.0054,-0.1885,-0.1006,0.0044,-0.1885,-0.0000,0.0000,0.0697,0.0523,0.0176,-0.0643,-0.0697,0.0082,-0.0694,0.0529,0.0251,-0.0874,-0.0750,0.0095,-0.0884,0.8341,0.2166,0.0031,-0.0562,0.0782,-0.4181,-0.0433,0.0403,0.0518,0.3525,-0.0229,-0.0500,0.0199,-0.3151,0.0122,-0.0195,0.0423,0.0627,0.0371,0.0359,0.1781,0.1270
857,0.835122,0.0913,-0.1687,0.3010,0.2738,-0.0077,-0.1250,0.2252,-0.1581,0.0014,-0.3527,-0.1797,0.1192,0.5151,0.3439,-0.2875,-0.0034,-0.2058,0.1762,-0.0762,-0.2476,-0.0127,0.1293,0.1444,-0.0752,-0.1351,-0.1203,-0.0640,0.0550,0.0638,-0.0000,-0.0068,-0.0558,-0.0699,-0.1479,0.0003,-0.0075,-0.0228,0.0936,1.5223,1.5159,0.0743,0.1687,0.2352,0.9897,-0.0000,0.1434,-0.1434,0.0007,0.9897,0.0605,0.0008,0.1483,-0.0878,0.0290,0.1452,-0.0878,0.0290,0.1452,0.0890,-0.0046,0.1489,-0.1259,0.0474,0.0895,0.1285,-0.0106,0.0914,0.0445,0.0053,-0.1886,-0.1003,0.0043,-0.1885,-0.0001,0.0000,0.0697,0.0523,0.0175,-0.0643,-0.0697,0.0081,-0.0695,0.0530,0.0249,-0.0874,-0.0749,0.0095,-0.0884,0.8351,0.1801,-0.0090,-0.0424,0.0834,-0.3752,-0.0330,0.0474,0.0533,0.3263,-0.0247,-0.0356,0.0030,-0.2874,0.0096,-0.0149,0.0538,0.0544,0.0495,0.0116,0.1606,0.0911
858,0.836098,0.0931,-0.1667,0.2998,0.2713,-0.0099,-0.1260,0.2261,-0.1570,0.0014,-0.3528,-0.1804,0.1182,0.5129,0.3439,-0.2876,-0.0038,-0.2044,0.1795,-0.0735,-0.2465,-0.0107,0.0791,0.0846,-0.0497,-0.1146,-0.0947,-0.0438,0.0484,0.0565,0.0000,-0.0083,-0.0288,-0.0546,-0.1123,-0.0000,-0.0011,-0.0127,0.0705,-0.0108,0.5951,0.0533,0.0924,0.2353,0.9896,-0.0000,0.1439,-0.1439,0.0005,0.9896,0.0606,0.0006,0.1483,-0.0877,0.0290,0.1452,-0.0877,0.0290,0.1452,0.0891,-0.0048,0.1488,-0.1258,0.0475,0.0895,0.1286,-0.0108,0.0914,0.0450,0.0051,-0.1887,-0.0999,0.0042,-0.1886,-0.0000,-0.0000,0.0697,0.0525,0.0174,-0.0644,-0.0695,0.0080,-0.0695,0.0532,0.0248,-0.0875,-0.0747,0.0093,-0.0885,0.8361,0.2272,0.0022,-0.0602,0.0527,-0.4149,-0.0430,0.0440,0.0501,0.3597,-0.0164,-0.0567,0.0246,-0.3512,0.0091,-0.0213,0.0344,0.0361,0.0267,0.0550,0.1836,0.1695
859,0.837073,0.0952,-0.1639,0.2988,0.2689,-0.0120,-0.1269,0.2271,-0.1559,0.0014,-0.3529,-0.1817,0.1171,0.5100,0.3439,-0.2877,-0.0045,-0.2032,0.1800,-0.0594,-0.2446,-0.0069,0.1214,0.1718,-0.0762,-0.1445,-0.1291,-0.0599,0.0526,0.0640,-0.0000,-0.0020,-0.0813,-0.0493,-0.1730,0.0001,-0.0074,-0.0518,0.0590,0.5665,0.4314,0.1082,0.2063,0.2354,0.9895,0.0000,0.1445,-0.1445,0.0004,0.9895,0.0606,0.0004,0.1483,-0.0876,0.0289,0.1453,-0.0876,0.0289,0.1453,0.0891,-0.0051,0.1488,-0.1257,0.0476,0.0896,0.1287,-0.0110,0.0914,0.0454,0.0050,-0.1888,-0.0995,0.0040,-0.1887,-0.0000,-0.0001,0.0697,0.0526,0.0172,-0.0644,-0.0693,0.0080,-0.0696,0.0534,0.0245,-0.0876,-0.0745,0.0092,-0.0885,0.8371,0.2238,0.0062,-0.0627,0.0689,-0.4267,-0.0383,0.0393,0.0503,0.3848,-0.0228,-0.0542,0.0212,-0.3218,0.0069,-0.0219,0.0515,0.0624,0.0419,0.0308,0.1834,0.1262
860,0.838049,0.0968,-0.1618,0.2976,0.2668,-0.0138,-0.1277,0.2278,-0.1550,0.0014,-0.3530,-0.1826,0.1163,0.5078,0.3439,-0.2878,-0.0050,-0.2023,0.1841,-0.0616,-0.2434,-0.0047,0.1204,0.1476,-0.0845,-0.1602,-0.1380,-0.0555,0.0468,0.0610,-0.0000,-0.0075,-0.0646,-0.0626,-0.1458,-0.0001,-0.0085,-0.0291,0.0715,0.0500,-0.1925,0.0952,0.1447,0.2355,0.9894,-0.0000,0.1450,-0.1450,0.0001,0.9894,0.0606,0.0001,0.1483,-0.0877,0.0288,0.1454,-0.0877,0.0288,0.1454,0.0890,-0.0054,0.1488,-0.1257,0.0477,0.0897,0.1286,-0.0112,0.0914,0.0458,0.0049,-0.1889,-0.0992,0.0039,-0.1888,-0.0001,-0.0001,0.0697,0.0527,0.0171,-0.0645,-0.0693,0.0079,-0.0696,0.0535,0.0244,-0.0876,-0.0744,0.0092,-0.0886,0.8380,0.2323,0.0083,-0.0673,0.0684,-0.4503,-0.0379,0.0398,0.0513,0.3561,-0.0158,-0.0644,0.0340,-0.3579,0.0029,-0.0247,0.0430,0.0383,0.0305,0.0504,0.1959,0.1478
861,0.839024,0.0992,-0.1585,0.2958,0.2636,-0.0167,-0.1288,0.2287,-0.1538,0.0014,-0.3531,-0.1841,0.1155,0.5046,0.3439,-0.2880,-0.0058,-0.2009,0.1857,-0.0593,-0.2413,-0.0014,0.1139,0.1703,-0.0954,-0.1635,-0.1455,-0.0509,0.0431,0.0625,-0.0000,-0.0011,-0.0756,-0.0375,-0.1674,0.0001,-0.0097,-0.0456,0.0627,0.7550,-0.4406,0.0988,0.1664,0.2356,0.9893,0.0000,0.1460,-0.1460,-0.0003,0.9893,0.0607,-0.0002,0.1483,-0.0875,0.0286,0.1454,-0.0875,0.0286,0.1454,0.0891,-0.0058,0.1488,-0.1256,0.0477,0.0898,0.1287,-0.0114,0.0913,0.0463,0.0047,-0.1890,-0.0987,0.0038,-0.1889,0.0000,-0.0002,0.0697,0.0529,0.0169,-0.0645,-0.0690,0.0078,-0.0696,0.0538,0.0241,-0.0877,-0.0741,0.0090,-0.0886,0.8390,0.2168,0.0024,-0.0655,0.0825,-0.4325,-0.0371,0.0392,0.0527,0.3771,-0.0169,-0.0597,0.0326,-0.3350,0.0035,-0.0249,0.0528,0.0410,0.0430,0.0294,0.1871,0.1133
862,0.840000,0.1007,-0.1562,0.2945,0.2613,-0.0186,-0.1295,0.2292,-0.1529,0.0014,-0.3531,-0.1851,0.1149,0.5023,0.3439,-0.2882,-0.0064,-0.2000,0.1878,-0.0634,-0.2400,0.0006,0.1050,0.1542,-0.0968,-0.1592,-0.1362,-0.0486,0.0411,0.0595,0.0000,-0.0002,-0.0727,-0.0377,-0.1575,-0.0001,-0.0128,-0.0368,0.0656,-0.5169,0.0158,0.0917,0.1255,0.2357,0.9892,-0.0000,0.1466,-0.1466,-0.0006,0.9892,0.0606,-0.0005,0.1483,-0.0876,0.0285,0.1455,-0.0876,0.0285,0.1455,0.0891,-0.0061,0.1488,-0.1256,0.0477,0.0900,0.1287,-0.0115,0.0913,0.0467,0.0046,-0.1891,-0.0983,0.0036,-0.1890,-0.0000,-0.0002,0.0697,0.0529,0.0168,-0.0646,-0.0689,0.0078,-0.0696,0.0539,0.0240,-0.0877,-0.0740,0.0090,-0.0887,0.8400,0.2469,-0.0037,-0.0669,0.0191,-0.4311,-0.0404,0.0456,0.0501,0.3619,-0.0082,-0.0645,0.0373,-0.4021,0.0032,-0.0259,0.0470,0.0116,0.0109,0.0720,0.1852,0.1992
863,0.840976,0.1030,-0.1529,0.2927,0.2582,-0.0215,-0.1304,0.2302,-0.1516,0.0014,-0.3531,-0.1865,0.1138,0.4988,0.3439,-0.2884,-0.0071,-0.1988,0.1796,-0.0711,-0.2378,0.0048,0.1289,0.1995,-0.1009,-0.1777,-0.1581,-0.0545,0.0612,0.0781,-0.0000,-0.0001,-0.0801,-0.0647,-0.2305,0.0001,-0.0153,-0.0453,0.0751,-0.0964,-0.0170,0.1131,0.2378,0.2358,0.9891,-0.0000,0.1475,-0.1475,-0.0009,0.9891,0.0607,-0.0009,0.1483,-0.0875,0.0284,0.1456,-0.0875,0.0284,0.1456,0.0891,-0.0065,0.1488,-0.1255,0.0477,0.0901,0.1287,-0.0117,0.0913,0.0473,0.0044,-0.1892,-0.0978,0.0035,-0.1891,0.0000,-0.0003,0.0697,0.0531,0.0166,-0.0646,-0.0687,0.0077,-0.0697,0.0541,0.0237,-0.0878,-0.0737,0.0089,-0.0887,0.8410,0.2427,0.0018,-0.0690,0.0440,-0.4361,-0.0375,0.0418,0.0486,0.3908,-0.0116,-0.0660,0.0380,-0.3765,0.0019,-0.0281,0.0459,0.0299,0.0256,0.0612,0.1943,0.1694
864,0.841951,0.1052,-0.1494,0.2908,0.2547,-0.0246,-0.1314,0.2312,-0.1502,0.0014,-0.3531,-0.1881,0.1129,0.4949,0.3439,-0.2887,-0.0080,-0.1974,0.1803,-0.0692,-0.2362,0.0077,0.1209,0.1841,-0.1022,-0.1876,-0.1678,-0.0501,0.0491,0.0704,0.0000,0.0000,-0.0787,-0.0443,-0.1935,-0.0001,-0.0163,-0.0522,0.0752,0.4925,0.5924,0.1125,0.1968,0.2359,0.9889,-0.0000,0.1483,-0.1483,-0.0013,0.9889,0.0608,-0.0012,0.1482,-0.0873,0.0282,0.1456,-0.0873,0.0282,0.1456,0.0892,-0.0069,0.1487,-0.1253,0.0478,0.0902,0.1288,-0.0119,0.0913,0.0479,0.0042,-0.1893,-0.0972,0.0033,-0.1893,0.0001,-0.0004,0.0697,0.0534,0.0164,-0.0647,-0.0684,0.0076,-0.0697,0.0544,0.0235,-0.0879,-0.0734,0.0087,-0.0888,0.8420,0.2322,0.0030,-0.0660,0.0463,-0.4158,-0.0364,0.0416,0.0480,0.4403,-0.0168,-0.0589,0.0281,-0.3396,0.0039,-0.0265,0.0561,0.0626,0.0391,0.0442,0.1904,0.1442
865,0.842927,0.1070,-0.1468,0.2893,0.2519,-0.0270,-0.1321,0.2320,-0.1492,0.0014,-0.3531,-0.1892,0.1121,0.4922,0.3439,-0.2889,-0.0087,-0.1962,0.1822,-0.0679,-0.2341,0.0111,0.1244,0.1639,-0.0984,-0.1802,-0.1563,-0.0491,0.0521,0.0695,-0.0000,-0.0000,-0.0698,-0.0561,-0.1767,0.0001,-0.0178,-0.0391,0.0987,0.7082,0.6639,0.1036,0.1596,0.2360,0.9888,0.0000,0.1491,-0.1491,-0.0016,0.9888,0.0607,-0.0015,0.1482,-0.0873,0.0281,0.1457,-0.0873,0.0281,0.1457,0.0891,-0.0072,0.1487,-0.1253,0.0478,0.0903,0.1288,-0.0121,0.0913,0.0483,0.0041,-0.1894,-0.0968,0.0032,-0.1894,0.0001,-0.0004,0.0697,0.0535,0.0162,-0.0648,-0.0683,0.0075,-0.0697,0.0545,0.0233,-0.0880,-0.0732,0.0087,-0.0888,0.8429,0.2305,-0.0015,-0.0650,0.0503,-0.4177,-0.0358,0.0410,0.0482,0.4421,-0.0182,-0.0571,0.0298,-0.3345,0.0031,-0.0267,0.0651,0.0671,0.0421,0.0375,0.1878,0.1379
866,0.843902,0.1094,-0.1438,0.2875,0.2484,-0.0301,-0.1330,0.2329,-0.1479,0.0014,-0.3531,-0.1904,0.1111,0.4890,0.3439,-0.2892,-0.0092,-0.1948,0.1850,-0.0648,-0.2327,0.0133,0.1151,0.1550,-0.0947,-0.1756,-0.1548,-0.0474,0.0471,0.0673,-0.0000,-0.0000,-0.0641,-0.0459,-0.1649,0.0001,-0.0168,-0.0345,0.0987,-0.3928,-0.3317,0.1082,0.1576,0.2361,0.9887,0.0000,0.1501,-0.1501,-0.0020,0.9887,0.0608,-0.0019,0.1482,-0.0872,0.0279,0.1458,-0.0872,0.0279,0.1458,0.0892,-0.0076,0.1487,-0.1252,0.0478,0.0905,0.1289,-0.0123,0.0912,0.0489,0.0040,-0.1895,-0.0962,0.0031,-0.1895,0.0001,-0.0005,0.0697,0.0537,0.0161,-0.0648,-0.0681,0.0074,-0.0698,0.0548,0.0231,-0.0880,-0.0729,0.0085,-0.0889,0.8439,0.2462,-0.0111,-0.0713,0.0235,-0.4351,-0.0369,0.0442,0.0496,0.4021,-0.0036,-0.0682,0.0470,-0.4118,-0.0031,-0.0303,0.0518,0.0002,0.0133,0.0679,0.1908,0.1860
867,0.844878,0.1109,-0.1415,0.2862,0.2460,-0.0322,-0.1336,0.2336,-0.1470,0.0014,-0.3531,-0.1915,0.1105,0.4865,0.3439,-0.2894,-0.0099,-0.1932,0.1901,-0.0613,-0.2306,0.0167,0.1351,0.2339,-0.1056,-0.1817,-0.1671,-0.0497,0.0631,0.0823,-0.0000,-0.0001,-0.1143,-0.0505,-0.2641,0.0003,-0.0258,-0.0557,0.0793,1.6866,1.6631,0.1550,0.3128,0.2362,0.9886,0.0000,0.1508,-0.1508,-0.0023,0.9886,0.0607,-0.0022,0.1482,-0.0873,0.0278,0.1459,-0.0873,0.0278,0.1459,0.0891,-0.0079,0.1487,-0.1252,0.0479,0.0906,0.1288,-0.0125,0.0912,0.0494,0.0039,-0.1896,-0.0958,0.0030,-0.1896,0.0000,-0.0005,0.0697,0.0537,0.0159,-0.0648,-0.0680,0.0074,-0.0698,0.0549,0.0229,-0.0881,-0.0728,0.0085,-0.0889,0.8449,0.1894,-0.0201,-0.0442,0.0453,-0.3764,-0.0261,0.0478,0.0526,0.4019,-0.0188,-0.0329,0.0011,-0.3052,0.0027,-0.0192,0.0767,0.0534,0.0402,0.0165,0.1647,0.1003
868,0.845854,0.1129,-0.1387,0.2845,0.2425,-0.0352,-0.1344,0.2346,-0.1455,0.0014,-0.3531,-0.1926,0.1094,0.4830,0.3439,-0.2897,-0.0105,-0.1916,0.1974,-0.0549,-0.2288,0.0195,0.0866,0.0899,-0.0634,-0.1773,-0.1503,-0.0282,0.0511,0.0693,-0.0000,0.0001,-0.0189,-0.0727,-0.1312,-0.0001,-0.0074,-0.0104,0.0899,0.0212,-0.0132,0.0773,0.1055,0.2363,0.9885,-0.0000,0.1515,-0.1515,-0.0028,0.9885,0.0609,-0.0024,0.1482,-0.0871,0.0276,0.1459,-0.0871,0.0276,0.1459,0.0893,-0.0082,0.1486,-0.1250,0.0479,0.0907,0.1290,-0.0127,0.0912,0.0499,0.0038,-0.1897,-0.0953,0.0029,-0.1897,0.0002,-0.0006,0.0697,0.0540,0.0158,-0.0649,-0.0677,0.0073,-0.0699,0.0552,0.0227,-0.0882,-0.0724,0.0084,-0.0890,0.8459,0.2470,-0.0083,-0.0734,0.0329,-0.4318,-0.0342,0.0425,0.0498,0.4362,-0.0088,-0.0674,0.0473,-0.3953,-0.0028,-0.0309,0.0629,0.0081,0.0284,0.0606,0.1955,0.1824
869,0.846829,0.1145,-0.1365,0.2834,0.2398,-0.0376,-0.1348,0.2354,-0.1445,0.0014,-0.3531,-0.1935,0.1084,0.4804,0.3439,-0.2899,-0.0110,-0.1903,0.1988,-0.0527,-0.2271,0.0223,0.1281,0.2098,-0.0949,-0.1931,-0.1736,-0.0358,0.0516,0.0727,-0.0000,-0.0000,-0.1003,-0.0468,-0.2252,-0.0001,-0.0168,-0.0532,0.0773,-0.5324,-0.4463,0.1472,0.2468,0.2364,0.9884,0.0000,0.1521,-0.1521,-0.0031,0.9884,0.0608,-0.0027,0.1482,-0.0872,0.0275,0.1460,-0.0872,0.0275,0.1460,0.0892,-0.0085,0.1486,-0.1251,0.0479,0.0909,0.1289,-0.0128,0.0911,0.0504,0.0037,-0.1898,-0.0948,0.0028,-0.1898,0.0001,-0.0006,0.0697,0.0540,0.0156,-0.0650,-0.0676,0.0073,-0.0699,0.0553,0.0225,-0.0882,-0.0723,0.0083,-0.0890,0.8468,0.2501,-0.0144,-0.0728,0.0136,-0.4362,-0.0346,0.0454,0.0500,0.4174,-0.0025,-0.0703,0.0472,-0.4286,-0.0065,-0.0314,0.0603,-0.0144,0.0095,0.0678,0.1887,0.1886
870,0.847805,0.1168,-0.1327,0.2814,0.2360,-0.0409,-0.1356,0.2364,-0.1431,0.0014,-0.3531,-0.1951,0.1074,0.4761,0.3439,-0.2903,-0.0119,-0.1890,0.1892,-0.0619,-0.2246,0.0265,0.1197,0.2055,-0.1229,-0.2096,-0.1845,-0.0445,0.0608,0.0826,-0.0000,-0.0001,-0.0876,-0.0539,-0.2520,-0.0019,-0.0278,-0.0523,0.0781,0.0464,0.0345,0.1166,0.2173,0.2366,0.9882,-0.0000,0.1530,-0.1530,-0.0036,0.9882,0.0608,-0.0031,0.1482,-0.0871,0.0273,0.1461,-0.0871,0.0273,0.1461,0.0892,-0.0089,0.1486,-0.1250,0.0480,0.0910,0.1290,-0.0130,0.0911,0.0510,0.0035,-0.1899,-0.0943,0.0026,-0.1899,0.0001,-0.0007,0.0697,0.0542,0.0154,-0.0650,-0.0674,0.0072,-0.0699,0.0556,0.0222,-0.0883,-0.0720,0.0082,-0.0891,0.8478,0.2507,-0.0086,-0.0739,0.0243,-0.4268,-0.0341,0.0420,0.0474,0.4625,-0.0079,-0.0692,0.0488,-0.3967,-0.0039,-0.0338,0.0607,0.0127,0.0288,0.0616,0.1987,0.1824
871,0.848781,0.1191,-0.1290,0.2791,0.2320,-0.0445,-0.1364,0.2375,-0.1415,0.0014,-0.3531,-0.1967,0.1065,0.4717,0.3439,-0.2908,-0.0129,-0.1874,0.1885,-0.0620,-0.2222,0.0305,0.1223,0.1941,-0.1194,-0.2147,-0.1926,-0.0414,0.0516,0.0764,0.0000,0.0000,-0.0813,-0.0415,-0.2139,-0.0005,-0.0283,-0.0581,0.0877,-0.7432,-0.6039,0.1279,0.2065,0.2367,0.9881,-0.0000,0.1539,-0.1539,-0.0041,0.9881,0.0610,-0.0034,0.1481,-0.0869,0.0271,0.1462,-0.0869,0.0271,0.1462,0.0894,-0.0093,0.1485,-0.1248,0.0480,0.0911,0.1292,-0.0132,0.0910,0.0517,0.0033,-0.1900,-0.0936,0.0025,-0.1900,0.0003,-0.0008,0.0697,0.0545,0.0152,-0.0651,-0.0671,0.0071,-0.0700,0.0559,0.0219,-0.0884,-0.0716,0.0081,-0.0891,0.8488,0.2494,-0.0232,-0.0707,0.0125,-0.4307,-0.0366,0.0453,0.0490,0.4181,0.0000,-0.0705,0.0530,-0.4410,-0.0075,-0.0323,0.0610,-0.0341,0.0061,0.0735,0.1826,0.1905
872,0.849756,0.1207,-0.1263,0.2776,0.2292,-0.0470,-0.1369,0.2382,-0.1405,0.0014,-0.3531,-0.1979,0.1059,0.4686,0.3439,-0.2912,-0.0137,-0.1863,0.1859,-0.0651,-0.2205,0.0335,0.1325,0.2322,-0.1217,-0.2222,-0.2010,-0.0445,0.0600,0.0815,-0.0000,-0.0000,-0.1054,-0.0638,-0.2791,-0.0002,-0.0260,-0.0574,0.0833,-0.6638,-1.0792,0.1437,0.2791,0.2368,0.9880,0.0000,0.1544,-0.1544,-0.0044,0.9880,0.0609,-0.0037,0.1482,-0.0870,0.0270,0.1463,-0.0870,0.0270,0.1463,0.0893,-0.0096,0.1485,-0.1248,0.0480,0.0913,0.1291,-0.0134,0.0911,0.0522,0.0031,-0.1901,-0.0932,0.0023,-0.1901,0.0001,-0.0008,0.0697,0.0545,0.0150,-0.0651,-0.0670,0.0071,-0.0700,0.0561,0.0216,-0.0885,-0.0715,0.0080,-0.0891,0.8498,0.2431,-0.0289,-0.0664,0.0328,-0.4280,-0.0384,0.0418,0.0475,0.3981,-0.0004,-0.0666,0.0483,-0.4276,-0.0077,-0.0325,0.0663,-0.0321,0.0123,0.0670,0.1786,0.1635
873,0.850732,0.1226,-0.1228,0.2754,0.2253,-0.0504,-0.1378,0.2392,-0.1391,0.0014,-0.3531,-0.1994,0.1049,0.4641,0.3438,-0.2917,-0.0147,-0.1849,0.1790,-0.0737,-0.2184,0.0372,0.1009,0.1853,-0.1107,-0.2064,-0.1830,-0.0519,0.0543,0.0737,-0.0000,-0.0000,-0.0801,-0.0495,-0.2444,-0.0036,-0.0303,-0.0587,0.0787,-0.0559,0.1192,0.1020,0.1942,0.2369,0.9879,0.0000,0.1549,-0.1549,-0.0049,0.9879,0.0609,-0.0040,0.1481,-0.0869,0.0269,0.1464,-0.0869,0.0269,0.1464,0.0893,-0.0100,0.1485,-0.1247,0.0481,0.0914,0.1292,-0.0135,0.0910,0.0529,0.0029,-0.1902,-0.0925,0.0021,-0.1902,0.0002,-0.0008,0.0697,0.0548,0.0148,-0.0652,-0.0667,0.0070,-0.0700,0.0563,0.0213,-0.0885,-0.0712,0.0079,-0.0892,0.8507,0.2535,-0.0113,-0.0755,0.0127,-0.4144,-0.0346,0.0411,0.0444,0.4923,-0.0022,-0.0694,0.0590,-0.4074,-0.0040,-0.0376,0.0603,0.0062,0.0305,0.0686,0.1980,0.1939
874,0.851707,0.1246,-0.1194,0.2735,0.2216,-0.0538,-0.1386,0.2402,-0.1378,0.0014,-0.3531,-0.2009,0.1041,0.4599,0.3438,-0.2923,-0.0159,-0.1834,0.1696,-0.0804,-0.2160,0.0412,0.1291,0.2136,-0.1204,-0.2236,-0.2001,-0.0451,0.0598,0.0802,-0.0000,-0.0000,-0.0896,-0.0386,-0.2475,-0.0008,-0.0382,-0.0817,0.1061,-0.7512,-0.3206,0.1491,0.2386,0.2370,0.9879,-0.0000,0.1554,-0.1554,-0.0052,0.9878,0.0611,-0.0043,0.1481,-0.0867,0.0268,0.1464,-0.0867,0.0268,0.1464,0.0894,-0.0103,0.1484,-0.1245,0.0481,0.0915,0.1293,-0.0137,0.0910,0.0536,0.0027,-0.1903,-0.0919,0.0019,-0.1903,0.0003,-0.0009,0.0697,0.0550,0.0146,-0.0653,-0.0664,0.0068,-0.0701,0.0567,0.0211,-0.0886,-0.0708,0.0078,-0.0893,0.8517,0.2516,-0.0240,-0.0714,0.0017,-0.4092,-0.0359,0.0438,0.0445,0.4673,0.0048,-0.0723,0.0663,-0.4428,-0.0073,-0.0366,0.0590,-0.0357,0.0116,0.0797,0.1857,0.2031
875,0.852683,0.1269,-0.1152,0.2711,0.2184,-0.0567,-0.1393,0.2411,-0.1367,0.0014,-0.3531,-0.2022,0.1036,0.4562,0.3438,-0.2929,-0.0171,-0.1820,0.1741,-0.0731,-0.2141,0.0447,0.1060,0.2063,-0.1205,-0.2194,-0.1983,-0.0452,0.0600,0.0790,-0.0000,-0.0000,-0.0953,-0.0374,-0.2694,-0.0006,-0.0364,-0.0825,0.0843,0.3334,-0.1667,0.1368,0.2502,0.2371,0.9878,-0.0000,0.1559,-0.1559,-0.0057,0.9878,0.0611,-0.0047,0.1481,-0.0866,0.0266,0.1465,-0.0866,0.0266,0.1465,0.0895,-0.0107,0.1484,-0.1244,0.0482,0.0917,0.1294,-0.0139,0.0910,0.0543,0.0025,-0.1905,-0.0912,0.0017,-0.1905,0.0004,-0.0009,0.0697,0.0553,0.0143,-0.0654,-0.0662,0.0067,-0.0701,0.0570,0.0207,-0.0887,-0.0705,0.0076,-0.0893,0.8527,0.2488,-0.0150,-0.0738,0.0390,-0.4206,-0.0320,0.0367,0.0444,0.5166,-0.0053,-0.0698,0.0619,-0.3829,-0.0065,-0.0387,0.0709,0.0155,0.0420,0.0554,0.2018,0.1598
876,0.853659,0.1284,-0.1125,0.2695,0.2142,-0.0604,-0.1401,0.2422,-0.1352,0.0014,-0.3531,-0.2039,0.1029,0.4514,0.3437,-0.2936,-0.0187,-0.1803,0.1723,-0.0718,-0.2116,0.0488,0.1163,0.1883,-0.1184,-0.2257,-0.1960,-0.0417,0.0537,0.0730,-0.0000,-0.0000,-0.0885,-0.0375,-0.2226,-0.0027,-0.0386,-0.0796,0.0996,0.2553,-0.3237,0.1393,0.1781,0.2372,0.9877,-0.0000,0.1562,-0.1561,-0.0060,0.9877,0.0611,-0.0049,0.1481,-0.0866,0.0266,0.1466,-0.0866,0.0266,0.1466,0.0895,-0.0109,0.1484,-0.1244,0.0483,0.0918,0.1294,-0.0140,0.0910,0.0548,0.0023,-0.1906,-0.0907,0.0015,-0.1906,0.0004,-0.0009,0.0697,0.0554,0.0141,-0.0654,-0.0660,0.0067,-0.0701,0.0572,0.0204,-0.0888,-0.0702,0.0075,-0.0894,0.8537,0.2468,-0.0173,-0.0740,0.0451,-0.4286,-0.0320,0.0379,0.0461,0.5201,-0.0048,-0.0699,0.0663,-0.3877,-0.0081,-0.0392,0.0710,0.0068,0.0411,0.0542,0.2020,0.1535
877,0.854634,0.1307,-0.1088,0.2672,0.2100,-0.0641,-0.1409,0.2431,-0.1339,0.0014,-0.3531,-0.2055,0.1024,0.4473,0.3437,-0.2943,-0.0202,-0.1785,0.1747,-0.0786,-0.2089,0.0524,0.1129,0.1940,-0.1236,-0.2181,-0.1938,-0.0369,0.0459,0.0661,0.0000,0.0000,-0.0821,-0.0238,-0.2179,-0.0009,-0.0456,-0.0843,0.0923,-1.1120,0.3663,0.1322,0.1790,0.2373,0.9876,0.0000,0.1567,-0.1567,-0.0066,0.9876,0.0612,-0.0052,0.1480,-0.0865,0.0264,0.1467,-0.0865,0.0264,0.1467,0.0895,-0.0113,0.1483,-0.1242,0.0483,0.0920,0.1295,-0.0142,0.0909,0.0555,0.0020,-0.1907,-0.0900,0.0012,-0.1907,0.0004,-0.0010,0.0697,0.0556,0.0138,-0.0655,-0.0657,0.0065,-0.0702,0.0575,0.0201,-0.0889,-0.0699,0.0074,-0.0894,0.8546,0.2430,-0.0358,-0.0643,-0.0363,-0.3505,-0.0313,0.0468,0.0412,0.4952,0.0142,-0.0642,0.0745,-0.4530,-0.0066,-0.0346,0.0770,-0.0538,0.0054,0.0850,0.1643,0.2276
878,0.855610,0.1326,-0.1052,0.2651,0.2065,-0.0674,-0.1415,0.2442,-0.1325,0.0014,-0.3530,-0.2069,0.1019,0.4440,0.3437,-0.2949,-0.0213,-0.1774,0.1769,-0.0755,-0.2072,0.0558,0.1014,0.2115,-0.1145,-0.2059,-0.1879,-0.0329,0.0757,0.0877,-0.0000,0.0119,-0.0758,-0.0620,-0.3347,-0.0015,-0.0381,-0.0751,0.0893,0.8472,0.5981,0.1457,0.3971,0.2375,0.9876,-0.0000,0.1569,-0.1569,-0.0069,0.9876,0.0612,-0.0055,0.1480,-0.0864,0.0263,0.1468,-0.0864,0.0263,0.1468,0.0895,-0.0116,0.1483,-0.1242,0.0483,0.0921,0.1296,-0.0143,0.0909,0.0562,0.0017,-0.1908,-0.0894,0.0010,-0.1908,0.0004,-0.0010,0.0697,0.0558,0.0136,-0.0656,-0.0655,0.0065,-0.0702,0.0577,0.0197,-0.0890,-0.0696,0.0072,-0.0895,0.8556,0.2365,-0.0184,-0.0717,0.0259,-0.3931,-0.0284,0.0365,0.0451,0.5203,-0.0056,-0.0596,0.0656,-0.3519,-0.0066,-0.0367,0.0984,0.0504,0.0518,0.0479,0.1811,0.1377
879,0.856585,0.1339,-0.1027,0.2635,0.2032,-0.0701,-0.1420,0.2452,-0.1313,0.0014,-0.3529,-0.2079,0.1011,0.4390,0.3437,-0.2955,-0.0227,-0.1757,0.1766,-0.0746,-0.2048,0.0600,0.1032,0.1543,-0.1096,-0.2179,-0.1893,-0.0352,0.0558,0.0748,-0.0000,0.0023,-0.0695,-0.0420,-0.2047,-0.0021,-0.0385,-0.0692,0.1199,0.5546,0.7358,0.1239,0.1606,0.2375,0.9876,-0.0000,0.1569,-0.1569,-0.0073,0.9876,0.0611,-0.0057,0.1480,-0.0864,0.0263,0.1468,-0.0864,0.0263,0.1468,0.0895,-0.0118,0.1482,-0.1242,0.0485,0.0922,0.1296,-0.0144,0.0909,0.0567,0.0015,-0.1908,-0.0889,0.0008,-0.1909,0.0004,-0.0010,0.0697,0.0559,0.0134,-0.0656,-0.0654,0.0064,-0.0702,0.0579,0.0195,-0.0890,-0.0694,0.0071,-0.0895,0.8566,0.2366,-0.0103,-0.0730,0.0194,-0.3966,-0.0292,0.0391,0.0479,0.5220,-0.0031,-0.0581,0.0695,-0.3531,-0.0057,-0.0392,0.0891,0.0636,0.0522,0.0563,0.1878,0.1412
880,0.857561,0.1361,-0.0994,0.2613,0.1990,-0.0738,-0.1426,0.2462,-0.1299,0.0014,-0.3529,-0.2092,0.1005,0.4350,0.3436,-0.2963,-0.0242,-0.1733,0.1802,-0.0719,-0.2028,0.0624,0.1121,0.1724,-0.1174,-0.2195,-0.1935,-0.0312,0.0504,0.0719,-0.0000,0.0003,-0.0635,-0.0224,-0.2006,-0.0007,-0.0444,-0.0807,0.1220,-0.3814,-0.4361,0.1470,0.1708,0.2376,0.9875,-0.0000,0.1574,-0.1574,-0.0079,0.9875,0.0613,-0.0060,0.1480,-0.0862,0.0261,0.1469,-0.0862,0.0261,0.1469,0.0896,-0.0122,0.1482,-0.1240,0.0485,0.0924,0.1297,-0.0146,0.0908,0.0574,0.0013,-0.1909,-0.0882,0.0005,-0.1910,0.0005,-0.0010,0.0697,0.0562,0.0131,-0.0657,-0.0651,0.0063,-0.0703,0.0582,0.0192,-0.0891,-0.0691,0.0070,-0.0896,0.8576,0.2413,-0.0291,-0.0728,0.0431,-0.4109,-0.0285,0.0370,0.0462,0.5206,-0.0012,-0.0726,0.0845,-0.4132,-0.0118,-0.0375,0.0844,-0.0384,0.0297,0.0600,0.1809,0.1599
881,0.858537,0.1376,-0.0968,0.2597,0.1961,-0.0765,-0.1430,0.2469,-0.1290,0.0014,-0.3528,-0.2104,0.1003,0.4320,0.3436,-0.2968,-0.0254,-0.1720,0.1837,-0.0684,-0.2003,0.0658,0.1001,0.2094,-0.1229,-0.2059,-0.1861,-0.0303,0.0505,0.0664,-0.0000,0.0001,-0.1006,-0.0094,-0.2482,-0.0049,-0.0388,-0.0916,0.0591,0.3286,-0.1616,0.1296,0.2092,0.2377,0.9875,0.0000,0.1578,-0.1578,-0.0084,0.9874,0.0612,-0.0063,0.1480,-0.0863,0.0260,0.1470,-0.0863,0.0260,0.1470,0.0895,-0.0125,0.1481,-0.1240,0.0485,0.0926,0.1297,-0.0147,0.0908,0.0579,0.0011,-0.1910,-0.0878,0.0003,-0.1910,0.0004,-0.0010,0.0697,0.0562,0.0130,-0.0657,-0.0650,0.0062,-0.0703,0.0583,0.0189,-0.0892,-0.0689,0.0069,-0.0896,0.8585,0.2412,-0.0188,-0.0741,0.0517,-0.4207,-0.0294,0.0359,0.0511,0.5330,-0.0055,-0.0659,0.0776,-0.3756,-0.0087,-0.0407,0.0913,0.0232,0.0495,0.0533,0.1938,0.1312
882,0.859512,0.1394,-0.0933,0.2573,0.1920,-0.0800,-0.1436,0.2479,-0.1276,0.0014,-0.3528,-0.2119,0.0999,0.4275,0.3435,-0.2976,-0.0270,-0.1705,0.1846,-0.0651,-0.1978,0.0691,0.1023,0.1770,-0.1208,-0.2176,-0.1901,-0.0315,0.0533,0.0726,-0.0000,-0.0000,-0.0760,-0.0154,-0.2146,-0.0054,-0.0437,-0.0843,0.0969,0.3474,-0.0444,0.1338,0.1624,0.2378,0.9874,0.0000,0.1583,-0.1583,-0.0090,0.9874,0.0614,-0.0066,0.1479,-0.0861,0.0258,0.1471,-0.0861,0.0258,0.1471,0.0897,-0.0128,0.1481,-0.1238,0.0485,0.0927,0.1299,-0.0149,0.0908,0.0586,0.0009,-0.1911,-0.0871,0.0001,-0.1911,0.0006,-0.0011,0.0697,0.0565,0.0127,-0.0658,-0.0646,0.0061,-0.0703,0.0587,0.0186,-0.0892,-0.0685,0.0068,-0.0896,0.8595,0.2359,-0.0166,-0.0741,0.0553,-0.4171,-0.0263,0.0366,0.0528,0.5360,-0.0060,-0.0635,0.0788,-0.3684,-0.0091,-0.0410,0.0952,0.0258,0.0541,0.0505,0.1919,0.1242
883,0.860488,0.1408,-0.0909,0.2558,0.1892,-0.0824,-0.1440,0.2486,-0.1267,0.0014,-0.3528,-0.2129,0.0998,0.4247,0.3435,-0.2982,-0.0281,-0.1692,0.1910,-0.0636,-0.1960,0.0712,0.1110,0.1920,-0.1225,-0.2115,-0.1796,-0.0295,0.0606,0.0768,-0.0000,-0.0001,-0.0836,-0.0155,-0.2351,-0.0066,-0.0482,-0.0842,0.1102,1.8872,0.5785,0.1531,0.1729,0.2379,0.9873,-0.0000,0.1588,-0.1587,-0.0094,0.9873,0.0613,-0.0069,0.1479,-0.0862,0.0257,0.1472,-0.0862,0.0257,0.1472,0.0896,-0.0131,0.1480,-0.1239,0.0486,0.0929,0.1298,-0.0151,0.0908,0.0590,0.0008,-0.1912,-0.0867,-0.0000,-0.1912,0.0004,-0.0011,0.0697,0.0565,0.0125,-0.0658,-0.0646,0.0061,-0.0703,0.0587,0.0184,-0.0893,-0.0684,0.0068,-0.0896,0.8605,0.1961,-0.0318,-0.0596,0.0372,-0.3647,-0.0212,0.0353,0.0535,0.4737,-0.0066,-0.0430,0.0611,-0.3101,-0.0040,-0.0311,0.1213,0.0543,0.0499,0.0412,0.1555,0.0994
884,0.861463,0.1425,-0.0883,0.2536,0.1852,-0.0859,-0.1444,0.2496,-0.1253,0.0014,-0.3528,-0.2139,0.0993,0.4213,0.3434,-0.2990,-0.0293,-0.1671,0.1973,-0.0626,-0.1939,0.0735,0.0753,0.1070,-0.1039,-0.2124,-0.1877,-0.0160,0.0450,0.0721,-0.0000,0.0001,-0.0345,-0.0274,-0.1512,-0.0013,-0.0268,-0.0460,0.1096,-0.8189,-0.1557,0.1039,0.1166,0.2379,0.9872,-0.0000,0.1593,-0.1593,-0.0101,0.9872,0.0614,-0.0072,0.1478,-0.0860,0.0255,0.1473,-0.0860,0.0255,0.1473,0.0897,-0.0135,0.1479,-0.1237,0.0486,0.0931,0.1299,-0.0153,0.0907,0.0596,0.0006,-0.1913,-0.0861,-0.0002,-0.1913,0.0005,-0.0012,0.0697,0.0567,0.0124,-0.0659,-0.0643,0.0060,-0.0703,0.0590,0.0181,-0.0894,-0.0681,0.0067,-0.0897,0.8615,0.2225,-0.0435,-0.0652,0.0374,-0.3709,-0.0182,0.0408,0.0480,0.5292,0.0081,-0.0640,0.0825,-0.4208,-0.0119,-0.0359,0.0940,-0.0757,0.0272,0.0547,0.1682,0.1673
885,0.862439,0.1441,-0.0850,0.2516,0.1816,-0.0892,-0.1447,0.2506,-0.1239,0.0014,-0.3528,-0.2152,0.0991,0.4170,0.3434,-0.2995,-0.0307,-0.1658,0.1971,-0.0614,-0.1915,0.0773,0.0703,0.1703,-0.1110,-0.1789,-0.1547,-0.0075,0.0637,0.0715,-0.0000,0.0000,-0.0687,-0.0115,-0.2468,-0.0038,-0.0356,-0.0793,0.0425,0.1924,0.5351,0.1179,0.1866,0.2380,0.9871,-0.0000,0.1599,-0.1599,-0.0106,0.9871,0.0616,-0.0074,0.1478,-0.0858,0.0254,0.1474,-0.0858,0.0254,0.1474,0.0899,-0.0137,0.1479,-0.1235,0.0486,0.0932,0.1301,-0.0154,0.0906,0.0602,0.0004,-0.1913,-0.0855,-0.0003,-0.1913,0.0007,-0.0012,0.0697,0.0570,0.0121,-0.0659,-0.0640,0.0060,-0.0703,0.0593,0.0179,-0.0894,-0.0678,0.0066,-0.0897,0.8624,0.2214,-0.0201,-0.0696,0.0336,-0.3731,-0.0227,0.0427,0.0560,0.5577,0.0027,-0.0536,0.0741,-0.3612,-0.0092,-0.0401,0.0943,0.0262,0.0491,0.0452,0.1832,0.1322
886,0.863415,0.1452,-0.0827,0.2500,0.1788,-0.0915,-0.1448,0.2516,-0.1228,0.0014,-0.3528,-0.2161,0.0988,0.4137,0.3433,-0.3001,-0.0318,-0.1647,0.1975,-0.0599,-0.1896,0.0797,0.0991,0.1629,-0.1132,-0.2165,-0.1812,-0.0115,0.0659,0.0820,-0.0000,0.0000,-0.0560,-0.0210,-0.2218,-0.0027,-0.0405,-0.0818,0.1149,-0.8709,-0.5526,0.1537,0.1582,0.2381,0.9871,-0.0000,0.1602,-0.1602,-0.0109,0.9870,0.0615,-0.0077,0.1478,-0.0859,0.0253,0.1475,-0.0859,0.0253,0.1475,0.0898,-0.0140,0.1478,-0.1235,0.0486,0.0933,0.1301,-0.0155,0.0906,0.0607,0.0003,-0.1914,-0.0850,-0.0005,-0.1914,0.0006,-0.0012,0.0697,0.0571,0.0120,-0.0660,-0.0639,0.0060,-0.0703,0.0595,0.0176,-0.0895,-0.0676,0.0065,-0.0897,0.8634,0.2145,-0.0514,-0.0642,0.0563,-0.3560,-0.0166,0.0374,0.0457,0.5311,0.0112,-0.0631,0.0836,-0.4132,-0.0137,-0.0337,0.0937,-0.0971,0.0300,0.0491,0.1628,0.1564
887,0.864390,0.1468,-0.0796,0.2479,0.1755,-0.0945,-0.1450,0.2525,-0.1216,0.0014,-0.3528,-0.2174,0.0986,0.4096,0.3432,-0.3007,-0.0332,-0.1634,0.1862,-0.0674,-0.1874,0.0833,0.0645,0.1718,-0.1159,-0.1575,-0.1402,-0.0072,0.0548,0.0590,-0.0003,0.0029,-0.0766,-0.0032,-0.2421,-0.0098,-0.0340,-0.0801,0.0387,-0.1557,-0.0182,0.1076,0.1905,0.2382,0.9870,-0.0000,0.1607,-0.1607,-0.0113,0.9869,0.0615,-0.0080,0.1478,-0.0858,0.0251,0.1476,-0.0858,0.0251,0.1476,0.0898,-0.0143,0.1478,-0.1235,0.0486,0.0935,0.1302,-0.0157,0.0906,0.0613,0.0001,-0.1915,-0.0845,-0.0006,-0.1915,0.0006,-0.0013,0.0697,0.0572,0.0117,-0.0660,-0.0637,0.0059,-0.0704,0.0597,0.0173,-0.0895,-0.0673,0.0065,-0.0898,0.8644,0.2172,-0.0354,-0.0681,0.0647,-0.3705,-0.0167,0.0363,0.0502,0.5782,0.0024,-0.0637,0.0864,-0.3763,-0.0131,-0.0367,0.0931,-0.0354,0.0470,0.0401,0.1786,0.1277
888,0.865366,0.1483,-0.0764,0.2457,0.1720,-0.0975,-0.1451,0.2534,-0.1206,0.0014,-0.3528,-0.2185,0.0986,0.4062,0.3431,-0.3012,-0.0345,-0.1624,0.1855,-0.0705,-0.1854,0.0859,0.0848,0.1606,-0.1140,-0.1796,-0.1576,-0.0065,0.0602,0.0692,-0.0001,0.0007,-0.0776,-0.0032,-0.2196,-0.0114,-0.0383,-0.0881,0.0858,0.3427,0.2356,0.1324,0.1615,0.2382,0.9869,-0.0000,0.1611,-0.1611,-0.0117,0.9869,0.0616,-0.0083,0.1477,-0.0857,0.0249,0.1476,-0.0857,0.0249,0.1476,0.0899,-0.0146,0.1477,-0.1233,0.0486,0.0936,0.1303,-0.0158,0.0906,0.0619,-0.0001,-0.1915,-0.0839,-0.0008,-0.1916,0.0007,-0.0013,0.0697,0.0575,0.0115,-0.0661,-0.0634,0.0058,-0.0704,0.0600,0.0170,-0.0896,-0.0670,0.0064,-0.0898,0.8654,0.2075,-0.0245,-0.0674,0.0601,-0.3696,-0.0183,0.0396,0.0584,0.5695,-0.0008,-0.0565,0.0827,-0.3464,-0.0123,-0.0377,0.0963,0.0110,0.0553,0.0345,0.1774,0.1130
889,0.866341,0.1494,-0.0743,0.2442,0.1696,-0.0996,-0.1452,0.2544,-0.1195,0.0014,-0.3528,-0.2198,0.0985,0.4025,0.3429,-0.3019,-0.0360,-0.1608,0.1852,-0.0703,-0.1830,0.0886,0.0929,0.1591,-0.1152,-0.2021,-0.1692,-0.0032,0.0570,0.0730,-0.0000,0.0001,-0.0633,-0.0004,-0.2050,-0.0059,-0.0377,-0.0875,0.1242,-1.5448,-0.5269,0.1554,0.1384,0.2383,0.9869,0.0000,0.1614,-0.1614,-0.0120,0.9868,0.0616,-0.0085,0.1477,-0.0857,0.0248,0.1477,-0.0857,0.0248,0.1477,0.0899,-0.0149,0.1477,-0.1234,0.0487,0.0937,0.1303,-0.0159,0.0906,0.0623,-0.0002,-0.1916,-0.0835,-0.0009,-0.1916,0.0006,-0.0013,0.0697,0.0575,0.0113,-0.0661,-0.0634,0.0058,-0.0704,0.0601,0.0168,-0.0896,-0.0669,0.0064,-0.0898,0.8663,0.1870,-0.0600,-0.0562,0.0317,-0.2993,-0.0108,0.0381,0.0379,0.5104,0.0267,-0.0492,0.0768,-0.4034,-0.0130,-0.0293,0.0928,-0.1192,0.0229,0.0610,0.1372,0.1664
890,0.867317,0.1508,-0.0714,0.2421,0.1664,-0.1025,-0.1453,0.2553,-0.1183,0.0014,-0.3524,-0.2207,0.0985,0.3985,0.3428,-0.3025,-0.0376,-0.1594,0.1760,-0.0701,-0.1810,0.0923,0.0413,0.1451,-0.1051,-0.1345,-0.1216,-0.0026,0.0525,0.0501,-0.0004,0.0372,-0.0491,-0.0074,-0.2355,-0.0100,-0.0242,-0.0790,0.0267,0.3077,0.2459,0.0921,0.1916,0.2384,0.9868,-0.0000,0.1616,-0.1616,-0.0124,0.9868,0.0617,-0.0087,0.1477,-0.0856,0.0247,0.1478,-0.0856,0.0247,0.1478,0.0900,-0.0151,0.1477,-0.1232,0.0486,0.0938,0.1304,-0.0160,0.0905,0.0628,-0.0004,-0.1917,-0.0830,-0.0011,-0.1917,0.0008,-0.0014,0.0697,0.0577,0.0111,-0.0662,-0.0631,0.0058,-0.0704,0.0604,0.0165,-0.0897,-0.0666,0.0063,-0.0898,0.8673,0.2009,-0.0346,-0.0662,0.0641,-0.3486,-0.0172,0.0389,0.0560,0.5840,-0.0013,-0.0573,0.0896,-0.3417,-0.0133,-0.0338,0.1044,-0.0105,0.0600,0.0304,0.1645,0.1101
891,0.868293,0.1515,-0.0695,0.2407,0.1643,-0.1043,-0.1453,0.2562,-0.1174,0.0014,-0.3521,-0.2216,0.0984,0.3955,0.3426,-0.3029,-0.0387,-0.1586,0.1774,-0.0692,-0.1793,0.0944,0.0779,0.1330,-0.1046,-0.1740,-0.1436,-0.0040,0.0652,0.0737,-0.0001,0.0082,-0.0700,-0.0053,-0.1947,-0.0077,-0.0308,-0.0880,0.0997,-0.0354,0.6126,0.1315,0.1341,0.2384,0.9869,0.0000,0.1615,-0.1615,-0.0126,0.9868,0.0616,-0.0088,0.1477,-0.0856,0.0247,0.1478,-0.0856,0.0247,0.1478,0.0899,-0.0153,0.1476,-0.1233,0.0487,0.0939,0.1303,-0.0161,0.0905,0.0632,-0.0006,-0.1917,-0.0826,-0.0013,-0.1917,0.0007,-0.0013,0.0697,0.0577,0.0109,-0.0662,-0.0630,0.0058,-0.0704,0.0604,0.0163,-0.0897,-0.0665,0.0062,-0.0899,0.8683,0.1956,-0.0267,-0.0650,0.0555,-0.3469,-0.0065,0.0396,0.0546,0.5917,-0.0008,-0.0564,0.0868,-0.3334,-0.0105,-0.0361,0.1062,-0.0012,0.0600,0.0351,0.1704,0.1026
892,0.869268,0.1531,-0.0669,0.2387,0.1611,-0.1070,-0.1454,0.2572,-0.1162,0.0014,-0.3520,-0.2228,0.0983,0.3921,0.3425,-0.3035,-0.0403,-0.1568,0.1752,-0.0581,-0.1769,0.0968,0.0887,0.1474,-0.1139,-0.1801,-0.1516,-0.0014,0.0529,0.0649,-0.0000,0.0012,-0.0635,-0.0007,-0.1826,-0.0061,-0.0363,-0.0850,0.0996,0.4759,0.7558,0.1369,0.1270,0.2385,0.9868,0.0000,0.1618,-0.1618,-0.0131,0.9867,0.0617,-0.0091,0.1476,-0.0855,0.0245,0.1479,-0.0855,0.0245,0.1479,0.0900,-0.0155,0.1476,-0.1231,0.0487,0.0941,0.1305,-0.0162,0.0905,0.0637,-0.0008,-0.1918,-0.0821,-0.0015,-0.1918,0.0007,-0.0013,0.0697,0.0579,0.0107,-0.0662,-0.0628,0.0057,-0.0705,0.0607,0.0160,-0.0898,-0.0662,0.0061,-0.0899,0.8693,0.1846,-0.0206,-0.0629,0.0507,-0.3368,-0.0090,0.0436,0.0633,0.5904,-0.0048,-0.0488,0.0799,-0.3034,-0.0121,-0.0344,0.1129,0.0356,0.0667,0.0226,0.1673,0.0897
893,0.870244,0.1547,-0.0645,0.2366,0.1576,-0.1099,-0.1454,0.2583,-0.1149,0.0014,-0.3520,-0.2238,0.0983,0.3889,0.3424,-0.3041,-0.0418,-0.1547,0.1839,-0.0570,-0.1744,0.0990,0.0831,0.1192,-0.1056,-0.1877,-0.1603,-0.0003,0.0545,0.0728,0.0000,0.0002,-0.0446,-0.0001,-0.1514,-0.0072,-0.0301,-0.0774,0.1071,-0.3167,-0.5007,0.1296,0.1147,0.2385,0.9868,-0.0000,0.1621,-0.1621,-0.0137,0.9867,0.0618,-0.0094,0.1476,-0.0854,0.0244,0.1480,-0.0854,0.0244,0.1480,0.0901,-0.0158,0.1475,-0.1230,0.0487,0.0942,0.1306,-0.0163,0.0904,0.0642,-0.0010,-0.1918,-0.0815,-0.0017,-0.1918,0.0009,-0.0014,0.0697,0.0581,0.0105,-0.0663,-0.0626,0.0056,-0.0705,0.0609,0.0158,-0.0898,-0.0659,0.0060,-0.0899,0.8702,0.1882,-0.0392,-0.0660,0.1083,-0.3614,-0.0031,0.0321,0.0510,0.5878,0.0008,-0.0637,0.0873,-0.3384,-0.0165,-0.0330,0.1044,-0.0576,0.0626,0.0310,0.1675,0.0852
894,0.871220,0.1557,-0.0625,0.2351,0.1553,-0.1119,-0.1454,0.2589,-0.1141,0.0014,-0.3520,-0.2248,0.0983,0.3866,0.3422,-0.3046,-0.0429,-0.1537,0.1843,-0.0572,-0.1728,0.1007,0.0695,0.1467,-0.1168,-0.1607,-0.1400,-0.0001,0.0344,0.0402,0.0000,0.0001,-0.0804,-0.0001,-0.1743,-0.0092,-0.0269,-0.0836,0.0402,-0.9985,-0.9620,0.1180,0.1256,0.2385,0.9867,0.0000,0.1624,-0.1624,-0.0140,0.9866,0.0618,-0.0096,0.1476,-0.0854,0.0242,0.1481,-0.0854,0.0242,0.1481,0.0900,-0.0160,0.1475,-0.1230,0.0487,0.0943,0.1306,-0.0164,0.0904,0.0646,-0.0011,-0.1919,-0.0812,-0.0019,-0.1919,0.0008,-0.0014,0.0697,0.0582,0.0104,-0.0663,-0.0625,0.0056,-0.0705,0.0610,0.0156,-0.0899,-0.0658,0.0060,-0.0899,0.8712,0.1737,-0.0495,-0.0603,0.0974,-0.3282,-0.0017,0.0319,0.0440,0.5561,0.0156,-0.0543,0.0761,-0.3427,-0.0158,-0.0311,0.0991,-0.0870,0.0494,0.0414,0.1574,0.0981
895,0.872195,0.1567,-0.0601,0.2330,0.1527,-0.1141,-0.1454,0.2597,-0.1133,0.0014,-0.3519,-0.2259,0.0983,0.3833,0.3420,-0.3051,-0.0445,-0.1531,0.1859,-0.0570,-0.1707,0.1032,0.0466,0.1255,-0.1132,-0.1424,-0.1223,-0.0001,0.0405,0.0403,0.0000,0.0142,-0.0573,-0.0001,-0.1797,-0.0103,-0.0244,-0.0855,0.0243,-0.9068,-0.3576,0.1095,0.1280,0.2386,0.9867,0.0000,0.1624,-0.1624,-0.0143,0.9866,0.0618,-0.0097,0.1475,-0.0853,0.0241,0.1481,-0.0853,0.0241,0.1481,0.0901,-0.0163,0.1474,-0.1229,0.0487,0.0944,0.1307,-0.0165,0.0904,0.0650,-0.0013,-0.1919,-0.0807,-0.0020,-0.1919,0.0008,-0.0014,0.0697,0.0583,0.0102,-0.0664,-0.0623,0.0055,-0.0705,0.0612,0.0153,-0.0899,-0.0656,0.0059,-0.0899,0.8722,0.1744,-0.0455,-0.0613,0.0871,-0.3252,0.0001,0.0357,0.0472,0.5843,0.0122,-0.0548,0.0799,-0.3374,-0.0149,-0.0310,0.1067,-0.0686,0.0539,0.0413,0.1564,0.0948
896,0.873171,0.1577,-0.0578,0.2309,0.1500,-0.1164,-0.1454,0.2606,-0.1124,0.0014,-0.3517,-0.2270,0.0983,0.3799,0.3418,-0.3055,-0.0461,-0.1523,0.1863,-0.0573,-0.1686,0.1056,0.0522,0.1165,-0.1050,-0.1346,-0.1132,0.0001,0.0501,0.0504,-0.0000,0.0025,-0.0562,-0.0000,-0.1737,-0.0137,-0.0264,-0.0821,0.0451,0.8879,0.5185,0.1027,0.1200,0.2386,0.9867,0.0000,0.1623,-0.1623,-0.0146,0.9866,0.0619,-0.0099,0.1475,-0.0852,0.0240,0.1482,-0.0852,0.0240,0.1482,0.0902,-0.0165,0.1474,-0.1228,0.0487,0.0945,0.1308,-0.0165,0.0904,0.0655,-0.0015,-0.1919,-0.0803,-0.0022,-0.1920,0.0009,-0.0014,0.0697,0.0585,0.0100,-0.0664,-0.0621,0.0055,-0.0705,0.0614,0.0150,-0.0900,-0.0653,0.0058,-0.0900,0.8732,0.1620,-0.0173,-0.0605,0.0448,-0.2995,-0.0130,0.0481,0.0718,0.5799,-0.0002,-0.0380,0.0739,-0.2654,-0.0142,-0.0318,0.1198,0.0581,0.0654,0.0129,0.1444,0.0782
897,0.874146,0.1586,-0.0563,0.2294,0.1478,-0.1182,-0.1454,0.2615,-0.1114,0.0014,-0.3517,-0.2276,0.0983,0.3775,0.3416,-0.3059,-0.0473,-0.1511,0.1890,-0.0604,-0.1670,0.1072,0.0753,0.0872,-0.0987,-0.1695,-0.1386,-0.0001,0.0685,0.0853,0.0000,0.0006,-0.0265,0.0001,-0.1392,-0.0098,-0.0246,-0.0773,0.1317,-0.6022,-0.5961,0.1149,0.0891,0.2387,0.9867,-0.0000,0.1623,-0.1622,-0.0149,0.9866,0.0619,-0.0101,0.1475,-0.0852,0.0240,0.1482,-0.0852,0.0240,0.1482,0.0901,-0.0166,0.1473,-0.1228,0.0488,0.0946,0.1308,-0.0166,0.0903,0.0658,-0.0017,-0.1920,-0.0799,-0.0024,-0.1920,0.0009,-0.0014,0.0697,0.0585,0.0098,-0.0664,-0.0620,0.0054,-0.0705,0.0615,0.0148,-0.0900,-0.0652,0.0058,-0.0900,0.8741,0.1729,-0.0446,-0.0625,0.1241,-0.3556,0.0029,0.0314,0.0519,0.5901,0.0039,-0.0601,0.0857,-0.3186,-0.0157,-0.0314,0.1119,-0.0601,0.0636,0.0330,0.1660,0.0652
898,0.875122,0.1603,-0.0543,0.2273,0.1442,-0.1213,-0.1454,0.2628,-0.1097,0.0014,-0.3517,-0.2283,0.0983,0.3746,0.3414,-0.3065,-0.0489,-0.1484,0.1870,-0.0600,-0.1646,0.1092,0.0693,0.0839,-0.0848,-0.1460,-0.1216,-0.0012,0.0569,0.0716,-0.0000,0.0000,-0.0260,-0.0001,-0.1214,-0.0103,-0.0236,-0.0634,0.1047,0.1174,0.4034,0.0937,0.0809,0.2387,0.9867,-0.0000,0.1627,-0.1627,-0.0156,0.9866,0.0620,-0.0104,0.1474,-0.0851,0.0238,0.1483,-0.0851,0.0238,0.1483,0.0903,-0.0170,0.1472,-0.1226,0.0488,0.0948,0.1309,-0.0169,0.0903,0.0663,-0.0018,-0.1920,-0.0794,-0.0026,-0.1920,0.0010,-0.0015,0.0697,0.0587,0.0096,-0.0665,-0.0618,0.0054,-0.0705,0.0617,0.0146,-0.0900,-0.0649,0.0057,-0.0900,0.8751,0.1585,-0.0177,-0.0610,0.0743,-0.3137,-0.0010,0.0432,0.0669,0.6032,-0.0014,-0.0490,0.0861,-0.2760,-0.0145,-0.0314,0.1228,0.0147,0.0726,0.0208,0.1483,0.0652
899,0.876098,0.1617,-0.0523,0.2257,0.1415,-0.1234,-0.1454,0.2638,-0.1085,0.0014,-0.3517,-0.2293,0.0983,0.3719,0.3412,-0.3069,-0.0501,-0.1468,0.1801,-0.0426,-0.1625,0.1109,0.0875,0.1545,-0.1024,-0.1528,-0.1207,-0.0002,0.0561,0.0605,-0.0000,-0.0000,-0.1061,0.0001,-0.1905,-0.0066,-0.0346,-0.0737,0.0798,-1.4066,3.0803,0.1550,0.1255,0.2387,0.9866,-0.0000,0.1632,-0.1632,-0.0161,0.9865,0.0621,-0.0107,0.1474,-0.0850,0.0237,0.1484,-0.0850,0.0237,0.1484,0.0903,-0.0173,0.1472,-0.1225,0.0488,0.0949,0.1310,-0.0170,0.0902,0.0667,-0.0019,-0.1921,-0.0790,-0.0027,-0.1921,0.0010,-0.0015,0.0697,0.0589,0.0095,-0.0665,-0.0616,0.0054,-0.0705,0.0619,0.0144,-0.0901,-0.0647,0.0057,-0.0900,0.8761,0.1088,-0.0405,-0.0213,-0.0181,-0.1595,0.0004,0.0709,0.0586,0.5866,0.0262,-0.0025,0.0220,-0.2729,-0.0087,-0.0240,0.0950,-0.0023,0.0362,0.0447,0.1084,0.1032
900,0.877073,0.1626,-0.0510,0.2245,0.1396,-0.1250,-0.1454,0.2648,-0.1074,0.0014,-0.3515,-0.2299,0.0981,0.3697,0.3411,-0.3073,-0.0509,-0.1457,0.1802,-0.0315,-0.1611,0.1122,0.0490,0.0514,-0.0539,-0.1261,-0.0905,-0.0001,0.0909,0.0898,0.0000,0.0332,-0.0000,-0.0399,-0.1642,-0.0052,-0.0169,-0.0571,0.0849,-0.6970,0.7658,0.0899,0.0961,0.2388,0.9866,-0.0000,0.1633,-0.1633,-0.0164,0.9864,0.0621,-0.0109,0.1474,-0.0849,0.0237,0.1485,-0.0849,0.0237,0.1485,0.0903,-0.0175,0.1471,-0.1224,0.0489,0.0950,0.1310,-0.0172,0.0902,0.0671,-0.0020,-0.1921,-0.0786,-0.0028,-0.1921,0.0010,-0.0015,0.0697,0.0590,0.0093,-0.0665,-0.0615,0.0054,-0.0705,0.0620,0.0142,-0.0901,-0.0645,0.0056,-0.0900,0.8771,0.1506,-0.0408,-0.0534,0.0677,-0.2864,0.0082,0.0486,0.0592,0.6250,0.0075,-0.0424,0.0752,-0.3024,-0.0147,-0.0267,0.1237,-0.0492,0.0700,0.0302,0.1453,0.0747
901,0.878049,0.1634,-0.0499,0.2237,0.1372,-0.1266,-0.1454,0.2664,-0.1060,0.0014,-0.3511,-0.2302,0.0975,0.3666,0.3410,-0.3075,-0.0521,-0.1444,0.1800,-0.0301,-0.1591,0.1142,0.0462,0.0951,-0.0667,-0.1344,-0.1053,-0.0000,0.0571,0.0575,0.0000,0.0087,-0.0473,-0.0146,-0.1638,-0.0075,-0.0145,-0.0585,0.0413,-0.5286,0.0042,0.1182,0.1054,0.2388,0.9866,-0.0000,0.1632,-0.1632,-0.0166,0.9865,0.0621,-0.0109,0.1473,-0.0849,0.0237,0.1485,-0.0849,0.0237,0.1485,0.0903,-0.0176,0.1471,-0.1223,0.0490,0.0950,0.1310,-0.0173,0.0902,0.0674,-0.0021,-0.1921,-0.0782,-0.0029,-0.1921,0.0010,-0.0015,0.0697,0.0590,0.0092,-0.0665,-0.0613,0.0054,-0.0705,0.0622,0.0140,-0.0901,-0.0643,0.0056,-0.0900,0.8780,0.1502,-0.0306,-0.0597,0.0877,-0.2982,0.0104,0.0412,0.0578,0.6314,0.0041,-0.0525,0.0802,-0.2890,-0.0196,-0.0284,0.1219,-0.0444,0.0743,0.0231,0.1415,0.0664
902,0.879024,0.1643,-0.0481,0.2221,0.1348,-0.1286,-0.1454,0.2673,-0.1049,0.0014,-0.3510,-0.2312,0.0974,0.3639,0.3407,-0.3078,-0.0531,-0.1436,0.1735,-0.0293,-0.1573,0.1159,0.0572,0.1009,-0.0993,-0.1275,-0.1044,0.0001,0.0517,0.0563,-0.0000,0.0012,-0.0571,-0.0020,-0.1459,-0.0210,-0.0216,-0.0594,0.0508,-0.0442,0.8758,0.0925,0.0890,0.2388,0.9866,-0.0000,0.1634,-0.1633,-0.0169,0.9864,0.0621,-0.0112,0.1473,-0.0848,0.0236,0.1485,-0.0848,0.0236,0.1485,0.0903,-0.0178,0.1471,-0.1223,0.0490,0.0951,0.1310,-0.0174,0.0901,0.0678,-0.0022,-0.1922,-0.0779,-0.0030,-0.1922,0.0011,-0.0015,0.0697,0.0592,0.0090,-0.0666,-0.0612,0.0053,-0.0705,0.0623,0.0138,-0.0902,-0.0642,0.0056,-0.0900,0.8790,0.1394,-0.0163,-0.0551,0.0519,-0.2648,0.0082,0.0506,0.0688,0.6395,-0.0006,-0.0412,0.0783,-0.2570,-0.0176,-0.0278,0.1334,0.0063,0.0806,0.0143,0.1301,0.0617
903,0.880000,0.1651,-0.0469,0.2208,0.1331,-0.1300,-0.1454,0.2680,-0.1041,0.0014,-0.3510,-0.2317,0.0974,0.3621,0.3405,-0.3081,-0.0539,-0.1428,0.1723,-0.0238,-0.1560,0.1170,0.0661,0.0898,-0.0966,-0.1437,-0.1108,-0.0000,0.0651,0.0772,0.0000,0.0003,-0.0316,-0.0004,-0.1422,-0.0129,-0.0240,-0.0547,0.0992,-1.7621,1.7583,0.1126,0.0695,0.2389,0.9865,-0.0000,0.1636,-0.1635,-0.0172,0.9864,0.0621,-0.0114,0.1473,-0.0848,0.0235,0.1486,-0.0848,0.0235,0.1486,0.0903,-0.0181,0.1470,-0.1223,0.0491,0.0953,0.1310,-0.0175,0.0901,0.0681,-0.0023,-0.1922,-0.0776,-0.0031,-0.1922,0.0010,-0.0015,0.0697,0.0592,0.0089,-0.0666,-0.0611,0.0053,-0.0705,0.0624,0.0137,-0.0902,-0.0641,0.0056,-0.0900,0.8800,0.1217,-0.0558,-0.0308,0.0025,-0.1788,0.0078,0.0600,0.0526,0.5848,0.0284,-0.0139,0.0469,-0.2975,-0.0133,-0.0238,0.1127,-0.0500,0.0471,0.0463,0.1157,0.1182
904,0.880976,0.1660,-0.0455,0.2194,0.1308,-0.1319,-0.1454,0.2694,-0.1027,0.0014,-0.3504,-0.2322,0.0972,0.3593,0.3402,-0.3083,-0.0548,-0.1414,0.1802,-0.0254,-0.1542,0.1193,0.0298,0.0645,-0.0585,-0.1074,-0.0853,0.0000,0.0801,0.0775,0.0000,0.0558,-0.0094,-0.0181,-0.1747,-0.0108,-0.0117,-0.0539,0.0601,0.3947,0.2692,0.0962,0.1470,0.2389,0.9865,-0.0000,0.1636,-0.1636,-0.0175,0.9864,0.0621,-0.0115,0.1473,-0.0848,0.0235,0.1487,-0.0848,0.0235,0.1487,0.0903,-0.0183,0.1470,-0.1222,0.0491,0.0953,0.1310,-0.0177,0.0901,0.0684,-0.0024,-0.1922,-0.0772,-0.0031,-0.1922,0.0010,-0.0015,0.0697,0.0593,0.0087,-0.0666,-0.0610,0.0053,-0.0705,0.0625,0.0135,-0.0902,-0.0639,0.0056,-0.0900,0.8810,0.1384,-0.0215,-0.0577,0.0643,-0.2765,0.0053,0.0479,0.0685,0.6412,-0.0029,-0.0465,0.0808,-0.2562,-0.0198,-0.0275,0.1286,0.0054,0.0791,0.0090,0.1272,0.0592
905,0.881951,0.1669,-0.0442,0.2182,0.1285,-0.1337,-0.1454,0.2707,-0.1013,0.0014,-0.3500,-0.2330,0.0970,0.3566,0.3399,-0.3085,-0.0559,-0.1400,0.1794,-0.0254,-0.1524,0.1209,0.0637,0.0825,-0.0869,-0.1473,-0.1256,-0.0001,0.0480,0.0626,0.0000,0.0072,-0.0550,-0.0053,-0.1159,-0.0187,-0.0125,-0.0581,0.0802,-0.5869,-1.2970,0.0921,0.0835,0.2389,0.9865,0.0000,0.1636,-0.1635,-0.0178,0.9864,0.0622,-0.0117,0.1472,-0.0847,0.0235,0.1487,-0.0847,0.0235,0.1487,0.0904,-0.0184,0.1470,-0.1220,0.0492,0.0954,0.1311,-0.0178,0.0900,0.0688,-0.0025,-0.1922,-0.0768,-0.0032,-0.1922,0.0011,-0.0015,0.0697,0.0594,0.0086,-0.0666,-0.0608,0.0053,-0.0705,0.0627,0.0133,-0.0902,-0.0637,0.0055,-0.0901,0.8820,0.1280,-0.0422,-0.0561,0.1185,-0.2911,0.0154,0.0333,0.0504,0.5987,0.0131,-0.0462,0.0710,-0.2744,-0.0209,-0.0309,0.1013,-0.0704,0.0723,0.0225,0.1413,0.0517
906,0.882927,0.1676,-0.0430,0.2168,0.1267,-0.1352,-0.1454,0.2713,-0.1006,0.0014,-0.3499,-0.2336,0.0970,0.3549,0.3396,-0.3088,-0.0568,-0.1391,0.1794,-0.0219,-0.1512,0.1220,0.0361,0.0846,-0.1010,-0.1141,-0.0961,0.0000,0.0340,0.0354,-0.0000,0.0049,-0.0448,0.0088,-0.1202,-0.0256,-0.0218,-0.0715,0.0294,0.6647,0.0373,0.0950,0.0819,0.2389,0.9865,-0.0000,0.1637,-0.1637,-0.0181,0.9863,0.0621,-0.0118,0.1472,-0.0847,0.0234,0.1488,-0.0847,0.0234,0.1488,0.0903,-0.0186,0.1469,-0.1220,0.0492,0.0955,0.1311,-0.0179,0.0900,0.0691,-0.0026,-0.1923,-0.0766,-0.0034,-0.1923,0.0011,-0.0015,0.0697,0.0595,0.0085,-0.0667,-0.0607,0.0053,-0.0705,0.0628,0.0131,-0.0902,-0.0636,0.0055,-0.0901,0.8829,0.1228,-0.0149,-0.0555,0.0611,-0.2616,0.0057,0.0493,0.0720,0.6371,-0.0028,-0.0424,0.0758,-0.2333,-0.0212,-0.0269,0.1246,0.0255,0.0785,0.0048,0.1193,0.0510
907,0.883902,0.1684,-0.0417,0.2151,0.1245,-0.1369,-0.1454,0.2723,-0.0995,0.0014,-0.3499,-0.2343,0.0971,0.3526,0.3391,-0.3092,-0.0580,-0.1378,0.1880,-0.0134,-0.1496,0.1232,0.0630,0.0661,-0.0927,-0.1398,-0.1149,0.0007,0.0624,0.0784,-0.0000,0.0013,-0.0333,0.0014,-0.1084,-0.0233,-0.0161,-0.0592,0.0992,0.0503,0.0188,0.0873,0.0686,0.2390,0.9865,-0.0000,0.1638,-0.1637,-0.0185,0.9863,0.0622,-0.0121,0.1472,-0.0846,0.0233,0.1488,-0.0846,0.0233,0.1488,0.0904,-0.0189,0.1469,-0.1219,0.0493,0.0956,0.1312,-0.0180,0.0900,0.0694,-0.0027,-0.1923,-0.0762,-0.0035,-0.1923,0.0011,-0.0015,0.0697,0.0596,0.0083,-0.0667,-0.0606,0.0053,-0.0705,0.0629,0.0130,-0.0903,-0.0634,0.0055,-0.0901,0.8839,0.1235,-0.0131,-0.0573,0.0755,-0.2693,0.0146,0.0477,0.0696,0.6462,-0.0015,-0.0472,0.0779,-0.2421,-0.0213,-0.0282,0.1249,-0.0037,0.0819,0.0078,0.1229,0.0466
908,0.884878,0.1696,-0.0403,0.2134,0.1222,-0.1388,-0.1454,0.2732,-0.0983,0.0014,-0.3499,-0.2352,0.0972,0.3506,0.3387,-0.3096,-0.0591,-0.1364,0.1979,-0.0019,-0.1480,0.1244,0.0588,0.0839,-0.0988,-0.1316,-0.1088,0.0027,0.0487,0.0598,0.0000,0.0002,-0.0452,0.0055,-0.1129,-0.0229,-0.0171,-0.0584,0.0628,0.0736,0.3921,0.0899,0.0670,0.2390,0.9864,-0.0000,0.1641,-0.1641,-0.0190,0.9863,0.0623,-0.0123,0.1471,-0.0845,0.0232,0.1489,-0.0845,0.0232,0.1489,0.0905,-0.0191,0.1468,-0.1217,0.0493,0.0957,0.1313,-0.0181,0.0899,0.0697,-0.0028,-0.1923,-0.0759,-0.0036,-0.1923,0.0012,-0.0016,0.0697,0.0597,0.0082,-0.0667,-0.0604,0.0052,-0.0705,0.0631,0.0128,-0.0903,-0.0632,0.0054,-0.0901,0.8849,0.1143,-0.0040,-0.0554,0.0525,-0.2421,0.0143,0.0545,0.0748,0.6514,0.0012,-0.0374,0.0677,-0.2257,-0.0196,-0.0287,0.1272,0.0220,0.0851,0.0036,0.1157,0.0483
909,0.885854,0.1706,-0.0389,0.2117,0.1199,-0.1406,-0.1453,0.2743,-0.0970,0.0014,-0.3499,-0.2358,0.0972,0.3484,0.3382,-0.3099,-0.0601,-0.1350,0.2105,-0.0041,-0.1465,0.1255,0.0630,0.0712,-0.0950,-0.1335,-0.1067,0.0016,0.0634,0.0764,0.0000,0.0001,-0.0252,0.0010,-0.1121,-0.0201,-0.0188,-0.0561,0.0826,0.3694,-0.2399,0.0893,0.0629,0.2390,0.9864,0.0000,0.1644,-0.1644,-0.0194,0.9862,0.0623,-0.0125,0.1471,-0.0844,0.0231,0.1490,-0.0844,0.0231,0.1490,0.0905,-0.0194,0.1468,-0.1216,0.0493,0.0958,0.1313,-0.0183,0.0899,0.0701,-0.0029,-0.1923,-0.0755,-0.0037,-0.1923,0.0012,-0.0016,0.0697,0.0598,0.0080,-0.0667,-0.0603,0.0052,-0.0705,0.0632,0.0126,-0.0903,-0.0630,0.0054,-0.0901,0.8859,0.1091,-0.0080,-0.0562,0.0664,-0.2546,0.0126,0.0512,0.0745,0.6308,0.0051,-0.0357,0.0653,-0.2232,-0.0199,-0.0314,0.1160,0.0234,0.0813,0.0027,0.1200,0.0451
910,0.886829,0.1715,-0.0379,0.2103,0.1180,-0.1421,-0.1453,0.2751,-0.0960,0.0014,-0.3499,-0.2361,0.0972,0.3469,0.3380,-0.3102,-0.0609,-0.1338,0.2066,-0.0063,-0.1453,0.1264,0.0569,0.0686,-0.0963,-0.1298,-0.1032,0.0004,0.0608,0.0723,0.0000,0.0000,-0.0271,0.0002,-0.1165,-0.0216,-0.0255,-0.0597,0.0852,-0.0028,0.3297,0.0900,0.0635,0.2390,0.9863,0.0000,0.1648,-0.1647,-0.0198,0.9861,0.0623,-0.0128,0.1471,-0.0844,0.0230,0.1490,-0.0844,0.0230,0.1490,0.0905,-0.0196,0.1467,-0.1216,0.0494,0.0959,0.1313,-0.0185,0.0898,0.0703,-0.0029,-0.1923,-0.0752,-0.0038,-0.1923,0.0012,-0.0016,0.0697,0.0598,0.0079,-0.0667,-0.0602,0.0052,-0.0705,0.0633,0.0125,-0.0903,-0.0629,0.0054,-0.0901,0.8868,0.1089,-0.0085,-0.0540,0.0560,-0.2401,0.0150,0.0530,0.0750,0.6524,0.0046,-0.0354,0.0668,-0.2247,-0.0190,-0.0289,0.1254,0.0186,0.0838,0.0056,0.1180,0.0487
911,0.887805,0.1725,-0.0367,0.2086,0.1157,-0.1440,-0.1453,0.2762,-0.0947,0.0014,-0.3499,-0.2366,0.0972,0.3448,0.3376,-0.3106,-0.0619,-0.1324,0.2082,0.0055,-0.1436,0.1275,0.0560,0.0654,-0.0931,-0.1272,-0.1006,0.0002,0.0643,0.0760,0.0000,-0.0000,-0.0252,0.0001,-0.1134,-0.0235,-0.0197,-0.0521,0.0781,1.0364,0.2692,0.0873,0.0627,0.2390,0.9863,-0.0000,0.1652,-0.1651,-0.0202,0.9861,0.0623,-0.0130,0.1470,-0.0843,0.0229,0.1491,-0.0843,0.0229,0.1491,0.0905,-0.0199,0.1466,-0.1215,0.0494,0.0960,0.1313,-0.0187,0.0898,0.0707,-0.0030,-0.1924,-0.0749,-0.0039,-0.1923,0.0012,-0.0017,0.0697,0.0599,0.0078,-0.0668,-0.0601,0.0052,-0.0705,0.0634,0.0124,-0.0904,-0.0627,0.0054,-0.0901,0.8878,0.0968,-0.0113,-0.0508,0.0332,-0.2262,0.0108,0.0573,0.0820,0.6306,0.0042,-0.0217,0.0497,-0.1991,-0.0180,-0.0304,0.1226,0.0593,0.0823,-0.0085,0.1129,0.0485
912,0.888780,0.1734,-0.0359,0.2070,0.1133,-0.1459,-0.1453,0.2775,-0.0931,0.0014,-0.3499,-0.2369,0.0972,0.3429,0.3372,-0.3110,-0.0628,-0.1305,0.2103,0.0137,-0.1420,0.1286,0.0509,0.0374,-0.0862,-0.1443,-0.1163,0.0005,0.0705,0.0920,0.0000,0.0000,-0.0055,-0.0000,-0.0940,-0.0166,-0.0225,-0.0476,0.1088,-0.3834,0.2833,0.0896,0.0582,0.2390,0.9862,-0.0000,0.1656,-0.1656,-0.0207,0.9860,0.0624,-0.0133,0.1470,-0.0842,0.0228,0.1492,-0.0842,0.0228,0.1492,0.0906,-0.0202,0.1466,-0.1213,0.0494,0.0961,0.1314,-0.0189,0.0897,0.0710,-0.0030,-0.1924,-0.0745,-0.0039,-0.1924,0.0013,-0.0017,0.0697,0.0601,0.0077,-0.0668,-0.0599,0.0053,-0.0705,0.0636,0.0122,-0.0904,-0.0625,0.0054,-0.0901,0.8888,0.1007,-0.0208,-0.0493,0.0647,-0.2277,0.0212,0.0532,0.0715,0.6686,0.0077,-0.0341,0.0582,-0.2331,-0.0210,-0.0258,0.1204,-0.0191,0.0849,0.0050,0.1177,0.0498
913,0.889756,0.1743,-0.0348,0.2056,0.1111,-0.1477,-0.1452,0.2786,-0.0918,0.0014,-0.3499,-0.2373,0.0972,0.3410,0.3369,-0.3114,-0.0636,-0.1293,0.2104,0.0111,-0.1409,0.1294,0.0475,0.0709,-0.0870,-0.1154,-0.0904,0.0106,0.0612,0.0671,0.0000,0.0000,-0.0334,-0.0000,-0.1210,-0.0227,-0.0170,-0.0465,0.0485,-1.4734,1.4221,0.0958,0.0845,0.2391,0.9861,-0.0000,0.1662,-0.1661,-0.0211,0.9859,0.0624,-0.0135,0.1470,-0.0841,0.0227,0.1492,-0.0841,0.0227,0.1492,0.0906,-0.0205,0.1465,-0.1212,0.0494,0.0962,0.1314,-0.0190,0.0897,0.0713,-0.0030,-0.1924,-0.0741,-0.0039,-0.1924,0.0013,-0.0017,0.0697,0.0602,0.0076,-0.0668,-0.0598,0.0053,-0.0705,0.0637,0.0121,-0.0904,-0.0624,0.0054,-0.0901,0.8898,0.1025,-0.0577,-0.0331,0.0555,-0.1831,0.0269,0.0466,0.0508,0.6485,0.0205,-0.0190,0.0364,-0.2591,-0.0194,-0.0227,0.1150,-0.0653,0.0603,0.0200,0.1264,0.0819
914,0.890732,0.1748,-0.0339,0.2043,0.1093,-0.1490,-0.1450,0.2796,-0.0908,0.0014,-0.3497,-0.2375,0.0972,0.3391,0.3366,-0.3116,-0.0643,-0.1286,0.2134,0.0115,-0.1389,0.1311,0.0183,0.0486,-0.0643,-0.0969,-0.0742,0.0222,0.0633,0.0628,-0.0000,0.0217,-0.0060,-0.0041,-0.1294,-0.0231,-0.0099,-0.0424,0.0342,0.7690,-0.5771,0.1017,0.1001,0.2391,0.9861,0.0000,0.1664,-0.1664,-0.0213,0.9858,0.0624,-0.0137,0.1469,-0.0841,0.0226,0.1493,-0.0841,0.0226,0.1493,0.0906,-0.0207,0.1465,-0.1212,0.0495,0.0963,0.1314,-0.0192,0.0897,0.0716,-0.0030,-0.1924,-0.0738,-0.0039,-0.1924,0.0013,-0.0018,0.0697,0.0602,0.0075,-0.0668,-0.0597,0.0053,-0.0705,0.0638,0.0120,-0.0904,-0.0623,0.0054,-0.0901,0.8907,0.0871,-0.0256,-0.0501,0.0573,-0.2234,0.0167,0.0486,0.0710,0.6375,0.0136,-0.0262,0.0538,-0.2126,-0.0220,-0.0324,0.1080,0.0063,0.0812,-0.0032,0.1110,0.0543
915,0.891707,0.1752,-0.0334,0.2032,0.1075,-0.1505,-0.1447,0.2806,-0.0896,0.0014,-0.3495,-0.2377,0.0971,0.3372,0.3361,-0.3118,-0.0651,-0.1275,0.2222,0.0018,-0.1374,0.1324,0.0335,0.0316,-0.0807,-0.1238,-0.1016,0.0084,0.0574,0.0727,-0.0000,0.0040,-0.0164,-0.0019,-0.0938,-0.0251,-0.0269,-0.0496,0.0885,0.1074,-0.3412,0.0815,0.0665,0.2391,0.9860,0.0000,0.1665,-0.1665,-0.0216,0.9858,0.0625,-0.0138,0.1469,-0.0841,0.0225,0.1493,-0.0841,0.0225,0.1493,0.0906,-0.0208,0.1464,-0.1211,0.0495,0.0964,0.1315,-0.0193,0.0896,0.0719,-0.0031,-0.1924,-0.0735,-0.0039,-0.1924,0.0013,-0.0018,0.0697,0.0603,0.0074,-0.0668,-0.0596,0.0053,-0.0705,0.0639,0.0119,-0.0904,-0.0621,0.0054,-0.0901,0.8917,0.0845,-0.0178,-0.0504,0.0659,-0.2199,0.0204,0.0485,0.0725,0.6482,0.0134,-0.0307,0.0590,-0.2116,-0.0208,-0.0303,0.1126,0.0013,0.0821,0.0028,0.1118,0.0483
916,0.892683,0.1759,-0.0325,0.2015,0.1053,-0.1522,-0.1445,0.2817,-0.0883,0.0014,-0.3494,-0.2380,0.0972,0.3354,0.3356,-0.3123,-0.0659,-0.1263,0.2270,0.0094,-0.1363,0.1334,0.0381,0.0496,-0.0878,-0.1115,-0.0908,0.0110,0.0534,0.0663,0.0000,0.0054,-0.0188,0.0073,-0.0968,-0.0225,-0.0251,-0.0426,0.0814,2.0196,-1.0873,0.0911,0.0621,0.2391,0.9860,-0.0000,0.1669,-0.1668,-0.0221,0.9857,0.0625,-0.0141,0.1469,-0.0840,0.0224,0.1494,-0.0840,0.0224,0.1494,0.0906,-0.0211,0.1464,-0.1210,0.0495,0.0965,0.1315,-0.0195,0.0896,0.0722,-0.0031,-0.1924,-0.0732,-0.0040,-0.1924,0.0014,-0.0018,0.0697,0.0604,0.0073,-0.0668,-0.0594,0.0054,-0.0705,0.0640,0.0118,-0.0904,-0.0619,0.0054,-0.0901,0.8927,0.0571,-0.0387,-0.0376,0.0732,-0.2337,0.0234,0.0428,0.0676,0.5761,0.0134,-0.0075,0.0411,-0.1885,-0.0126,-0.0331,0.1135,0.0230,0.0808,-0.0087,0.1047,0.0221
917,0.893659,0.1763,-0.0320,0.2004,0.1037,-0.1536,-0.1443,0.2823,-0.0874,0.0014,-0.3493,-0.2382,0.0973,0.3342,0.3354,-0.3127,-0.0664,-0.1248,0.2341,0.0095,-0.1348,0.1343,0.0144,0.0173,-0.0711,-0.1219,-0.1010,0.0156,0.0371,0.0580,-0.0001,0.0050,-0.0053,0.0032,-0.0723,-0.0131,-0.0268,-0.0284,0.0881,-0.0367,-0.2906,0.0771,0.0333,0.2391,0.9859,-0.0000,0.1671,-0.1671,-0.0225,0.9857,0.0625,-0.0143,0.1468,-0.0840,0.0223,0.1494,-0.0840,0.0223,0.1494,0.0906,-0.0213,0.1463,-0.1210,0.0495,0.0966,0.1315,-0.0196,0.0895,0.0725,-0.0031,-0.1924,-0.0730,-0.0040,-0.1924,0.0013,-0.0018,0.0697,0.0604,0.0073,-0.0669,-0.0594,0.0054,-0.0705,0.0641,0.0117,-0.0904,-0.0619,0.0055,-0.0901,0.8937,0.0747,-0.0181,-0.0484,0.0614,-0.2046,0.0222,0.0500,0.0733,0.6479,0.0177,-0.0253,0.0515,-0.2051,-0.0198,-0.0302,0.1087,0.0005,0.0830,0.0022,0.1101,0.0506
918,0.894634,0.1768,-0.0314,0.1990,0.1015,-0.1553,-0.1440,0.2832,-0.0862,0.0014,-0.3491,-0.2383,0.0973,0.3325,0.3351,-0.3132,-0.0671,-0.1233,0.2348,0.0097,-0.1332,0.1354,0.0340,0.0398,-0.0808,-0.1051,-0.0828,0.0174,0.0588,0.0694,-0.0000,0.0127,-0.0084,0.0025,-0.0956,-0.0214,-0.0227,-0.0424,0.0687,0.5696,-0.2126,0.0814,0.0625,0.2391,0.9859,-0.0000,0.1674,-0.1674,-0.0229,0.9856,0.0626,-0.0144,0.1468,-0.0839,0.0222,0.1495,-0.0839,0.0222,0.1495,0.0907,-0.0215,0.1463,-0.1209,0.0495,0.0967,0.1316,-0.0197,0.0895,0.0728,-0.0031,-0.1925,-0.0726,-0.0040,-0.1925,0.0014,-0.0018,0.0697,0.0606,0.0072,-0.0669,-0.0592,0.0054,-0.0705,0.0643,0.0116,-0.0905,-0.0617,0.0055,-0.0901,0.8946,0.0659,-0.0144,-0.0465,0.0518,-0.2027,0.0207,0.0525,0.0777,0.6403,0.0152,-0.0194,0.0462,-0.1902,-0.0193,-0.0319,0.1082,0.0242,0.0835,-0.0034,0.1055,0.0438
919,0.895610,0.1772,-0.0310,0.1979,0.1000,-0.1565,-0.1438,0.2841,-0.0852,0.0014,-0.3489,-0.2384,0.0973,0.3312,0.3348,-0.3135,-0.0677,-0.1222,0.2388,0.0053,-0.1321,0.1363,0.0270,0.0175,-0.0823,-0.1158,-0.0873,0.0151,0.0705,0.0864,-0.0000,0.0096,-0.0029,0.0012,-0.0944,-0.0272,-0.0231,-0.0404,0.0991,1.8445,-1.0994,0.0913,0.0532,0.2391,0.9859,-0.0000,0.1676,-0.1675,-0.0232,0.9856,0.0626,-0.0146,0.1468,-0.0839,0.0221,0.1496,-0.0839,0.0221,0.1496,0.0907,-0.0217,0.1462,-0.1208,0.0495,0.0968,0.1316,-0.0199,0.0895,0.0730,-0.0031,-0.1925,-0.0724,-0.0040,-0.1925,0.0014,-0.0019,0.0697,0.0606,0.0071,-0.0669,-0.0592,0.0054,-0.0705,0.0643,0.0115,-0.0905,-0.0616,0.0055,-0.0901,0.8956,0.0461,-0.0379,-0.0360,0.0782,-0.2303,0.0243,0.0419,0.0687,0.5769,0.0170,-0.0063,0.0381,-0.1868,-0.0132,-0.0336,0.1022,0.0164,0.0793,-0.0065,0.1067,0.0221
920,0.896585,0.1776,-0.0307,0.1966,0.0979,-0.1583,-0.1435,0.2849,-0.0840,0.0014,-0.3487,-0.2384,0.0973,0.3299,0.3345,-0.3140,-0.0683,-0.1208,0.2396,-0.0060,-0.1306,0.1370,0.0089,0.0076,-0.0636,-0.1110,-0.0904,0.0167,0.0424,0.0596,-0.0001,0.0138,-0.0004,0.0005,-0.0711,-0.0118,-0.0322,-0.0320,0.0768,0.6983,-0.1424,0.0700,0.0359,0.2391,0.9858,-0.0000,0.1678,-0.1677,-0.0238,0.9855,0.0626,-0.0148,0.1467,-0.0838,0.0220,0.1496,-0.0838,0.0220,0.1496,0.0907,-0.0219,0.1462,-0.1207,0.0495,0.0969,0.1317,-0.0200,0.0894,0.0733,-0.0031,-0.1925,-0.0721,-0.0040,-0.1925,0.0014,-0.0019,0.0697,0.0607,0.0070,-0.0669,-0.0590,0.0054,-0.0705,0.0644,0.0114,-0.0905,-0.0614,0.0055,-0.0901,0.8966,0.0547,-0.0127,-0.0427,0.0552,-0.1995,0.0201,0.0510,0.0786,0.6321,0.0155,-0.0167,0.0429,-0.1807,-0.0184,-0.0307,0.1027,0.0328,0.0794,-0.0021,0.1036,0.0382
921,0.897561,0.1778,-0.0304,0.1953,0.0958,-0.1600,-0.1432,0.2859,-0.0827,0.0014,-0.3485,-0.2384,0.0974,0.3283,0.3343,-0.3146,-0.0690,-0.1192,0.2413,-0.0035,-0.1291,0.1380,0.0218,0.0193,-0.0684,-0.1091,-0.0869,0.0137,0.0582,0.0740,-0.0000,0.0090,-0.0000,0.0054,-0.0838,-0.0197,-0.0235,-0.0365,0.0824,0.7245,-0.3683,0.0768,0.0510,0.2391,0.9858,-0.0000,0.1679,-0.1679,-0.0242,0.9855,0.0627,-0.0149,0.1467,-0.0837,0.0220,0.1497,-0.0837,0.0220,0.1497,0.0908,-0.0220,0.1461,-0.1206,0.0495,0.0970,0.1318,-0.0201,0.0894,0.0736,-0.0030,-0.1925,-0.0718,-0.0040,-0.1925,0.0015,-0.0019,0.0697,0.0608,0.0070,-0.0669,-0.0589,0.0055,-0.0705,0.0646,0.0113,-0.0905,-0.0612,0.0055,-0.0901,0.8976,0.0489,-0.0159,-0.0423,0.0623,-0.2011,0.0220,0.0494,0.0775,0.6283,0.0176,-0.0163,0.0432,-0.1806,-0.0191,-0.0313,0.0986,0.0210,0.0795,-0.0019,0.1039,0.0358
922,0.898537,0.1781,-0.0301,0.1943,0.0941,-0.1613,-0.1430,0.2867,-0.0817,0.0014,-0.3484,-0.2384,0.0975,0.3271,0.3340,-0.3149,-0.0695,-0.1180,0.2418,-0.0032,-0.1279,0.1388,0.0142,0.0186,-0.0726,-0.1096,-0.0888,0.0149,0.0549,0.0711,-0.0000,0.0136,-0.0000,0.0122,-0.0831,-0.0172,-0.0277,-0.0356,0.0764,-0.6898,0.6619,0.0819,0.0535,0.2391,0.9858,0.0000,0.1681,-0.1681,-0.0246,0.9855,0.0627,-0.0151,0.1466,-0.0837,0.0219,0.1497,-0.0837,0.0219,0.1497,0.0908,-0.0222,0.1460,-0.1206,0.0495,0.0971,0.1318,-0.0203,0.0893,0.0738,-0.0030,-0.1925,-0.0715,-0.0040,-0.1925,0.0015,-0.0019,0.0697,0.0608,0.0069,-0.0669,-0.0588,0.0055,-0.0705,0.0647,0.0112,-0.0905,-0.0612,0.0056,-0.0901,0.8985,0.0608,-0.0346,-0.0321,0.0776,-0.1698,0.0287,0.0420,0.0610,0.6748,0.0165,-0.0226,0.0298,-0.2045,-0.0223,-0.0240,0.0854,-0.0350,0.0694,0.0062,0.1140,0.0529
923,0.899512,0.1784,-0.0296,0.1932,0.0925,-0.1626,-0.1426,0.2877,-0.0806,0.0014,-0.3482,-0.2385,0.0976,0.3256,0.3336,-0.3153,-0.0702,-0.1171,0.2427,0.0012,-0.1265,0.1399,0.0167,0.0315,-0.0590,-0.0816,-0.0605,0.0265,0.0545,0.0568,0.0000,0.0113,-0.0037,0.0031,-0.0927,-0.0294,-0.0121,-0.0426,0.0373,0.9800,-0.5591,0.0866,0.0651,0.2392,0.9857,0.0000,0.1683,-0.1683,-0.0248,0.9854,0.0627,-0.0152,0.1466,-0.0836,0.0218,0.1498,-0.0836,0.0218,0.1498,0.0908,-0.0224,0.1460,-0.1205,0.0495,0.0971,0.1318,-0.0204,0.0893,0.0741,-0.0030,-0.1925,-0.0712,-0.0040,-0.1925,0.0015,-0.0019,0.0697,0.0609,0.0068,-0.0669,-0.0587,0.0055,-0.0705,0.0648,0.0112,-0.0905,-0.0610,0.0056,-0.0901,0.8995,0.0386,-0.0209,-0.0401,0.0630,-0.1966,0.0246,0.0475,0.0748,0.6232,0.0208,-0.0121,0.0371,-0.1770,-0.0201,-0.0319,0.0920,0.0142,0.0780,-0.0038,0.0988,0.0355
924,0.900488,0.1786,-0.0293,0.1921,0.0908,-0.1639,-0.1422,0.2886,-0.0795,0.0014,-0.3478,-0.2385,0.0977,0.3240,0.3331,-0.3156,-0.0709,-0.1161,0.2572,-0.0094,-0.1250,0.1410,0.0042,0.0067,-0.0657,-0.1050,-0.0862,0.0232,0.0510,0.0669,0.0000,0.0241,-0.0007,0.0082,-0.0793,-0.0234,-0.0251,-0.0336,0.0766,0.8024,-0.6870,0.0751,0.0545,0.2392,0.9857,-0.0000,0.1683,-0.1683,-0.0251,0.9854,0.0628,-0.0154,0.1466,-0.0836,0.0218,0.1498,-0.0836,0.0218,0.1498,0.0909,-0.0225,0.1460,-0.1204,0.0495,0.0972,0.1319,-0.0204,0.0893,0.0743,-0.0030,-0.1925,-0.0710,-0.0040,-0.1925,0.0015,-0.0019,0.0697,0.0610,0.0067,-0.0669,-0.0586,0.0056,-0.0705,0.0649,0.0111,-0.0905,-0.0609,0.0056,-0.0901,0.9005,0.0322,-0.0165,-0.0396,0.0727,-0.1980,0.0246,0.0455,0.0751,0.6124,0.0237,-0.0112,0.0374,-0.1722,-0.0190,-0.0324,0.0879,0.0168,0.0750,-0.0003,0.1012,0.0291
925,0.901463,0.1786,-0.0292,0.1909,0.0891,-0.1653,-0.1418,0.2894,-0.0786,0.0014,-0.3475,-0.2385,0.0979,0.3230,0.3329,-0.3159,-0.0713,-0.1151,0.2548,-0.0061,-0.1240,0.1417,0.0023,0.0103,-0.0683,-0.1009,-0.0827,0.0216,0.0486,0.0642,-0.0000,0.0336,-0.0002,0.0203,-0.0785,-0.0257,-0.0234,-0.0425,0.0767,1.3071,-1.2648,0.0835,0.0529,0.2392,0.9857,-0.0000,0.1684,-0.1683,-0.0255,0.9854,0.0628,-0.0155,0.1466,-0.0835,0.0217,0.1499,-0.0835,0.0217,0.1499,0.0909,-0.0226,0.1459,-0.1203,0.0495,0.0972,0.1319,-0.0205,0.0892,0.0746,-0.0030,-0.1925,-0.0707,-0.0040,-0.1925,0.0016,-0.0019,0.0697,0.0611,0.0067,-0.0670,-0.0585,0.0056,-0.0705,0.0650,0.0110,-0.0905,-0.0607,0.0057,-0.0900,0.9015,0.0218,-0.0301,-0.0342,0.0857,-0.2041,0.0264,0.0404,0.0685,0.5939,0.0249,-0.0070,0.0347,-0.1748,-0.0186,-0.0323,0.0813,-0.0016,0.0739,-0.0020,0.0970,0.0210
926,0.902439,0.1787,-0.0290,0.1900,0.0876,-0.1665,-0.1415,0.2901,-0.0775,0.0014,-0.3470,-0.2385,0.0982,0.3217,0.3325,-0.3165,-0.0720,-0.1138,0.2640,-0.0126,-0.1227,0.1425,0.0005,0.0051,-0.0614,-0.0975,-0.0811,0.0234,0.0427,0.0568,0.0000,0.0284,-0.0000,0.0147,-0.0638,-0.0211,-0.0266,-0.0399,0.0567,0.8673,-0.7279,0.0672,0.0415,0.2392,0.9857,-0.0000,0.1684,-0.1683,-0.0259,0.9854,0.0628,-0.0156,0.1465,-0.0835,0.0216,0.1499,-0.0835,0.0216,0.1499,0.0909,-0.0227,0.1459,-0.1203,0.0495,0.0973,0.1319,-0.0206,0.0892,0.0748,-0.0030,-0.1925,-0.0705,-0.0040,-0.1925,0.0016,-0.0019,0.0697,0.0611,0.0066,-0.0670,-0.0584,0.0056,-0.0704,0.0650,0.0109,-0.0905,-0.0607,0.0057,-0.0900,0.9024,0.0211,-0.0140,-0.0370,0.0748,-0.1924,0.0253,0.0452,0.0756,0.6044,0.0253,-0.0077,0.0321,-0.1630,-0.0186,-0.0325,0.0814,0.0213,0.0730,-0.0003,0.0985,0.0245
927,0.903415,0.1787,-0.0290,0.1889,0.0859,-0.1680,-0.1410,0.2909,-0.0764,0.0014,-0.3466,-0.2385,0.0985,0.3204,0.3321,-0.3170,-0.0727,-0.1126,0.2658,-0.0130,-0.1213,0.1433,0.0001,0.0039,-0.0619,-0.0970,-0.0786,0.0242,0.0483,0.0633,0.0000,0.0245,-0.0000,0.0158,-0.0718,-0.0177,-0.0299,-0.0384,0.0716,-0.1677,0.2019,0.0730,0.0430,0.2392,0.9857,-0.0000,0.1683,-0.1682,-0.0263,0.9854,0.0629,-0.0157,0.1465,-0.0834,0.0216,0.1500,-0.0834,0.0216,0.1500,0.0910,-0.0228,0.1458,-0.1202,0.0495,0.0974,0.1320,-0.0207,0.0891,0.0750,-0.0030,-0.1925,-0.0702,-0.0040,-0.1925,0.0016,-0.0019,0.0697,0.0612,0.0065,-0.0670,-0.0583,0.0057,-0.0704,0.0652,0.0109,-0.0905,-0.0605,0.0057,-0.0900,0.9034,0.0338,-0.0171,-0.0320,0.0784,-0.1592,0.0297,0.0427,0.0676,0.6590,0.0180,-0.0179,0.0249,-0.1669,-0.0202,-0.0272,0.0753,-0.0003,0.0686,0.0013,0.1007,0.0341
928,0.904390,0.1787,-0.0288,0.1880,0.0845,-0.1691,-0.1406,0.2917,-0.0755,0.0014,-0.3463,-0.2385,0.0986,0.3194,0.3318,-0.3173,-0.0733,-0.1117,0.2662,-0.0126,-0.1203,0.1440,0.0123,0.0136,-0.0561,-0.0811,-0.0609,0.0294,0.0517,0.0596,0.0000,0.0125,0.0000,0.0060,-0.0737,-0.0243,-0.0178,-0.0414,0.0556,0.9065,-0.5896,0.0749,0.0473,0.2392,0.9857,-0.0000,0.1683,-0.1682,-0.0265,0.9854,0.0629,-0.0158,0.1465,-0.0834,0.0215,0.1500,-0.0834,0.0215,0.1500,0.0910,-0.0230,0.1458,-0.1202,0.0495,0.0974,0.1320,-0.0208,0.0891,0.0752,-0.0030,-0.1925,-0.0700,-0.0040,-0.1925,0.0016,-0.0019,0.0697,0.0612,0.0065,-0.0670,-0.0583,0.0057,-0.0704,0.0652,0.0108,-0.0905,-0.0604,0.0057,-0.0900,0.9044,0.0171,-0.0144,-0.0345,0.0744,-0.1841,0.0260,0.0447,0.0750,0.6111,0.0237,-0.0074,0.0289,-0.1569,-0.0190,-0.0316,0.0776,0.0238,0.0720,-0.0019,0.0964,0.0235
929,0.905366,0.1789,-0.0287,0.1870,0.0829,-0.1703,-0.1401,0.2925,-0.0744,0.0014,-0.3458,-0.2385,0.0988,0.3181,0.3314,-0.3177,-0.0741,-0.1106,0.2691,-0.0263,-0.1189,0.1449,0.0025,0.0031,-0.0591,-0.0953,-0.0775,0.0281,0.0475,0.0628,0.0000,0.0281,-0.0000,0.0151,-0.0657,-0.0171,-0.0274,-0.0379,0.0678,-0.8755,-0.3693,0.0698,0.0412,0.2392,0.9857,0.0000,0.1682,-0.1682,-0.0268,0.9854,0.0629,-0.0159,0.1464,-0.0833,0.0215,0.1500,-0.0833,0.0215,0.1500,0.0910,-0.0231,0.1458,-0.1201,0.0495,0.0975,0.1320,-0.0209,0.0891,0.0755,-0.0030,-0.1925,-0.0697,-0.0040,-0.1925,0.0016,-0.0019,0.0697,0.0613,0.0064,-0.0670,-0.0581,0.0057,-0.0704,0.0653,0.0107,-0.0905,-0.0603,0.0058,-0.0900,0.9054,0.0298,-0.0409,-0.0290,0.1204,-0.1740,0.0334,0.0271,0.0522,0.6349,0.0251,-0.0255,0.0296,-0.1841,-0.0229,-0.0227,0.0651,-0.0602,0.0518,0.0129,0.1103,0.0362
930,0.906341,0.1789,-0.0284,0.1859,0.0815,-0.1715,-0.1395,0.2933,-0.0735,0.0014,-0.3454,-0.2386,0.0991,0.3169,0.3310,-0.3181,-0.0749,-0.1100,0.2682,-0.0221,-0.1175,0.1459,0.0003,0.0170,-0.0513,-0.0595,-0.0462,0.0365,0.0353,0.0342,-0.0001,0.0260,-0.0083,0.0098,-0.0620,-0.0301,-0.0107,-0.0450,0.0093,0.8245,-0.7107,0.0694,0.0520,0.2392,0.9858,0.0000,0.1682,-0.1681,-0.0271,0.9854,0.0630,-0.0160,0.1464,-0.0833,0.0214,0.1501,-0.0833,0.0214,0.1501,0.0911,-0.0231,0.1457,-0.1201,0.0494,0.0975,0.1321,-0.0209,0.0891,0.0757,-0.0031,-0.1925,-0.0695,-0.0041,-0.1925,0.0017,-0.0019,0.0697,0.0614,0.0063,-0.0670,-0.0580,0.0057,-0.0704,0.0654,0.0106,-0.0906,-0.0602,0.0058,-0.0900,0.9063,0.0073,-0.0134,-0.0323,0.0809,-0.1751,0.0271,0.0422,0.0726,0.6094,0.0257,-0.0077,0.0287,-0.1487,-0.0197,-0.0305,0.0738,0.0190,0.0672,0.0008,0.0907,0.0185
931,0.907317,0.1789,-0.0282,0.1853,0.0807,-0.1721,-0.1391,0.2938,-0.0730,0.0014,-0.3450,-0.2387,0.0993,0.3160,0.3306,-0.3183,-0.0754,-0.1096,0.2734,-0.0256,-0.1166,0.1465,0.0002,0.0082,-0.0500,-0.0735,-0.0541,0.0349,0.0523,0.0601,-0.0000,0.0344,-0.0033,0.0164,-0.0808,-0.0296,-0.0134,-0.0433,0.0681,1.7007,-1.6220,0.0718,0.0419,0.2392,0.9858,-0.0000,0.1680,-0.1679,-0.0272,0.9854,0.0629,-0.0160,0.1464,-0.0833,0.0214,0.1501,-0.0833,0.0214,0.1501,0.0910,-0.0232,0.1457,-0.1201,0.0494,0.0975,0.1321,-0.0209,0.0891,0.0758,-0.0031,-0.1925,-0.0693,-0.0041,-0.1925,0.0016,-0.0019,0.0697,0.0614,0.0063,-0.0670,-0.0580,0.0058,-0.0704,0.0654,0.0105,-0.0906,-0.0601,0.0058,-0.0900,0.9073,-0.0056,-0.0348,-0.0239,0.1095,-0.2069,0.0303,0.0329,0.0644,0.5565,0.0247,0.0001,0.0325,-0.1576,-0.0143,-0.0304,0.0796,-0.0027,0.0651,0.0029,0.0915,-0.0064
932,0.908293,0.1788,-0.0282,0.1844,0.0792,-0.1733,-0.1385,0.2944,-0.0721,0.0014,-0.3446,-0.2387,0.0997,0.3151,0.3303,-0.3187,-0.0761,-0.1087,0.2772,-0.0272,-0.1155,0.1470,-0.0095,0.0013,-0.0382,-0.0808,-0.0681,0.0315,0.0272,0.0413,-0.0000,0.0253,-0.0004,0.0232,-0.0457,-0.0150,-0.0207,-0.0328,0.0417,1.0812,-0.9232,0.0537,0.0177,0.2392,0.9858,0.0000,0.1678,-0.1678,-0.0275,0.9854,0.0630,-0.0160,0.1464,-0.0833,0.0213,0.1501,-0.0833,0.0213,0.1501,0.0911,-0.0232,0.1457,-0.1200,0.0494,0.0976,0.1322,-0.0209,0.0890,0.0760,-0.0031,-0.1925,-0.0691,-0.0041,-0.1925,0.0017,-0.0019,0.0697,0.0615,0.0062,-0.0670,-0.0579,0.0058,-0.0704,0.0655,0.0105,-0.0906,-0.0600,0.0058,-0.0900,0.9083,-0.0063,-0.0079,-0.0292,0.0864,-0.1781,0.0247,0.0429,0.0759,0.5870,0.0265,-0.0021,0.0250,-0.1372,-0.0188,-0.0297,0.0680,0.0327,0.0632,0.0009,0.0883,0.0074
933,0.909268,0.1787,-0.0282,0.1837,0.0778,-0.1745,-0.1379,0.2951,-0.0712,0.0014,-0.3440,-0.2387,0.1001,0.3140,0.3300,-0.3191,-0.0768,-0.1076,0.2894,-0.0387,-0.1144,0.1475,-0.0028,0.0002,-0.0436,-0.0804,-0.0650,0.0259,0.0439,0.0576,-0.0000,0.0266,-0.0001,0.0247,-0.0583,-0.0168,-0.0243,-0.0439,0.0646,0.1067,-0.1478,0.0605,0.0310,0.2392,0.9858,-0.0000,0.1677,-0.1676,-0.0279,0.9855,0.0631,-0.0161,0.1464,-0.0832,0.0213,0.1502,-0.0832,0.0213,0.1502,0.0912,-0.0233,0.1456,-0.1199,0.0494,0.0976,0.1322,-0.0209,0.0890,0.0762,-0.0031,-0.1925,-0.0689,-0.0042,-0.1925,0.0017,-0.0019,0.0697,0.0616,0.0062,-0.0670,-0.0578,0.0058,-0.0704,0.0656,0.0104,-0.0906,-0.0599,0.0058,-0.0900,0.9093,0.0070,-0.0036,-0.0275,0.0940,-0.1583,0.0267,0.0397,0.0714,0.6220,0.0207,-0.0125,0.0228,-0.1347,-0.0200,-0.0262,0.0646,0.0302,0.0553,0.0042,0.0943,0.0123
934,0.910244,0.1787,-0.0281,0.1830,0.0764,-0.1755,-0.1375,0.2959,-0.0702,0.0014,-0.3437,-0.2387,0.1005,0.3130,0.3296,-0.3194,-0.0776,-0.1066,0.2993,-0.0438,-0.1133,0.1481,-0.0004,0.0031,-0.0431,-0.0673,-0.0508,0.0256,0.0431,0.0527,0.0000,0.0158,-0.0000,0.0220,-0.0559,-0.0202,-0.0175,-0.0428,0.0562,0.2688,-0.0624,0.0656,0.0295,0.2392,0.9859,-0.0000,0.1675,-0.1675,-0.0281,0.9855,0.0631,-0.0162,0.1463,-0.0831,0.0213,0.1502,-0.0831,0.0213,0.1502,0.0912,-0.0233,0.1456,-0.1199,0.0494,0.0976,0.1323,-0.0210,0.0890,0.0764,-0.0031,-0.1925,-0.0687,-0.0042,-0.1925,0.0017,-0.0019,0.0697,0.0616,0.0061,-0.0670,-0.0577,0.0058,-0.0704,0.0657,0.0103,-0.0906,-0.0598,0.0059,-0.0900,0.9102,0.0025,0.0010,-0.0258,0.0913,-0.1558,0.0255,0.0401,0.0729,0.6167,0.0214,-0.0091,0.0192,-0.1287,-0.0198,-0.0263,0.0624,0.0455,0.0512,0.0043,0.0916,0.0101
935,0.911220,0.1787,-0.0281,0.1824,0.0756,-0.1762,-0.1372,0.2965,-0.0695,0.0014,-0.3434,-0.2387,0.1008,0.3123,0.3294,-0.3196,-0.0781,-0.1058,0.2990,-0.0473,-0.1125,0.1485,-0.0001,0.0014,-0.0397,-0.0683,-0.0500,0.0253,0.0499,0.0598,-0.0000,0.0248,0.0000,0.0217,-0.0640,-0.0274,-0.0091,-0.0453,0.0681,1.5712,-1.9030,0.0702,0.0349,0.2392,0.9859,-0.0000,0.1675,-0.1674,-0.0283,0.9855,0.0631,-0.0162,0.1463,-0.0832,0.0213,0.1502,-0.0832,0.0213,0.1502,0.0911,-0.0234,0.1456,-0.1199,0.0494,0.0977,0.1322,-0.0211,0.0890,0.0765,-0.0031,-0.1925,-0.0685,-0.0042,-0.1926,0.0017,-0.0019,0.0697,0.0616,0.0060,-0.0670,-0.0577,0.0059,-0.0704,0.0657,0.0103,-0.0906,-0.0598,0.0059,-0.0900,0.9112,-0.0279,-0.0265,-0.0186,0.1257,-0.2000,0.0331,0.0273,0.0632,0.5324,0.0285,0.0031,0.0293,-0.1404,-0.0138,-0.0300,0.0737,-0.0003,0.0521,0.0102,0.0841,-0.0230
936,0.912195,0.1784,-0.0281,0.1818,0.0744,-0.1772,-0.1366,0.2971,-0.0687,0.0014,-0.3429,-0.2387,0.1015,0.3114,0.3290,-0.3200,-0.0789,-0.1050,0.3032,-0.0413,-0.1115,0.1488,-0.0233,0.0003,-0.0273,-0.0702,-0.0604,0.0361,0.0182,0.0303,-0.0000,0.0299,-0.0000,0.0348,-0.0407,-0.0119,-0.0190,-0.0293,0.0263,0.6041,-0.3690,0.0487,0.0052,0.2392,0.9859,-0.0000,0.1674,-0.1673,-0.0285,0.9855,0.0631,-0.0163,0.1463,-0.0831,0.0212,0.1502,-0.0831,0.0212,0.1502,0.0912,-0.0234,0.1455,-0.1198,0.0493,0.0977,0.1323,-0.0211,0.0889,0.0767,-0.0031,-0.1925,-0.0683,-0.0042,-0.1926,0.0017,-0.0019,0.0697,0.0617,0.0060,-0.0670,-0.0576,0.0059,-0.0704,0.0658,0.0102,-0.0906,-0.0597,0.0059,-0.0900,0.9122,-0.0126,0.0084,-0.0246,0.0892,-0.1533,0.0237,0.0430,0.0773,0.5964,0.0241,-0.0033,0.0149,-0.1157,-0.0203,-0.0269,0.0570,0.0581,0.0502,0.0022,0.0860,0.0037
937,0.913171,0.1781,-0.0281,0.1813,0.0731,-0.1782,-0.1360,0.2978,-0.0678,0.0014,-0.3424,-0.2387,0.1020,0.3103,0.3287,-0.3203,-0.0795,-0.1039,0.3158,-0.0479,-0.1104,0.1493,-0.0046,-0.0004,-0.0332,-0.0656,-0.0514,0.0251,0.0474,0.0592,-0.0000,0.0206,0.0000,0.0288,-0.0614,-0.0203,-0.0193,-0.0427,0.0714,0.3259,0.3809,0.0601,0.0352,0.2392,0.9859,-0.0000,0.1673,-0.1672,-0.0288,0.9855,0.0632,-0.0163,0.1463,-0.0830,0.0212,0.1503,-0.0830,0.0212,0.1503,0.0913,-0.0235,0.1455,-0.1198,0.0493,0.0977,0.1324,-0.0211,0.0889,0.0769,-0.0031,-0.1925,-0.0681,-0.0042,-0.1926,0.0018,-0.0019,0.0697,0.0618,0.0059,-0.0670,-0.0575,0.0059,-0.0704,0.0659,0.0101,-0.0906,-0.0595,0.0060,-0.0900,0.9132,-0.0047,0.0088,-0.0226,0.0864,-0.1428,0.0273,0.0383,0.0723,0.6142,0.0191,-0.0058,0.0093,-0.1161,-0.0198,-0.0267,0.0549,0.0634,0.0448,0.0011,0.0878,0.0109
938,0.914146,0.1781,-0.0281,0.1807,0.0720,-0.1790,-0.1356,0.2986,-0.0668,0.0014,-0.3421,-0.2387,0.1024,0.3092,0.3283,-0.3207,-0.0802,-0.1026,0.3171,-0.0369,-0.1093,0.1498,-0.0007,-0.0001,-0.0320,-0.0672,-0.0521,0.0260,0.0396,0.0522,-0.0000,0.0117,-0.0000,0.0170,-0.0538,-0.0208,-0.0149,-0.0349,0.0670,-0.1273,0.2294,0.0659,0.0355,0.2392,0.9859,0.0000,0.1673,-0.1672,-0.0290,0.9855,0.0632,-0.0164,0.1463,-0.0830,0.0212,0.1503,-0.0830,0.0212,0.1503,0.0913,-0.0236,0.1455,-0.1197,0.0493,0.0978,0.1324,-0.0212,0.0889,0.0771,-0.0031,-0.1925,-0.0679,-0.0042,-0.1926,0.0018,-0.0019,0.0697,0.0618,0.0059,-0.0671,-0.0575,0.0060,-0.0704,0.0660,0.0101,-0.0906,-0.0595,0.0060,-0.0900,0.9141,-0.0023,0.0016,-0.0237,0.0971,-0.1381,0.0311,0.0323,0.0646,0.6214,0.0212,-0.0116,0.0122,-0.1250,-0.0214,-0.0268,0.0493,0.0331,0.0436,0.0027,0.0910,0.0208
939,0.915122,0.1781,-0.0281,0.1802,0.0712,-0.1797,-0.1352,0.2991,-0.0662,0.0014,-0.3419,-0.2387,0.1027,0.3086,0.3281,-0.3208,-0.0807,-0.1019,0.3162,-0.0381,-0.1085,0.1503,-0.0002,0.0111,-0.0340,-0.0519,-0.0403,0.0314,0.0426,0.0492,-0.0000,0.0255,-0.0000,0.0280,-0.0596,-0.0232,-0.0212,-0.0437,0.0511,-0.2411,1.5386,0.0651,0.0479,0.2392,0.9859,-0.0000,0.1673,-0.1673,-0.0291,0.9855,0.0632,-0.0164,0.1463,-0.0830,0.0211,0.1503,-0.0830,0.0211,0.1503,0.0912,-0.0237,0.1455,-0.1197,0.0493,0.0978,0.1324,-0.0212,0.0889,0.0772,-0.0031,-0.1925,-0.0678,-0.0042,-0.1926,0.0018,-0.0019,0.0697,0.0618,0.0058,-0.0671,-0.0574,0.0060,-0.0704,0.0660,0.0100,-0.0906,-0.0594,0.0060,-0.0900,0.9151,0.0112,-0.0163,-0.0175,0.0912,-0.1158,0.0345,0.0230,0.0505,0.6446,0.0133,-0.0125,0.0096,-0.1353,-0.0221,-0.0216,0.0530,0.0220,0.0383,-0.0023,0.0901,0.0396
940,0.916098,0.1781,-0.0279,0.1797,0.0702,-0.1805,-0.1346,0.2997,-0.0654,0.0014,-0.3416,-0.2387,0.1030,0.3076,0.3276,-0.3211,-0.0813,-0.1011,0.3082,-0.0352,-0.1074,0.1513,0.0000,0.0082,-0.0264,-0.0435,-0.0335,0.0415,0.0353,0.0388,0.0000,0.0050,0.0000,0.0068,-0.0592,-0.0279,-0.0093,-0.0285,0.0430,-0.1664,1.0151,0.0575,0.0552,0.2392,0.9859,0.0000,0.1674,-0.1673,-0.0293,0.9855,0.0632,-0.0165,0.1462,-0.0830,0.0211,0.1503,-0.0830,0.0211,0.1503,0.0913,-0.0237,0.1455,-0.1197,0.0493,0.0978,0.1324,-0.0212,0.0889,0.0774,-0.0031,-0.1925,-0.0676,-0.0042,-0.1926,0.0018,-0.0019,0.0697,0.0619,0.0058,-0.0671,-0.0574,0.0060,-0.0704,0.0661,0.0100,-0.0906,-0.0593,0.0061,-0.0900,0.9161,0.0063,-0.0131,-0.0207,0.0920,-0.1177,0.0357,0.0245,0.0522,0.6487,0.0148,-0.0150,0.0121,-0.1315,-0.0224,-0.0240,0.0477,0.0144,0.0451,-0.0033,0.0881,0.0359
941,0.917073,0.1781,-0.0278,0.1792,0.0694,-0.1811,-0.1337,0.3003,-0.0647,0.0014,-0.3415,-0.2387,0.1032,0.3066,0.3271,-0.3212,-0.0819,-0.1004,0.3138,-0.0340,-0.1062,0.1522,0.0000,0.0069,-0.0288,-0.0427,-0.0333,0.0455,0.0333,0.0370,0.0000,0.0082,-0.0000,0.0125,-0.0483,-0.0257,-0.0121,-0.0321,0.0334,-0.2505,0.2673,0.0572,0.0499,0.2392,0.9859,-0.0000,0.1674,-0.1673,-0.0293,0.9855,0.0632,-0.0165,0.1462,-0.0830,0.0210,0.1503,-0.0830,0.0210,0.1503,0.0913,-0.0237,0.1454,-0.1196,0.0492,0.0978,0.1324,-0.0212,0.0889,0.0775,-0.0031,-0.1925,-0.0675,-0.0042,-0.1926,0.0018,-0.0019,0.0697,0.0619,0.0057,-0.0671,-0.0573,0.0061,-0.0704,0.0661,0.0099,-0.0906,-0.0592,0.0061,-0.0900,0.9171,-0.0043,-0.0055,-0.0233,0.1040,-0.1306,0.0343,0.0265,0.0573,0.6278,0.0208,-0.0151,0.0140,-0.1238,-0.0226,-0.0267,0.0435,0.0145,0.0435,0.0016,0.0908,0.0254
942,0.918049,0.1781,-0.0277,0.1787,0.0687,-0.1816,-0.1331,0.3008,-0.0641,0.0014,-0.3412,-0.2387,0.1034,0.3059,0.3267,-0.3214,-0.0825,-0.1000,0.3129,-0.0318,-0.1054,0.1529,0.0000,0.0063,-0.0330,-0.0418,-0.0326,0.0438,0.0362,0.0413,-0.0000,0.0221,0.0000,0.0253,-0.0399,-0.0304,-0.0116,-0.0387,0.0298,0.7315,-0.5940,0.0593,0.0445,0.2392,0.9859,0.0000,0.1674,-0.1673,-0.0294,0.9855,0.0632,-0.0165,0.1462,-0.0830,0.0210,0.1504,-0.0830,0.0210,0.1504,0.0913,-0.0237,0.1454,-0.1196,0.0492,0.0978,0.1324,-0.0212,0.0888,0.0776,-0.0031,-0.1925,-0.0673,-0.0042,-0.1926,0.0018,-0.0019,0.0697,0.0619,0.0057,-0.0671,-0.0573,0.0061,-0.0704,0.0662,0.0099,-0.0906,-0.0592,0.0061,-0.0900,0.9180,-0.0277,0.0061,-0.0213,0.0953,-0.1458,0.0238,0.0412,0.0753,0.5871,0.0269,0.0004,0.0102,-0.1075,-0.0210,-0.0268,0.0435,0.0491,0.0488,0.0004,0.0822,0.0011
943,0.919024,0.1781,-0.0276,0.1781,0.0679,-0.1822,-0.1324,0.3016,-0.0633,0.0014,-0.3407,-0.2387,0.1040,0.3051,0.3262,-0.3217,-0.0831,-0.0992,0.3222,-0.0398,-0.1044,0.1535,0.0000,0.0026,-0.0298,-0.0540,-0.0412,0.0262,0.0437,0.0551,-0.0000,0.0314,0.0000,0.0346,-0.0434,-0.0236,-0.0175,-0.0342,0.0534,0.0686,-0.0366,0.0522,0.0199,0.2392,0.9859,-0.0000,0.1674,-0.1674,-0.0296,0.9854,0.0632,-0.0166,0.1462,-0.0830,0.0209,0.1504,-0.0830,0.0209,0.1504,0.0913,-0.0238,0.1454,-0.1196,0.0491,0.0978,0.1325,-0.0212,0.0888,0.0777,-0.0031,-0.1925,-0.0672,-0.0042,-0.1926,0.0018,-0.0019,0.0697,0.0620,0.0056,-0.0671,-0.0572,0.0061,-0.0704,0.0662,0.0098,-0.0906,-0.0591,0.0062,-0.0900,0.9190,-0.0180,0.0061,-0.0216,0.1055,-0.1382,0.0291,0.0324,0.0670,0.6023,0.0227,-0.0086,0.0102,-0.1087,-0.0217,-0.0267,0.0394,0.0396,0.0407,0.0017,0.0898,0.0108
944,0.920000,0.1781,-0.0275,0.1776,0.0669,-0.1830,-0.1320,0.3023,-0.0623,0.0014,-0.3403,-0.2387,0.1046,0.3045,0.3257,-0.3219,-0.0838,-0.0983,0.3333,-0.0497,-0.1034,0.1540,-0.0001,0.0050,-0.0311,-0.0489,-0.0382,0.0288,0.0380,0.0471,-0.0000,0.0195,-0.0000,0.0321,-0.0387,-0.0242,-0.0173,-0.0360,0.0419,0.3221,-0.2798,0.0560,0.0290,0.2392,0.9859,0.0000,0.1675,-0.1675,-0.0299,0.9854,0.0633,-0.0167,0.1462,-0.0829,0.0209,0.1504,-0.0829,0.0209,0.1504,0.0914,-0.0239,0.1454,-0.1195,0.0491,0.0979,0.1325,-0.0213,0.0888,0.0779,-0.0031,-0.1925,-0.0670,-0.0042,-0.1926,0.0018,-0.0019,0.0697,0.0620,0.0056,-0.0671,-0.0571,0.0062,-0.0704,0.0663,0.0098,-0.0906,-0.0591,0.0062,-0.0900,0.9200,-0.0281,0.0111,-0.0195,0.1087,-0.1442,0.0255,0.0339,0.0714,0.5842,0.0256,-0.0038,0.0076,-0.1028,-0.0217,-0.0265,0.0375,0.0538,0.0342,0.0042,0.0876,0.0021
945,0.920976,0.1781,-0.0274,0.1772,0.0663,-0.1835,-0.1316,0.3028,-0.0617,0.0014,-0.3400,-0.2387,0.1050,0.3039,0.3254,-0.3222,-0.0842,-0.0978,0.3307,-0.0467,-0.1027,0.1544,-0.0002,0.0017,-0.0274,-0.0502,-0.0376,0.0272,0.0450,0.0552,-0.0000,0.0364,0.0001,0.0375,-0.0427,-0.0312,-0.0105,-0.0426,0.0527,1.3885,-1.3687,0.0573,0.0261,0.2392,0.9858,-0.0000,0.1677,-0.1676,-0.0300,0.9854,0.0633,-0.0167,0.1462,-0.0829,0.0208,0.1504,-0.0829,0.0208,0.1504,0.0914,-0.0240,0.1454,-0.1195,0.0491,0.0979,0.1325,-0.0214,0.0888,0.0780,-0.0031,-0.1925,-0.0669,-0.0042,-0.1926,0.0019,-0.0019,0.0697,0.0621,0.0056,-0.0671,-0.0571,0.0062,-0.0704,0.0663,0.0097,-0.0906,-0.0590,0.0062,-0.0900,0.9210,-0.0530,-0.0061,-0.0129,0.1225,-0.1718,0.0288,0.0306,0.0693,0.5277,0.0282,0.0083,0.0105,-0.1053,-0.0150,-0.0270,0.0472,0.0329,0.0410,0.0075,0.0813,-0.0245
946,0.921951,0.1779,-0.0274,0.1768,0.0654,-0.1842,-0.1311,0.3034,-0.0609,0.0014,-0.3395,-0.2387,0.1057,0.3033,0.3250,-0.3224,-0.0849,-0.0969,0.3336,-0.0496,-0.1018,0.1547,-0.0295,0.0006,-0.0181,-0.0509,-0.0479,0.0261,0.0203,0.0342,-0.0000,0.0380,0.0000,0.0613,-0.0338,-0.0161,-0.0161,-0.0323,0.0338,-0.2019,-0.0449,0.0413,0.0097,0.2392,0.9858,-0.0000,0.1677,-0.1677,-0.0302,0.9854,0.0633,-0.0168,0.1462,-0.0829,0.0208,0.1505,-0.0829,0.0208,0.1505,0.0913,-0.0240,0.1453,-0.1195,0.0491,0.0979,0.1325,-0.0214,0.0888,0.0781,-0.0031,-0.1925,-0.0668,-0.0042,-0.1926,0.0018,-0.0020,0.0697,0.0621,0.0055,-0.0671,-0.0571,0.0062,-0.0704,0.0664,0.0097,-0.0906,-0.0589,0.0063,-0.0900,0.9220,-0.0261,0.0051,-0.0187,0.1174,-0.1332,0.0304,0.0253,0.0613,0.5925,0.0235,-0.0113,0.0069,-0.1040,-0.0228,-0.0253,0.0301,0.0294,0.0285,0.0051,0.0892,0.0134
947,0.922927,0.1777,-0.0274,0.1764,0.0644,-0.1851,-0.1306,0.3039,-0.0602,0.0014,-0.3390,-0.2387,0.1065,0.3027,0.3247,-0.3227,-0.0855,-0.0964,0.3204,-0.0538,-0.1008,0.1553,-0.0056,0.0036,-0.0240,-0.0483,-0.0441,0.0345,0.0331,0.0422,-0.0000,0.0207,0.0000,0.0357,-0.0351,-0.0258,-0.0150,-0.0422,0.0320,-0.9294,0.3041,0.0518,0.0498,0.2392,0.9858,0.0000,0.1679,-0.1678,-0.0304,0.9854,0.0633,-0.0168,0.1461,-0.0829,0.0207,0.1505,-0.0829,0.0207,0.1505,0.0914,-0.0241,0.1453,-0.1194,0.0490,0.0979,0.1326,-0.0214,0.0888,0.0783,-0.0031,-0.1925,-0.0666,-0.0042,-0.1926,0.0019,-0.0020,0.0697,0.0621,0.0055,-0.0671,-0.0570,0.0063,-0.0704,0.0664,0.0097,-0.0906,-0.0589,0.0063,-0.0900,0.9229,-0.0126,-0.0243,-0.0168,0.1389,-0.1298,0.0352,0.0107,0.0427,0.6145,0.0219,-0.0229,0.0151,-0.1307,-0.0260,-0.0201,0.0264,-0.0337,0.0214,0.0093,0.0978,0.0332
948,0.923902,0.1775,-0.0272,0.1760,0.0638,-0.1857,-0.1299,0.3044,-0.0596,0.0014,-0.3387,-0.2388,0.1072,0.3020,0.3241,-0.3229,-0.0863,-0.0961,0.3172,-0.0451,-0.0998,0.1563,-0.0104,0.0121,-0.0253,-0.0253,-0.0242,0.0419,0.0211,0.0203,-0.0000,0.0218,-0.0040,0.0338,-0.0327,-0.0373,-0.0061,-0.0425,-0.0030,0.4336,-0.4471,0.0490,0.0504,0.2392,0.9858,-0.0000,0.1679,-0.1679,-0.0305,0.9853,0.0633,-0.0169,0.1461,-0.0829,0.0207,0.1505,-0.0829,0.0207,0.1505,0.0914,-0.0241,0.1453,-0.1194,0.0489,0.0979,0.1326,-0.0214,0.0888,0.0784,-0.0031,-0.1925,-0.0665,-0.0042,-0.1926,0.0019,-0.0020,0.0697,0.0622,0.0054,-0.0671,-0.0569,0.0063,-0.0704,0.0665,0.0096,-0.0906,-0.0588,0.0064,-0.0900,0.9239,-0.0353,0.0030,-0.0191,0.1129,-0.1352,0.0281,0.0308,0.0665,0.5889,0.0248,-0.0068,0.0109,-0.0959,-0.0225,-0.0264,0.0332,0.0350,0.0395,0.0012,0.0831,0.0020
949,0.924878,0.1774,-0.0271,0.1757,0.0634,-0.1860,-0.1293,0.3047,-0.0592,0.0014,-0.3383,-0.2388,0.1077,0.3016,0.3236,-0.3230,-0.0868,-0.0960,0.3208,-0.0480,-0.0992,0.1568,-0.0053,0.0053,-0.0232,-0.0347,-0.0248,0.0383,0.0414,0.0473,-0.0000,0.0352,-0.0014,0.0457,-0.0403,-0.0364,-0.0058,-0.0464,0.0379,1.6532,-1.6065,0.0520,0.0227,0.2392,0.9858,-0.0000,0.1679,-0.1678,-0.0305,0.9853,0.0633,-0.0169,0.1461,-0.0829,0.0206,0.1505,-0.0829,0.0206,0.1505,0.0914,-0.0241,0.1453,-0.1194,0.0489,0.0979,0.1326,-0.0214,0.0888,0.0785,-0.0031,-0.1925,-0.0664,-0.0042,-0.1926,0.0018,-0.0020,0.0697,0.0622,0.0054,-0.0671,-0.0569,0.0064,-0.0704,0.0665,0.0096,-0.0906,-0.0588,0.0064,-0.0900,0.9249,-0.0611,-0.0154,-0.0091,0.1340,-0.1720,0.0292,0.0278,0.0664,0.5188,0.0255,0.0084,0.0143,-0.0982,-0.0137,-0.0250,0.0483,0.0194,0.0428,0.0058,0.0780,-0.0356
950,0.925854,0.1770,-0.0272,0.1753,0.0627,-0.1867,-0.1287,0.3052,-0.0586,0.0014,-0.3378,-0.2388,0.1087,0.3012,0.3232,-0.3232,-0.0874,-0.0954,0.3245,-0.0498,-0.0985,0.1569,-0.0338,-0.0094,-0.0087,-0.0467,-0.0429,0.0316,0.0182,0.0318,-0.0000,0.0279,-0.0002,0.0592,-0.0203,-0.0148,-0.0103,-0.0231,0.0244,1.1047,-0.9578,0.0336,-0.0078,0.2392,0.9858,-0.0000,0.1679,-0.1678,-0.0307,0.9853,0.0633,-0.0169,0.1461,-0.0829,0.0206,0.1505,-0.0829,0.0206,0.1505,0.0914,-0.0241,0.1453,-0.1194,0.0488,0.0979,0.1326,-0.0214,0.0887,0.0786,-0.0031,-0.1925,-0.0662,-0.0042,-0.1926,0.0019,-0.0020,0.0697,0.0622,0.0054,-0.0671,-0.0569,0.0064,-0.0704,0.0665,0.0095,-0.0906,-0.0587,0.0065,-0.0900,0.9259,-0.0577,0.0057,-0.0137,0.1174,-0.1478,0.0246,0.0336,0.0728,0.5454,0.0259,0.0042,0.0050,-0.0837,-0.0190,-0.0254,0.0316,0.0496,0.0374,0.0027,0.0787,-0.0186
951,0.926829,0.1767,-0.0272,0.1752,0.0618,-0.1875,-0.1282,0.3057,-0.0578,0.0014,-0.3373,-0.2388,0.1097,0.3007,0.3229,-0.3235,-0.0881,-0.0947,0.3260,-0.0503,-0.0978,0.1570,-0.0076,-0.0012,-0.0110,-0.0459,-0.0391,0.0241,0.0359,0.0481,-0.0000,0.0263,0.0000,0.0501,-0.0274,-0.0230,-0.0115,-0.0432,0.0434,1.1010,-0.3552,0.0382,0.0121,0.2392,0.9858,0.0000,0.1680,-0.1679,-0.0310,0.9853,0.0634,-0.0169,0.1461,-0.0828,0.0206,0.1505,-0.0828,0.0206,0.1505,0.0915,-0.0241,0.1452,-0.1193,0.0488,0.0979,0.1327,-0.0214,0.0887,0.0787,-0.0031,-0.1925,-0.0661,-0.0042,-0.1926,0.0019,-0.0020,0.0697,0.0623,0.0054,-0.0671,-0.0568,0.0065,-0.0703,0.0666,0.0095,-0.0906,-0.0586,0.0065,-0.0900,0.9268,-0.0526,0.0144,-0.0131,0.1026,-0.1388,0.0207,0.0388,0.0785,0.5584,0.0219,0.0055,-0.0022,-0.0778,-0.0191,-0.0249,0.0283,0.0765,0.0375,-0.0015,0.0803,-0.0127
952,0.927805,0.1766,-0.0272,0.1750,0.0608,-0.1882,-0.1278,0.3064,-0.0569,0.0014,-0.3369,-0.2388,0.1105,0.3001,0.3226,-0.3237,-0.0888,-0.0938,0.3363,-0.0564,-0.0969,0.1572,-0.0024,-0.0003,-0.0114,-0.0549,-0.0444,0.0163,0.0386,0.0531,-0.0000,0.0184,0.0000,0.0421,-0.0346,-0.0181,-0.0141,-0.0390,0.0605,-0.0819,-0.0153,0.0466,0.0124,0.2392,0.9858,0.0000,0.1681,-0.1680,-0.0312,0.9853,0.0634,-0.0170,0.1461,-0.0828,0.0206,0.1506,-0.0828,0.0206,0.1506,0.0915,-0.0242,0.1452,-0.1193,0.0488,0.0980,0.1327,-0.0215,0.0887,0.0789,-0.0031,-0.1925,-0.0659,-0.0042,-0.1925,0.0019,-0.0020,0.0697,0.0623,0.0053,-0.0671,-0.0568,0.0065,-0.0703,0.0667,0.0095,-0.0906,-0.0586,0.0066,-0.0900,0.9278,-0.0365,0.0066,-0.0159,0.1265,-0.1286,0.0301,0.0225,0.0610,0.5868,0.0209,-0.0118,0.0056,-0.0913,-0.0227,-0.0252,0.0206,0.0320,0.0270,0.0028,0.0894,0.0067
953,0.928780,0.1765,-0.0272,0.1747,0.0600,-0.1890,-0.1275,0.3070,-0.0561,0.0014,-0.3366,-0.2388,0.1111,0.2998,0.3223,-0.3238,-0.0893,-0.0932,0.3384,-0.0612,-0.0963,0.1575,-0.0066,0.0050,-0.0195,-0.0381,-0.0352,0.0292,0.0267,0.0350,0.0000,0.0175,-0.0001,0.0565,-0.0135,-0.0280,-0.0069,-0.0530,0.0254,0.9424,-2.0129,0.0538,0.0445,0.2392,0.9857,0.0000,0.1683,-0.1683,-0.0314,0.9852,0.0634,-0.0171,0.1461,-0.0827,0.0205,0.1506,-0.0827,0.0205,0.1506,0.0915,-0.0243,0.1452,-0.1192,0.0488,0.0980,0.1327,-0.0215,0.0887,0.0790,-0.0031,-0.1925,-0.0658,-0.0042,-0.1925,0.0019,-0.0020,0.0697,0.0624,0.0053,-0.0671,-0.0567,0.0066,-0.0703,0.0667,0.0094,-0.0906,-0.0585,0.0066,-0.0900,0.9288,-0.0711,-0.0183,-0.0073,0.1600,-0.1671,0.0327,0.0169,0.0572,0.5059,0.0321,0.0029,0.0096,-0.1036,-0.0170,-0.0273,0.0279,-0.0144,0.0297,0.0119,0.0811,-0.0312
954,0.929756,0.1762,-0.0272,0.1745,0.0596,-0.1894,-0.1271,0.3073,-0.0557,0.0014,-0.3362,-0.2388,0.1121,0.2994,0.3219,-0.3241,-0.0902,-0.0929,0.3351,-0.0628,-0.0955,0.1579,-0.0565,-0.0078,-0.0122,-0.0324,-0.0385,0.0380,0.0147,0.0193,-0.0001,0.0545,-0.0001,0.0957,-0.0184,-0.0151,-0.0107,-0.0505,0.0012,-1.6996,-1.2219,0.0337,0.0052,0.2391,0.9857,0.0000,0.1684,-0.1683,-0.0314,0.9852,0.0634,-0.0171,0.1460,-0.0828,0.0205,0.1506,-0.0828,0.0205,0.1506,0.0915,-0.0243,0.1452,-0.1193,0.0487,0.0980,0.1327,-0.0215,0.0887,0.0791,-0.0031,-0.1925,-0.0657,-0.0042,-0.1925,0.0019,-0.0020,0.0697,0.0624,0.0053,-0.0671,-0.0567,0.0066,-0.0703,0.0668,0.0094,-0.0906,-0.0585,0.0067,-0.0900,0.9298,-0.0404,-0.0544,-0.0109,0.2023,-0.1576,0.0383,-0.0037,0.0269,0.5179,0.0428,-0.0140,-0.0013,-0.1393,-0.0272,-0.0172,0.0023,-0.1149,-0.0139,0.0277,0.1017,0.0168
955,0.930732,0.1754,-0.0273,0.1743,0.0591,-0.1900,-0.1263,0.3075,-0.0555,0.0014,-0.3352,-0.2388,0.1132,0.2990,0.3214,-0.3243,-0.0910,-0.0935,0.3275,-0.0734,-0.0948,0.1588,-0.0383,-0.0012,-0.0156,-0.0209,-0.0277,0.0463,0.0098,0.0038,-0.0000,0.0576,0.0000,0.0373,-0.0240,-0.0378,-0.0081,-0.0507,-0.0597,0.5746,-0.0715,0.0461,0.0710,0.2391,0.9858,0.0000,0.1682,-0.1681,-0.0315,0.9853,0.0635,-0.0171,0.1460,-0.0827,0.0204,0.1506,-0.0827,0.0204,0.1506,0.0915,-0.0243,0.1452,-0.1192,0.0486,0.0979,0.1327,-0.0215,0.0887,0.0792,-0.0031,-0.1925,-0.0656,-0.0042,-0.1925,0.0019,-0.0020,0.0697,0.0624,0.0052,-0.0671,-0.0566,0.0066,-0.0703,0.0668,0.0094,-0.0906,-0.0584,0.0067,-0.0900,0.9307,-0.0465,0.0082,-0.0137,0.1177,-0.1251,0.0246,0.0263,0.0655,0.5787,0.0211,-0.0071,0.0064,-0.0771,-0.0226,-0.0237,0.0253,0.0545,0.0245,0.0026,0.0782,-0.0028
956,0.931707,0.1749,-0.0273,0.1740,0.0587,-0.1903,-0.1255,0.3079,-0.0551,0.0014,-0.3346,-0.2388,0.1139,0.2983,0.3208,-0.3244,-0.0918,-0.0933,0.3351,-0.0799,-0.0940,0.1593,-0.0105,-0.0001,-0.0102,-0.0302,-0.0233,0.0305,0.0320,0.0425,-0.0000,0.0137,0.0000,0.0440,-0.0400,-0.0281,-0.0105,-0.0410,0.0620,0.0149,-0.1276,0.0405,0.0180,0.2391,0.9858,-0.0000,0.1678,-0.1677,-0.0315,0.9853,0.0635,-0.0170,0.1460,-0.0827,0.0204,0.1506,-0.0827,0.0204,0.1506,0.0915,-0.0242,0.1452,-0.1192,0.0486,0.0979,0.1328,-0.0214,0.0887,0.0793,-0.0031,-0.1925,-0.0655,-0.0043,-0.1925,0.0019,-0.0020,0.0697,0.0624,0.0052,-0.0671,-0.0566,0.0067,-0.0703,0.0668,0.0093,-0.0906,-0.0584,0.0068,-0.0900,0.9317,-0.0436,0.0067,-0.0141,0.1385,-0.1318,0.0273,0.0185,0.0599,0.5751,0.0199,-0.0143,0.0114,-0.0790,-0.0226,-0.0235,0.0213,0.0370,0.0188,0.0069,0.0874,-0.0042
957,0.932683,0.1746,-0.0273,0.1738,0.0583,-0.1907,-0.1252,0.3082,-0.0546,0.0014,-0.3344,-0.2388,0.1146,0.2980,0.3204,-0.3245,-0.0924,-0.0928,0.3422,-0.0850,-0.0935,0.1596,-0.0171,0.0003,-0.0154,-0.0262,-0.0276,0.0250,0.0194,0.0296,-0.0000,0.0210,0.0000,0.0778,-0.0097,-0.0345,-0.0059,-0.0580,0.0273,2.1203,-2.0987,0.0514,0.0228,0.2391,0.9858,0.0000,0.1678,-0.1677,-0.0316,0.9853,0.0635,-0.0170,0.1460,-0.0827,0.0204,0.1506,-0.0827,0.0204,0.1506,0.0916,-0.0242,0.1452,-0.1192,0.0486,0.0979,0.1328,-0.0214,0.0887,0.0794,-0.0032,-0.1925,-0.0654,-0.0043,-0.1925,0.0019,-0.0020,0.0697,0.0625,0.0051,-0.0671,-0.0566,0.0067,-0.0703,0.0669,0.0093,-0.0906,-0.0583,0.0068,-0.0900,0.9327,-0.0969,-0.0150,0.0048,0.1561,-0.1599,0.0277,0.0151,0.0630,0.4633,0.0273,0.0082,0.0131,-0.0738,-0.0123,-0.0233,0.0400,0.0301,0.0226,0.0143,0.0683,-0.0503
958,0.933659,0.1741,-0.0275,0.1736,0.0579,-0.1911,-0.1247,0.3085,-0.0542,0.0014,-0.3340,-0.2388,0.1159,0.2979,0.3200,-0.3247,-0.0932,-0.0923,0.3433,-0.0859,-0.0928,0.1597,-0.0950,-0.0488,-0.0074,-0.0117,-0.0177,0.0263,0.0082,0.0217,0.0000,0.0441,0.0000,0.1128,-0.0025,-0.0184,-0.0081,-0.0390,0.0294,1.1370,-1.1303,0.0180,-0.0333,0.2391,0.9859,-0.0000,0.1676,-0.1675,-0.0317,0.9854,0.0635,-0.0170,0.1460,-0.0827,0.0204,0.1506,-0.0827,0.0204,0.1506,0.0916,-0.0242,0.1452,-0.1192,0.0485,0.0979,0.1328,-0.0214,0.0886,0.0794,-0.0032,-0.1925,-0.0653,-0.0043,-0.1925,0.0019,-0.0020,0.0697,0.0625,0.0051,-0.0671,-0.0566,0.0068,-0.0703,0.0669,0.0093,-0.0906,-0.0583,0.0069,-0.0900,0.9337,-0.0807,0.0110,-0.0080,0.1402,-0.1431,0.0269,0.0228,0.0683,0.5102,0.0256,0.0019,0.0062,-0.0561,-0.0176,-0.0250,0.0290,0.0566,0.0183,0.0091,0.0733,-0.0366
959,0.934634,0.1731,-0.0280,0.1736,0.0574,-0.1917,-0.1242,0.3087,-0.0537,0.0014,-0.3334,-0.2388,0.1174,0.2978,0.3197,-0.3250,-0.0939,-0.0917,0.3434,-0.0856,-0.0923,0.1595,-0.0261,-0.0075,-0.0009,-0.0280,-0.0297,0.0269,0.0148,0.0268,0.0000,0.0255,-0.0000,0.0680,-0.0039,-0.0187,-0.0105,-0.0414,0.0286,0.4720,-0.5006,0.0264,-0.0006,0.2391,0.9859,-0.0000,0.1673,-0.1672,-0.0319,0.9854,0.0635,-0.0169,0.1460,-0.0827,0.0204,0.1506,-0.0827,0.0204,0.1506,0.0916,-0.0241,0.1451,-0.1192,0.0485,0.0979,0.1328,-0.0213,0.0886,0.0795,-0.0032,-0.1925,-0.0652,-0.0043,-0.1925,0.0020,-0.0020,0.0697,0.0625,0.0051,-0.0671,-0.0565,0.0068,-0.0703,0.0669,0.0092,-0.0906,-0.0583,0.0069,-0.0900,0.9346,-0.0621,0.0185,-0.0114,0.1368,-0.1326,0.0217,0.0251,0.0690,0.5451,0.0235,-0.0055,0.0040,-0.0612,-0.0220,-0.0245,0.0148,0.0612,0.0155,0.0064,0.0812,-0.0184
960,0.935610,0.1728,-0.0280,0.1736,0.0570,-0.1920,-0.1238,0.3090,-0.0533,0.0014,-0.3331,-0.2388,0.1183,0.2977,0.3194,-0.3251,-0.0945,-0.0913,0.3455,-0.0881,-0.0919,0.1595,-0.0117,-0.0017,-0.0038,-0.0315,-0.0284,0.0220,0.0295,0.0410,-0.0000,0.0265,0.0000,0.0671,-0.0105,-0.0287,-0.0079,-0.0577,0.0351,1.5385,-1.5603,0.0473,0.0165,0.2391,0.9859,0.0000,0.1674,-0.1673,-0.0320,0.9854,0.0635,-0.0170,0.1460,-0.0827,0.0204,0.1506,-0.0827,0.0204,0.1506,0.0916,-0.0241,0.1451,-0.1192,0.0485,0.0979,0.1328,-0.0213,0.0886,0.0796,-0.0032,-0.1925,-0.0651,-0.0043,-0.1925,0.0019,-0.0020,0.0697,0.0625,0.0051,-0.0671,-0.0565,0.0069,-0.0703,0.0670,0.0092,-0.0906,-0.0583,0.0070,-0.0900,0.9356,-0.0853,-0.0039,-0.0028,0.1567,-0.1627,0.0294,0.0185,0.0658,0.4897,0.0241,0.0038,0.0091,-0.0683,-0.0131,-0.0263,0.0330,0.0371,0.0236,0.0104,0.0801,-0.0497
961,0.936585,0.1724,-0.0281,0.1734,0.0565,-0.1925,-0.1235,0.3093,-0.0527,0.0014,-0.3327,-0.2388,0.1195,0.2975,0.3190,-0.3253,-0.0953,-0.0908,0.3538,-0.0972,-0.0912,0.1596,-0.0648,-0.0251,-0.0035,-0.0251,-0.0281,0.0235,0.0111,0.0241,0.0000,0.0267,0.0000,0.0982,-0.0036,-0.0188,-0.0078,-0.0420,0.0189,1.5798,-2.0044,0.0354,-0.0158,0.2391,0.9859,-0.0000,0.1675,-0.1674,-0.0321,0.9854,0.0635,-0.0170,0.1460,-0.0827,0.0204,0.1507,-0.0827,0.0204,0.1507,0.0916,-0.0242,0.1451,-0.1191,0.0484,0.0979,0.1329,-0.0214,0.0886,0.0797,-0.0032,-0.1925,-0.0650,-0.0043,-0.1925,0.0020,-0.0020,0.0697,0.0626,0.0051,-0.0671,-0.0565,0.0069,-0.0703,0.0670,0.0092,-0.0906,-0.0582,0.0071,-0.0900,0.9366,-0.0975,-0.0065,0.0027,0.1634,-0.1579,0.0299,0.0139,0.0636,0.4711,0.0269,0.0032,0.0114,-0.0672,-0.0119,-0.0262,0.0338,0.0300,0.0193,0.0142,0.0728,-0.0531
962,0.937561,0.1712,-0.0285,0.1734,0.0561,-0.1930,-0.1230,0.3094,-0.0524,0.0014,-0.3321,-0.2388,0.1212,0.2974,0.3188,-0.3257,-0.0960,-0.0905,0.3564,-0.0847,-0.0908,0.1594,-0.0606,-0.0209,-0.0005,-0.0247,-0.0304,0.0325,0.0026,0.0162,-0.0000,0.0277,0.0000,0.0832,-0.0059,-0.0054,-0.0150,-0.0313,0.0127,0.0114,0.5395,0.0235,-0.0080,0.2391,0.9859,-0.0000,0.1674,-0.1673,-0.0322,0.9854,0.0636,-0.0170,0.1460,-0.0827,0.0204,0.1507,-0.0827,0.0204,0.1507,0.0917,-0.0241,0.1451,-0.1191,0.0484,0.0979,0.1329,-0.0213,0.0886,0.0798,-0.0031,-0.1925,-0.0649,-0.0043,-0.1925,0.0020,-0.0020,0.0697,0.0626,0.0051,-0.0671,-0.0564,0.0070,-0.0703,0.0671,0.0092,-0.0906,-0.0582,0.0072,-0.0900,0.9376,-0.0516,0.0167,-0.0093,0.1303,-0.1032,0.0287,0.0161,0.0572,0.5749,0.0160,-0.0124,-0.0007,-0.0618,-0.0231,-0.0224,0.0111,0.0574,0.0091,0.0010,0.0771,0.0027
963,0.938537,0.1706,-0.0287,0.1734,0.0558,-0.1934,-0.1225,0.3096,-0.0521,0.0014,-0.3319,-0.2388,0.1221,0.2972,0.3187,-0.3258,-0.0964,-0.0902,0.3564,-0.0887,-0.0904,0.1595,-0.0256,-0.0086,-0.0017,-0.0188,-0.0215,0.0339,0.0271,0.0364,-0.0000,0.0113,0.0001,0.0568,-0.0276,-0.0200,-0.0141,-0.0461,0.0430,0.0044,1.2621,0.0416,0.0486,0.2391,0.9859,0.0000,0.1674,-0.1673,-0.0323,0.9854,0.0636,-0.0170,0.1460,-0.0827,0.0203,0.1507,-0.0827,0.0203,0.1507,0.0917,-0.0241,0.1451,-0.1191,0.0483,0.0979,0.1329,-0.0213,0.0886,0.0798,-0.0031,-0.1925,-0.0648,-0.0043,-0.1925,0.0020,-0.0020,0.0697,0.0626,0.0051,-0.0671,-0.0564,0.0070,-0.0703,0.0671,0.0092,-0.0906,-0.0581,0.0072,-0.0900,0.9385,-0.0411,-0.0007,-0.0056,0.1328,-0.0974,0.0311,0.0091,0.0480,0.5915,0.0102,-0.0148,-0.0014,-0.0742,-0.0228,-0.0200,0.0146,0.0425,0.0066,-0.0021,0.0796,0.0104
964,0.939512,0.1704,-0.0288,0.1734,0.0555,-0.1937,-0.1219,0.3099,-0.0516,0.0014,-0.3318,-0.2388,0.1229,0.2970,0.3182,-0.3260,-0.0972,-0.0897,0.3564,-0.0862,-0.0897,0.1601,-0.0111,-0.0011,-0.0009,-0.0145,-0.0169,0.0365,0.0129,0.0197,0.0000,0.0018,-0.0000,0.0419,-0.0050,-0.0286,-0.0042,-0.0388,0.0196,0.0009,-0.9402,0.0365,0.0337,0.2391,0.9859,0.0000,0.1676,-0.1675,-0.0323,0.9853,0.0636,-0.0170,0.1460,-0.0827,0.0203,0.1507,-0.0827,0.0203,0.1507,0.0917,-0.0241,0.1451,-0.1191,0.0482,0.0979,0.1329,-0.0213,0.0886,0.0799,-0.0031,-0.1925,-0.0647,-0.0043,-0.1925,0.0020,-0.0020,0.0697,0.0626,0.0051,-0.0671,-0.0564,0.0071,-0.0703,0.0671,0.0092,-0.0906,-0.0581,0.0073,-0.0900,0.9395,-0.0703,0.0041,-0.0094,0.1654,-0.1415,0.0258,0.0150,0.0584,0.5221,0.0281,-0.0082,-0.0011,-0.0689,-0.0231,-0.0251,0.0020,0.0170,0.0032,0.0118,0.0866,-0.0195
965,0.940488,0.1699,-0.0288,0.1733,0.0553,-0.1940,-0.1213,0.3101,-0.0513,0.0014,-0.3312,-0.2388,0.1242,0.2969,0.3177,-0.3261,-0.0981,-0.0894,0.3564,-0.0975,-0.0890,0.1605,-0.0318,-0.0003,-0.0053,-0.0089,-0.0133,0.0262,0.0106,0.0163,-0.0000,0.0442,0.0000,0.0767,-0.0039,-0.0290,-0.0127,-0.0463,0.0044,0.0001,-0.1145,0.0347,0.0090,0.2391,0.9858,-0.0000,0.1678,-0.1677,-0.0323,0.9853,0.0636,-0.0170,0.1460,-0.0827,0.0202,0.1507,-0.0827,0.0202,0.1507,0.0917,-0.0241,0.1451,-0.1191,0.0482,0.0978,0.1330,-0.0213,0.0886,0.0800,-0.0030,-0.1924,-0.0646,-0.0042,-0.1925,0.0020,-0.0020,0.0697,0.0626,0.0051,-0.0671,-0.0564,0.0071,-0.0703,0.0671,0.0092,-0.0906,-0.0581,0.0073,-0.0900,0.9405,-0.0618,0.0154,-0.0088,0.1501,-0.1238,0.0235,0.0154,0.0594,0.5455,0.0202,-0.0122,0.0015,-0.0586,-0.0228,-0.0225,0.0047,0.0478,0.0019,0.0091,0.0834,-0.0108
966,0.941463,0.1695,-0.0288,0.1732,0.0551,-0.1943,-0.1209,0.3104,-0.0509,0.0014,-0.3309,-0.2388,0.1254,0.2968,0.3172,-0.3263,-0.0988,-0.0892,0.3564,-0.1031,-0.0884,0.1608,-0.0170,-0.0004,-0.0031,-0.0132,-0.0170,0.0210,0.0193,0.0286,-0.0000,0.0167,0.0000,0.0696,-0.0009,-0.0286,-0.0117,-0.0430,0.0238,0.0000,-0.0892,0.0352,0.0200,0.2391,0.9858,-0.0000,0.1680,-0.1679,-0.0324,0.9853,0.0636,-0.0170,0.1460,-0.0827,0.0202,0.1507,-0.0827,0.0202,0.1507,0.0917,-0.0241,0.1451,-0.1191,0.0481,0.0978,0.1330,-0.0213,0.0886,0.0800,-0.0030,-0.1924,-0.0646,-0.0042,-0.1925,0.0020,-0.0020,0.0697,0.0627,0.0051,-0.0671,-0.0563,0.0072,-0.0703,0.0672,0.0092,-0.0906,-0.0580,0.0074,-0.0900,0.9415,-0.0616,0.0125,-0.0076,0.1551,-0.1262,0.0229,0.0138,0.0587,0.5459,0.0189,-0.0137,0.0018,-0.0594,-0.0226,-0.0220,0.0033,0.0449,0.0004,0.0095,0.0854,-0.0124
967,0.942439,0.1691,-0.0288,0.1732,0.0548,-0.1946,-0.1206,0.3107,-0.0504,0.0014,-0.3307,-0.2388,0.1264,0.2968,0.3168,-0.3264,-0.0994,-0.0889,0.3564,-0.1056,-0.0879,0.1611,-0.0208,0.0000,-0.0018,-0.0116,-0.0156,0.0181,0.0154,0.0250,-0.0000,0.0133,-0.0000,0.0825,-0.0002,-0.0286,-0.0054,-0.0467,0.0196,0.0000,-1.8184,0.0435,0.0216,0.2391,0.9857,0.0000,0.1683,-0.1682,-0.0325,0.9852,0.0636,-0.0171,0.1460,-0.0827,0.0201,0.1507,-0.0827,0.0201,0.1507,0.0917,-0.0242,0.1451,-0.1191,0.0481,0.0978,0.1330,-0.0213,0.0886,0.0801,-0.0030,-0.1924,-0.0645,-0.0042,-0.1925,0.0020,-0.0020,0.0697,0.0627,0.0051,-0.0671,-0.0563,0.0073,-0.0703,0.0672,0.0092,-0.0906,-0.0580,0.0075,-0.0900,0.9424,-0.0866,-0.0170,-0.0015,0.1971,-0.1555,0.0293,0.0069,0.0531,0.4839,0.0329,-0.0102,-0.0008,-0.0759,-0.0204,-0.0259,0.0034,-0.0276,-0.0017,0.0183,0.0897,-0.0351
968,0.943415,0.1686,-0.0289,0.1732,0.0547,-0.1948,-0.1202,0.3109,-0.0501,0.0014,-0.3301,-0.2388,0.1280,0.2968,0.3163,-0.3266,-0.1002,-0.0887,0.3564,-0.1070,-0.0872,0.1613,-0.0552,-0.0097,-0.0005,-0.0029,-0.0108,0.0249,0.0069,0.0099,-0.0000,0.0447,0.0001,0.0919,-0.0000,-0.0244,-0.0143,-0.0393,-0.0171,-0.0010,0.7548,0.0336,0.0047,0.2391,0.9857,0.0000,0.1684,-0.1683,-0.0326,0.9852,0.0636,-0.0171,0.1460,-0.0827,0.0201,0.1507,-0.0827,0.0201,0.1507,0.0917,-0.0242,0.1451,-0.1191,0.0480,0.0978,0.1330,-0.0213,0.0886,0.0801,-0.0030,-0.1924,-0.0644,-0.0042,-0.1925,0.0020,-0.0020,0.0697,0.0627,0.0051,-0.0671,-0.0563,0.0073,-0.0703,0.0672,0.0092,-0.0906,-0.0580,0.0076,-0.0900,0.9434,-0.0572,0.0051,-0.0040,0.1481,-0.1043,0.0275,0.0087,0.0509,0.5677,0.0126,-0.0163,-0.0029,-0.0605,-0.0225,-0.0202,0.0008,0.0395,-0.0007,0.0032,0.0807,-0.0004
969,0.944390,0.1679,-0.0290,0.1732,0.0546,-0.1950,-0.1197,0.3111,-0.0498,0.0014,-0.3297,-0.2388,0.1292,0.2967,0.3158,-0.3268,-0.1009,-0.0886,0.3564,-0.1044,-0.0867,0.1617,-0.0216,-0.0020,-0.0001,-0.0068,-0.0113,0.0304,0.0161,0.0231,-0.0000,0.0089,0.0000,0.0574,-0.0134,-0.0275,-0.0045,-0.0404,0.0251,-0.0001,-0.8033,0.0308,0.0313,0.2391,0.9857,0.0000,0.1685,-0.1684,-0.0326,0.9852,0.0636,-0.0171,0.1460,-0.0827,0.0201,0.1507,-0.0827,0.0201,0.1507,0.0917,-0.0242,0.1451,-0.1190,0.0479,0.0978,0.1330,-0.0213,0.0886,0.0802,-0.0030,-0.1924,-0.0644,-0.0042,-0.1925,0.0020,-0.0020,0.0697,0.0627,0.0051,-0.0671,-0.0563,0.0074,-0.0703,0.0672,0.0092,-0.0906,-0.0580,0.0076,-0.0900,0.9444,-0.0747,0.0026,-0.0058,0.1745,-0.1413,0.0227,0.0121,0.0575,0.5151,0.0246,-0.0114,-0.0022,-0.0622,-0.0222,-0.0236,-0.0038,0.0177,-0.0026,0.0135,0.0888,-0.0232
970,0.945366,0.1675,-0.0290,0.1732,0.0546,-0.1951,-0.1194,0.3113,-0.0496,0.0014,-0.3294,-0.2388,0.1302,0.2966,0.3154,-0.3269,-0.1015,-0.0884,0.3564,-0.1052,-0.0862,0.1620,-0.0383,-0.0005,-0.0000,-0.0040,-0.0103,0.0206,0.0079,0.0144,-0.0000,0.0317,0.0000,0.0875,-0.0030,-0.0275,-0.0083,-0.0476,0.0075,-0.0048,0.1656,0.0352,0.0075,0.2391,0.9857,-0.0000,0.1685,-0.1685,-0.0326,0.9852,0.0636,-0.0171,0.1460,-0.0827,0.0200,0.1507,-0.0827,0.0200,0.1507,0.0917,-0.0242,0.1451,-0.1190,0.0479,0.0978,0.1330,-0.0213,0.0886,0.0802,-0.0030,-0.1924,-0.0643,-0.0042,-0.1925,0.0020,-0.0021,0.0697,0.0627,0.0051,-0.0671,-0.0563,0.0075,-0.0703,0.0672,0.0092,-0.0906,-0.0580,0.0077,-0.0900,0.9454,-0.0631,0.0105,-0.0057,0.1557,-0.1167,0.0237,0.0117,0.0556,0.5508,0.0159,-0.0158,-0.0007,-0.0553,-0.0224,-0.0213,-0.0017,0.0411,-0.0000,0.0068,0.0837,-0.0091
971,0.946341,0.1670,-0.0290,0.1732,0.0545,-0.1954,-0.1190,0.3115,-0.0492,0.0014,-0.3291,-0.2388,0.1316,0.2965,0.3149,-0.3270,-0.1023,-0.0882,0.3564,-0.1015,-0.0856,0.1623,-0.0217,0.0001,0.0000,-0.0095,-0.0145,0.0209,0.0133,0.0230,-0.0000,0.0074,0.0000,0.0714,-0.0003,-0.0277,-0.0053,-0.0435,0.0164,-0.0006,-0.8902,0.0317,0.0176,0.2391,0.9857,-0.0000,0.1687,-0.1686,-0.0326,0.9851,0.0636,-0.0171,0.1460,-0.0827,0.0200,0.1507,-0.0827,0.0200,0.1507,0.0917,-0.0242,0.1450,-0.1190,0.0479,0.0978,0.1330,-0.0213,0.0886,0.0803,-0.0030,-0.1924,-0.0643,-0.0042,-0.1925,0.0020,-0.0021,0.0697,0.0627,0.0051,-0.0671,-0.0563,0.0075,-0.0703,0.0673,0.0092,-0.0906,-0.0580,0.0078,-0.0900,0.9463,-0.0782,0.0011,-0.0050,0.1782,-0.1413,0.0232,0.0122,0.0578,0.5112,0.0248,-0.0114,-0.0047,-0.0600,-0.0220,-0.0243,-0.0071,0.0127,-0.0014,0.0121,0.0902,-0.0249
972,0.947317,0.1665,-0.0290,0.1732,0.0543,-0.1956,-0.1186,0.3117,-0.0488,0.0014,-0.3287,-0.2388,0.1331,0.2965,0.3144,-0.3271,-0.1032,-0.0881,0.3563,-0.1126,-0.0850,0.1624,-0.0345,-0.0004,0.0000,-0.0053,-0.0109,0.0180,0.0096,0.0152,-0.0000,0.0294,0.0000,0.0827,-0.0003,-0.0267,-0.0120,-0.0455,-0.0000,-0.0001,-0.1329,0.0314,0.0036,0.2390,0.9856,-0.0000,0.1688,-0.1687,-0.0326,0.9851,0.0636,-0.0171,0.1460,-0.0827,0.0200,0.1507,-0.0827,0.0200,0.1507,0.0917,-0.0242,0.1450,-0.1190,0.0478,0.0977,0.1330,-0.0213,0.0886,0.0803,-0.0030,-0.1924,-0.0642,-0.0042,-0.1925,0.0020,-0.0021,0.0697,0.0628,0.0050,-0.0671,-0.0563,0.0076,-0.0703,0.0673,0.0092,-0.0906,-0.0579,0.0078,-0.0900,0.9473,-0.0698,0.0103,-0.0048,0.1660,-0.1254,0.0218,0.0111,0.0567,0.5336,0.0172,-0.0151,-0.0019,-0.0515,-0.0221,-0.0213,-0.0049,0.0379,-0.0044,0.0100,0.0858,-0.0174
973,0.948293,0.1660,-0.0290,0.1732,0.0542,-0.1958,-0.1184,0.3118,-0.0486,0.0014,-0.3285,-0.2388,0.1342,0.2965,0.3141,-0.3273,-0.1038,-0.0880,0.3563,-0.1128,-0.0846,0.1625,-0.0334,-0.0004,0.0000,-0.0108,-0.0194,0.0188,0.0101,0.0178,0.0000,0.0090,-0.0001,0.0861,-0.0003,-0.0271,-0.0072,-0.0516,0.0099,-0.0197,-1.6396,0.0336,0.0195,0.2390,0.9856,0.0000,0.1689,-0.1688,-0.0326,0.9851,0.0636,-0.0171,0.1460,-0.0827,0.0199,0.1507,-0.0827,0.0199,0.1507,0.0917,-0.0242,0.1450,-0.1190,0.0478,0.0977,0.1330,-0.0213,0.0886,0.0804,-0.0030,-0.1924,-0.0641,-0.0042,-0.1925,0.0020,-0.0021,0.0697,0.0628,0.0050,-0.0671,-0.0563,0.0076,-0.0703,0.0673,0.0092,-0.0905,-0.0579,0.0079,-0.0900,0.9483,-0.0898,-0.0154,-0.0001,0.2017,-0.1525,0.0280,0.0063,0.0535,0.4836,0.0297,-0.0126,-0.0054,-0.0665,-0.0203,-0.0257,-0.0027,-0.0234,-0.0048,0.0165,0.0922,-0.0373
974,0.949268,0.1651,-0.0292,0.1732,0.0541,-0.1960,-0.1180,0.3120,-0.0484,0.0014,-0.3278,-0.2388,0.1359,0.2965,0.3136,-0.3275,-0.1047,-0.0881,0.3561,-0.1121,-0.0840,0.1627,-0.0578,-0.0138,0.0000,-0.0060,-0.0139,0.0274,0.0039,0.0057,-0.0000,0.0430,0.0000,0.0853,-0.0001,-0.0235,-0.0100,-0.0412,-0.0227,-0.0059,-0.7566,0.0254,-0.0005,0.2390,0.9857,0.0000,0.1688,-0.1687,-0.0327,0.9851,0.0636,-0.0171,0.1460,-0.0827,0.0199,0.1507,-0.0827,0.0199,0.1507,0.0917,-0.0242,0.1450,-0.1190,0.0477,0.0977,0.1331,-0.0212,0.0886,0.0804,-0.0030,-0.1924,-0.0641,-0.0042,-0.1925,0.0020,-0.0021,0.0697,0.0628,0.0050,-0.0671,-0.0562,0.0077,-0.0703,0.0673,0.0092,-0.0905,-0.0579,0.0080,-0.0900,0.9493,-0.0810,0.0055,-0.0033,0.1781,-0.1362,0.0199,0.0122,0.0586,0.5064,0.0225,-0.0131,-0.0054,-0.0523,-0.0218,-0.0225,-0.0090,0.0227,-0.0061,0.0129,0.0878,-0.0255
975,0.950244,0.1643,-0.0293,0.1732,0.0540,-0.1963,-0.1176,0.3121,-0.0482,0.0014,-0.3274,-0.2388,0.1373,0.2965,0.3132,-0.3277,-0.1055,-0.0883,0.3560,-0.1218,-0.0834,0.1628,-0.0323,-0.0034,-0.0000,-0.0067,-0.0129,0.0157,0.0117,0.0169,-0.0000,0.0209,0.0000,0.0796,-0.0002,-0.0257,-0.0120,-0.0530,0.0046,-0.0063,-0.0871,0.0294,0.0109,0.2390,0.9857,-0.0000,0.1686,-0.1685,-0.0327,0.9852,0.0636,-0.0171,0.1460,-0.0827,0.0199,0.1507,-0.0827,0.0199,0.1507,0.0917,-0.0242,0.1450,-0.1190,0.0477,0.0977,0.1331,-0.0212,0.0886,0.0805,-0.0030,-0.1924,-0.0640,-0.0042,-0.1924,0.0020,-0.0021,0.0697,0.0628,0.0050,-0.0671,-0.0562,0.0077,-0.0703,0.0674,0.0092,-0.0905,-0.0579,0.0080,-0.0900,0.9502,-0.0709,0.0101,-0.0035,0.1709,-0.1251,0.0202,0.0097,0.0565,0.5313,0.0149,-0.0175,-0.0005,-0.0469,-0.0219,-0.0201,-0.0052,0.0397,-0.0074,0.0104,0.0856,-0.0207
976,0.951219,0.1639,-0.0293,0.1732,0.0539,-0.1964,-0.1174,0.3122,-0.0480,0.0014,-0.3272,-0.2388,0.1385,0.2965,0.3128,-0.3278,-0.1063,-0.0882,0.3559,-0.1246,-0.0831,0.1629,-0.0308,-0.0007,-0.0000,-0.0049,-0.0113,0.0125,0.0094,0.0177,-0.0000,0.0078,0.0000,0.0833,0.0000,-0.0266,-0.0086,-0.0526,0.0131,-0.0131,-0.1346,0.0289,0.0081,0.2390,0.9857,0.0000,0.1686,-0.1685,-0.0327,0.9852,0.0636,-0.0170,0.1460,-0.0827,0.0199,0.1507,-0.0827,0.0199,0.1507,0.0917,-0.0241,0.1450,-0.1190,0.0477,0.0977,0.1331,-0.0212,0.0886,0.0805,-0.0030,-0.1924,-0.0640,-0.0042,-0.1924,0.0020,-0.0021,0.0697,0.0628,0.0050,-0.0671,-0.0562,0.0078,-0.0703,0.0674,0.0091,-0.0905,-0.0579,0.0081,-0.0900,0.9512,-0.0716,0.0102,-0.0032,0.1732,-0.1265,0.0197,0.0093,0.0565,0.5289,0.0149,-0.0179,-0.0001,-0.0459,-0.0218,-0.0201,-0.0054,0.0400,-0.0081,0.0109,0.0860,-0.0225
977,0.952195,0.1633,-0.0293,0.1732,0.0538,-0.1967,-0.1172,0.3124,-0.0477,0.0014,-0.3270,-0.2388,0.1400,0.2965,0.3123,-0.3279,-0.1072,-0.0879,0.3557,-0.1366,-0.0826,0.1631,-0.0303,0.0001,-0.0000,-0.0039,-0.0107,0.0115,0.0102,0.0182,-0.0000,0.0092,0.0001,0.0839,0.0001,-0.0264,-0.0076,-0.0513,0.0104,-0.0169,-0.4019,0.0256,0.0069,0.2390,0.9857,-0.0000,0.1686,-0.1686,-0.0326,0.9852,0.0636,-0.0170,0.1460,-0.0827,0.0199,0.1507,-0.0827,0.0199,0.1507,0.0917,-0.0242,0.1450,-0.1189,0.0477,0.0976,0.1331,-0.0212,0.0886,0.0806,-0.0031,-0.1924,-0.0639,-0.0043,-0.1924,0.0020,-0.0021,0.0697,0.0628,0.0050,-0.0671,-0.0562,0.0078,-0.0703,0.0674,0.0091,-0.0905,-0.0579,0.0082,-0.0900,0.9522,-0.0754,0.0053,-0.0013,0.1845,-0.1381,0.0173,0.0082,0.0575,0.5149,0.0164,-0.0187,0.0001,-0.0474,-0.0211,-0.0199,-0.0059,0.0333,-0.0122,0.0151,0.0902,-0.0293
978,0.953171,0.1627,-0.0293,0.1732,0.0538,-0.1969,-0.1170,0.3126,-0.0474,0.0014,-0.3268,-0.2388,0.1417,0.2965,0.3118,-0.3281,-0.1082,-0.0878,0.3555,-0.1335,-0.0821,0.1632,-0.0354,-0.0001,-0.0000,-0.0033,-0.0104,0.0064,0.0090,0.0153,-0.0000,0.0116,0.0000,0.0882,-0.0000,-0.0248,-0.0077,-0.0517,0.0038,-0.0229,0.3186,0.0274,0.0034,0.2390,0.9857,-0.0000,0.1687,-0.1686,-0.0326,0.9851,0.0636,-0.0171,0.1460,-0.0827,0.0199,0.1507,-0.0827,0.0199,0.1507,0.0917,-0.0242,0.1450,-0.1189,0.0477,0.0976,0.1331,-0.0212,0.0886,0.0806,-0.0031,-0.1924,-0.0638,-0.0043,-0.1924,0.0020,-0.0021,0.0697,0.0628,0.0050,-0.0671,-0.0562,0.0079,-0.0703,0.0674,0.0091,-0.0905,-0.0578,0.0082,-0.0900,0.9532,-0.0669,0.0064,-0.0009,0.1729,-0.1191,0.0197,0.0065,0.0536,0.5419,0.0100,-0.0214,0.0010,-0.0451,-0.0215,-0.0180,-0.0059,0.0410,-0.0097,0.0088,0.0855,-0.0186
979,0.954146,0.1621,-0.0293,0.1732,0.0537,-0.1971,-0.1169,0.3128,-0.0471,0.0014,-0.3267,-0.2388,0.1431,0.2965,0.3114,-0.3282,-0.1091,-0.0877,0.3553,-0.1217,-0.0816,0.1633,-0.0293,0.0001,0.0000,-0.0041,-0.0119,0.0101,0.0110,0.0185,-0.0000,0.0024,-0.0028,0.0830,0.0001,-0.0255,-0.0043,-0.0534,0.0080,-0.0115,0.2721,0.0230,0.0115,0.2390,0.9857,0.0000,0.1687,-0.1686,-0.0326,0.9851,0.0636,-0.0171,0.1460,-0.0827,0.0199,0.1507,-0.0827,0.0199,0.1507,0.0917,-0.0242,0.1450,-0.1189,0.0477,0.0976,0.1331,-0.0212,0.0886,0.0807,-0.0031,-0.1923,-0.0638,-0.0043,-0.1924,0.0020,-0.0021,0.0697,0.0629,0.0050,-0.0670,-0.0562,0.0079,-0.0703,0.0674,0.0091,-0.0905,-0.0578,0.0083,-0.0900,0.9541,-0.0677,0.0094,-0.0020,0.1668,-0.1133,0.0212,0.0083,0.0542,0.5455,0.0104,-0.0201,-0.0014,-0.0432,-0.0217,-0.0192,-0.0062,0.0427,-0.0048,0.0056,0.0832,-0.0165
980,0.955122,0.1617,-0.0293,0.1732,0.0536,-0.1972,-0.1167,0.3129,-0.0468,0.0014,-0.3267,-0.2389,0.1443,0.2965,0.3110,-0.3282,-0.1099,-0.0876,0.3552,-0.1263,-0.0812,0.1634,-0.0284,0.0001,-0.0000,-0.0028,-0.0100,0.0132,0.0122,0.0188,-0.0000,0.0009,-0.0006,0.0818,0.0001,-0.0259,-0.0051,-0.0530,0.0077,-0.0032,-0.2646,0.0251,0.0116,0.2390,0.9857,-0.0000,0.1688,-0.1687,-0.0326,0.9851,0.0636,-0.0171,0.1460,-0.0827,0.0199,0.1507,-0.0827,0.0199,0.1507,0.0917,-0.0242,0.1450,-0.1189,0.0477,0.0976,0.1331,-0.0212,0.0887,0.0807,-0.0031,-0.1923,-0.0637,-0.0043,-0.1924,0.0020,-0.0021,0.0697,0.0629,0.0049,-0.0670,-0.0562,0.0080,-0.0703,0.0674,0.0091,-0.0905,-0.0578,0.0084,-0.0900,0.9551,-0.0743,0.0076,-0.0022,0.1785,-0.1286,0.0192,0.0090,0.0568,0.5244,0.0142,-0.0190,-0.0015,-0.0424,-0.0213,-0.0203,-0.0061,0.0361,-0.0077,0.0105,0.0873,-0.0266
981,0.956098,0.1611,-0.0293,0.1732,0.0536,-0.1974,-0.1165,0.3131,-0.0465,0.0014,-0.3266,-0.2389,0.1459,0.2965,0.3106,-0.3284,-0.1108,-0.0875,0.3550,-0.1271,-0.0807,0.1636,-0.0334,0.0002,0.0000,-0.0047,-0.0118,0.0106,0.0087,0.0157,-0.0000,0.0072,-0.0001,0.0846,0.0002,-0.0250,-0.0062,-0.0490,0.0020,-0.0085,-0.3549,0.0243,0.0045,0.2390,0.9856,-0.0000,0.1689,-0.1688,-0.0326,0.9851,0.0636,-0.0171,0.1460,-0.0827,0.0199,0.1507,-0.0827,0.0199,0.1507,0.0917,-0.0242,0.1450,-0.1188,0.0476,0.0976,0.1331,-0.0213,0.0887,0.0807,-0.0031,-0.1923,-0.0637,-0.0043,-0.1924,0.0020,-0.0021,0.0697,0.0629,0.0049,-0.0670,-0.0561,0.0080,-0.0703,0.0675,0.0091,-0.0905,-0.0578,0.0084,-0.0900,0.9561,-0.0768,0.0081,-0.0017,0.1803,-0.1294,0.0186,0.0093,0.0575,0.5192,0.0148,-0.0187,-0.0028,-0.0411,-0.0212,-0.0205,-0.0073,0.0357,-0.0080,0.0108,0.0874,-0.0283
982,0.957073,0.1605,-0.0293,0.1732,0.0535,-0.1976,-0.1163,0.3133,-0.0462,0.0014,-0.3264,-0.2389,0.1474,0.2965,0.3101,-0.3285,-0.1117,-0.0875,0.3548,-0.1355,-0.0803,0.1637,-0.0359,0.0002,-0.0000,-0.0027,-0.0105,0.0091,0.0095,0.0167,-0.0000,0.0092,0.0000,0.0911,0.0002,-0.0248,-0.0073,-0.0521,0.0021,-0.0152,-0.5155,0.0243,0.0039,0.2390,0.9856,-0.0000,0.1689,-0.1689,-0.0326,0.9851,0.0636,-0.0171,0.1460,-0.0827,0.0199,0.1507,-0.0827,0.0199,0.1507,0.0917,-0.0242,0.1450,-0.1188,0.0476,0.0975,0.1331,-0.0213,0.0887,0.0808,-0.0031,-0.1923,-0.0636,-0.0043,-0.1924,0.0020,-0.0021,0.0697,0.0629,0.0049,-0.0670,-0.0561,0.0081,-0.0703,0.0675,0.0091,-0.0905,-0.0578,0.0085,-0.0900,0.9571,-0.0796,0.0046,-0.0002,0.1880,-0.1363,0.0171,0.0084,0.0581,0.5105,0.0155,-0.0195,-0.0026,-0.0418,-0.0207,-0.0203,-0.0077,0.0309,-0.0106,0.0133,0.0900,-0.0327
983,0.958049,0.1600,-0.0293,0.1732,0.0535,-0.1977,-0.1162,0.3134,-0.0460,0.0014,-0.3263,-0.2389,0.1488,0.2965,0.3098,-0.3286,-0.1125,-0.0875,0.3546,-0.1295,-0.0799,0.1637,-0.0399,0.0000,-0.0000,-0.0017,-0.0100,0.0059,0.0092,0.0154,-0.0000,0.0103,0.0000,0.0964,0.0000,-0.0241,-0.0080,-0.0527,0.0012,-0.0116,0.4290,0.0267,0.0019,0.2390,0.9856,0.0000,0.1690,-0.1689,-0.0326,0.9851,0.0636,-0.0171,0.1460,-0.0827,0.0199,0.1507,-0.0827,0.0199,0.1507,0.0917,-0.0242,0.1450,-0.1188,0.0476,0.0975,0.1331,-0.0213,0.0887,0.0808,-0.0031,-0.1923,-0.0635,-0.0043,-0.1924,0.0020,-0.0021,0.0697,0.0629,0.0049,-0.0670,-0.0561,0.0082,-0.0703,0.0675,0.0091,-0.0905,-0.0578,0.0086,-0.0900,0.9580,-0.0692,0.0084,-0.0000,0.1699,-0.1099,0.0206,0.0064,0.0529,0.5453,0.0077,-0.0217,-0.0026,-0.0393,-0.0213,-0.0183,-0.0086,0.0431,-0.0066,0.0048,0.0828,-0.0177
984,0.959024,0.1593,-0.0293,0.1732,0.0534,-0.1979,-0.1161,0.3136,-0.0456,0.0014,-0.3262,-0.2389,0.1505,0.2965,0.3093,-0.3287,-0.1135,-0.0873,0.3544,-0.1314,-0.0795,0.1638,-0.0271,0.0002,-0.0000,-0.0014,-0.0082,0.0108,0.0118,0.0186,-0.0000,0.0018,-0.0020,0.0790,0.0002,-0.0245,-0.0060,-0.0490,0.0092,-0.0071,0.6317,0.0228,0.0089,0.2390,0.9856,0.0000,0.1692,-0.1691,-0.0326,0.9851,0.0636,-0.0172,0.1460,-0.0827,0.0199,0.1507,-0.0827,0.0199,0.1507,0.0917,-0.0243,0.1450,-0.1188,0.0476,0.0975,0.1331,-0.0213,0.0887,0.0809,-0.0031,-0.1923,-0.0635,-0.0043,-0.1924,0.0020,-0.0021,0.0697,0.0629,0.0049,-0.0670,-0.0561,0.0082,-0.0703,0.0675,0.0091,-0.0905,-0.0577,0.0087,-0.0900,0.9590,-0.0679,0.0033,0.0015,0.1715,-0.1074,0.0227,0.0039,0.0500,0.5509,0.0057,-0.0225,-0.0047,-0.0414,-0.0206,-0.0184,-0.0095,0.0376,-0.0063,0.0034,0.0839,-0.0162
985,0.960000,0.1588,-0.0293,0.1732,0.0534,-0.1981,-0.1159,0.3137,-0.0454,0.0014,-0.3262,-0.2389,0.1515,0.2965,0.3090,-0.3288,-0.1141,-0.0872,0.3544,-0.1273,-0.0792,0.1640,-0.0311,0.0003,-0.0000,-0.0010,-0.0071,0.0137,0.0119,0.0174,-0.0000,0.0004,-0.0055,0.0840,0.0001,-0.0241,-0.0066,-0.0523,0.0055,-0.0112,1.6894,0.0327,0.0102,0.2389,0.9856,-0.0000,0.1693,-0.1692,-0.0326,0.9850,0.0636,-0.0172,0.1460,-0.0827,0.0199,0.1507,-0.0827,0.0199,0.1507,0.0917,-0.0243,0.1450,-0.1187,0.0476,0.0975,0.1331,-0.0213,0.0887,0.0809,-0.0031,-0.1923,-0.0634,-0.0044,-0.1924,0.0020,-0.0021,0.0697,0.0629,0.0049,-0.0670,-0.0561,0.0083,-0.0703,0.0676,0.0090,-0.0905,-0.0577,0.0087,-0.0900,0.9600,-0.0590,-0.0101,0.0044,0.1687,-0.0906,0.0303,-0.0042,0.0378,0.5632,-0.0001,-0.0199,-0.0130,-0.0446,-0.0203,-0.0175,-0.0052,0.0298,-0.0061,-0.0039,0.0846,-0.0072
986,0.960976,0.1584,-0.0293,0.1732,0.0534,-0.1982,-0.1156,0.3139,-0.0452,0.0014,-0.3262,-0.2390,0.1528,0.2965,0.3086,-0.3289,-0.1149,-0.0872,0.3542,-0.1204,-0.0788,0.1642,-0.0224,0.0004,-0.0000,-0.0001,-0.0050,0.0246,0.0042,0.0096,-0.0000,0.0000,-0.0009,0.0551,0.0002,-0.0233,-0.0048,-0.0363,0.0021,-0.0067,1.7903,0.0289,0.0181,0.2389,0.9856,0.0000,0.1694,-0.1693,-0.0325,0.9850,0.0636,-0.0172,0.1460,-0.0827,0.0198,0.1507,-0.0827,0.0198,0.1507,0.0917,-0.0243,0.1450,-0.1187,0.0476,0.0975,0.1331,-0.0213,0.0887,0.0810,-0.0031,-0.1923,-0.0634,-0.0044,-0.1924,0.0020,-0.0021,0.0697,0.0629,0.0049,-0.0670,-0.0561,0.0083,-0.0703,0.0676,0.0090,-0.0905,-0.0577,0.0088,-0.0900,0.9610,-0.0566,-0.0131,0.0049,0.1667,-0.0874,0.0308,-0.0046,0.0357,0.5664,-0.0010,-0.0196,-0.0153,-0.0477,-0.0200,-0.0173,-0.0051,0.0262,-0.0046,-0.0061,0.0841,-0.0041
987,0.961951,0.1580,-0.0293,0.1732,0.0534,-0.1983,-0.1150,0.3139,-0.0450,0.0014,-0.3262,-0.2390,0.1539,0.2965,0.3081,-0.3289,-0.1157,-0.0872,0.3542,-0.1242,-0.0783,0.1645,-0.0235,0.0002,-0.0000,0.0002,-0.0057,0.0339,0.0016,0.0058,-0.0000,-0.0001,-0.0001,0.0533,0.0001,-0.0224,-0.0038,-0.0372,0.0003,-0.0070,0.2913,0.0255,0.0185,0.2389,0.9855,-0.0000,0.1694,-0.1693,-0.0325,0.9850,0.0636,-0.0172,0.1460,-0.0827,0.0198,0.1507,-0.0827,0.0198,0.1507,0.0917,-0.0242,0.1450,-0.1187,0.0475,0.0975,0.1331,-0.0212,0.0887,0.0810,-0.0031,-0.1923,-0.0633,-0.0044,-0.1924,0.0020,-0.0021,0.0697,0.0630,0.0049,-0.0670,-0.0561,0.0084,-0.0703,0.0676,0.0090,-0.0905,-0.0577,0.0088,-0.0900,0.9620,-0.0700,0.0032,0.0003,0.1744,-0.1108,0.0210,0.0053,0.0509,0.5459,0.0073,-0.0231,-0.0044,-0.0394,-0.0211,-0.0187,-0.0098,0.0329,-0.0053,0.0038,0.0836,-0.0183
988,0.962927,0.1574,-0.0293,0.1732,0.0534,-0.1984,-0.1145,0.3140,-0.0449,0.0014,-0.3262,-0.2391,0.1553,0.2966,0.3077,-0.3290,-0.1165,-0.0872,0.3541,-0.1146,-0.0778,0.1647,-0.0360,0.0003,-0.0000,-0.0012,-0.0108,0.0196,0.0075,0.0142,-0.0000,-0.0001,-0.0083,0.0884,0.0003,-0.0243,-0.0039,-0.0494,0.0003,-0.0089,-0.0072,0.0225,0.0093,0.2389,0.9855,0.0000,0.1694,-0.1694,-0.0325,0.9850,0.0636,-0.0171,0.1460,-0.0827,0.0198,0.1507,-0.0827,0.0198,0.1507,0.0917,-0.0242,0.1450,-0.1187,0.0475,0.0974,0.1331,-0.0212,0.0887,0.0810,-0.0032,-0.1923,-0.0633,-0.0044,-0.1924,0.0020,-0.0021,0.0697,0.0630,0.0049,-0.0670,-0.0561,0.0084,-0.0703,0.0676,0.0090,-0.0905,-0.0577,0.0089,-0.0900,0.9629,-0.0766,0.0113,-0.0013,0.1721,-0.1103,0.0200,0.0097,0.0554,0.5338,0.0100,-0.0201,-0.0069,-0.0312,-0.0215,-0.0201,-0.0118,0.0394,-0.0029,0.0027,0.0821,-0.0226
989,0.963902,0.1570,-0.0293,0.1732,0.0534,-0.1986,-0.1143,0.3142,-0.0446,0.0014,-0.3262,-0.2391,0.1564,0.2966,0.3074,-0.3290,-0.1172,-0.0871,0.3540,-0.1122,-0.0776,0.1648,-0.0334,0.0003,-0.0000,-0.0004,-0.0093,0.0138,0.0120,0.0183,-0.0000,0.0011,-0.0018,0.0902,0.0003,-0.0252,-0.0049,-0.0507,0.0029,-0.0027,0.0222,0.0201,0.0056,0.2389,0.9855,-0.0000,0.1695,-0.1694,-0.0325,0.9850,0.0636,-0.0171,0.1460,-0.0828,0.0197,0.1507,-0.0828,0.0197,0.1507,0.0917,-0.0242,0.1450,-0.1187,0.0474,0.0974,0.1331,-0.0212,0.0887,0.0810,-0.0032,-0.1923,-0.0633,-0.0044,-0.1923,0.0020,-0.0021,0.0697,0.0630,0.0049,-0.0670,-0.0561,0.0085,-0.0703,0.0676,0.0090,-0.0905,-0.0577,0.0090,-0.0900,0.9639,-0.0761,0.0099,-0.0012,0.1729,-0.1109,0.0202,0.0099,0.0554,0.5350,0.0091,-0.0203,-0.0075,-0.0310,-0.0214,-0.0201,-0.0125,0.0373,-0.0016,0.0016,0.0833,-0.0227
990,0.964878,0.1564,-0.0293,0.1732,0.0534,-0.1987,-0.1140,0.3144,-0.0443,0.0014,-0.3262,-0.2392,0.1581,0.2966,0.3069,-0.3291,-0.1181,-0.0871,0.3540,-0.1115,-0.0772,0.1649,-0.0296,0.0005,-0.0000,-0.0000,-0.0076,0.0116,0.0135,0.0191,-0.0000,0.0001,-0.0002,0.0839,0.0004,-0.0249,-0.0068,-0.0483,0.0018,-0.0004,0.4295,0.0193,0.0050,0.2389,0.9855,-0.0000,0.1696,-0.1695,-0.0325,0.9850,0.0636,-0.0172,0.1460,-0.0827,0.0197,0.1507,-0.0827,0.0197,0.1507,0.0917,-0.0242,0.1450,-0.1187,0.0474,0.0974,0.1331,-0.0212,0.0887,0.0811,-0.0032,-0.1923,-0.0632,-0.0044,-0.1923,0.0020,-0.0021,0.0697,0.0630,0.0049,-0.0670,-0.0560,0.0085,-0.0703,0.0676,0.0090,-0.0905,-0.0577,0.0090,-0.0900,0.9649,-0.0714,0.0062,0.0003,0.1688,-0.1016,0.0217,0.0079,0.0522,0.5495,0.0053,-0.0222,-0.0089,-0.0331,-0.0212,-0.0191,-0.0132,0.0360,-0.0001,-0.0021,0.0822,-0.0163
991,0.965854,0.1559,-0.0293,0.1732,0.0534,-0.1989,-0.1138,0.3147,-0.0439,0.0014,-0.3262,-0.2392,0.1596,0.2966,0.3066,-0.3292,-0.1187,-0.0871,0.3540,-0.1088,-0.0769,0.1650,-0.0283,0.0005,-0.0000,-0.0002,-0.0086,0.0146,0.0130,0.0193,-0.0000,0.0000,-0.0045,0.0822,0.0004,-0.0249,-0.0080,-0.0526,0.0018,-0.0001,1.6223,0.0273,0.0118,0.2389,0.9855,-0.0000,0.1697,-0.1696,-0.0325,0.9850,0.0636,-0.0172,0.1460,-0.0828,0.0197,0.1507,-0.0828,0.0197,0.1507,0.0917,-0.0243,0.1450,-0.1187,0.0474,0.0974,0.1331,-0.0212,0.0887,0.0811,-0.0032,-0.1923,-0.0632,-0.0044,-0.1923,0.0020,-0.0021,0.0697,0.0630,0.0048,-0.0670,-0.0560,0.0086,-0.0703,0.0676,0.0090,-0.0905,-0.0577,0.0091,-0.0900,0.9659,-0.0613,-0.0089,0.0046,0.1645,-0.0818,0.0286,-0.0006,0.0389,0.5659,-0.0024,-0.0205,-0.0186,-0.0391,-0.0207,-0.0171,-0.0108,0.0268,-0.0008,-0.0109,0.0817,-0.0050
992,0.966829,0.1555,-0.0293,0.1732,0.0534,-0.1990,-0.1136,0.3148,-0.0437,0.0014,-0.3262,-0.2392,0.1605,0.2966,0.3062,-0.3293,-0.1196,-0.0871,0.3540,-0.1007,-0.0766,0.1653,-0.0176,0.0002,-0.0000,-0.0000,-0.0050,0.0216,0.0103,0.0131,-0.0000,-0.0000,-0.0011,0.0522,0.0001,-0.0243,-0.0042,-0.0384,0.0004,-0.0000,1.9043,0.0243,0.0195,0.2389,0.9855,0.0000,0.1697,-0.1696,-0.0324,0.9850,0.0636,-0.0172,0.1460,-0.0828,0.0197,0.1507,-0.0828,0.0197,0.1507,0.0917,-0.0243,0.1450,-0.1187,0.0474,0.0974,0.1331,-0.0212,0.0887,0.0812,-0.0032,-0.1923,-0.0631,-0.0044,-0.1923,0.0020,-0.0021,0.0697,0.0630,0.0048,-0.0670,-0.0560,0.0086,-0.0703,0.0677,0.0090,-0.0905,-0.0577,0.0091,-0.0900,0.9668,-0.0558,-0.0135,0.0057,0.1619,-0.0776,0.0283,-0.0021,0.0352,0.5699,-0.0048,-0.0198,-0.0208,-0.0445,-0.0201,-0.0156,-0.0100,0.0242,0.0007,-0.0136,0.0816,-0.0001
993,0.967805,0.1551,-0.0293,0.1732,0.0534,-0.1991,-0.1131,0.3149,-0.0436,0.0014,-0.3262,-0.2392,0.1615,0.2966,0.3057,-0.3293,-0.1203,-0.0871,0.3540,-0.1080,-0.0762,0.1656,-0.0194,-0.0001,-0.0000,0.0002,-0.0062,0.0300,0.0048,0.0078,-0.0000,-0.0000,-0.0001,0.0498,-0.0001,-0.0227,-0.0027,-0.0402,-0.0000,-0.0000,-0.1201,0.0210,0.0210,0.2389,0.9855,-0.0000,0.1697,-0.1696,-0.0324,0.9850,0.0636,-0.0171,0.1460,-0.0828,0.0197,0.1507,-0.0828,0.0197,0.1507,0.0917,-0.0242,0.1451,-0.1187,0.0474,0.0974,0.1331,-0.0212,0.0887,0.0812,-0.0032,-0.1922,-0.0631,-0.0045,-0.1923,0.0020,-0.0021,0.0697,0.0630,0.0048,-0.0670,-0.0560,0.0087,-0.0703,0.0677,0.0090,-0.0905,-0.0576,0.0092,-0.0900,0.9678,-0.0777,0.0070,-0.0009,0.1762,-0.1117,0.0198,0.0096,0.0545,0.5310,0.0093,-0.0205,-0.0100,-0.0299,-0.0209,-0.0205,-0.0132,0.0318,-0.0011,0.0008,0.0834,-0.0247
994,0.968781,0.1546,-0.0293,0.1732,0.0534,-0.1993,-0.1126,0.3150,-0.0434,0.0014,-0.3262,-0.2393,0.1629,0.2966,0.3053,-0.3294,-0.1213,-0.0871,0.3540,-0.1159,-0.0758,0.1658,-0.0350,0.0001,-0.0000,0.0002,-0.0097,0.0162,0.0107,0.0168,-0.0000,0.0003,-0.0012,0.0912,0.0001,-0.0239,-0.0068,-0.0523,0.0000,-0.0000,-0.1808,0.0161,0.0046,0.2389,0.9855,0.0000,0.1697,-0.1696,-0.0323,0.9850,0.0636,-0.0171,0.1460,-0.0828,0.0197,0.1507,-0.0828,0.0197,0.1507,0.0917,-0.0242,0.1451,-0.1186,0.0473,0.0973,0.1332,-0.0211,0.0887,0.0812,-0.0033,-0.1922,-0.0630,-0.0045,-0.1923,0.0020,-0.0021,0.0697,0.0630,0.0048,-0.0670,-0.0560,0.0087,-0.0703,0.0677,0.0089,-0.0905,-0.0576,0.0092,-0.0900,0.9688,-0.0814,0.0110,0.0001,0.1786,-0.1133,0.0175,0.0107,0.0574,0.5223,0.0097,-0.0204,-0.0098,-0.0243,-0.0208,-0.0202,-0.0140,0.0396,-0.0031,0.0021,0.0838,-0.0291
995,0.969756,0.1539,-0.0293,0.1732,0.0534,-0.1994,-0.1124,0.3152,-0.0431,0.0014,-0.3262,-0.2393,0.1645,0.2966,0.3049,-0.3295,-0.1222,-0.0870,0.3539,-0.1206,-0.0755,0.1659,-0.0320,0.0004,-0.0000,-0.0000,-0.0081,0.0075,0.0138,0.0199,-0.0000,0.0006,-0.0007,0.0899,0.0004,-0.0238,-0.0079,-0.0516,0.0003,-0.0081,-0.0406,0.0175,0.0005,0.2389,0.9855,0.0000,0.1697,-0.1696,-0.0323,0.9850,0.0636,-0.0171,0.1460,-0.0828,0.0197,0.1507,-0.0828,0.0197,0.1507,0.0917,-0.0242,0.1451,-0.1186,0.0474,0.0973,0.1332,-0.0212,0.0887,0.0813,-0.0033,-0.1922,-0.0630,-0.0045,-0.1923,0.0020,-0.0021,0.0697,0.0631,0.0048,-0.0670,-0.0560,0.0088,-0.0703,0.0677,0.0089,-0.0905,-0.0576,0.0093,-0.0900,0.9698,-0.0795,0.0101,0.0008,0.1801,-0.1127,0.0169,0.0094,0.0563,0.5260,0.0076,-0.0220,-0.0090,-0.0241,-0.0207,-0.0192,-0.0146,0.0401,-0.0042,0.0018,0.0843,-0.0286
996,0.970732,0.1533,-0.0293,0.1732,0.0534,-0.1995,-0.1123,0.3154,-0.0428,0.0014,-0.3262,-0.2393,0.1657,0.2966,0.3046,-0.3296,-0.1229,-0.0870,0.3538,-0.1248,-0.0753,0.1659,-0.0318,0.0006,-0.0000,-0.0001,-0.0110,0.0067,0.0083,0.0164,-0.0000,0.0002,-0.0036,0.1062,0.0005,-0.0241,-0.0030,-0.0607,0.0004,-0.0021,-1.9603,0.0185,0.0027,0.2389,0.9855,-0.0000,0.1697,-0.1696,-0.0323,0.9850,0.0636,-0.0172,0.1460,-0.0828,0.0197,0.1507,-0.0828,0.0197,0.1507,0.0917,-0.0242,0.1451,-0.1186,0.0474,0.0973,0.1332,-0.0212,0.0887,0.0813,-0.0033,-0.1922,-0.0629,-0.0045,-0.1923,0.0020,-0.0021,0.0697,0.0631,0.0048,-0.0670,-0.0560,0.0088,-0.0703,0.0677,0.0089,-0.0905,-0.0576,0.0094,-0.0900,0.9707,-0.1019,-0.0220,0.0065,0.2249,-0.1449,0.0279,-0.0012,0.0475,0.4679,0.0245,-0.0176,-0.0073,-0.0469,-0.0186,-0.0253,-0.0015,-0.0306,-0.0009,0.0088,0.0901,-0.0461
997,0.971707,0.1527,-0.0294,0.1732,0.0534,-0.1997,-0.1122,0.3156,-0.0425,0.0014,-0.3260,-0.2393,0.1675,0.2966,0.3042,-0.3297,-0.1238,-0.0872,0.3537,-0.1274,-0.0750,0.1659,-0.0934,-0.0328,0.0001,0.0004,-0.0166,0.0183,0.0071,0.0101,-0.0000,0.0468,-0.0010,0.1277,0.0070,-0.0210,-0.0039,-0.0535,-0.0296,-0.0015,-1.3214,0.0185,0.0004,0.2389,0.9855,0.0000,0.1696,-0.1695,-0.0323,0.9850,0.0636,-0.0171,0.1460,-0.0828,0.0197,0.1507,-0.0828,0.0197,0.1507,0.0917,-0.0242,0.1451,-0.1186,0.0474,0.0973,0.1331,-0.0212,0.0888,0.0814,-0.0033,-0.1922,-0.0629,-0.0045,-0.1923,0.0019,-0.0021,0.0697,0.0631,0.0048,-0.0670,-0.0560,0.0089,-0.0703,0.0677,0.0089,-0.0904,-0.0576,0.0095,-0.0900,0.9717,-0.0963,-0.0074,0.0032,0.2074,-0.1354,0.0205,0.0054,0.0543,0.4833,0.0197,-0.0199,-0.0109,-0.0336,-0.0204,-0.0217,-0.0101,-0.0017,-0.0068,0.0093,0.0875,-0.0441
998,0.972683,0.1515,-0.0298,0.1732,0.0534,-0.1999,-0.1119,0.3157,-0.0424,0.0014,-0.3255,-0.2393,0.1692,0.2967,0.3038,-0.3298,-0.1247,-0.0876,0.3536,-0.1291,-0.0747,0.1659,-0.0522,-0.0110,-0.0000,0.0001,-0.0093,0.0146,0.0038,0.0081,-0.0000,0.0142,-0.0001,0.0900,0.0014,-0.0227,-0.0092,-0.0526,-0.0130,0.0099,0.9120,0.0185,-0.0003,0.2388,0.9856,0.0000,0.1693,-0.1692,-0.0323,0.9851,0.0636,-0.0171,0.1460,-0.0828,0.0197,0.1507,-0.0828,0.0197,0.1507,0.0917,-0.0241,0.1451,-0.1186,0.0474,0.0972,0.1332,-0.0211,0.0888,0.0814,-0.0034,-0.1922,-0.0628,-0.0045,-0.1923,0.0019,-0.0021,0.0697,0.0631,0.0048,-0.0670,-0.0560,0.0089,-0.0703,0.0678,0.0089,-0.0904,-0.0576,0.0095,-0.0900,0.9727,-0.0745,0.0050,0.0043,0.1745,-0.0929,0.0228,0.0017,0.0461,0.5448,0.0001,-0.0233,-0.0136,-0.0236,-0.0198,-0.0178,-0.0175,0.0410,-0.0038,-0.0037,0.0803,-0.0193
999,0.973659,0.1508,-0.0299,0.1732,0.0534,-0.2001,-0.1116,0.3158,-0.0422,0.0014,-0.3253,-0.2394,0.1707,0.2967,0.3034,-0.3299,-0.1257,-0.0877,0.3534,-0.1174,-0.0745,0.1660,-0.0276,-0.0022,-0.0000,0.0005,-0.0076,0.0176,0.0094,0.0144,-0.0000,0.0041,-0.0073,0.0763,0.0005,-0.0213,-0.0043,-0.0601,0.0073,-0.1966,0.2067,0.0140,0.0081,0.2388,0.9856,-0.0000,0.1691,-0.1690,-0.0322,0.9851,0.0636,-0.0171,0.1460,-0.0828,0.0197,0.1507,-0.0828,0.0197,0.1507,0.0917,-0.0241,0.1451,-0.1186,0.0473,0.0972,0.1332,-0.0211,0.0888,0.0814,-0.0034,-0.1922,-0.0628,-0.0046,-0.1923,0.0020,-0.0021,0.0697,0.0631,0.0047,-0.0670,-0.0560,0.0090,-0.0703,0.0678,0.0089,-0.0904,-0.0576,0.0096,-0.0900,0.9737,-0.0780,0.0107,0.0015,0.1791,-0.1018,0.0188,0.0062,0.0517,0.5322,0.0039,-0.0246,-0.0093,-0.0206,-0.0208,-0.0181,-0.0171,0.0380,-0.0029,-0.0007,0.0818,-0.0239
1000,0.974634,0.1502,-0.0299,0.1732,0.0534,-0.2002,-0.1113,0.3159,-0.0419,0.0014,-0.3253,-0.2396,0.1722,0.2967,0.3030,-0.3300,-0.1268,-0.0876,0.3460,-0.1172,-0.0741,0.1661,-0.0320,0.0002,-0.0000,0.0002,-0.0094,0.0109,0.0095,0.0150,-0.0000,0.0005,-0.0066,0.0877,0.0011,-0.0266,-0.0039,-0.0614,0.0015,0.3994,-0.5831,0.0147,0.0058,0.2388,0.9856,-0.0000,0.1690,-0.1689,-0.0321,0.9851,0.0636,-0.0170,0.1460,-0.0828,0.0197,0.1507,-0.0828,0.0197,0.1507,0.0917,-0.0241,0.1451,-0.1185,0.0473,0.0972,0.1332,-0.0211,0.0888,0.0815,-0.0034,-0.1922,-0.0627,-0.0046,-0.1923,0.0019,-0.0021,0.0697,0.0631,0.0047,-0.0670,-0.0560,0.0090,-0.0703,0.0678,0.0088,-0.0904,-0.0576,0.0096,-0.0900,0.9746,-0.0881,0.0155,-0.0003,0.1751,-0.1129,0.0143,0.0156,0.0631,0.5144,0.0105,-0.0184,-0.0100,-0.0115,-0.0206,-0.0214,-0.0099,0.0519,0.0051,-0.0009,0.0785,-0.0406
1001,0.975610,0.1496,-0.0299,0.1732,0.0534,-0.2003,-0.1112,0.3161,-0.0417,0.0014,-0.3253,-0.2396,0.1734,0.2967,0.3027,-0.3301,-0.1276,-0.0875,0.3501,-0.1204,-0.0740,0.1661,-0.0332,-0.0032,-0.0000,-0.0000,-0.0101,0.0045,0.0178,0.0249,-0.0000,0.0037,-0.0028,0.1040,0.0005,-0.0295,-0.0031,-0.0645,0.0083,1.7042,-1.5968,0.0147,0.0017,0.2388,0.9856,-0.0000,0.1690,-0.1689,-0.0321,0.9851,0.0636,-0.0170,0.1460,-0.0828,0.0198,0.1507,-0.0828,0.0198,0.1507,0.0917,-0.0241,0.1451,-0.1185,0.0474,0.0972,0.1332,-0.0211,0.0888,0.0815,-0.0035,-0.1922,-0.0627,-0.0047,-0.1922,0.0019,-0.0021,0.0697,0.0631,0.0047,-0.0670,-0.0559,0.0091,-0.0703,0.0678,0.0088,-0.0904,-0.0576,0.0097,-0.0900,0.9756,-0.1113,-0.0020,0.0079,0.1825,-0.1345,0.0245,0.0079,0.0601,0.4683,0.0114,-0.0084,-0.0041,-0.0167,-0.0116,-0.0221,0.0190,0.0434,0.0160,0.0022,0.0717,-0.0699
1002,0.976585,0.1489,-0.0302,0.1732,0.0534,-0.2005,-0.1111,0.3163,-0.0413,0.0014,-0.3252,-0.2396,0.1752,0.2968,0.3023,-0.3302,-0.1285,-0.0874,0.3605,-0.1321,-0.0738,0.1659,-0.1012,-0.0541,0.0000,-0.0001,-0.0092,0.0123,0.0071,0.0191,0.0000,0.0011,-0.0004,0.1223,0.0117,-0.0159,-0.0037,-0.0359,0.0094,2.1173,-2.2521,0.0039,-0.0477,0.2388,0.9856,-0.0000,0.1688,-0.1688,-0.0321,0.9851,0.0636,-0.0170,0.1460,-0.0828,0.0198,0.1507,-0.0828,0.0198,0.1507,0.0917,-0.0241,0.1451,-0.1185,0.0474,0.0971,0.1332,-0.0211,0.0888,0.0816,-0.0035,-0.1922,-0.0626,-0.0047,-0.1922,0.0019,-0.0021,0.0697,0.0631,0.0047,-0.0670,-0.0559,0.0091,-0.0703,0.0678,0.0088,-0.0904,-0.0576,0.0098,-0.0900,0.9766,-0.1257,-0.0145,0.0181,0.1902,-0.1282,0.0259,-0.0043,0.0485,0.4392,0.0151,-0.0059,-0.0003,-0.0249,-0.0110,-0.0176,0.0223,0.0267,0.0080,0.0083,0.0566,-0.0708
1003,0.977561,0.1472,-0.0310,0.1732,0.0534,-0.2008,-0.1108,0.3164,-0.0411,0.0014,-0.3251,-0.2396,0.1771,0.2969,0.3022,-0.3303,-0.1290,-0.0873,0.3497,-0.1224,-0.0738,0.1654,-0.0969,-0.0442,0.0000,-0.0013,-0.0162,0.0226,0.0004,0.0053,-0.0000,0.0104,-0.0000,0.1081,0.0019,-0.0089,-0.0052,-0.0333,0.0014,-0.5979,0.5787,-0.0037,-0.0253,0.2388,0.9857,-0.0000,0.1684,-0.1683,-0.0322,0.9852,0.0636,-0.0169,0.1460,-0.0828,0.0198,0.1507,-0.0828,0.0198,0.1507,0.0917,-0.0240,0.1451,-0.1185,0.0474,0.0971,0.1332,-0.0210,0.0888,0.0816,-0.0034,-0.1922,-0.0625,-0.0046,-0.1922,0.0020,-0.0020,0.0697,0.0632,0.0047,-0.0670,-0.0559,0.0092,-0.0703,0.0679,0.0088,-0.0904,-0.0575,0.0099,-0.0900,0.9776,-0.0774,0.0057,0.0039,0.1891,-0.0943,0.0209,-0.0017,0.0424,0.5228,0.0015,-0.0264,-0.0096,-0.0206,-0.0203,-0.0165,-0.0284,0.0240,-0.0035,0.0005,0.0863,-0.0162
1004,0.978537,0.1461,-0.0314,0.1732,0.0534,-0.2010,-0.1104,0.3165,-0.0410,0.0014,-0.3250,-0.2398,0.1789,0.2969,0.3019,-0.3304,-0.1300,-0.0873,0.3496,-0.1226,-0.0735,0.1655,-0.0321,0.0001,-0.0001,0.0027,-0.0102,0.0159,0.0063,0.0076,-0.0000,0.0019,-0.0148,0.0857,0.0030,-0.0210,-0.0029,-0.0775,-0.0030,0.1574,-0.1718,0.0264,0.0329,0.2388,0.9858,0.0000,0.1681,-0.1680,-0.0321,0.9853,0.0636,-0.0169,0.1460,-0.0828,0.0199,0.1507,-0.0828,0.0199,0.1507,0.0917,-0.0239,0.1451,-0.1185,0.0474,0.0971,0.1332,-0.0210,0.0888,0.0817,-0.0034,-0.1921,-0.0625,-0.0046,-0.1922,0.0020,-0.0020,0.0697,0.0632,0.0047,-0.0670,-0.0559,0.0093,-0.0703,0.0679,0.0088,-0.0904,-0.0575,0.0100,-0.0900,0.9785,-0.0833,0.0188,0.0008,0.1721,-0.1002,0.0146,0.0114,0.0577,0.5267,0.0059,-0.0234,-0.0073,-0.0073,-0.0212,-0.0188,-0.0110,0.0548,0.0008,-0.0016,0.0744,-0.0339
1005,0.979512,0.1455,-0.0313,0.1732,0.0534,-0.2012,-0.1102,0.3166,-0.0407,0.0014,-0.3250,-0.2399,0.1805,0.2970,0.3015,-0.3304,-0.1313,-0.0873,0.3511,-0.1245,-0.0733,0.1657,-0.0289,0.0000,-0.0000,0.0012,-0.0094,0.0043,0.0133,0.0201,-0.0000,0.0003,-0.0049,0.0944,0.0052,-0.0218,-0.0042,-0.0588,0.0115,0.3354,-0.4638,0.0109,0.0041,0.2388,0.9858,-0.0000,0.1682,-0.1681,-0.0320,0.9853,0.0636,-0.0169,0.1460,-0.0828,0.0199,0.1507,-0.0828,0.0199,0.1507,0.0917,-0.0239,0.1451,-0.1185,0.0474,0.0971,0.1332,-0.0209,0.0888,0.0817,-0.0035,-0.1921,-0.0624,-0.0047,-0.1922,0.0019,-0.0020,0.0697,0.0632,0.0047,-0.0669,-0.0559,0.0093,-0.0703,0.0679,0.0088,-0.0904,-0.0575,0.0100,-0.0900,0.9795,-0.0872,0.0185,0.0010,0.1768,-0.1086,0.0130,0.0135,0.0613,0.5153,0.0079,-0.0209,-0.0094,-0.0057,-0.0207,-0.0198,-0.0115,0.0565,0.0019,-0.0010,0.0766,-0.0416
1006,0.980488,0.1451,-0.0313,0.1732,0.0534,-0.2013,-0.1102,0.3168,-0.0405,0.0014,-0.3250,-0.2400,0.1817,0.2971,0.3012,-0.3305,-0.1320,-0.0871,0.3450,-0.1178,-0.0731,0.1657,-0.0360,-0.0002,0.0000,0.0003,-0.0114,0.0011,0.0120,0.0202,0.0000,0.0001,-0.0020,0.1084,0.0085,-0.0192,-0.0068,-0.0611,0.0111,-1.7398,1.3458,0.0183,0.0004,0.2388,0.9857,-0.0000,0.1683,-0.1682,-0.0320,0.9852,0.0636,-0.0169,0.1460,-0.0828,0.0199,0.1507,-0.0828,0.0199,0.1507,0.0917,-0.0240,0.1451,-0.1185,0.0474,0.0971,0.1332,-0.0210,0.0888,0.0818,-0.0035,-0.1921,-0.0624,-0.0047,-0.1922,0.0019,-0.0020,0.0697,0.0632,0.0047,-0.0669,-0.0559,0.0094,-0.0703,0.0679,0.0088,-0.0904,-0.0575,0.0101,-0.0900,0.9805,-0.0609,-0.0311,0.0068,0.2243,-0.1046,0.0271,-0.0176,0.0208,0.5132,0.0089,-0.0255,-0.0136,-0.0626,-0.0217,-0.0158,-0.0313,-0.0457,-0.0118,0.0104,0.1138,0.0078
1007,0.981463,0.1444,-0.0313,0.1732,0.0535,-0.2015,-0.1101,0.3170,-0.0402,0.0014,-0.3250,-0.2401,0.1835,0.2972,0.3008,-0.3306,-0.1332,-0.0874,0.3464,-0.1143,-0.0724,0.1664,-0.0412,0.0000,0.0000,0.0025,-0.0098,0.0222,0.0059,0.0053,0.0000,0.0001,-0.0082,0.0802,0.0020,-0.0230,-0.0014,-0.0662,-0.0461,-0.5510,-0.8336,0.0459,0.0554,0.2388,0.9857,-0.0000,0.1683,-0.1682,-0.0319,0.9852,0.0635,-0.0169,0.1460,-0.0828,0.0199,0.1507,-0.0828,0.0199,0.1507,0.0917,-0.0240,0.1451,-0.1184,0.0474,0.0970,0.1332,-0.0210,0.0888,0.0818,-0.0035,-0.1921,-0.0623,-0.0047,-0.1922,0.0019,-0.0020,0.0697,0.0632,0.0047,-0.0669,-0.0559,0.0095,-0.0703,0.0680,0.0088,-0.0904,-0.0575,0.0102,-0.0900,0.9815,-0.0872,-0.0058,0.0021,0.2079,-0.1238,0.0227,0.0009,0.0460,0.4948,0.0122,-0.0249,-0.0139,-0.0285,-0.0205,-0.0211,-0.0186,-0.0054,-0.0028,0.0051,0.0916,-0.0349
1008,0.982439,0.1436,-0.0314,0.1732,0.0536,-0.2016,-0.1096,0.3170,-0.0402,0.0014,-0.3249,-0.2402,0.1851,0.2972,0.3003,-0.3306,-0.1343,-0.0880,0.3379,-0.1248,-0.0719,0.1668,-0.0504,-0.0075,-0.0000,0.0050,-0.0044,0.0184,0.0047,0.0048,-0.0000,0.0061,-0.0079,0.0915,0.0006,-0.0250,-0.0074,-0.0587,-0.0175,-0.1124,-0.1131,0.0200,-0.0011,0.2387,0.9858,-0.0000,0.1680,-0.1680,-0.0318,0.9853,0.0635,-0.0169,0.1460,-0.0828,0.0199,0.1507,-0.0828,0.0199,0.1507,0.0917,-0.0239,0.1451,-0.1184,0.0474,0.0970,0.1332,-0.0209,0.0889,0.0818,-0.0035,-0.1921,-0.0623,-0.0048,-0.1922,0.0019,-0.0020,0.0697,0.0632,0.0046,-0.0669,-0.0559,0.0095,-0.0703,0.0680,0.0088,-0.0904,-0.0575,0.0102,-0.0900,0.9824,-0.0837,0.0128,0.0021,0.1849,-0.1054,0.0173,0.0062,0.0527,0.5203,0.0025,-0.0271,-0.0062,-0.0075,-0.0201,-0.0192,-0.0163,0.0393,0.0037,-0.0003,0.0823,-0.0348
1009,0.983415,0.1428,-0.0315,0.1732,0.0536,-0.2017,-0.1094,0.3171,-0.0400,0.0014,-0.3249,-0.2404,0.1869,0.2973,0.2999,-0.3307,-0.1351,-0.0881,0.3366,-0.1249,-0.0717,0.1668,-0.0321,-0.0008,-0.0000,0.0022,-0.0093,0.0085,0.0062,0.0148,-0.0000,0.0008,-0.0096,0.0983,0.0151,-0.0230,-0.0045,-0.0663,-0.0029,0.0452,0.1649,0.0162,0.0022,0.2387,0.9858,-0.0000,0.1679,-0.1678,-0.0318,0.9853,0.0635,-0.0168,0.1460,-0.0828,0.0199,0.1506,-0.0828,0.0199,0.1506,0.0917,-0.0239,0.1451,-0.1184,0.0474,0.0970,0.1332,-0.0209,0.0889,0.0819,-0.0036,-0.1921,-0.0622,-0.0048,-0.1922,0.0019,-0.0020,0.0697,0.0633,0.0046,-0.0669,-0.0559,0.0096,-0.0703,0.0680,0.0088,-0.0904,-0.0575,0.0103,-0.0900,0.9834,-0.0832,0.0183,0.0027,0.1764,-0.0962,0.0168,0.0082,0.0546,0.5313,-0.0009,-0.0272,-0.0070,-0.0022,-0.0206,-0.0187,-0.0151,0.0514,0.0054,-0.0039,0.0777,-0.0337
1010,0.984390,0.1424,-0.0315,0.1732,0.0537,-0.2019,-0.1093,0.3172,-0.0397,0.0014,-0.3249,-0.2406,0.1882,0.2975,0.2996,-0.3308,-0.1363,-0.0881,0.3445,-0.1279,-0.0714,0.1668,-0.0318,-0.0001,-0.0000,0.0019,-0.0093,0.0051,0.0129,0.0214,-0.0000,0.0001,-0.0148,0.1086,0.0136,-0.0286,-0.0018,-0.0709,0.0046,1.7927,-1.1518,0.0179,0.0003,0.2387,0.9858,0.0000,0.1679,-0.1678,-0.0318,0.9853,0.0635,-0.0168,0.1460,-0.0829,0.0199,0.1506,-0.0829,0.0199,0.1506,0.0916,-0.0239,0.1451,-0.1184,0.0474,0.0970,0.1332,-0.0209,0.0889,0.0819,-0.0036,-0.1921,-0.0622,-0.0049,-0.1921,0.0019,-0.0020,0.0697,0.0633,0.0046,-0.0669,-0.0559,0.0096,-0.0703,0.0680,0.0088,-0.0904,-0.0575,0.0104,-0.0900,0.9844,-0.1113,0.0130,0.0067,0.1698,-0.1156,0.0216,0.0103,0.0623,0.4814,0.0053,-0.0112,-0.0090,0.0078,-0.0131,-0.0203,0.0197,0.0738,0.0149,-0.0031,0.0632,-0.0717
1011,0.985366,0.1415,-0.0319,0.1732,0.0537,-0.2020,-0.1091,0.3174,-0.0394,0.0014,-0.3249,-0.2407,0.1901,0.2978,0.2993,-0.3309,-0.1372,-0.0879,0.3447,-0.1394,-0.0712,0.1664,-0.0623,-0.0344,-0.0000,-0.0001,-0.0070,0.0114,0.0091,0.0222,-0.0000,-0.0000,-0.0026,0.0954,0.0135,-0.0121,-0.0076,-0.0295,0.0227,0.7265,-0.1239,0.0016,-0.0362,0.2387,0.9858,0.0000,0.1678,-0.1677,-0.0318,0.9853,0.0635,-0.0168,0.1460,-0.0829,0.0199,0.1506,-0.0829,0.0199,0.1506,0.0916,-0.0239,0.1451,-0.1184,0.0474,0.0970,0.1332,-0.0209,0.0889,0.0820,-0.0036,-0.1921,-0.0621,-0.0049,-0.1921,0.0019,-0.0020,0.0697,0.0633,0.0046,-0.0669,-0.0559,0.0097,-0.0703,0.0680,0.0088,-0.0904,-0.0575,0.0104,-0.0900,0.9854,-0.0864,0.0251,0.0018,0.1683,-0.0992,0.0095,0.0144,0.0625,0.5228,0.0024,-0.0216,-0.0085,0.0096,-0.0200,-0.0169,-0.0041,0.0822,0.0022,-0.0042,0.0686,-0.0475
1012,0.986341,0.1407,-0.0321,0.1732,0.0537,-0.2022,-0.1090,0.3177,-0.0389,0.0014,-0.3249,-0.2408,0.1919,0.2981,0.2990,-0.3310,-0.1381,-0.0875,0.3462,-0.1385,-0.0712,0.1661,-0.0240,-0.0045,-0.0000,-0.0004,-0.0108,0.0031,0.0185,0.0290,-0.0000,-0.0000,-0.0019,0.0965,0.0134,-0.0239,-0.0035,-0.0593,0.0188,0.9281,-0.7042,0.0045,-0.0034,0.2387,0.9858,-0.0000,0.1679,-0.1678,-0.0318,0.9853,0.0635,-0.0169,0.1460,-0.0828,0.0199,0.1506,-0.0828,0.0199,0.1506,0.0917,-0.0239,0.1451,-0.1183,0.0474,0.0969,0.1332,-0.0209,0.0889,0.0820,-0.0036,-0.1921,-0.0621,-0.0049,-0.1921,0.0019,-0.0020,0.0697,0.0633,0.0046,-0.0669,-0.0558,0.0097,-0.0703,0.0681,0.0088,-0.0904,-0.0574,0.0105,-0.0900,0.9863,-0.0954,0.0176,0.0026,0.1783,-0.1121,0.0159,0.0110,0.0611,0.5019,0.0054,-0.0192,-0.0096,0.0065,-0.0174,-0.0209,0.0011,0.0673,0.0074,-0.0020,0.0728,-0.0589
1013,0.987317,0.1403,-0.0322,0.1732,0.0537,-0.2024,-0.1090,0.3178,-0.0386,0.0014,-0.3249,-0.2408,0.1934,0.2983,0.2987,-0.3310,-0.1389,-0.0873,0.3478,-0.1390,-0.0711,0.1660,-0.0400,-0.0080,-0.0000,-0.0003,-0.0105,0.0014,0.0111,0.0213,-0.0000,-0.0000,-0.0006,0.1055,0.0141,-0.0193,-0.0055,-0.0529,0.0103,0.4556,0.5457,0.0112,-0.0142,0.2387,0.9858,0.0000,0.1681,-0.1680,-0.0317,0.9853,0.0635,-0.0169,0.1460,-0.0829,0.0199,0.1506,-0.0829,0.0199,0.1506,0.0916,-0.0240,0.1451,-0.1183,0.0474,0.0969,0.1332,-0.0210,0.0889,0.0821,-0.0036,-0.1920,-0.0620,-0.0049,-0.1921,0.0019,-0.0020,0.0697,0.0633,0.0046,-0.0669,-0.0558,0.0098,-0.0703,0.0681,0.0088,-0.0903,-0.0574,0.0106,-0.0900,0.9873,-0.0838,0.0201,0.0052,0.1706,-0.0896,0.0156,0.0069,0.0530,0.5354,-0.0036,-0.0239,-0.0164,0.0053,-0.0198,-0.0168,-0.0151,0.0693,0.0012,-0.0082,0.0710,-0.0380
1014,0.988293,0.1398,-0.0323,0.1732,0.0536,-0.2026,-0.1089,0.3181,-0.0381,0.0014,-0.3249,-0.2409,0.1951,0.2985,0.2984,-0.3311,-0.1399,-0.0871,0.3514,-0.1323,-0.0709,0.1659,-0.0239,-0.0013,0.0000,-0.0007,-0.0116,0.0052,0.0142,0.0230,0.0000,0.0000,-0.0092,0.0941,0.0144,-0.0196,-0.0030,-0.0613,0.0076,-0.1130,0.0481,0.0087,0.0015,0.2387,0.9857,0.0000,0.1684,-0.1683,-0.0317,0.9852,0.0635,-0.0170,0.1460,-0.0829,0.0199,0.1506,-0.0829,0.0199,0.1506,0.0916,-0.0240,0.1451,-0.1183,0.0474,0.0969,0.1332,-0.0210,0.0889,0.0821,-0.0036,-0.1920,-0.0619,-0.0049,-0.1921,0.0019,-0.0021,0.0697,0.0633,0.0046,-0.0669,-0.0558,0.0099,-0.0703,0.0681,0.0088,-0.0903,-0.0574,0.0107,-0.0900,0.9883,-0.0850,0.0156,0.0049,0.1868,-0.1001,0.0158,0.0037,0.0504,0.5193,0.0002,-0.0265,-0.0134,-0.0036,-0.0197,-0.0177,-0.0229,0.0459,0.0002,-0.0023,0.0803,-0.0356
1015,0.989268,0.1391,-0.0323,0.1732,0.0537,-0.2028,-0.1088,0.3183,-0.0378,0.0014,-0.3249,-0.2410,0.1965,0.2987,0.2981,-0.3311,-0.1408,-0.0870,0.3506,-0.1302,-0.0707,0.1660,-0.0323,-0.0000,-0.0000,0.0034,-0.0076,0.0041,0.0106,0.0173,0.0000,0.0001,-0.0105,0.1098,0.0134,-0.0182,-0.0030,-0.0652,0.0023,-0.8955,-0.3525,0.0150,0.0018,0.2387,0.9857,-0.0000,0.1688,-0.1687,-0.0317,0.9852,0.0635,-0.0170,0.1460,-0.0829,0.0198,0.1506,-0.0829,0.0198,0.1506,0.0916,-0.0241,0.1451,-0.1183,0.0474,0.0969,0.1332,-0.0210,0.0889,0.0822,-0.0036,-0.1920,-0.0619,-0.0049,-0.1921,0.0019,-0.0021,0.0697,0.0634,0.0046,-0.0669,-0.0558,0.0100,-0.0703,0.0681,0.0088,-0.0903,-0.0574,0.0108,-0.0900,0.9893,-0.0873,-0.0081,0.0065,0.2215,-0.1197,0.0227,-0.0092,0.0363,0.4876,0.0071,-0.0280,-0.0194,-0.0247,-0.0186,-0.0188,-0.0343,-0.0104,-0.0079,0.0077,0.0962,-0.0321
1016,0.990244,0.1386,-0.0323,0.1732,0.0537,-0.2029,-0.1087,0.3183,-0.0376,0.0014,-0.3249,-0.2412,0.1984,0.2989,0.2977,-0.3312,-0.1419,-0.0872,0.3507,-0.1280,-0.0703,0.1661,-0.0549,0.0001,-0.0000,0.0108,-0.0058,0.0070,0.0039,0.0068,-0.0000,-0.0001,-0.0149,0.1246,0.0141,-0.0250,-0.0067,-0.0732,-0.0307,1.5303,1.6089,0.0376,0.0224,0.2386,0.9856,0.0000,0.1690,-0.1689,-0.0316,0.9851,0.0635,-0.0171,0.1460,-0.0829,0.0198,0.1506,-0.0829,0.0198,0.1506,0.0916,-0.0241,0.1451,-0.1183,0.0474,0.0969,0.1332,-0.0211,0.0889,0.0822,-0.0036,-0.1920,-0.0618,-0.0049,-0.1921,0.0019,-0.0021,0.0697,0.0634,0.0046,-0.0669,-0.0558,0.0100,-0.0703,0.0681,0.0088,-0.0903,-0.0574,0.0109,-0.0900,0.9902,-0.0798,-0.0016,0.0144,0.1561,-0.0827,0.0134,0.0023,0.0413,0.5254,-0.0143,-0.0110,-0.0483,0.0024,-0.0188,-0.0081,-0.0122,0.0762,-0.0073,-0.0224,0.0591,-0.0429
1017,0.991220,0.1380,-0.0324,0.1732,0.0539,-0.2030,-0.1086,0.3184,-0.0374,0.0014,-0.3249,-0.2413,0.1998,0.2991,0.2973,-0.3313,-0.1427,-0.0872,0.3533,-0.1279,-0.0702,0.1661,-0.0190,-0.0185,-0.0000,0.0016,-0.0023,0.0047,0.0094,0.0176,-0.0000,-0.0001,-0.0027,0.0414,0.0089,-0.0215,-0.0011,-0.0278,0.0263,0.6737,0.7815,-0.0067,-0.0096,0.2386,0.9856,0.0000,0.1691,-0.1690,-0.0316,0.9851,0.0635,-0.0171,0.1460,-0.0829,0.0198,0.1506,-0.0829,0.0198,0.1506,0.0916,-0.0241,0.1451,-0.1183,0.0473,0.0969,0.1332,-0.0211,0.0889,0.0822,-0.0036,-0.1920,-0.0618,-0.0048,-0.1921,0.0019,-0.0021,0.0697,0.0634,0.0047,-0.0669,-0.0558,0.0101,-0.0703,0.0682,0.0088,-0.0903,-0.0574,0.0109,-0.0900,0.9912,-0.0841,0.0126,0.0075,0.1674,-0.0807,0.0184,0.0051,0.0481,0.5421,-0.0066,-0.0213,-0.0307,0.0048,-0.0195,-0.0163,-0.0189,0.0605,0.0013,-0.0155,0.0669,-0.0363
1018,0.992195,0.1375,-0.0326,0.1732,0.0539,-0.2031,-0.1085,0.3186,-0.0371,0.0014,-0.3249,-0.2414,0.2011,0.2994,0.2970,-0.3313,-0.1436,-0.0870,0.3603,-0.1170,-0.0701,0.1661,-0.0263,-0.0037,0.0000,0.0017,-0.0100,0.0077,0.0077,0.0174,0.0000,0.0000,-0.0010,0.0884,0.0206,-0.0193,-0.0018,-0.0483,0.0051,-0.0041,0.1808,0.0134,0.0054,0.2386,0.9856,-0.0000,0.1693,-0.1693,-0.0316,0.9851,0.0635,-0.0171,0.1460,-0.0829,0.0197,0.1506,-0.0829,0.0197,0.1506,0.0916,-0.0242,0.1451,-0.1182,0.0473,0.0969,0.1332,-0.0211,0.0889,0.0823,-0.0035,-0.1920,-0.0618,-0.0048,-0.1921,0.0019,-0.0021,0.0697,0.0634,0.0047,-0.0669,-0.0558,0.0101,-0.0703,0.0682,0.0088,-0.0903,-0.0574,0.0110,-0.0900,0.9922,-0.0858,0.0151,0.0057,0.1794,-0.0875,0.0166,0.0056,0.0497,0.5291,-0.0012,-0.0248,-0.0223,-0.0027,-0.0209,-0.0172,-0.0257,0.0436,0.0006,-0.0089,0.0745,-0.0301
1019,0.993171,0.1370,-0.0327,0.1732,0.0540,-0.2032,-0.1084,0.3188,-0.0368,0.0014,-0.3249,-0.2415,0.2029,0.2997,0.2966,-0.3313,-0.1445,-0.0869,0.3708,-0.1177,-0.0699,0.1662,-0.0337,-0.0005,0.0000,0.0072,-0.0076,0.0075,0.0097,0.0183,0.0000,0.0000,-0.0110,0.1025,0.0142,-0.0219,-0.0030,-0.0531,0.0002,0.2470,1.5951,0.0200,0.0181,0.2386,0.9855,0.0000,0.1697,-0.1696,-0.0316,0.9850,0.0635,-0.0172,0.1460,-0.0829,0.0197,0.1506,-0.0829,0.0197,0.1506,0.0916,-0.0242,0.1451,-0.1182,0.0473,0.0969,0.1332,-0.0211,0.0889,0.0823,-0.0035,-0.1920,-0.0617,-0.0048,-0.1920,0.0019,-0.0021,0.0697,0.0634,0.0047,-0.0669,-0.0558,0.0102,-0.0703,0.0682,0.0089,-0.0903,-0.0574,0.0111,-0.0900,0.9932,-0.0786,0.0023,0.0114,0.1712,-0.0647,0.0251,-0.0057,0.0333,0.5436,-0.0109,-0.0201,-0.0411,-0.0059,-0.0199,-0.0140,-0.0281,0.0411,-0.0043,-0.0199,0.0671,-0.0206
1020,0.994146,0.1366,-0.0327,0.1732,0.0540,-0.2033,-0.1083,0.3188,-0.0366,0.0014,-0.3249,-0.2416,0.2039,0.2998,0.2963,-0.3314,-0.1450,-0.0869,0.3686,-0.1089,-0.0697,0.1665,-0.0181,0.0005,-0.0001,0.0062,-0.0047,0.0103,0.0036,0.0095,-0.0000,-0.0001,-0.0026,0.0574,0.0072,-0.0278,-0.0005,-0.0372,0.0001,1.4290,1.9718,0.0042,0.0174,0.2386,0.9855,-0.0000,0.1698,-0.1698,-0.0316,0.9850,0.0634,-0.0172,0.1460,-0.0829,0.0197,0.1506,-0.0829,0.0197,0.1506,0.0916,-0.0243,0.1451,-0.1182,0.0473,0.0969,0.1332,-0.0211,0.0889,0.0823,-0.0035,-0.1920,-0.0617,-0.0048,-0.1920,0.0019,-0.0022,0.0697,0.0634,0.0047,-0.0669,-0.0558,0.0103,-0.0703,0.0682,0.0089,-0.0903,-0.0574,0.0112,-0.0900,0.9941,-0.0707,-0.0133,0.0183,0.1653,-0.0860,0.0117,-0.0008,0.0343,0.5188,-0.0194,-0.0074,-0.0641,-0.0119,-0.0186,-0.0051,-0.0225,0.0623,-0.0135,-0.0274,0.0639,-0.0379
1021,0.995122,0.1363,-0.0328,0.1732,0.0541,-0.2034,-0.1080,0.3189,-0.0365,0.0014,-0.3249,-0.2416,0.2047,0.2999,0.2959,-0.3314,-0.1456,-0.0868,0.3705,-0.1188,-0.0697,0.1666,-0.0187,-0.0159,0.0000,-0.0006,-0.0028,0.0058,0.0039,0.0093,-0.0000,-0.0001,-0.0003,0.0261,0.0030,-0.0203,-0.0000,-0.0247,0.0116,0.0268,-0.4190,0.0015,-0.0010,0.2386,0.9855,-0.0000,0.1699,-0.1698,-0.0315,0.9850,0.0634,-0.0172,0.1460,-0.0829,0.0196,0.1506,-0.0829,0.0196,0.1506,0.0916,-0.0243,0.1451,-0.1182,0.0473,0.0969,0.1332,-0.0211,0.0889,0.0824,-0.0035,-0.1920,-0.0617,-0.0048,-0.1920,0.0019,-0.0022,0.0697,0.0634,0.0047,-0.0669,-0.0558,0.0103,-0.0703,0.0682,0.0089,-0.0903,-0.0573,0.0112,-0.0900,0.9951,-0.0908,0.0058,0.0073,0.1950,-0.1038,0.0150,0.0044,0.0498,0.5082,0.0048,-0.0225,-0.0282,-0.0121,-0.0206,-0.0179,-0.0271,0.0260,-0.0074,-0.0035,0.0784,-0.0376
1022,0.996098,0.1356,-0.0330,0.1732,0.0542,-0.2035,-0.1080,0.3190,-0.0363,0.0014,-0.3249,-0.2416,0.2062,0.3001,0.2955,-0.3314,-0.1465,-0.0869,0.3710,-0.1154,-0.0695,0.1666,-0.0342,-0.0029,-0.0000,0.0050,-0.0055,0.0019,0.0102,0.0152,-0.0000,-0.0000,-0.0029,0.0854,0.0064,-0.0253,-0.0025,-0.0443,-0.0115,0.7538,-0.4191,0.0198,0.0065,0.2386,0.9855,-0.0000,0.1699,-0.1698,-0.0315,0.9850,0.0634,-0.0172,0.1460,-0.0829,0.0197,0.1506,-0.0829,0.0197,0.1506,0.0916,-0.0243,0.1451,-0.1182,0.0473,0.0968,0.1332,-0.0211,0.0890,0.0824,-0.0035,-0.1919,-0.0616,-0.0048,-0.1920,0.0019,-0.0022,0.0697,0.0634,0.0047,-0.0668,-0.0558,0.0103,-0.0703,0.0682,0.0089,-0.0903,-0.0573,0.0113,-0.0900,0.9961,-0.0988,0.0216,0.0057,0.1734,-0.0951,0.0160,0.0114,0.0576,0.5009,0.0049,-0.0142,-0.0330,0.0063,-0.0189,-0.0208,-0.0179,0.0646,0.0020,-0.0088,0.0682,-0.0468
1023,0.997073,0.1351,-0.0330,0.1732,0.0542,-0.2036,-0.1079,0.3191,-0.0360,0.0014,-0.3249,-0.2417,0.2073,0.3002,0.2952,-0.3314,-0.1471,-0.0870,0.3750,-0.1174,-0.0693,0.1667,-0.0353,-0.0107,-0.0000,0.0017,-0.0093,0.0027,0.0171,0.0266,-0.0000,-0.0001,-0.0012,0.0933,0.0105,-0.0262,-0.0024,-0.0461,0.0046,1.6379,-1.5708,0.0076,0.0008,0.2386,0.9855,0.0000,0.1699,-0.1699,-0.0315,0.9850,0.0634,-0.0172,0.1460,-0.0829,0.0197,0.1506,-0.0829,0.0197,0.1506,0.0915,-0.0243,0.1451,-0.1181,0.0473,0.0968,0.1332,-0.0212,0.0890,0.0824,-0.0035,-0.1919,-0.0616,-0.0048,-0.1920,0.0019,-0.0022,0.0697,0.0634,0.0047,-0.0668,-0.0558,0.0104,-0.0703,0.0682,0.0089,-0.0903,-0.0573,0.0113,-0.0900,0.9971,-0.1181,0.0031,0.0140,0.1865,-0.1185,0.0231,0.0019,0.0532,0.4543,0.0076,-0.0070,-0.0257,-0.0071,-0.0118,-0.0207,0.0043,0.0471,0.0103,-0.0023,0.0647,-0.0671
1024,0.998049,0.1341,-0.0334,0.1732,0.0542,-0.2038,-0.1078,0.3193,-0.0357,0.0014,-0.3249,-0.2417,0.2091,0.3004,0.2949,-0.3315,-0.1477,-0.0869,0.3772,-0.1203,-0.0692,0.1665,-0.0758,-0.0329,-0.0000,0.0004,-0.0123,0.0135,0.0040,0.0140,0.0000,-0.0000,-0.0002,0.1003,0.0072,-0.0099,-0.0034,-0.0239,0.0031,0.9633,-0.9550,0.0024,-0.0187,0.2386,0.9855,-0.0000,0.1698,-0.1698,-0.0316,0.9850,0.0634,-0.0172,0.1460,-0.0829,0.0197,0.1506,-0.0829,0.0197,0.1506,0.0915,-0.0243,0.1451,-0.1181,0.0473,0.0968,0.1332,-0.0212,0.0889,0.0825,-0.0035,-0.1919,-0.0615,-0.0048,-0.1920,0.0019,-0.0022,0.0697,0.0635,0.0047,-0.0668,-0.0558,0.0105,-0.0703,0.0683,0.0089,-0.0903,-0.0573,0.0114,-0.0900,0.9980,-0.1086,0.0150,0.0087,0.1829,-0.1033,0.0198,0.0061,0.0550,0.4767,0.0076,-0.0124,-0.0321,0.0047,-0.0162,-0.0216,-0.0118,0.0560,0.0023,-0.0050,0.0673,-0.0559
1025,0.999024,0.1331,-0.0337,0.1732,0.0542,-0.2040,-0.1075,0.3194,-0.0354,0.0014,-0.3249,-0.2417,0.2108,0.3005,0.2947,-0.3316,-0.1483,-0.0868,0.3888,-0.1316,-0.0691,0.1663,-0.0391,-0.0081,-0.0000,0.0003,-0.0111,0.0128,0.0058,0.0147,-0.0000,-0.0000,-0.0000,0.0901,0.0107,-0.0127,-0.0094,-0.0438,0.0031,0.1331,-0.1371,0.0066,-0.0057,0.2386,0.9855,-0.0000,0.1698,-0.1697,-0.0315,0.9850,0.0635,-0.0172,0.1460,-0.0829,0.0197,0.1506,-0.0829,0.0197,0.1506,0.0916,-0.0243,0.1451,-0.1181,0.0473,0.0968,0.1332,-0.0212,0.0890,0.0825,-0.0035,-0.1919,-0.0615,-0.0048,-0.1920,0.0019,-0.0021,0.0697,0.0635,0.0047,-0.0668,-0.0557,0.0105,-0.0703,0.0683,0.0089,-0.0903,-0.0573,0.0115,-0.0900,0.9990,-0.0941,0.0192,0.0098,0.1880,-0.0940,0.0114,0.0050,0.0518,0.5056,0.0035,-0.0201,-0.0334,-0.0024,-0.0211,-0.0162,-0.0309,0.0526,-0.0150,-0.0041,0.0716,-0.0375
1026,1.000000,0.1325,-0.0339,0.1732,0.0543,-0.2042,-0.1074,0.3195,-0.0352,0.0014,-0.3249,-0.2417,0.2124,0.3007,0.2944,-0.3318,-0.1493,-0.0868,0.3944,-0.1374,-0.0689,0.1663,-0.0313,-0.0029,0.0000,0.0031,-0.0081,0.0032,0.0081,0.0153,-0.0000,-0.0000,0.0000,0.0869,0.0070,-0.0216,-0.0047,-0.0580,0.0020,0.0788,-0.0920,0.0110,0.0074,0.2385,0.9855,0.0000,0.1699,-0.1698,-0.0315,0.9850,0.0634,-0.0172,0.1460,-0.0829,0.0197,0.1506,-0.0829,0.0197,0.1506,0.0915,-0.0243,0.1451,-0.1181,0.0473,0.0968,0.1332,-0.0212,0.0890,0.0826,-0.0035,-0.1919,-0.0614,-0.0048,-0.1920,0.0019,-0.0022,0.0697,0.0635,0.0047,-0.0668,-0.0557,0.0106,-0.0703,0.0683,0.0089,-0.0902,-0.0573,0.0116,-0.0900,1.0000,-0.0938,0.0183,0.0108,0.1915,-0.0951,0.0105,0.0032,0.0503,0.5040,0.0034,-0.0206,-0.0346,-0.0052,-0.0213,-0.0153,-0.0325,0.0512,-0.0193,-0.0026,0.0716,-0.0369
