episode_step,progress,obs_0,obs_1,obs_2,obs_3,obs_4,obs_5,obs_6,obs_7,obs_8,obs_9,obs_10,obs_11,obs_12,obs_13,obs_14,obs_15,obs_16,obs_17,obs_18,obs_19,obs_20,obs_21,obs_22,obs_23,obs_24,obs_25,obs_26,obs_27,obs_28,obs_29,obs_30,obs_31,obs_32,obs_33,obs_34,obs_35,obs_36,obs_37,obs_38,obs_39,obs_40,obs_41,obs_42,obs_43,obs_44,obs_45,obs_46,obs_47,obs_48,obs_49,obs_50,obs_51,obs_52,obs_53,obs_54,obs_55,obs_56,obs_57,obs_58,obs_59,obs_60,obs_61,obs_62,obs_63,obs_64,obs_65,obs_66,obs_67,obs_68,obs_69,obs_70,obs_71,obs_72,obs_73,obs_74,obs_75,obs_76,obs_77,obs_78,obs_79,obs_80,obs_81,obs_82,obs_83,obs_84,obs_85,obs_86,obs_87,obs_88,obs_89,obs_90,obs_91,obs_92,obs_93,obs_94,obs_95,obs_96,obs_97,obs_98,obs_99,obs_100,obs_101,obs_102,obs_103,obs_104,obs_105,obs_106,obs_107,obs_108,obs_109,obs_110,obs_111,obs_112,obs_113,action_0,action_1,action_2,action_3,action_4,action_5,action_6,action_7,action_8,action_9,action_10,action_11,action_12,action_13,action_14,action_15,action_16,action_17,action_18,action_19,action_20
1,0.000000,-0.432135,0.051759,-0.023856,0.793292,-0.361775,-0.056987,-0.432186,-0.051398,0.023693,0.793400,-0.361823,0.056591,0.000000,0.000000,0.000000,0.000000,0.000000,0.000000,0.000000,0.000000,0.000000,0.035785,0.234443,-0.105307,-0.076014,0.034294,-0.256928,-0.030428,0.234267,-0.106278,0.064713,-0.029191,-0.257190,0.000000,0.000000,0.000000,0.000000,0.000000,0.000000,0.000000,0.000000,0.000000,0.999762,0.021464,-0.021430,0.999734,-0.004104,0.008447,-0.002200,-0.006228,0.003828,-0.005185,0.002155,-0.025476,0.004670,-0.000019,-0.002893,-0.002117,0.005515,0.020874,0.007738,-0.012291,-0.010913,0.003068,0.003068,-0.003068,0.001534,-0.009204,0.001534,-0.004602,0.007670,0.000000,0.000000,0.000000,0.000000,-0.000000,-0.000000,-0.000000,-0.000000,0.000000,0.000000,0.000000,0.000000,-0.000000,0.000000,-0.000000,-0.000000,-0.000000,-0.000000,-0.000000,-0.000000,-0.000000,0.000000,0.000000,0.000000,0.000000,0.000000,0.000000,0.000000,0.000000,0.000000,0.000000,0.000000,0.000000,0.000000,0.000000,0.000000,0.000000,0.000000,0.000000,0.000000,0.000000,0.000000,0.000000,-0.010643,-0.270180,-0.177930,-0.192709,0.020767,0.208421,0.030526,0.351387,0.113288,-0.059175,-0.126780,-0.042846,0.234537,-0.053754,0.003692,0.307723,-0.346397,0.071750,0.147648,0.157906,-0.083418
2,0.001451,-0.431419,0.056447,-0.025962,0.791771,-0.361089,-0.062126,-0.432794,-0.046712,0.021568,0.794694,-0.362407,0.051448,0.000000,0.000000,0.000000,0.000000,0.000000,0.000000,0.000000,0.000000,0.000000,0.047614,0.288992,-0.128973,-0.101048,0.045592,-0.316350,-0.034074,0.288547,-0.131427,0.072494,-0.032700,-0.317011,0.000000,0.000000,0.000000,0.000000,0.000000,0.000000,0.000000,0.000000,0.000000,0.999759,0.021552,-0.021516,0.999732,-0.004295,0.008436,-0.002839,-0.004457,0.003747,-0.005185,0.002155,-0.025476,0.004670,-0.000019,-0.002893,-0.002117,0.005515,0.020874,0.007738,-0.012291,-0.010913,0.003068,0.003068,-0.003068,0.001534,-0.009204,0.001534,-0.004602,0.007670,0.000000,0.000000,0.000000,0.000000,-0.000000,-0.000000,-0.000000,-0.000000,0.000000,0.000000,0.000000,0.000000,-0.000000,0.000000,-0.000000,-0.000000,-0.000000,-0.000000,-0.000000,-0.000000,-0.000000,0.000000,-0.010643,-0.270180,-0.177930,-0.192709,0.020767,0.208421,0.030526,0.351387,0.113288,-0.059175,-0.126780,-0.042846,0.234537,-0.053754,0.003692,0.307723,-0.346397,0.071750,0.147648,0.157906,-0.083418,0.055158,-0.372955,-0.333072,-0.301195,0.052795,0.324204,0.008024,0.561891,0.186168,-0.046639,-0.104625,-0.112532,0.379904,-0.072247,-0.025510,0.502775,-0.660785,0.064202,0.280329,0.275025,-0.184616
3,0.002903,-0.430230,0.063318,-0.029015,0.789250,-0.359951,-0.069641,-0.433549,-0.039856,0.018436,0.796300,-0.363131,0.043911,0.000000,0.000000,0.000000,0.000000,0.000000,0.000000,0.000000,0.000000,0.000000,0.083101,0.452640,-0.199971,-0.176153,0.079484,-0.494615,-0.045009,0.451390,-0.206874,0.095829,-0.043222,-0.496474,0.000000,0.000000,0.000000,0.000000,0.000000,0.000000,0.000000,0.000000,0.000000,0.999757,0.021638,-0.021601,0.999730,-0.004450,0.008460,-0.002959,-0.003198,0.003795,-0.005185,0.002155,-0.025476,0.004670,-0.000019,-0.002893,-0.002117,0.005515,0.020874,0.007738,-0.012291,-0.010913,0.003068,0.003068,-0.003068,0.001534,-0.009204,0.001534,-0.004602,0.007670,0.000000,0.000000,0.000000,0.000000,-0.000000,-0.000000,-0.000000,-0.000000,0.000000,0.000000,0.000000,0.000000,-0.000000,0.000000,-0.000000,-0.000000,-0.000000,-0.000000,-0.000000,-0.000000,-0.000000,0.000000,0.055158,-0.372955,-0.333072,-0.301195,0.052795,0.324204,0.008024,0.561891,0.186168,-0.046639,-0.104625,-0.112532,0.379904,-0.072247,-0.025510,0.502775,-0.660785,0.064202,0.280329,0.275025,-0.184616,0.097780,-0.366750,-0.469666,-0.388073,0.060420,0.308180,-0.046555,0.747063,0.198986,0.041885,-0.075310,-0.182991,0.469373,-0.087571,-0.072158,0.629057,-0.954950,0.036755,0.388161,0.386981,-0.291520
4,0.004354,-0.428095,0.074553,-0.033961,0.784725,-0.357909,-0.081911,-0.434595,-0.028657,0.013293,0.798528,-0.364136,0.031589,0.000000,0.000000,0.000000,0.000000,0.000000,0.000000,0.000000,0.000000,0.000000,0.127772,0.601134,-0.260650,-0.270189,0.121942,-0.654789,-0.043230,0.598368,-0.275976,0.092092,-0.041535,-0.658895,0.000000,0.000000,0.000000,0.000000,0.000000,0.000000,0.000000,0.000000,0.000000,0.999754,0.021747,-0.021708,0.999727,-0.004590,0.008502,-0.003605,-0.002673,0.005877,-0.006718,-0.000913,-0.025476,0.006204,-0.001553,-0.004427,-0.002117,0.005515,0.019340,0.009272,-0.012291,-0.012447,0.003068,0.003068,-0.003068,0.001534,-0.009204,0.001534,-0.004602,0.007670,0.000000,-0.076655,-0.076655,0.000000,0.076655,-0.000000,-0.000000,-0.000000,0.000000,-0.076655,0.076655,0.000000,-0.000000,0.000000,-0.000000,-0.000000,-0.000000,-0.000000,-0.000000,-0.000000,-0.000000,0.000000,0.097780,-0.366750,-0.469666,-0.388073,0.060420,0.308180,-0.046555,0.747063,0.198986,0.041885,-0.075310,-0.182991,0.469373,-0.087571,-0.072158,0.629057,-0.954950,0.036755,0.388161,0.386981,-0.291520,0.083149,-0.150589,-0.655154,-0.417801,0.050855,0.080968,-0.120109,0.974299,0.139679,0.206609,-0.037190,-0.302393,0.502606,-0.100342,-0.100425,0.707372,-1.206368,0.020214,0.461013,0.482630,-0.397970
5,0.005806,-0.425119,0.087364,-0.039441,0.778442,-0.355073,-0.095833,-0.435278,-0.015921,0.007397,0.799984,-0.364793,0.017555,0.000000,0.000000,0.000000,0.000000,0.000000,0.000000,0.000000,0.000000,0.000000,0.159291,0.660227,-0.280671,-0.336139,0.151736,-0.716785,-0.029627,0.655993,-0.304183,0.063159,-0.028484,-0.723063,0.000000,0.000000,0.000000,0.000000,0.000000,0.000000,0.000000,0.000000,0.000000,0.999752,0.021827,-0.021788,0.999725,-0.004695,0.008540,-0.004730,-0.003683,0.007932,-0.009786,-0.000913,-0.025476,0.010806,-0.001553,-0.004427,-0.003651,0.005515,0.019340,0.010806,-0.015359,-0.013981,0.003068,0.003068,-0.003068,0.001534,-0.009204,0.001534,-0.004602,0.007670,0.000000,-0.076655,-0.076655,0.000000,0.229965,-0.076655,-0.076655,-0.000000,0.000000,-0.076655,0.076655,-0.076655,-0.153310,0.000000,-0.000000,-0.000000,-0.000000,-0.000000,-0.000000,-0.000000,-0.000000,0.000000,0.083149,-0.150589,-0.655154,-0.417801,0.050855,0.080968,-0.120109,0.974299,0.139679,0.206609,-0.037190,-0.302393,0.502606,-0.100342,-0.100425,0.707372,-1.206368,0.020214,0.461013,0.482630,-0.397970,0.048854,0.300798,-0.880944,-0.432084,0.034732,-0.297161,-0.221016,1.209363,0.021022,0.400853,0.055484,-0.485449,0.459874,-0.082199,-0.122520,0.737709,-1.361844,0.025029,0.469437,0.574767,-0.534028
6,0.007257,-0.421723,0.100962,-0.045188,0.771280,-0.351840,-0.110582,-0.435780,-0.002417,0.001125,0.801054,-0.365276,0.002666,0.000000,0.000000,0.000000,0.000000,0.000000,0.000000,0.000000,0.000000,0.000000,0.226988,0.773988,-0.314629,-0.476468,0.215182,-0.834344,0.001314,0.766602,-0.356080,-0.002800,0.001263,-0.845248,0.000000,0.000000,0.000000,0.000000,0.000000,0.000000,0.000000,0.000000,0.000000,0.999742,0.022219,-0.022177,0.999716,-0.004953,0.008603,-0.001809,-0.000264,0.008102,-0.009786,-0.002447,-0.025476,0.010806,-0.003087,-0.002893,-0.005185,0.005515,0.019340,0.012340,-0.019961,-0.013981,0.003068,0.003068,-0.003068,0.001534,-0.009204,0.001534,-0.004602,0.006136,-0.000000,0.000000,0.000000,0.000000,-0.000000,-0.076655,0.076655,-0.000000,0.000000,0.000000,0.000000,0.000000,-0.000000,0.000000,-0.000000,-0.000000,-0.000000,-0.000000,-0.000000,-0.000000,-0.000000,-0.000000,0.048854,0.300798,-0.880944,-0.432084,0.034732,-0.297161,-0.221016,1.209363,0.021022,0.400853,0.055484,-0.485449,0.459874,-0.082199,-0.122520,0.737709,-1.361844,0.025029,0.469437,0.574767,-0.534028,-0.002860,0.984927,-1.147921,-0.458676,0.053395,-0.812461,-0.370544,1.449225,-0.164983,0.607674,0.152483,-0.730546,0.354712,-0.039589,-0.155378,0.728387,-1.380826,0.073170,0.401212,0.710609,-0.709618
7,0.008708,-0.416040,0.118323,-0.052026,0.759384,-0.346466,-0.129207,-0.435225,0.014743,-0.006846,0.799872,-0.364742,-0.016255,0.000000,0.000000,0.000000,0.000000,0.000000,0.000000,0.000000,0.000000,0.000000,0.275587,0.819365,-0.319535,-0.576141,0.260292,-0.877737,0.032281,0.809473,-0.375485,-0.068812,0.031034,-0.892294,0.000000,0.000000,0.000000,0.000000,0.000000,0.000000,0.000000,0.000000,0.000000,0.999739,0.022339,-0.022297,0.999714,-0.004950,0.008565,-0.000695,-0.001519,0.007560,-0.009786,-0.002447,-0.025476,0.010806,-0.003087,-0.002893,-0.005185,0.005515,0.019340,0.012340,-0.021495,-0.013981,0.003068,0.003068,-0.003068,0.001534,-0.009204,0.001534,-0.004602,0.006136,-0.000000,0.000000,0.000000,0.000000,-0.000000,-0.000000,0.076655,-0.000000,0.000000,0.000000,0.000000,0.000000,-0.000000,0.000000,-0.000000,-0.000000,-0.000000,-0.000000,-0.000000,-0.000000,-0.000000,-0.000000,-0.002860,0.984927,-1.147921,-0.458676,0.053395,-0.812461,-0.370544,1.449225,-0.164983,0.607674,0.152483,-0.730546,0.354712,-0.039589,-0.155378,0.728387,-1.380826,0.073170,0.401212,0.710609,-0.709618,-0.057369,1.486116,-1.335434,-0.505333,0.131614,-1.180481,-0.595536,1.627823,-0.360650,0.877037,0.100255,-0.947615,0.240154,0.011336,-0.164695,0.665865,-1.288993,0.167419,0.303312,0.895149,-0.834560
8,0.010160,-0.410700,0.133737,-0.057969,0.748234,-0.341428,-0.145691,-0.434489,0.029962,-0.013894,0.798301,-0.364034,-0.033026,0.000000,0.000000,0.000000,0.000000,0.000000,0.000000,0.000000,0.000000,0.000000,0.249813,0.673306,-0.252394,-0.520131,0.235071,-0.717234,0.045960,0.663883,-0.306216,-0.097901,0.044156,-0.731048,0.000000,0.000000,0.000000,0.000000,0.000000,0.000000,0.000000,0.000000,0.000000,0.999733,0.022595,-0.022552,0.999708,-0.005014,0.008520,0.000617,-0.005027,0.011599,-0.009786,-0.002447,-0.025476,0.010806,-0.003087,-0.002893,-0.005185,0.013184,0.019340,0.013874,-0.021495,-0.017049,0.003068,0.003068,-0.003068,0.001534,-0.009204,0.001534,-0.004602,0.006136,-0.000000,0.000000,0.000000,0.000000,-0.000000,-0.000000,-0.000000,-0.000000,0.383274,0.000000,0.076655,-0.076655,-0.076655,0.000000,-0.000000,-0.000000,-0.000000,-0.000000,-0.000000,-0.000000,-0.000000,-0.000000,-0.057369,1.486116,-1.335434,-0.505333,0.131614,-1.180481,-0.595536,1.627823,-0.360650,0.877037,0.100255,-0.947615,0.240154,0.011336,-0.164695,0.665865,-1.288993,0.167419,0.303312,0.895149,-0.834560,-0.013099,1.539126,-1.285002,-0.609254,0.244914,-1.259913,-0.858470,1.696918,-0.439534,1.250431,-0.082378,-1.032229,0.171983,0.067114,-0.145216,0.608617,-1.120503,0.256673,0.242585,1.049225,-0.821944
9,0.011611,-0.406047,0.145255,-0.062122,0.738578,-0.337063,-0.157896,-0.433387,0.041299,-0.019095,0.795956,-0.362976,-0.045497,0.000000,0.000000,0.000000,0.000000,0.000000,0.000000,0.000000,0.000000,0.000000,0.233451,0.552482,-0.194163,-0.483266,0.218521,-0.583475,0.060889,0.543218,-0.247831,-0.129551,0.058436,-0.596983,0.000000,0.000000,0.000000,0.000000,0.000000,0.000000,0.000000,0.000000,0.000000,0.999726,0.022878,-0.022836,0.999704,-0.005098,0.008328,0.009668,-0.007827,0.009674,-0.009786,0.002155,-0.028544,0.009272,-0.003087,-0.012097,-0.006718,0.016252,0.017806,0.016942,-0.021495,-0.021650,0.003068,0.003068,-0.003068,0.001534,-0.009204,0.001534,-0.004602,0.006136,-0.000000,0.000000,0.076655,-0.076655,-0.000000,-0.000000,-0.153310,-0.076655,0.153310,-0.076655,0.153310,0.000000,-0.229965,0.000000,-0.000000,-0.000000,-0.000000,-0.000000,-0.000000,-0.000000,-0.000000,-0.000000,-0.013099,1.539126,-1.285002,-0.609254,0.244914,-1.259913,-0.858470,1.696918,-0.439534,1.250431,-0.082378,-1.032229,0.171983,0.067114,-0.145216,0.608617,-1.120503,0.256673,0.242585,1.049225,-0.821944,0.014170,1.523054,-1.169336,-0.642274,0.260220,-1.230946,-1.062141,1.734210,-0.544700,1.510815,-0.182623,-1.087283,0.152317,0.093678,-0.117772,0.584073,-0.972019,0.281161,0.188398,1.193386,-0.761590
10,0.013062,-0.401362,0.155836,-0.065736,0.728904,-0.332687,-0.169030,-0.432053,0.051691,-0.023807,0.793119,-0.361697,-0.056905,0.000000,0.000000,0.000000,0.000000,0.000000,0.000000,0.000000,0.000000,0.000000,0.234681,0.517306,-0.173958,-0.483979,0.218915,-0.543340,0.069604,0.507810,-0.229521,-0.147937,0.066736,-0.557132,0.000000,0.000000,0.000000,0.000000,0.000000,0.000000,0.000000,0.000000,0.000000,0.999720,0.023104,-0.023065,0.999705,-0.005239,0.007549,0.024685,-0.012422,0.007918,-0.008252,0.009825,-0.034680,0.004670,-0.001553,-0.019767,-0.009786,0.025456,0.014738,0.021544,-0.021495,-0.032388,0.003068,0.003068,-0.003068,0.001534,-0.009204,0.001534,-0.004602,0.006136,-0.000000,0.076655,0.383274,-0.153310,-0.229965,-0.000000,-0.459929,-0.153310,0.459929,-0.153310,0.229965,0.000000,-0.229965,0.000000,-0.000000,-0.000000,-0.000000,-0.000000,-0.000000,-0.000000,-0.000000,-0.000000,0.014170,1.523054,-1.169336,-0.642274,0.260220,-1.230946,-1.062141,1.734210,-0.544700,1.510815,-0.182623,-1.087283,0.152317,0.093678,-0.117772,0.584073,-0.972019,0.281161,0.188398,1.193386,-0.761590,0.065809,1.397966,-0.990851,-0.747789,0.271015,-1.216460,-1.217922,1.726938,-0.595130,1.810523,-0.240991,-1.117571,0.145472,0.096214,-0.084165,0.612365,-0.846089,0.259567,0.120399,1.258663,-0.691097
11,0.014514,-0.396660,0.165948,-0.069080,0.719219,-0.328306,-0.179630,-0.430603,0.061611,-0.028276,0.790038,-0.360307,-0.067782,0.000000,0.000000,0.000000,0.000000,0.000000,0.000000,0.000000,0.000000,0.000000,0.267548,0.536031,-0.167722,-0.548464,0.248209,-0.558393,-0.219293,0.459028,-0.231873,0.374603,-0.168876,-0.513903,0.000000,0.000000,0.000000,0.000000,0.000000,0.000000,0.000000,0.000000,0.000000,0.999707,0.023512,-0.023483,0.999711,-0.005805,0.005013,0.051489,-0.023120,0.014249,-0.006718,0.025165,-0.042350,-0.001466,0.003048,-0.042777,-0.018990,0.037728,0.007068,0.030748,-0.021495,-0.047728,0.003068,0.003068,-0.003068,0.001534,-0.009204,0.001534,-0.004602,0.006136,-0.000000,0.076655,0.383274,-0.306619,-0.229965,0.153310,-0.766549,-0.229965,0.306619,-0.229965,0.306619,0.000000,-0.459929,0.000000,-0.000000,-0.000000,-0.000000,-0.000000,-0.000000,-0.000000,-0.000000,-0.000000,0.065809,1.397966,-0.990851,-0.747789,0.271015,-1.216460,-1.217922,1.726938,-0.595130,1.810523,-0.240991,-1.117571,0.145472,0.096214,-0.084165,0.612365,-0.846089,0.259567,0.120399,1.258663,-0.691097,0.056273,1.294987,-0.832352,-0.857129,0.215688,-1.152082,-1.353586,1.642058,-0.633749,2.187215,-0.279463,-1.117071,0.146253,0.081761,-0.041644,0.654150,-0.789956,0.212438,0.030224,1.322407,-0.640706
12,0.015965,-0.390660,0.177277,-0.072445,0.706965,-0.322759,-0.191366,-0.440825,0.070052,-0.033082,0.808104,-0.368452,-0.077461,0.000000,0.000000,0.000000,0.000000,0.000000,0.000000,0.000000,0.000000,0.000000,0.284563,0.530775,-0.155717,-0.580621,0.262865,-0.549171,-0.685773,0.347591,-0.222818,1.223366,-0.550926,-0.409890,0.000000,0.000000,0.000000,0.000000,0.000000,0.000000,0.000000,0.000000,0.000000,0.999701,0.023701,-0.023678,0.999712,-0.006117,0.003821,0.058717,-0.026738,0.017332,-0.006718,0.028233,-0.045417,-0.004534,0.006116,-0.047379,-0.022058,0.040796,0.005534,0.035350,-0.023029,-0.053864,0.003068,0.003068,-0.003068,0.001534,-0.009204,0.001534,-0.004602,0.006136,-0.000000,0.000000,0.459929,-0.306619,-0.229965,0.153310,-0.536584,-0.383274,0.383274,-0.229965,0.383274,-0.076655,-0.536584,0.000000,-0.000000,-0.000000,-0.000000,-0.000000,-0.000000,-0.000000,-0.000000,-0.000000,0.056273,1.294987,-0.832352,-0.857129,0.215688,-1.152082,-1.353586,1.642058,-0.633749,2.187215,-0.279463,-1.117071,0.146253,0.081761,-0.041644,0.654150,-0.789956,0.212438,0.030224,1.322407,-0.640706,0.049856,1.210973,-0.703999,-1.003805,0.188843,-1.202582,-1.542336,1.511070,-0.622840,2.685282,-0.375621,-1.082187,0.155431,0.064235,-0.010660,0.688019,-0.772184,0.159845,-0.060439,1.384421,-0.544373
13,0.017417,-0.385278,0.187179,-0.075309,0.695994,-0.317792,-0.201597,-0.458034,0.075515,-0.037188,0.838973,-0.382344,-0.084178,0.000000,0.000000,0.000000,0.000000,0.000000,0.000000,0.000000,0.000000,0.000000,0.238238,0.423655,-0.118202,-0.484350,0.219345,-0.436214,-1.209810,0.124215,-0.170287,2.183643,-0.981936,-0.187687,0.000000,0.000000,0.000000,0.000000,0.000000,0.000000,0.000000,0.000000,0.000000,0.999687,0.024074,-0.024067,0.999710,-0.006845,0.001070,0.070708,-0.030701,0.016359,-0.006718,0.037437,-0.048485,-0.007602,0.009184,-0.059650,-0.029728,0.050000,-0.000602,0.044554,-0.030699,-0.066136,0.003068,0.003068,-0.004602,0.001534,-0.009204,0.007670,-0.004602,0.024544,0.000000,0.000000,0.459929,-0.076655,-0.153310,0.229965,-0.536584,-0.306619,0.459929,-0.306619,0.383274,-0.383274,-0.613239,0.000000,-0.000000,-0.000000,-0.000000,-0.000000,0.076655,-0.000000,0.843203,0.000000,0.049856,1.210973,-0.703999,-1.003805,0.188843,-1.202582,-1.542336,1.511070,-0.622840,2.685282,-0.375621,-1.082187,0.155431,0.064235,-0.010660,0.688019,-0.772184,0.159845,-0.060439,1.384421,-0.544373,0.176622,0.930185,-0.542373,-1.162308,0.274550,-1.212840,-1.879045,1.319385,-0.552129,3.293834,-0.530209,-0.914502,0.161406,0.042853,-0.000805,0.693188,-0.777440,0.084407,-0.140766,1.470195,-0.380573
14,0.018868,-0.381130,0.194223,-0.077173,0.687591,-0.313985,-0.208815,-0.489217,0.075020,-0.039894,0.895449,-0.407729,-0.084969,0.000000,0.000000,0.000000,0.000000,0.000000,0.000000,0.000000,0.000000,0.000000,0.201439,0.334629,-0.086015,-0.407413,0.184581,-0.342020,-1.736463,-0.093807,-0.111218,3.143771,-1.409515,0.029528,0.000000,0.000000,0.000000,0.000000,0.000000,0.000000,0.000000,0.000000,0.000000,0.999674,0.024386,-0.024402,0.999700,-0.007524,-0.002209,0.084146,-0.028382,0.016209,-0.006718,0.048175,-0.050019,-0.012204,0.012252,-0.081126,-0.037398,0.059204,-0.006738,0.058359,-0.036835,-0.078408,0.003068,0.003068,-0.004602,0.001534,-0.009204,0.007670,-0.004602,0.024544,0.000000,0.000000,0.459929,-0.076655,-0.229965,0.076655,-1.073168,-0.383274,0.383274,-0.229965,0.613239,-0.229965,-0.536584,0.000000,-0.000000,-0.000000,-0.000000,-0.000000,0.076655,-0.000000,0.843203,0.000000,0.176622,0.930185,-0.542373,-1.162308,0.274550,-1.212840,-1.879045,1.319385,-0.552129,3.293834,-0.530209,-0.914502,0.161406,0.042853,-0.000805,0.693188,-0.777440,0.084407,-0.140766,1.470195,-0.380573,0.378954,0.696955,-0.409759,-1.317688,0.355926,-1.088737,-2.229631,1.087814,-0.450697,3.905735,-0.703011,-0.730642,0.148842,0.042749,-0.018683,0.698876,-0.800812,0.024740,-0.169105,1.562562,-0.269033
15,0.020319,-0.377220,0.200564,-0.078750,0.679698,-0.310409,-0.215277,-0.527492,0.071762,-0.041637,0.964724,-0.438724,-0.082996,0.000000,0.000000,0.000000,0.000000,0.000000,0.000000,0.000000,0.000000,0.000000,0.192565,0.308209,-0.075250,-0.388278,0.175955,-0.313688,-2.002403,-0.197463,-0.075147,3.623691,-1.619873,0.133148,0.000000,0.000000,0.000000,0.000000,0.000000,0.000000,0.000000,0.000000,0.000000,0.999674,0.024386,-0.024402,0.999700,-0.007524,-0.002209,0.084146,-0.028382,0.016209,-0.006718,0.048175,-0.050019,-0.012204,0.012252,-0.081126,-0.037398,0.059204,-0.006738,0.058359,-0.036835,-0.078408,0.003068,0.003068,-0.004602,0.001534,-0.009204,0.007670,-0.004602,0.024544,0.000000,0.000000,0.459929,-0.076655,-0.229965,0.076655,-1.073168,-0.383274,0.383274,-0.229965,0.613239,-0.229965,-0.536584,0.000000,-0.000000,-0.000000,-0.000000,-0.000000,0.076655,-0.000000,0.843203,0.000000,0.378954,0.696955,-0.409759,-1.317688,0.355926,-1.088737,-2.229631,1.087814,-0.450697,3.905735,-0.703011,-0.730642,0.148842,0.042749,-0.018683,0.698876,-0.800812,0.024740,-0.169105,1.562562,-0.269033,0.566034,0.579833,-0.340566,-1.505577,0.431846,-1.096329,-2.533854,0.921563,-0.354810,4.470653,-0.857903,-0.592406,0.137002,0.064775,-0.040523,0.699192,-0.855931,-0.019453,-0.169738,1.640501,-0.172031
16,0.021771,-0.373428,0.206552,-0.080183,0.672060,-0.306947,-0.221362,-0.569313,0.067122,-0.042899,1.040397,-0.472524,-0.079643,0.000000,0.000000,0.000000,0.000000,0.000000,0.000000,0.000000,0.000000,0.000000,0.204206,0.310983,-0.070249,-0.409962,0.185847,-0.314664,-2.456976,-0.328538,-0.008236,4.430091,-1.966623,0.270934,0.000000,0.000000,0.000000,0.000000,0.000000,0.000000,0.000000,0.000000,0.000000,0.999674,0.024386,-0.024402,0.999700,-0.007524,-0.002209,0.084146,-0.028382,0.016209,-0.006718,0.048175,-0.050019,-0.012204,0.012252,-0.081126,-0.037398,0.059204,-0.006738,0.058359,-0.036835,-0.078408,0.003068,0.003068,-0.004602,0.001534,-0.009204,0.007670,-0.004602,0.024544,0.000000,0.000000,0.459929,-0.076655,-0.229965,0.076655,-1.073168,-0.383274,0.383274,-0.229965,0.613239,-0.229965,-0.536584,0.000000,-0.000000,-0.000000,-0.000000,-0.000000,0.076655,-0.000000,0.843203,0.000000,0.566034,0.579833,-0.340566,-1.505577,0.431846,-1.096329,-2.533854,0.921563,-0.354810,4.470653,-0.857903,-0.592406,0.137002,0.064775,-0.040523,0.699192,-0.855931,-0.019453,-0.169738,1.640501,-0.172031,0.710935,0.512856,-0.285861,-1.689928,0.497716,-1.142968,-2.838826,0.769169,-0.256429,5.075235,-1.011367,-0.470266,0.118921,0.094872,-0.051144,0.688458,-0.935857,-0.040409,-0.156258,1.706138,-0.075197
17,0.023222,-0.369052,0.213003,-0.081560,0.663299,-0.302975,-0.227864,-0.625771,0.058621,-0.041966,1.141927,-0.517389,-0.072159,0.000000,0.000000,0.000000,0.000000,0.000000,0.000000,0.000000,0.000000,0.000000,0.203989,0.299013,-0.063136,-0.408143,0.185073,-0.301140,-2.638999,-0.396693,0.050511,4.740918,-2.092149,0.351952,0.000000,0.000000,0.000000,0.000000,0.000000,0.000000,0.000000,0.000000,0.000000,0.999674,0.024386,-0.024402,0.999700,-0.007524,-0.002209,0.084146,-0.028382,0.016209,-0.006718,0.048175,-0.050019,-0.012204,0.012252,-0.081126,-0.037398,0.059204,-0.006738,0.058359,-0.036835,-0.078408,0.003068,0.003068,-0.004602,0.001534,-0.009204,0.007670,-0.004602,0.024544,0.000000,0.000000,0.459929,-0.076655,-0.229965,0.076655,-1.073168,-0.383274,0.383274,-0.229965,0.613239,-0.229965,-0.536584,0.000000,-0.000000,-0.000000,-0.000000,-0.000000,0.076655,-0.000000,0.843203,0.000000,0.710935,0.512856,-0.285861,-1.689928,0.497716,-1.142968,-2.838826,0.769169,-0.256429,5.075235,-1.011367,-0.470266,0.118921,0.094872,-0.051144,0.688458,-0.935857,-0.040409,-0.156258,1.706138,-0.075197,0.801181,0.457737,-0.241576,-1.814744,0.543610,-1.180897,-3.102479,0.672585,-0.181267,5.611403,-1.130666,-0.368168,0.107977,0.123837,-0.044074,0.666376,-1.012413,-0.050726,-0.127261,1.748483,0.038144
18,0.024673,-0.365268,0.218512,-0.082708,0.655734,-0.299544,-0.233408,-0.674873,0.051254,-0.040879,1.230034,-0.556210,-0.065565,0.000000,0.000000,0.000000,0.000000,0.000000,0.000000,0.000000,0.000000,0.000000,0.159541,0.228362,-0.046032,-0.318497,0.144449,-0.229307,-2.087282,-0.311586,0.062091,3.734112,-1.638822,0.285266,0.000000,0.000000,0.000000,0.000000,0.000000,0.000000,0.000000,0.000000,0.000000,0.999667,0.024550,-0.024581,0.999691,-0.007820,-0.004006,0.089757,-0.026819,0.018872,-0.006718,0.051243,-0.053087,-0.016806,0.013786,-0.078058,-0.042000,0.065340,-0.011340,0.066029,-0.038369,-0.084544,0.003068,0.003068,-0.004602,0.001534,-0.009204,0.007670,-0.004602,0.024544,0.000000,0.000000,0.459929,-0.076655,-0.306619,0.076655,-1.073168,-0.383274,0.459929,-0.229965,0.613239,-0.229965,-0.536584,0.000000,-0.000000,-0.000000,-0.000000,-0.000000,0.076655,-0.000000,0.843203,0.000000,0.801181,0.457737,-0.241576,-1.814744,0.543610,-1.180897,-3.102479,0.672585,-0.181267,5.611403,-1.130666,-0.368168,0.107977,0.123837,-0.044074,0.666376,-1.012413,-0.050726,-0.127261,1.748483,0.038144,0.844812,0.410291,-0.227586,-1.841292,0.573659,-1.208117,-3.201871,0.677251,-0.154602,5.820798,-1.173327,-0.304618,0.112669,0.131037,-0.035178,0.645465,-1.037530,-0.064639,-0.087816,1.757780,0.160569
19,0.026125,-0.362670,0.222138,-0.083401,0.650559,-0.297197,-0.237036,-0.709263,0.046157,-0.039483,1.291292,-0.582942,-0.060748,0.000000,0.000000,0.000000,0.000000,0.000000,0.000000,0.000000,0.000000,0.000000,0.117473,0.162497,-0.030451,-0.233769,0.106048,-0.162458,-1.525168,-0.204544,0.048476,2.710447,-1.180012,0.187440,0.000000,0.000000,0.000000,0.000000,0.000000,0.000000,0.000000,0.000000,0.000000,0.999630,0.025365,-0.025495,0.999585,-0.009451,-0.013631,0.115365,-0.036134,0.016833,-0.003651,0.061981,-0.053087,-0.033679,0.019922,-0.108738,-0.072680,0.080680,-0.023612,0.113583,-0.056777,-0.101417,0.003068,0.003068,-0.004602,0.001534,-0.009204,0.007670,-0.004602,0.024544,0.000000,0.000000,0.000000,0.000000,-0.229965,0.153310,-0.153310,-0.536584,0.229965,-0.306619,0.613239,-0.383274,-0.153310,0.000000,-0.000000,-0.000000,-0.000000,-0.000000,0.076655,-0.000000,0.843203,0.000000,0.844812,0.410291,-0.227586,-1.841292,0.573659,-1.208117,-3.201871,0.677251,-0.154602,5.820798,-1.173327,-0.304618,0.112669,0.131037,-0.035178,0.645465,-1.037530,-0.064639,-0.087816,1.757780,0.160569,0.850314,0.376764,-0.213589,-1.809590,0.613622,-1.033754,-3.213048,0.699263,-0.137407,5.763800,-1.140139,-0.266522,0.092669,0.124031,-0.020846,0.611155,-0.996225,-0.056434,-0.082773,1.763249,0.261559
20,0.027576,-0.360569,0.225012,-0.083926,0.646383,-0.295302,-0.239906,-0.735880,0.043073,-0.038940,1.338452,-0.603411,-0.058067,0.000000,0.000000,0.000000,0.000000,0.000000,0.000000,0.000000,0.000000,0.000000,0.098819,0.134351,-0.024182,-0.196323,0.089072,-0.134017,-1.233712,-0.129089,0.016472,2.181762,-0.945127,0.107386,0.000000,0.000000,0.000000,0.000000,0.000000,0.000000,0.000000,0.000000,0.000000,0.999599,0.026112,-0.026298,0.999507,-0.010528,-0.017441,0.095661,-0.050176,0.032965,-0.003651,0.063515,-0.053087,-0.041349,0.021456,-0.122544,-0.084951,0.080680,-0.023612,0.142728,-0.065981,-0.109087,0.003068,0.003068,-0.004602,0.001534,-0.009204,0.007670,-0.004602,0.024544,0.000000,0.000000,0.076655,0.000000,-0.229965,0.153310,-0.306619,-0.383274,0.000000,0.000000,0.843203,-0.229965,-0.229965,0.000000,-0.000000,-0.000000,-0.000000,-0.000000,0.076655,-0.000000,0.843203,0.000000,0.850314,0.376764,-0.213589,-1.809590,0.613622,-1.033754,-3.213048,0.699263,-0.137407,5.763800,-1.140139,-0.266522,0.092669,0.124031,-0.020846,0.611155,-0.996225,-0.056434,-0.082773,1.763249,0.261559,0.853973,0.352675,-0.187857,-1.769923,0.620800,-0.889706,-3.158755,0.739580,-0.133606,5.640285,-1.084492,-0.253665,0.089541,0.113440,-0.014683,0.593647,-0.930970,-0.038467,-0.065525,1.769449,0.327751
21,0.029028,-0.358717,0.227512,-0.084368,0.642707,-0.293634,-0.242397,-0.758611,0.040994,-0.038824,1.378562,-0.620747,-0.056453,0.000000,0.000000,0.000000,0.000000,0.000000,0.000000,0.000000,0.000000,0.000000,0.076015,0.101707,-0.017597,-0.150783,0.068419,-0.101241,-0.765331,0.028965,-0.091135,1.341739,-0.579087,-0.083101,0.000000,0.000000,0.000000,0.000000,0.000000,0.000000,0.000000,0.000000,0.000000,0.999537,0.027610,-0.027847,0.999436,-0.012245,-0.019095,0.082277,-0.058638,0.030737,-0.000583,0.065049,-0.054621,-0.042883,0.022990,-0.125612,-0.098757,0.074544,-0.020544,0.167272,-0.069049,-0.104485,0.003068,0.007670,-0.004602,0.024544,-0.030680,0.006136,-0.004602,0.039884,-0.000000,0.076655,0.076655,-0.076655,-0.000000,-0.000000,-0.076655,-0.229965,-0.153310,0.000000,0.689894,-0.153310,0.076655,0.000000,0.306619,-0.000000,-0.000000,-0.766549,-0.076655,-0.000000,-0.076655,-0.000000,0.853973,0.352675,-0.187857,-1.769923,0.620800,-0.889706,-3.158755,0.739580,-0.133606,5.640285,-1.084492,-0.253665,0.089541,0.113440,-0.014683,0.593647,-0.930970,-0.038467,-0.065525,1.769449,0.327751,0.835554,0.364744,-0.177951,-1.744106,0.610347,-0.874110,-3.036800,0.862214,-0.203904,5.400030,-1.037726,-0.301730,0.129712,0.108739,-0.057544,0.533461,-0.811525,-0.023480,-0.082909,1.718432,0.403767
22,0.030479,-0.357529,0.229080,-0.084630,0.640352,-0.292565,-0.243956,-0.766493,0.044231,-0.042585,1.392121,-0.626574,-0.061391,0.000000,0.000000,0.000000,0.000000,0.000000,0.000000,0.000000,0.000000,0.000000,0.049394,0.065199,-0.010890,-0.097844,0.044402,-0.064785,-0.229281,0.190443,-0.199724,0.386614,-0.166081,-0.275589,0.000000,0.000000,0.000000,0.000000,0.000000,0.000000,0.000000,0.000000,0.000000,0.999537,0.027610,-0.027847,0.999436,-0.012245,-0.019095,0.082277,-0.058638,0.030737,-0.000583,0.065049,-0.054621,-0.042883,0.022990,-0.125612,-0.098757,0.074544,-0.020544,0.167272,-0.069049,-0.104485,0.003068,0.007670,-0.004602,0.024544,-0.030680,0.006136,-0.004602,0.039884,-0.000000,0.076655,0.076655,-0.076655,-0.000000,-0.000000,-0.076655,-0.229965,-0.153310,0.000000,0.689894,-0.153310,0.076655,0.000000,0.306619,-0.000000,-0.000000,-0.766549,-0.076655,-0.000000,-0.076655,-0.000000,0.835554,0.364744,-0.177951,-1.744106,0.610347,-0.874110,-3.036800,0.862214,-0.203904,5.400030,-1.037726,-0.301730,0.129712,0.108739,-0.057544,0.533461,-0.811525,-0.023480,-0.082909,1.718432,0.403767,0.800486,0.388019,-0.182918,-1.703157,0.588569,-0.886717,-2.825597,1.026145,-0.282817,5.009496,-0.949353,-0.380260,0.162050,0.077521,-0.102362,0.520557,-0.707762,-0.003490,-0.106416,1.678179,0.453968
23,0.031930,-0.356742,0.230120,-0.084804,0.638793,-0.291858,-0.244988,-0.767782,0.048611,-0.046813,1.394027,-0.627390,-0.067477,0.000000,0.000000,0.000000,0.000000,0.000000,0.000000,0.000000,0.000000,0.000000,0.019286,0.025462,-0.004255,-0.038204,0.017338,-0.025301,0.265196,0.276168,-0.234670,-0.487375,0.209714,-0.361650,0.000000,0.000000,0.000000,0.000000,0.000000,0.000000,0.000000,0.000000,0.000000,0.999507,0.028458,-0.028717,0.999391,-0.012672,-0.020182,0.095897,-0.057720,0.028407,0.004019,0.066583,-0.054621,-0.044417,0.022990,-0.131748,-0.109495,0.065340,-0.011340,0.193350,-0.078252,-0.092214,0.003068,0.007670,-0.004602,0.024544,-0.030680,0.006136,-0.004602,0.039884,-0.000000,0.153310,0.000000,0.000000,-0.000000,-0.000000,-0.229965,-0.383274,-0.306619,0.306619,0.919858,-0.229965,0.306619,0.000000,0.306619,-0.000000,-0.000000,-0.766549,-0.076655,-0.000000,-0.076655,-0.000000,0.800486,0.388019,-0.182918,-1.703157,0.588569,-0.886717,-2.825597,1.026145,-0.282817,5.009496,-0.949353,-0.380260,0.162050,0.077521,-0.102362,0.520557,-0.707762,-0.003490,-0.106416,1.678179,0.453968,0.749490,0.406871,-0.202930,-1.649392,0.559479,-0.853875,-2.575208,1.203931,-0.368775,4.539545,-0.830853,-0.486529,0.175354,0.045957,-0.142562,0.525803,-0.590840,0.017518,-0.128748,1.676355,0.483086
24,0.033382,-0.356757,0.230099,-0.084800,0.638824,-0.291872,-0.244968,-0.755885,0.055278,-0.051972,1.372626,-0.618186,-0.075857,0.000000,0.000000,0.000000,0.000000,0.000000,0.000000,0.000000,0.000000,0.000000,-0.011051,-0.014528,0.002400,0.021881,-0.009930,0.014428,0.829791,0.373323,-0.256056,-1.490229,0.643359,-0.447933,0.000000,0.000000,0.000000,0.000000,0.000000,0.000000,0.000000,0.000000,0.000000,0.999507,0.028458,-0.028717,0.999391,-0.012672,-0.020182,0.095897,-0.057720,0.028407,0.004019,0.066583,-0.054621,-0.044417,0.022990,-0.131748,-0.109495,0.065340,-0.011340,0.193350,-0.078252,-0.092214,0.003068,0.007670,-0.004602,0.024544,-0.030680,0.006136,-0.004602,0.039884,-0.000000,0.153310,0.000000,0.000000,-0.000000,-0.000000,-0.229965,-0.383274,-0.306619,0.306619,0.919858,-0.229965,0.306619,0.000000,0.306619,-0.000000,-0.000000,-0.766549,-0.076655,-0.000000,-0.076655,-0.000000,0.749490,0.406871,-0.202930,-1.649392,0.559479,-0.853875,-2.575208,1.203931,-0.368775,4.539545,-0.830853,-0.486529,0.175354,0.045957,-0.142562,0.525803,-0.590840,0.017518,-0.128748,1.676355,0.483086,0.684654,0.423640,-0.231471,-1.577151,0.518144,-0.855149,-2.267498,1.384100,-0.457867,3.947228,-0.692916,-0.589317,0.193191,0.012403,-0.174619,0.547079,-0.488645,0.025074,-0.156137,1.685835,0.503272
25,0.034833,-0.357184,0.229538,-0.084708,0.639668,-0.292255,-0.244411,-0.734591,0.063544,-0.057055,1.334418,-0.601656,-0.085394,0.000000,0.000000,0.000000,0.000000,0.000000,0.000000,0.000000,0.000000,0.000000,-0.026447,-0.034776,0.005749,0.052370,-0.023766,0.034538,1.182204,0.433330,-0.253188,-2.120522,0.918029,-0.491299,0.000000,0.000000,0.000000,0.000000,0.000000,0.000000,0.000000,0.000000,0.000000,0.999445,0.030022,-0.030319,0.999324,-0.013814,-0.021205,0.097300,-0.046651,0.039300,0.033165,0.065049,-0.053087,-0.088903,0.052136,-0.150155,-0.143243,0.068408,-0.009806,0.254709,-0.118136,-0.063068,0.003068,0.007670,-0.004602,0.024544,-0.030680,0.006136,-0.004602,0.039884,-0.000000,0.536584,0.000000,0.076655,-0.996513,0.689894,-0.383274,-0.766549,0.076655,-0.153310,1.303133,-1.226478,0.689894,0.000000,0.306619,-0.000000,-0.000000,-0.766549,-0.076655,-0.000000,-0.076655,-0.000000,0.684654,0.423640,-0.231471,-1.577151,0.518144,-0.855149,-2.267498,1.384100,-0.457867,3.947228,-0.692916,-0.589317,0.193191,0.012403,-0.174619,0.547079,-0.488645,0.025074,-0.156137,1.685835,0.503272,0.529830,0.483774,-0.268002,-1.495137,0.367548,-0.806762,-1.834161,1.544000,-0.525257,3.255139,-0.508433,-0.713051,0.221331,-0.029609,-0.210977,0.617112,-0.431940,0.091744,-0.168229,1.755848,0.510754
26,0.036284,-0.357815,0.228708,-0.084571,0.640919,-0.292823,-0.243586,-0.708597,0.072611,-0.062100,1.287805,-0.581464,-0.095509,0.000000,0.000000,0.000000,0.000000,0.000000,0.000000,0.000000,0.000000,0.000000,-0.051455,-0.068366,0.011617,0.101995,-0.046284,0.067991,1.933035,0.541767,-0.200636,-3.474450,1.517439,-0.546821,0.000000,0.000000,0.000000,0.000000,0.000000,0.000000,0.000000,0.000000,0.000000,0.999407,0.030880,-0.031202,0.999286,-0.014586,-0.021772,0.097800,-0.030942,0.046905,0.045437,0.065049,-0.053087,-0.105777,0.062874,-0.153223,-0.166253,0.082214,-0.017476,0.283854,-0.133476,-0.056932,0.003068,0.007670,-0.004602,0.024544,-0.030680,0.006136,-0.004602,0.039884,-0.000000,0.689894,0.000000,0.000000,-0.766549,0.536584,-0.153310,-0.996513,0.536584,-0.383274,1.226478,-0.843203,-0.000000,0.000000,0.306619,-0.000000,-0.000000,-0.766549,-0.076655,-0.000000,-0.076655,-0.000000,0.529830,0.483774,-0.268002,-1.495137,0.367548,-0.806762,-1.834161,1.544000,-0.525257,3.255139,-0.508433,-0.713051,0.221331,-0.029609,-0.210977,0.617112,-0.431940,0.091744,-0.168229,1.755848,0.510754,0.317213,0.500832,-0.286123,-1.249803,0.251472,-0.726875,-1.293131,1.723217,-0.560753,2.367818,-0.300565,-0.814241,0.218330,-0.083311,-0.214239,0.710984,-0.408378,0.143583,-0.203031,1.784413,0.523930
27,0.037736,-0.359242,0.226804,-0.084243,0.643748,-0.294106,-0.241691,-0.657269,0.085215,-0.065081,1.195440,-0.540959,-0.107267,0.000000,0.000000,0.000000,0.000000,0.000000,0.000000,0.000000,0.000000,0.000000,-0.069595,-0.093155,0.016133,0.138053,-0.062644,0.092734,2.509201,0.584195,-0.110232,-4.517153,1.984540,-0.531428,0.000000,0.000000,0.000000,0.000000,0.000000,0.000000,0.000000,0.000000,0.000000,0.999361,0.032021,-0.032367,0.999233,-0.015190,-0.022542,0.093249,-0.004455,0.066003,0.059243,0.065049,-0.053087,-0.122650,0.072078,-0.165495,-0.189262,0.096019,-0.028214,0.313000,-0.151884,-0.047728,0.003068,0.007670,-0.004602,0.024544,-0.030680,0.006136,-0.004602,0.039884,-0.000000,0.613239,0.000000,0.000000,-0.843203,0.459929,-0.229965,-1.073168,0.613239,-0.459929,1.456442,-0.766549,0.689894,0.000000,0.306619,-0.000000,-0.000000,-0.766549,-0.076655,-0.000000,-0.076655,-0.000000,0.317213,0.500832,-0.286123,-1.249803,0.251472,-0.726875,-1.293131,1.723217,-0.560753,2.367818,-0.300565,-0.814241,0.218330,-0.083311,-0.214239,0.710984,-0.408378,0.143583,-0.203031,1.784413,0.523930,0.060125,0.488378,-0.310647,-0.950004,0.101729,-0.556820,-0.772986,1.805292,-0.569514,1.450099,-0.096007,-0.892001,0.184039,-0.107110,-0.200167,0.819446,-0.385228,0.203153,-0.248281,1.800323,0.535320
28,0.039187,-0.360599,0.224982,-0.083925,0.646441,-0.295328,-0.239877,-0.608229,0.095979,-0.066509,1.107119,-0.502083,-0.116766,0.000000,0.000000,0.000000,0.000000,0.000000,0.000000,0.000000,0.000000,0.000000,-0.064386,-0.087000,0.015426,0.127840,-0.058004,0.086714,2.337621,0.446172,0.006192,-4.213768,1.862293,-0.362044,0.000000,0.000000,0.000000,0.000000,0.000000,0.000000,0.000000,0.000000,0.000000,0.999307,0.033629,-0.033987,0.999164,-0.015173,-0.023265,0.080912,0.027989,0.084112,0.073049,0.065049,-0.051553,-0.139524,0.085883,-0.177767,-0.213806,0.112893,-0.042019,0.345214,-0.168757,-0.063068,0.003068,0.007670,-0.012272,0.026078,-0.030680,0.003068,-0.004602,0.072097,0.000000,0.536584,0.000000,0.000000,-0.689894,0.613239,-0.766549,-1.073168,0.766549,-0.613239,1.456442,-0.919858,-0.000000,0.000000,-0.000000,-0.383274,-0.000000,-0.000000,-0.000000,-0.000000,-0.000000,0.000000,0.060125,0.488378,-0.310647,-0.950004,0.101729,-0.556820,-0.772986,1.805292,-0.569514,1.450099,-0.096007,-0.892001,0.184039,-0.107110,-0.200167,0.819446,-0.385228,0.203153,-0.248281,1.800323,0.535320,-0.053850,0.407432,-0.241423,-0.710788,-0.037446,-0.418797,-0.377919,1.807411,-0.598244,0.740128,0.137638,-0.975193,0.141761,-0.095818,-0.119629,1.005319,-0.350325,0.236280,-0.310121,1.713637,0.574884
29,0.040639,-0.361817,0.223324,-0.083626,0.648861,-0.296427,-0.238223,-0.563764,0.103062,-0.064833,1.026889,-0.466467,-0.121749,0.000000,0.000000,0.000000,0.000000,0.000000,0.000000,0.000000,0.000000,0.000000,-0.059742,-0.081765,0.014952,0.118767,-0.053882,0.081633,2.169862,0.286937,0.124865,-3.915614,1.742946,-0.176580,0.000000,0.000000,0.000000,0.000000,0.000000,0.000000,0.000000,0.000000,0.000000,0.999278,0.034552,-0.034910,0.999128,-0.015015,-0.023446,0.070725,0.041225,0.088400,0.076116,0.065049,-0.051553,-0.148728,0.092019,-0.179301,-0.223010,0.122097,-0.049689,0.357486,-0.173359,-0.064602,0.003068,0.007670,-0.012272,0.026078,-0.030680,0.003068,-0.004602,0.072097,0.000000,0.536584,0.000000,0.076655,-0.689894,0.613239,-0.383274,-0.996513,0.689894,-0.613239,1.303133,-0.536584,-0.919858,0.000000,-0.000000,-0.383274,-0.000000,-0.000000,-0.000000,-0.000000,-0.000000,0.000000,-0.053850,0.407432,-0.241423,-0.710788,-0.037446,-0.418797,-0.377919,1.807411,-0.598244,0.740128,0.137638,-0.975193,0.141761,-0.095818,-0.119629,1.005319,-0.350325,0.236280,-0.310121,1.713637,0.574884,-0.060635,0.292912,-0.127744,-0.557650,-0.137110,-0.321098,-0.095195,1.754753,-0.613846,0.190678,0.310590,-1.033536,0.111767,-0.088129,-0.041048,1.203407,-0.306912,0.217331,-0.381421,1.548872,0.615594
30,0.042090,-0.362989,0.221711,-0.083327,0.651191,-0.297484,-0.236612,-0.521435,0.107456,-0.061514,0.950495,-0.432365,-0.123829,0.000000,0.000000,0.000000,0.000000,0.000000,0.000000,0.000000,0.000000,0.000000,-0.057984,-0.080070,0.014947,0.115371,-0.052338,0.080032,2.089806,0.186108,0.186450,-3.771773,1.686171,-0.067769,0.000000,0.000000,0.000000,0.000000,0.000000,0.000000,0.000000,0.000000,0.000000,0.999186,0.037184,-0.037547,0.999016,-0.014754,-0.024180,0.067408,0.058810,0.071411,0.080718,0.068117,-0.048485,-0.161000,0.104291,-0.180835,-0.244486,0.154311,-0.068097,0.388165,-0.185631,-0.081476,0.003068,0.007670,-0.012272,0.026078,-0.030680,0.003068,-0.004602,0.072097,0.000000,0.000000,0.153310,0.153310,-0.383274,0.383274,-0.000000,-0.536584,1.073168,-0.689894,0.919858,-0.459929,0.996513,0.000000,-0.000000,-0.383274,-0.000000,-0.000000,-0.000000,-0.000000,-0.000000,0.000000,-0.060635,0.292912,-0.127744,-0.557650,-0.137110,-0.321098,-0.095195,1.754753,-0.613846,0.190678,0.310590,-1.033536,0.111767,-0.088129,-0.041048,1.203407,-0.306912,0.217331,-0.381421,1.548872,0.615594,-0.062311,0.175552,0.020405,-0.496978,-0.307394,-0.217146,0.167235,1.523483,-0.500335,-0.378984,0.414083,-0.984862,0.078570,-0.067533,0.001441,1.339189,-0.297799,0.171461,-0.382800,1.370610,0.623169
31,0.043541,-0.364137,0.220121,-0.083028,0.653476,-0.298520,-0.235022,-0.480172,0.110506,-0.057375,0.876018,-0.399020,-0.124459,0.000000,0.000000,0.000000,0.000000,0.000000,0.000000,0.000000,0.000000,0.000000,-0.222440,-0.327928,0.069967,0.445256,-0.201894,0.330501,1.279075,-0.192522,0.271145,-2.283463,1.023162,0.299476,0.000000,0.000000,0.000000,0.000000,0.000000,0.000000,0.000000,0.000000,0.000000,0.999141,0.038283,-0.038673,0.998939,-0.014905,-0.025594,0.081071,0.050260,0.036031,0.074582,0.068117,-0.048485,-0.161000,0.104291,-0.171631,-0.249087,0.174252,-0.069631,0.406573,-0.194835,-0.086078,0.003068,0.007670,-0.012272,0.026078,-0.030680,0.003068,-0.004602,0.072097,0.000000,-0.229965,0.000000,0.000000,-0.000000,0.153310,0.459929,-0.306619,0.996513,0.000000,0.843203,-0.306619,0.613239,0.000000,-0.000000,-0.383274,-0.000000,-0.000000,-0.000000,-0.000000,-0.000000,0.000000,-0.062311,0.175552,0.020405,-0.496978,-0.307394,-0.217146,0.167235,1.523483,-0.500335,-0.378984,0.414083,-0.984862,0.078570,-0.067533,0.001441,1.339189,-0.297799,0.171461,-0.382800,1.370610,0.623169,-0.053836,0.016691,0.216500,-0.340006,-0.374070,-0.063718,0.453823,1.013612,-0.201752,-0.809393,0.447542,-0.829777,0.028833,-0.058022,0.061563,1.416006,-0.279365,0.104944,-0.340368,1.121851,0.616226
32,0.044993,-0.371886,0.208594,-0.080528,0.669002,-0.305559,-0.223392,-0.470272,0.099755,-0.050669,0.859156,-0.391438,-0.111850,0.000000,0.000000,0.000000,0.000000,0.000000,0.000000,0.000000,0.000000,0.000000,-0.431550,-0.676892,0.160029,0.868027,-0.393438,0.687381,0.407181,-0.639184,0.374290,-0.680137,0.305798,0.738725,0.000000,0.000000,0.000000,0.000000,0.000000,0.000000,0.000000,0.000000,0.000000,0.999126,0.038547,-0.038957,0.998906,-0.015134,-0.026467,0.086706,0.037342,0.021812,0.068447,0.068117,-0.045417,-0.162534,0.105825,-0.163961,-0.252155,0.181922,-0.071165,0.414243,-0.190233,-0.067670,0.003068,0.007670,-0.012272,0.026078,-0.030680,0.003068,-0.004602,0.072097,0.000000,-0.229965,0.000000,0.153310,-0.000000,0.076655,0.459929,-0.306619,0.996513,0.000000,0.843203,-0.306619,0.613239,0.000000,-0.000000,-0.383274,-0.000000,-0.000000,-0.000000,-0.000000,-0.000000,0.000000,-0.053836,0.016691,0.216500,-0.340006,-0.374070,-0.063718,0.453823,1.013612,-0.201752,-0.809393,0.447542,-0.829777,0.028833,-0.058022,0.061563,1.416006,-0.279365,0.104944,-0.340368,1.121851,0.616226,-0.045308,-0.187394,0.401359,-0.103108,-0.432905,0.097626,0.643692,0.485139,-0.013710,-1.107444,0.488417,-0.652008,0.036645,0.046900,0.139071,1.395900,-0.297738,0.049791,-0.238773,0.838740,0.653999
33,0.046444,-0.381399,0.193045,-0.076627,0.688197,-0.314258,-0.207526,-0.463885,0.084939,-0.042403,0.848812,-0.386788,-0.094910,0.000000,0.000000,0.000000,0.000000,0.000000,0.000000,0.000000,0.000000,0.000000,-0.563750,-0.978516,0.265150,1.143281,-0.517853,1.005012,0.143641,-0.944104,0.491224,-0.191267,0.085973,1.063545,0.000000,0.000000,0.000000,0.000000,0.000000,0.000000,0.000000,0.000000,0.000000,0.999106,0.038569,-0.039040,0.998851,-0.016190,-0.028429,0.099426,-0.004664,-0.016615,0.054641,0.068117,-0.039282,-0.162534,0.105825,-0.151689,-0.252155,0.197262,-0.077301,0.428049,-0.177961,-0.144369,0.003068,0.007670,-0.012272,0.026078,-0.030680,0.003068,-0.004602,0.072097,0.000000,-0.613239,0.000000,0.306619,-0.000000,-0.000000,0.689894,-0.076655,0.689894,-0.306619,0.689894,0.689894,-1.609752,0.000000,-0.000000,-0.383274,-0.000000,-0.000000,-0.000000,-0.000000,-0.000000,0.000000,-0.045308,-0.187394,0.401359,-0.103108,-0.432905,0.097626,0.643692,0.485139,-0.013710,-1.107444,0.488417,-0.652008,0.036645,0.046900,0.139071,1.395900,-0.297738,0.049791,-0.238773,0.838740,0.653999,-0.119833,-0.381297,0.683964,0.249282,-0.489303,0.261512,0.724945,0.054498,0.120958,-1.215610,0.403055,-0.315426,0.067054,0.151226,0.263750,1.411335,-0.343292,0.004737,-0.154230,0.352822,0.719347
34,0.047896,-0.394436,0.169453,-0.069922,0.714733,-0.326274,-0.183191,-0.464526,0.061991,-0.031020,0.851505,-0.388000,-0.069308,0.000000,0.000000,0.000000,0.000000,0.000000,0.000000,0.000000,0.000000,0.000000,-0.619557,-1.247036,0.389805,1.268278,-0.574023,1.299383,0.028966,-1.216914,0.606441,0.011337,-0.005098,1.359120,0.000000,0.000000,0.000000,0.000000,0.000000,0.000000,0.000000,0.000000,0.000000,0.999103,0.037668,-0.038237,0.998820,-0.018186,-0.030643,0.100290,-0.058708,-0.063149,0.040835,0.058913,-0.034680,-0.161000,0.099689,-0.130214,-0.252155,0.203398,-0.068097,0.438787,-0.167223,-0.110621,0.003068,0.007670,-0.012272,0.026078,-0.030680,0.003068,-0.004602,0.072097,0.000000,-0.689894,-0.229965,0.153310,0.076655,-0.153310,0.766549,-0.000000,0.536584,0.153310,0.536584,0.689894,-1.149823,0.000000,-0.000000,-0.383274,-0.000000,-0.000000,-0.000000,-0.000000,-0.000000,0.000000,-0.119833,-0.381297,0.683964,0.249282,-0.489303,0.261512,0.724945,0.054498,0.120958,-1.215610,0.403055,-0.315426,0.067054,0.151226,0.263750,1.411335,-0.343292,0.004737,-0.154230,0.352822,0.719347,-0.284255,-0.608775,0.897564,0.606747,-0.482048,0.356652,0.766121,-0.365051,0.212849,-1.310398,0.315544,-0.067151,0.058511,0.304209,0.299016,1.412200,-0.441776,-0.058462,-0.006784,-0.108567,0.830756
35,0.049347,-0.406181,0.143164,-0.061035,0.738928,-0.337218,-0.155551,-0.462726,0.036262,-0.018146,0.849266,-0.386992,-0.040545,0.000000,0.000000,0.000000,0.000000,0.000000,0.000000,0.000000,0.000000,0.000000,-0.571066,-1.348188,0.471664,1.180521,-0.533860,1.423305,0.120490,-1.321207,0.662330,-0.173624,0.078120,1.477658,0.000000,0.000000,0.000000,0.000000,0.000000,0.000000,0.000000,0.000000,0.000000,0.999110,0.035847,-0.036537,0.998838,-0.021094,-0.032203,0.079864,-0.108516,-0.096969,0.017825,0.043573,-0.020874,-0.148728,0.087417,-0.105670,-0.244486,0.214136,-0.065029,0.444923,-0.171825,-0.188854,0.006136,-0.007670,0.001534,0.076699,-0.023010,0.019942,-0.027612,0.070563,-0.000000,-0.919858,-0.689894,0.459929,0.459929,-0.459929,1.073168,0.383274,0.459929,0.229965,0.459929,-0.153310,0.229965,-0.076655,-0.000000,0.383274,0.229965,0.153310,-0.306619,-0.383274,-0.076655,-0.000000,-0.284255,-0.608775,0.897564,0.606747,-0.482048,0.356652,0.766121,-0.365051,0.212849,-1.310398,0.315544,-0.067151,0.058511,0.304209,0.299016,1.412200,-0.441776,-0.058462,-0.006784,-0.108567,0.830756,-0.549409,-0.773808,1.054468,0.832919,-0.401180,0.313446,0.663884,-0.938056,0.405784,-1.126973,0.096543,0.396080,0.085606,0.392784,0.310411,1.375206,-0.512699,-0.054898,0.127666,-0.425732,0.865767
36,0.050798,-0.417279,0.115526,-0.051056,0.761954,-0.347628,-0.126259,-0.459706,0.009143,-0.004526,0.844560,-0.384875,-0.010202,0.000000,0.000000,0.000000,0.000000,0.000000,0.000000,0.000000,0.000000,0.000000,-0.485250,-1.547864,0.612697,1.013754,-0.458023,1.662214,0.307006,-1.528468,0.747747,-0.552937,0.248960,1.701513,0.000000,0.000000,0.000000,0.000000,0.000000,0.000000,0.000000,0.000000,0.000000,0.999129,0.033174,-0.033968,0.998922,-0.024221,-0.032470,0.048795,-0.135418,-0.126131,0.002485,0.025165,-0.010136,-0.133388,0.065942,-0.078058,-0.233748,0.215670,-0.055825,0.444923,-0.144214,-0.145903,0.006136,-0.007670,0.001534,0.076699,-0.023010,0.019942,-0.027612,0.070563,-0.000000,-0.689894,-0.536584,0.613239,0.766549,-0.766549,1.226478,0.536584,0.076655,0.459929,0.000000,1.379787,2.222991,-0.076655,-0.000000,0.383274,0.229965,0.153310,-0.306619,-0.383274,-0.076655,-0.000000,-0.549409,-0.773808,1.054468,0.832919,-0.401180,0.313446,0.663884,-0.938056,0.405784,-1.126973,0.096543,0.396080,0.085606,0.392784,0.310411,1.375206,-0.512699,-0.054898,0.127666,-0.425732,0.865767,-0.769080,-0.979614,1.251807,0.981454,-0.119624,0.541625,0.513906,-1.631186,0.701902,-0.857670,-0.245148,0.822280,-0.027572,0.397104,0.279294,1.290671,-0.710024,0.038316,0.232067,-0.562870,0.863344
37,0.052250,-0.425591,0.081249,-0.036527,0.779479,-0.355539,-0.089063,-0.450446,-0.024876,0.011764,0.827148,-0.377034,0.027515,0.000000,0.000000,0.000000,0.000000,0.000000,0.000000,0.000000,0.000000,0.000000,-0.366437,-1.612118,0.689345,0.772980,-0.348939,1.752009,0.456533,-1.601944,0.759051,-0.864223,0.389274,1.772585,0.000000,0.000000,0.000000,0.000000,0.000000,0.000000,0.000000,0.000000,0.000000,0.999160,0.030352,-0.031198,0.999039,-0.026589,-0.031615,-0.011727,-0.133208,-0.131208,-0.011320,0.002155,0.009806,-0.107311,0.050602,-0.048913,-0.221476,0.218738,-0.046621,0.443389,-0.108932,-0.214932,0.006136,-0.007670,0.001534,0.076699,-0.023010,0.019942,-0.027612,0.070563,-0.000000,-0.689894,-1.073168,0.689894,1.149823,-0.996513,1.379787,0.536584,0.076655,0.459929,-0.076655,1.609752,-3.909398,-0.076655,-0.000000,0.383274,0.229965,0.153310,-0.306619,-0.383274,-0.076655,-0.000000,-0.769080,-0.979614,1.251807,0.981454,-0.119624,0.541625,0.513906,-1.631186,0.701902,-0.857670,-0.245148,0.822280,-0.027572,0.397104,0.279294,1.290671,-0.710024,0.038316,0.232067,-0.562870,0.863344,-0.860869,-1.327666,1.551301,1.296816,-0.098996,0.674251,0.282897,-1.905759,0.882509,-0.403254,-0.606230,1.420856,-0.077328,0.357500,0.255937,1.307908,-0.890276,0.044118,0.259687,-0.935172,0.808019
38,0.053701,-0.431936,0.051041,-0.023482,0.792873,-0.361585,-0.056179,-0.441445,-0.054935,0.025836,0.809991,-0.369304,0.060701,0.000000,0.000000,0.000000,0.000000,0.000000,0.000000,0.000000,0.000000,0.000000,-0.218947,-1.306978,0.578043,0.463182,-0.209035,1.428566,0.437085,-1.304860,0.592593,-0.845096,0.380909,1.432754,0.000000,0.000000,0.000000,0.000000,0.000000,0.000000,0.000000,0.000000,0.000000,0.999205,0.027321,-0.028140,0.999206,-0.028225,-0.029005,-0.090216,-0.131598,-0.158692,-0.023592,-0.023922,0.034350,-0.085835,0.032194,-0.021301,-0.207670,0.215670,-0.022078,0.440321,-0.104330,-0.182718,0.006136,-0.007670,0.001534,0.076699,-0.023010,0.019942,-0.027612,0.070563,-0.000000,-0.613239,-1.303133,0.996513,0.919858,-0.689894,1.226478,0.689894,-0.153310,1.073168,-0.153310,0.153310,2.222991,-0.076655,-0.000000,0.383274,0.229965,0.153310,-0.306619,-0.383274,-0.076655,-0.000000,-0.860869,-1.327666,1.551301,1.296816,-0.098996,0.674251,0.282897,-1.905759,0.882509,-0.403254,-0.606230,1.420856,-0.077328,0.357500,0.255937,1.307908,-0.890276,0.044118,0.259687,-0.935172,0.808019,-1.370083,-1.333278,1.529423,1.666553,-0.081739,0.651258,0.344141,-1.830878,0.685364,-0.485869,-0.902145,1.437147,-0.143118,0.301082,0.198340,1.322730,-0.988311,0.043723,0.462406,-0.965496,0.849380
39,0.055152,-0.434349,0.028970,-0.013405,0.798006,-0.363901,-0.031920,-0.432963,-0.077071,0.035468,0.793345,-0.361797,0.084825,0.000000,0.000000,0.000000,0.000000,0.000000,0.000000,0.000000,0.000000,0.000000,-0.085479,-1.048967,0.481572,0.181903,-0.082050,1.154103,0.410397,-1.054189,0.447417,-0.812183,0.366380,1.144168,0.000000,0.000000,0.000000,0.000000,0.000000,0.000000,0.000000,0.000000,0.000000,0.999262,0.023732,-0.024443,0.999427,-0.029623,-0.024126,-0.169808,-0.119614,-0.185596,-0.037398,-0.050000,0.065029,-0.061291,0.009184,0.010913,-0.189262,0.206466,-0.015942,0.432651,-0.090524,-0.208796,0.006136,-0.007670,0.001534,0.076699,-0.023010,0.019942,-0.027612,0.070563,-0.000000,-0.613239,-1.226478,1.303133,1.149823,-0.919858,1.609752,0.919858,-0.459929,0.306619,-0.383274,0.613239,-1.379787,-0.076655,-0.000000,0.383274,0.229965,0.153310,-0.306619,-0.383274,-0.076655,-0.000000,-1.370083,-1.333278,1.529423,1.666553,-0.081739,0.651258,0.344141,-1.830878,0.685364,-0.485869,-0.902145,1.437147,-0.143118,0.301082,0.198340,1.322730,-0.988311,0.043723,0.462406,-0.965496,0.849380,-1.790968,-1.321397,1.598232,1.965431,-0.128124,0.539682,0.399749,-1.630573,0.511697,-0.433314,-1.171460,1.459782,-0.148884,0.175631,0.205973,1.322188,-0.989873,0.034638,0.594727,-1.117379,0.861293
40,0.056604,-0.435356,0.009082,-0.004219,0.800149,-0.364867,-0.010014,-0.425029,-0.097102,0.043732,0.777504,-0.354649,0.106468,0.000000,0.000000,0.000000,0.000000,0.000000,0.000000,0.000000,0.000000,0.000000,-0.032770,-0.967097,0.448168,0.069790,-0.031477,1.065858,0.389814,-0.975271,0.396113,-0.781943,0.352953,1.051126,0.000000,0.000000,0.000000,0.000000,0.000000,0.000000,0.000000,0.000000,0.000000,0.999329,0.019435,-0.019971,0.999655,-0.030691,-0.017646,-0.222301,-0.106002,-0.234735,-0.055806,-0.071476,0.089573,-0.032146,-0.007689,0.038524,-0.166253,0.198796,0.025476,0.414243,-0.044505,-0.207262,0.006136,-0.007670,0.001534,0.076699,-0.023010,0.019942,-0.027612,0.070563,-0.000000,-0.843203,-0.996513,1.379787,1.379787,-0.766549,1.226478,1.073168,-0.383274,2.069681,-0.843203,2.146336,-0.383274,-0.076655,-0.000000,0.383274,0.229965,0.153310,-0.306619,-0.383274,-0.076655,-0.000000,-1.790968,-1.321397,1.598232,1.965431,-0.128124,0.539682,0.399749,-1.630573,0.511697,-0.433314,-1.171460,1.459782,-0.148884,0.175631,0.205973,1.322188,-0.989873,0.034638,0.594727,-1.117379,0.861293,-2.273349,-1.532733,1.785520,2.196839,-0.115120,0.590018,0.603181,-1.652000,0.401501,-0.430906,-1.627607,1.485143,-0.196926,0.015576,0.180340,1.233916,-0.933629,-0.022884,0.762657,-1.265643,0.892843
41,0.058055,-0.435660,-0.009714,0.004521,0.800797,-0.365160,0.010714,-0.417370,-0.116082,0.051312,0.762067,-0.347679,0.126870,0.000000,0.000000,0.000000,0.000000,0.000000,0.000000,0.000000,0.000000,0.000000,-0.270343,-0.908400,0.435081,0.484985,-0.218554,1.007218,0.391478,-0.985443,0.377843,-0.800794,0.361752,1.053067,0.000000,0.000000,0.000000,0.000000,0.000000,0.000000,0.000000,0.000000,0.000000,0.999363,0.016957,-0.017394,0.999755,-0.031162,-0.014225,-0.239027,-0.101229,-0.243210,-0.066544,-0.086816,0.098777,-0.013738,-0.015359,0.055398,-0.160117,0.189592,0.030078,0.408107,-0.039903,-0.171981,0.006136,-0.007670,0.001534,0.076699,-0.023010,0.019942,-0.027612,0.070563,-0.000000,-0.843203,-0.996513,1.073168,1.609752,-0.766549,1.226478,1.073168,-0.383274,2.069681,-0.843203,2.146336,-0.383274,-0.076655,-0.000000,0.383274,0.229965,0.153310,-0.306619,-0.383274,-0.076655,-0.000000,-2.273349,-1.532733,1.785520,2.196839,-0.115120,0.590018,0.603181,-1.652000,0.401501,-0.430906,-1.627607,1.485143,-0.196926,0.015576,0.180340,1.233916,-0.933629,-0.022884,0.762657,-1.265643,0.892843,-2.579972,-1.664477,1.894893,2.533849,-0.160440,0.743306,0.668754,-1.780505,0.360139,-0.292046,-1.803548,1.382416,-0.279204,-0.102768,0.179759,1.168447,-0.920393,-0.054709,0.897459,-1.458268,0.958908
42,0.059507,-0.446169,-0.027254,0.013184,0.819548,-0.373610,0.030274,-0.409370,-0.136520,0.058846,0.745472,-0.340178,0.148591,0.000000,0.000000,0.000000,0.000000,0.000000,0.000000,0.000000,0.000000,0.000000,-0.690452,-0.768793,0.394311,1.237778,-0.557145,0.864062,0.381026,-0.952115,0.346653,-0.789538,0.356903,1.010199,0.000000,0.000000,0.000000,0.000000,0.000000,0.000000,0.000000,0.000000,0.000000,0.999415,0.011859,-0.012083,0.999904,-0.031989,-0.007157,-0.257873,-0.089186,-0.254291,-0.081884,-0.105223,0.123320,0.016942,-0.032233,0.081476,-0.123301,0.172718,0.040816,0.385097,-0.058311,-0.221068,0.006136,-0.007670,0.001534,0.076699,-0.023010,0.019942,-0.027612,0.070563,-0.000000,-0.766549,-1.226478,1.073168,1.456442,-0.919858,1.149823,0.843203,-0.919858,0.000000,-0.689894,0.229965,1.993026,-0.076655,-0.000000,0.383274,0.229965,0.153310,-0.306619,-0.383274,-0.076655,-0.000000,-2.579972,-1.664477,1.894893,2.533849,-0.160440,0.743306,0.668754,-1.780505,0.360139,-0.292046,-1.803548,1.382416,-0.279204,-0.102768,0.179759,1.168447,-0.920393,-0.054709,0.897459,-1.458268,0.958908,-2.991405,-1.684255,1.742960,3.069881,-0.186256,0.696402,0.455819,-1.785768,0.108696,-0.287371,-2.003511,1.642657,-0.207458,-0.265164,0.160199,1.081984,-0.973583,-0.006038,0.991919,-1.508355,1.005611
43,0.060958,-0.463278,-0.040465,0.020294,0.850309,-0.387446,0.045277,-0.402129,-0.154166,0.065179,0.730485,-0.333403,0.167278,0.000000,0.000000,0.000000,0.000000,0.000000,0.000000,0.000000,0.000000,0.000000,-1.185364,-0.444191,0.277855,2.138472,-0.961126,0.522264,0.324088,-0.742692,0.256589,-0.668977,0.302538,0.782727,0.000000,0.000000,0.000000,0.000000,0.000000,0.000000,0.000000,0.000000,0.000000,0.999455,0.005860,-0.005866,0.999983,-0.032483,-0.000309,-0.247350,-0.087606,-0.316121,-0.114097,-0.126699,0.146330,0.059893,-0.050641,0.109087,-0.097223,0.146641,0.071495,0.363621,-0.026097,-0.162777,-0.003068,0.021476,0.035282,0.092039,-0.027612,0.003068,0.018408,-0.046019,0.000000,-1.456442,-0.766549,1.073168,1.839717,-0.689894,1.149823,0.766549,-0.689894,0.766549,-0.843203,1.993026,3.909398,0.000000,-0.000000,0.306619,-0.000000,-0.153310,0.153310,0.229965,-0.383274,0.000000,-2.991405,-1.684255,1.742960,3.069881,-0.186256,0.696402,0.455819,-1.785768,0.108696,-0.287371,-2.003511,1.642657,-0.207458,-0.265164,0.160199,1.081984,-0.973583,-0.006038,0.991919,-1.508355,1.005611,-3.245002,-1.772537,1.549595,3.844096,-0.051636,0.732459,0.001983,-1.952847,-0.094453,-0.037840,-2.498734,1.648091,-0.117661,-0.593766,0.133570,0.962016,-1.026525,-0.137009,1.204342,-1.416283,1.014841
44,0.062409,-0.493584,-0.045021,0.024298,0.905087,-0.412055,0.051165,-0.396406,-0.166228,0.069110,0.718713,-0.328077,0.179900,0.000000,0.000000,0.000000,0.000000,0.000000,0.000000,0.000000,0.000000,0.000000,-1.692414,-0.138131,0.167690,3.057285,-1.370016,0.201985,0.278799,-0.564853,0.178392,-0.571962,0.258826,0.589016,0.000000,0.000000,0.000000,0.000000,0.000000,0.000000,0.000000,0.000000,0.000000,0.999425,-0.000777,0.000995,0.999979,-0.033882,0.006435,-0.233176,-0.113526,-0.324178,-0.143243,-0.146641,0.167806,0.096709,-0.061379,0.130563,-0.060408,0.123631,0.069961,0.332942,-0.026097,-0.181184,-0.003068,0.021476,0.035282,0.092039,-0.027612,0.003068,0.018408,-0.046019,0.000000,-1.379787,-0.689894,0.996513,1.763062,-0.689894,0.996513,1.916371,-1.303133,0.076655,-1.533097,-0.383274,-1.839717,0.000000,-0.000000,0.306619,-0.000000,-0.153310,0.153310,0.229965,-0.383274,0.000000,-3.245002,-1.772537,1.549595,3.844096,-0.051636,0.732459,0.001983,-1.952847,-0.094453,-0.037840,-2.498734,1.648091,-0.117661,-0.593766,0.133570,0.962016,-1.026525,-0.137009,1.204342,-1.416283,1.014841,-3.255994,-1.662088,1.433130,4.447721,-0.069167,0.556662,-0.171447,-1.906825,-0.015831,0.577676,-2.576542,1.679015,-0.155329,-0.785890,0.172224,0.895821,-1.073610,-0.143307,1.201871,-1.342384,0.965851
45,0.063861,-0.530974,-0.045991,0.027002,0.972600,-0.442246,0.053356,-0.390977,-0.176760,0.072314,0.707607,-0.323050,0.190839,0.000000,0.000000,0.000000,0.000000,0.000000,0.000000,0.000000,0.000000,0.000000,-1.958078,-0.003645,0.118897,3.534818,-1.579372,0.063365,0.267806,-0.507516,0.151160,-0.546998,0.247621,0.525922,0.000000,0.000000,0.000000,0.000000,0.000000,0.000000,0.000000,0.000000,0.000000,0.999316,-0.007722,0.008175,0.999890,-0.036057,0.012696,-0.200199,-0.132591,-0.349316,-0.175456,-0.168117,0.183146,0.135058,-0.073651,0.150505,-0.035864,0.094485,0.097573,0.314534,-0.053709,-0.141301,-0.003068,0.021476,0.035282,0.092039,-0.027612,0.003068,0.018408,-0.046019,0.000000,-1.533097,-1.149823,0.996513,1.839717,-0.536584,0.996513,1.073168,-1.456442,1.226478,-0.843203,-1.226478,2.299646,0.000000,-0.000000,0.306619,-0.000000,-0.153310,0.153310,0.229965,-0.383274,0.000000,-3.255994,-1.662088,1.433130,4.447721,-0.069167,0.556662,-0.171447,-1.906825,-0.015831,0.577676,-2.576542,1.679015,-0.155329,-0.785890,0.172224,0.895821,-1.073610,-0.143307,1.201871,-1.342384,0.965851,-3.312497,-1.420809,1.012579,5.032438,-0.244897,0.420331,-0.456479,-1.795362,-0.006188,0.729179,-2.371929,1.671754,-0.051252,-0.825709,0.183273,0.966425,-1.120848,-0.158518,1.169048,-1.204898,1.079154
46,0.065312,-0.571907,-0.045167,0.029054,1.046480,-0.475230,0.053699,-0.385694,-0.186528,0.075156,0.696833,-0.318172,0.200937,0.000000,0.000000,0.000000,0.000000,0.000000,0.000000,0.000000,0.000000,0.000000,-2.415752,0.142271,0.050894,4.344329,-1.927695,-0.090924,0.284514,-0.495826,0.135181,-0.577508,0.261566,0.509442,0.000000,0.000000,0.000000,0.000000,0.000000,0.000000,0.000000,0.000000,0.000000,0.999120,-0.014314,0.015036,0.999724,-0.039150,0.018652,-0.203418,-0.154992,-0.321198,-0.203068,-0.184990,0.207689,0.167272,-0.081320,0.159709,-0.026660,0.060738,0.097573,0.280787,-0.065981,-0.129029,-0.003068,0.021476,0.035282,0.092039,-0.027612,0.003068,0.018408,-0.046019,0.000000,-1.379787,-0.843203,0.689894,1.609752,-0.536584,0.459929,0.459929,-1.686407,0.000000,-1.609752,-0.613239,0.689894,0.000000,-0.000000,0.306619,-0.000000,-0.153310,0.153310,0.229965,-0.383274,0.000000,-3.312497,-1.420809,1.012579,5.032438,-0.244897,0.420331,-0.456479,-1.795362,-0.006188,0.729179,-2.371929,1.671754,-0.051252,-0.825709,0.183273,0.966425,-1.120848,-0.158518,1.169048,-1.204898,1.079154,-3.293981,-1.108589,0.535538,5.674192,-0.694923,0.346864,-0.657097,-1.291379,-0.248561,0.518322,-1.934545,1.698842,0.056101,-0.632343,0.168222,1.149989,-1.167296,-0.176158,1.147490,-1.211746,1.018761
47,0.066763,-0.627604,-0.040300,0.029037,1.146373,-0.519354,0.049719,-0.379597,-0.196593,0.077722,0.684507,-0.312587,0.211217,0.000000,0.000000,0.000000,0.000000,0.000000,0.000000,0.000000,0.000000,0.000000,-2.604920,0.229333,-0.006226,4.667172,-2.058816,-0.189785,0.284658,-0.465670,0.117253,-0.574994,0.260532,0.475137,0.000000,0.000000,0.000000,0.000000,0.000000,0.000000,0.000000,0.000000,0.000000,0.998873,-0.021052,0.022115,0.999451,-0.041997,0.025591,-0.299672,-0.118164,-0.350837,-0.232214,-0.209534,0.227631,0.208689,-0.084388,0.168913,-0.000583,0.020854,0.103709,0.256243,-0.073651,-0.125961,-0.003068,0.021476,0.035282,0.092039,-0.027612,0.003068,0.018408,-0.046019,0.000000,-1.303133,-1.149823,1.226478,1.763062,-0.076655,0.459929,1.226478,-1.916371,0.306619,-1.226478,-0.306619,-0.459929,0.000000,-0.000000,0.306619,-0.000000,-0.153310,0.153310,0.229965,-0.383274,0.000000,-3.293981,-1.108589,0.535538,5.674192,-0.694923,0.346864,-0.657097,-1.291379,-0.248561,0.518322,-1.934545,1.698842,0.056101,-0.632343,0.168222,1.149989,-1.167296,-0.176158,1.147490,-1.211746,1.018761,-3.346602,-0.623227,-0.142452,6.582576,-1.170603,0.344384,-0.732315,-0.609495,-0.449612,0.007955,-1.379650,1.782264,0.146392,-0.364465,0.139595,1.314007,-1.028969,-0.057569,1.109678,-1.147158,0.921707
48,0.068215,-0.676104,-0.035994,0.028805,1.233167,-0.557582,0.046108,-0.374308,-0.205155,0.079846,0.673834,-0.307751,0.219942,0.000000,0.000000,0.000000,0.000000,0.000000,0.000000,0.000000,0.000000,0.000000,-2.065045,0.187259,-0.022367,3.684679,-1.616558,-0.162123,0.223970,-0.352934,0.084174,-0.450948,0.204381,0.358566,0.000000,0.000000,0.000000,0.000000,0.000000,0.000000,0.000000,0.000000,0.000000,0.998592,-0.028567,0.030036,0.999019,-0.043714,0.033852,-0.377103,-0.078595,-0.347840,-0.269029,-0.215670,0.233767,0.256243,-0.081320,0.179651,0.025495,-0.019029,0.103709,0.225563,-0.081320,-0.058466,-0.003068,0.021476,0.035282,0.092039,-0.027612,0.003068,0.018408,-0.046019,0.000000,-1.609752,-0.229965,0.689894,1.993026,0.229965,0.153310,1.149823,-1.916371,0.000000,-1.379787,-0.229965,3.602778,0.000000,-0.000000,0.306619,-0.000000,-0.153310,0.153310,0.229965,-0.383274,0.000000,-3.346602,-0.623227,-0.142452,6.582576,-1.170603,0.344384,-0.732315,-0.609495,-0.449612,0.007955,-1.379650,1.782264,0.146392,-0.364465,0.139595,1.314007,-1.028969,-0.057569,1.109678,-1.147158,0.921707,-3.143570,-0.432303,-0.682252,6.697525,-1.319430,0.360258,-0.831094,-0.368075,-0.494148,-0.497145,-0.939150,1.420421,0.158425,-0.145077,0.093857,1.223269,-1.007866,0.086721,1.022740,-0.887236,0.792622
49,0.069666,-0.710206,-0.032809,0.028143,1.293760,-0.584016,0.043234,-0.370638,-0.210711,0.081088,0.666469,-0.304412,0.225559,0.000000,0.000000,0.000000,0.000000,0.000000,0.000000,0.000000,0.000000,0.000000,-1.513445,0.117543,-0.010959,2.683097,-1.167771,-0.096704,0.168046,-0.250855,0.054757,-0.336781,0.152694,0.253207,0.000000,0.000000,0.000000,0.000000,0.000000,0.000000,0.000000,0.000000,0.000000,0.998592,-0.028567,0.030036,0.999019,-0.043714,0.033852,-0.377103,-0.078595,-0.347840,-0.269029,-0.215670,0.233767,0.256243,-0.081320,0.179651,0.025495,-0.019029,0.103709,0.225563,-0.081320,-0.058466,-0.003068,0.021476,0.035282,0.092039,-0.027612,0.003068,0.018408,-0.046019,0.000000,-1.609752,-0.229965,0.689894,1.993026,0.229965,0.153310,1.149823,-1.916371,0.000000,-1.379787,-0.229965,3.602778,0.000000,-0.000000,0.306619,-0.000000,-0.153310,0.153310,0.229965,-0.383274,0.000000,-3.143570,-0.432303,-0.682252,6.697525,-1.319430,0.360258,-0.831094,-0.368075,-0.494148,-0.497145,-0.939150,1.420421,0.158425,-0.145077,0.093857,1.223269,-1.007866,0.086721,1.022740,-0.887236,0.792622,-3.000766,-0.350404,-0.959048,6.616406,-1.306514,0.317538,-0.807611,-0.207615,-0.520294,-0.733535,-0.903497,1.148735,0.125873,-0.019479,0.032286,1.167022,-0.988233,0.215295,1.006274,-0.625494,0.763261
50,0.071118,-0.736642,-0.031292,0.028367,1.340491,-0.604293,0.042240,-0.367586,-0.215189,0.082036,0.660362,-0.301643,0.230070,0.000000,0.000000,0.000000,0.000000,0.000000,0.000000,0.000000,0.000000,0.000000,-1.225936,0.055045,0.022293,2.163240,-0.936857,-0.026240,0.144847,-0.210477,0.043710,-0.289583,0.131319,0.211744,0.000000,0.000000,0.000000,0.000000,0.000000,0.000000,0.000000,0.000000,0.000000,0.998592,-0.028567,0.030036,0.999019,-0.043714,0.033852,-0.377103,-0.078595,-0.347840,-0.269029,-0.215670,0.233767,0.256243,-0.081320,0.179651,0.025495,-0.019029,0.103709,0.225563,-0.081320,-0.058466,-0.003068,0.021476,0.035282,0.092039,-0.027612,0.003068,0.018408,-0.046019,0.000000,-1.609752,-0.229965,0.689894,1.993026,0.229965,0.153310,1.149823,-1.916371,0.000000,-1.379787,-0.229965,3.602778,0.000000,-0.000000,0.306619,-0.000000,-0.153310,0.153310,0.229965,-0.383274,0.000000,-3.000766,-0.350404,-0.959048,6.616406,-1.306514,0.317538,-0.807611,-0.207615,-0.520294,-0.733535,-0.903497,1.148735,0.125873,-0.019479,0.032286,1.167022,-0.988233,0.215295,1.006274,-0.625494,0.763261,-2.884018,-0.327345,-1.080290,6.494387,-1.260235,0.279670,-0.769492,-0.112615,-0.527259,-0.853710,-0.941741,0.969468,0.084775,0.067144,-0.017942,1.130982,-0.954747,0.297573,1.010398,-0.427592,0.773757
51,0.072569,-0.759244,-0.030608,0.029034,1.380290,-0.621491,0.042185,-0.364844,-0.219130,0.082837,0.654885,-0.299159,0.234029,0.000000,0.000000,0.000000,0.000000,0.000000,0.000000,0.000000,0.000000,0.000000,-0.761470,-0.095358,0.137624,1.332456,-0.574943,0.163468,0.121442,-0.171700,0.033746,-0.242171,0.109841,0.172140,0.000000,0.000000,0.000000,0.000000,0.000000,0.000000,0.000000,0.000000,0.000000,0.998592,-0.028567,0.030036,0.999019,-0.043714,0.033852,-0.377103,-0.078595,-0.347840,-0.269029,-0.215670,0.233767,0.256243,-0.081320,0.179651,0.025495,-0.019029,0.103709,0.225563,-0.081320,-0.058466,-0.003068,0.021476,0.035282,0.092039,-0.027612,0.003068,0.018408,-0.046019,0.000000,-1.609752,-0.229965,0.689894,1.993026,0.229965,0.153310,1.149823,-1.916371,0.000000,-1.379787,-0.229965,3.602778,0.000000,-0.000000,0.306619,-0.000000,-0.153310,0.153310,0.229965,-0.383274,0.000000,-2.884018,-0.327345,-1.080290,6.494387,-1.260235,0.279670,-0.769492,-0.112615,-0.527259,-0.853710,-0.941741,0.969468,0.084775,0.067144,-0.017942,1.130982,-0.954747,0.297573,1.010398,-0.427592,0.773757,-2.769078,-0.349592,-1.103734,6.308654,-1.192669,0.250222,-0.740849,-0.063570,-0.500624,-0.913896,-0.990411,0.847053,0.054628,0.125895,-0.051190,1.100630,-0.905576,0.341687,1.017237,-0.289596,0.832009
52,0.074020,-0.767100,-0.035106,0.033872,1.393789,-0.627291,0.048779,-0.362728,-0.222057,0.083386,0.650676,-0.297249,0.236956,0.000000,0.000000,0.000000,0.000000,0.000000,0.000000,0.000000,0.000000,0.000000,-0.228606,-0.248175,0.251094,0.385031,-0.165366,0.352842,0.092366,-0.127720,0.023915,-0.183803,0.083380,0.127682,0.000000,0.000000,0.000000,0.000000,0.000000,0.000000,0.000000,0.000000,0.000000,0.997823,-0.042506,0.045114,0.997640,-0.048113,0.053919,-0.539758,0.017942,0.096197,-0.364136,-0.217204,0.223029,0.424981,-0.084388,0.167379,0.077650,-0.118738,0.060757,0.136592,-0.156485,0.022835,-0.010738,-0.033748,0.019942,0.064427,-0.033748,-0.023010,0.069029,-0.059825,-0.000000,-0.996513,0.076655,-0.306619,1.993026,-0.689894,-0.919858,0.459929,-1.226478,-0.996513,-0.996513,-1.533097,0.689894,0.076655,-0.613239,-0.076655,-0.000000,0.613239,-0.843203,-0.000000,0.536584,-0.000000,-2.769078,-0.349592,-1.103734,6.308654,-1.192669,0.250222,-0.740849,-0.063570,-0.500624,-0.913896,-0.990411,0.847053,0.054628,0.125895,-0.051190,1.100630,-0.905576,0.341687,1.017237,-0.289596,0.832009,-2.414618,-0.313049,-0.870104,5.223526,-1.249140,0.244835,-0.367104,0.228772,-0.110162,-0.903614,-0.147284,0.540440,0.087666,0.052942,-0.104146,1.432374,-1.134783,0.237890,0.763783,0.198030,0.829394
53,0.075472,-0.768388,-0.040535,0.039078,1.395691,-0.628105,0.056298,-0.361149,-0.224239,0.083793,0.647533,-0.295824,0.239136,0.000000,0.000000,0.000000,0.000000,0.000000,0.000000,0.000000,0.000000,0.000000,0.264096,-0.317912,0.278760,-0.484747,0.208536,0.422307,0.052158,-0.071732,0.013265,-0.103739,0.047063,0.071661,0.000000,0.000000,0.000000,0.000000,0.000000,0.000000,0.000000,0.000000,0.000000,0.997858,-0.040202,0.043163,0.997407,-0.049167,0.059685,-0.564599,0.006532,0.183292,-0.387146,-0.206466,0.216893,0.464864,-0.088990,0.162777,0.088388,-0.140214,0.040816,0.116651,-0.191767,0.081126,-0.010738,-0.033748,0.019942,0.064427,-0.033748,-0.023010,0.069029,-0.059825,-0.000000,-1.149823,0.536584,-0.229965,1.993026,-0.076655,-0.613239,0.383274,-1.149823,-0.919858,-0.843203,-1.609752,2.759575,0.076655,-0.613239,-0.076655,-0.000000,0.613239,-0.843203,-0.000000,0.536584,-0.000000,-2.414618,-0.313049,-0.870104,5.223526,-1.249140,0.244835,-0.367104,0.228772,-0.110162,-0.903614,-0.147284,0.540440,0.087666,0.052942,-0.104146,1.432374,-1.134783,0.237890,0.763783,0.198030,0.829394,-2.193895,-0.296234,-0.705588,4.292976,-1.167377,0.328315,-0.087596,0.217289,0.059213,-0.899874,0.375707,0.150147,0.063924,-0.072876,-0.171443,1.555910,-1.375808,0.101014,0.532421,0.846026,0.802067
54,0.076923,-0.756536,-0.047823,0.045022,1.374399,-0.618949,0.065671,-0.360642,-0.224927,0.083917,0.646526,-0.295367,0.239822,0.000000,0.000000,0.000000,0.000000,0.000000,0.000000,0.000000,0.000000,0.000000,0.826931,-0.401196,0.294350,-1.483735,0.640410,0.494406,0.013018,-0.017678,0.003173,-0.025861,0.011735,0.017631,0.000000,0.000000,0.000000,0.000000,0.000000,0.000000,0.000000,0.000000,0.000000,0.997936,-0.036232,0.039565,0.997214,-0.050574,0.065196,-0.554671,-0.014112,0.262108,-0.394816,-0.195728,0.201553,0.497078,-0.105864,0.150505,0.082252,-0.157087,0.020874,0.108981,-0.213243,0.113340,-0.010738,-0.033748,0.019942,0.064427,-0.033748,-0.023010,0.069029,-0.059825,-0.000000,-0.383274,0.536584,-0.613239,1.533097,-0.383274,-0.076655,-0.306619,-0.766549,-0.919858,-0.306619,-1.149823,1.456442,0.076655,-0.613239,-0.076655,-0.000000,0.613239,-0.843203,-0.000000,0.536584,-0.000000,-2.193895,-0.296234,-0.705588,4.292976,-1.167377,0.328315,-0.087596,0.217289,0.059213,-0.899874,0.375707,0.150147,0.063924,-0.072876,-0.171443,1.555910,-1.375808,0.101014,0.532421,0.846026,0.802067,-1.941889,-0.228140,-0.573567,3.499328,-1.079970,0.422222,0.086971,0.439844,0.116045,-0.871085,0.774040,-0.372414,0.013181,-0.202206,-0.348507,1.727749,-1.528290,-0.014223,0.305075,1.310292,0.872561
55,0.078374,-0.735311,-0.056582,0.050852,1.336342,-0.602489,0.076075,-0.360628,-0.224946,0.083920,0.646499,-0.295355,0.239841,0.000000,0.000000,0.000000,0.000000,0.000000,0.000000,0.000000,0.000000,0.000000,1.178485,-0.456386,0.290070,-2.112445,0.914322,0.533092,-0.005484,0.007416,-0.001317,0.010890,-0.004941,-0.007392,0.000000,0.000000,0.000000,0.000000,0.000000,0.000000,0.000000,0.000000,0.000000,0.998056,-0.030358,0.034102,0.997017,-0.052166,0.070957,-0.547376,-0.048150,0.340565,-0.394816,-0.175786,0.178544,0.538495,-0.118136,0.132097,0.082252,-0.175495,0.005534,0.098243,-0.230117,0.163961,-0.010738,-0.033748,0.019942,0.064427,-0.033748,-0.023010,0.069029,-0.059825,-0.000000,-0.076655,0.996513,-0.766549,1.839717,-0.689894,-1.303133,-0.000000,-0.843203,-0.766549,-0.536584,-0.843203,2.299646,0.076655,-0.613239,-0.076655,-0.000000,0.613239,-0.843203,-0.000000,0.536584,-0.000000,-1.941889,-0.228140,-0.573567,3.499328,-1.079970,0.422222,0.086971,0.439844,0.116045,-0.871085,0.774040,-0.372414,0.013181,-0.202206,-0.348507,1.727749,-1.528290,-0.014223,0.305075,1.310292,0.872561,-1.746988,-0.213331,-0.482332,2.874591,-0.980810,0.515056,0.151422,0.652815,-0.062279,-0.860724,1.109411,-0.933839,-0.080705,-0.273886,-0.516688,1.732167,-1.658460,-0.183325,0.176137,1.599509,0.991877
56,0.079826,-0.709397,-0.066078,0.056625,1.289901,-0.582376,0.086994,-0.360861,-0.224630,0.083864,0.646962,-0.295565,0.239527,0.000000,0.000000,0.000000,0.000000,0.000000,0.000000,0.000000,0.000000,0.000000,1.927388,-0.561769,0.239818,-3.463426,1.512285,0.587077,-0.032093,0.043804,-0.007959,0.063783,-0.028938,-0.043718,0.000000,0.000000,0.000000,0.000000,0.000000,0.000000,0.000000,0.000000,0.000000,0.998232,-0.019743,0.024202,0.996501,-0.054290,0.081217,-0.551803,-0.143477,0.391685,-0.397884,-0.142039,0.132524,0.593719,-0.139612,0.107553,0.071515,-0.193903,-0.011340,0.076767,-0.256194,0.213049,-0.010738,-0.033748,0.019942,0.064427,-0.033748,-0.023010,0.069029,-0.059825,-0.000000,0.153310,1.073168,-1.686407,1.763062,-0.689894,-0.919858,-0.153310,-0.689894,-0.536584,-0.766549,-0.766549,1.916371,0.076655,-0.613239,-0.076655,-0.000000,0.613239,-0.843203,-0.000000,0.536584,-0.000000,-1.746988,-0.213331,-0.482332,2.874591,-0.980810,0.515056,0.151422,0.652815,-0.062279,-0.860724,1.109411,-0.933839,-0.080705,-0.273886,-0.516688,1.732167,-1.658460,-0.183325,0.176137,1.599509,0.991877,-1.585633,-0.355811,-0.276786,2.331591,-0.928142,0.603910,0.070996,0.910756,-0.237541,-0.707767,1.368403,-1.439127,-0.231483,-0.297766,-0.679665,1.695140,-1.862918,-0.343074,-0.095105,1.613354,1.100634
57,0.081277,-0.658215,-0.079053,0.060445,1.197805,-0.541998,0.099558,-0.361912,-0.223193,0.083602,0.649050,-0.296512,0.238093,0.000000,0.000000,0.000000,0.000000,0.000000,0.000000,0.000000,0.000000,0.000000,2.502076,-0.601161,0.149420,-4.504272,1.978450,0.568525,-0.052330,0.071734,-0.013166,0.104049,-0.047204,-0.071632,0.000000,0.000000,0.000000,0.000000,0.000000,0.000000,0.000000,0.000000,0.000000,0.998228,-0.015589,0.020400,0.996243,-0.055893,0.085187,-0.555004,-0.191890,0.412051,-0.399418,-0.122097,0.118718,0.610592,-0.167223,0.098350,0.060777,-0.201573,-0.014408,0.062961,-0.265398,0.239126,0.000000,-0.006136,-0.009204,0.078233,-0.046019,0.007670,0.059825,-0.036816,0.000000,-0.306619,0.996513,-0.843203,1.763062,-1.226478,-0.919858,-0.689894,-0.383274,-0.306619,-0.689894,-0.843203,1.303133,-0.076655,0.766549,-0.613239,-0.000000,-0.383274,0.383274,-0.000000,-0.000000,0.000000,-1.585633,-0.355811,-0.276786,2.331591,-0.928142,0.603910,0.070996,0.910756,-0.237541,-0.707767,1.368403,-1.439127,-0.231483,-0.297766,-0.679665,1.695140,-1.862918,-0.343074,-0.095105,1.613354,1.100634,-1.322963,-0.483177,-0.240013,1.815812,-0.834896,0.609868,-0.219414,0.956157,-0.261998,-0.478911,1.270164,-1.774283,-0.215227,-0.243097,-0.895107,1.479866,-1.948772,-0.367252,-0.365684,1.555729,1.315708
58,0.082729,-0.609314,-0.090125,0.062602,1.109730,-0.503238,0.109735,-0.362955,-0.221761,0.083337,0.651124,-0.297453,0.236662,0.000000,0.000000,0.000000,0.000000,0.000000,0.000000,0.000000,0.000000,0.000000,2.330996,-0.458377,0.024699,-4.202586,1.856966,0.389596,-0.051720,0.071451,-0.013351,0.102912,-0.046685,-0.071422,0.000000,0.000000,0.000000,0.000000,0.000000,0.000000,0.000000,0.000000,0.000000,0.998170,-0.010877,0.016138,0.995928,-0.058271,0.089497,-0.560891,-0.239065,0.441033,-0.394816,-0.108291,0.109515,0.622864,-0.191767,0.086078,0.053107,-0.206175,-0.015942,0.053757,-0.271534,0.257534,0.000000,-0.006136,-0.009204,0.078233,-0.046019,0.007670,0.059825,-0.036816,0.000000,0.229965,1.379787,-0.843203,1.073168,-1.226478,-0.766549,-0.689894,-0.383274,-0.229965,-0.919858,-0.459929,1.686407,-0.076655,0.766549,-0.613239,-0.000000,-0.383274,0.383274,-0.000000,-0.000000,0.000000,-1.322963,-0.483177,-0.240013,1.815812,-0.834896,0.609868,-0.219414,0.956157,-0.261998,-0.478911,1.270164,-1.774283,-0.215227,-0.243097,-0.895107,1.479866,-1.948772,-0.367252,-0.365684,1.555729,1.315708,-1.006737,-0.548739,-0.184246,1.338969,-0.687592,0.551655,-0.514799,1.000588,-0.276762,-0.313526,1.053714,-1.857858,-0.321021,-0.088419,-1.028386,1.373791,-1.978769,-0.262169,-0.568106,1.609375,1.389004
59,0.084180,-0.564975,-0.097388,0.061433,1.029701,-0.467719,0.115142,-0.363981,-0.220335,0.083068,0.653167,-0.298380,0.235236,0.000000,0.000000,0.000000,0.000000,0.000000,0.000000,0.000000,0.000000,0.000000,2.163835,-0.295087,-0.101614,-3.906331,1.738478,0.195541,-0.051097,0.071330,-0.013642,0.101772,-0.046165,-0.071396,0.000000,0.000000,0.000000,0.000000,0.000000,0.000000,0.000000,0.000000,0.000000,0.997665,0.006844,0.000209,0.994656,-0.068295,0.103021,-0.544659,-0.374237,0.611799,-0.387146,-0.082214,0.063495,0.656612,-0.204039,0.099883,0.042369,-0.209243,-0.022078,0.024612,-0.294544,0.292816,0.000000,-0.006136,-0.009204,0.078233,-0.046019,0.007670,0.059825,-0.036816,0.000000,0.153310,0.459929,-1.686407,0.996513,-0.229965,-0.306619,-0.306619,0.000000,-0.153310,-0.843203,-0.996513,1.226478,-0.076655,0.766549,-0.613239,-0.000000,-0.383274,0.383274,-0.000000,-0.000000,0.000000,-1.006737,-0.548739,-0.184246,1.338969,-0.687592,0.551655,-0.514799,1.000588,-0.276762,-0.313526,1.053714,-1.857858,-0.321021,-0.088419,-1.028386,1.373791,-1.978769,-0.262169,-0.568106,1.609375,1.389004,-0.524293,-0.686862,0.012994,0.777802,-0.281922,0.532790,-1.120017,0.975294,-0.093948,0.170199,1.092831,-1.713907,-0.548620,0.047313,-1.000573,1.298023,-2.093813,-0.043417,-0.735662,1.846424,1.459520
60,0.085631,-0.522761,-0.101928,0.058537,0.953477,-0.433699,0.117557,-0.364999,-0.218907,0.082792,0.655194,-0.299299,0.233806,0.000000,0.000000,0.000000,0.000000,0.000000,0.000000,0.000000,0.000000,0.000000,2.084164,-0.192936,-0.166360,-3.763615,1.682221,0.083387,-0.050770,0.071430,-0.013894,0.101198,-0.045903,-0.071567,0.000000,0.000000,0.000000,0.000000,0.000000,0.000000,0.000000,0.000000,0.000000,0.997350,0.014346,-0.006577,0.994130,-0.072454,0.107235,-0.525816,-0.418849,0.687223,-0.382544,-0.071476,0.052757,0.668884,-0.210175,0.073806,0.034699,-0.209243,-0.023612,0.015408,-0.296078,0.312757,0.000000,-0.006136,-0.009204,0.078233,-0.046019,0.007670,0.059825,-0.036816,0.000000,0.383274,1.226478,-1.686407,0.996513,-0.383274,0.306619,-0.536584,0.000000,-0.153310,-0.919858,-0.306619,1.303133,-0.076655,0.766549,-0.613239,-0.000000,-0.383274,0.383274,-0.000000,-0.000000,0.000000,-0.524293,-0.686862,0.012994,0.777802,-0.281922,0.532790,-1.120017,0.975294,-0.093948,0.170199,1.092831,-1.713907,-0.548620,0.047313,-1.000573,1.298023,-2.093813,-0.043417,-0.735662,1.846424,1.459520,0.217506,-0.455336,-0.076032,0.414998,-0.210593,0.471241,-1.809227,0.896234,0.281235,0.127433,0.859161,-1.699188,-0.690157,0.508151,-0.870006,1.186066,-2.146776,0.304858,-0.856760,1.844399,1.468725
61,0.087083,-0.481609,-0.105106,0.054778,0.879157,-0.400430,0.118477,-0.366012,-0.217478,0.082512,0.657215,-0.300216,0.232373,0.000000,0.000000,0.000000,0.000000,0.000000,0.000000,0.000000,0.000000,0.000000,1.281802,0.177999,-0.255547,-2.291891,1.026784,-0.279452,-0.208375,0.312083,-0.068509,0.417706,-0.189380,-0.315141,0.000000,0.000000,0.000000,0.000000,0.000000,0.000000,0.000000,0.000000,0.000000,0.995666,0.041921,-0.031684,0.992146,-0.087437,0.117855,-0.454466,-0.500000,0.908176,-0.362602,-0.046932,0.015942,0.696495,-0.259262,0.113689,0.017825,-0.200039,-0.028214,-0.016806,-0.305282,0.349573,0.000000,-0.006136,-0.009204,0.078233,-0.046019,0.007670,0.059825,-0.036816,0.000000,0.459929,1.073168,-1.073168,0.843203,-1.533097,2.529610,-0.536584,0.229965,-0.229965,-0.919858,-0.153310,1.763062,-0.076655,0.766549,-0.613239,-0.000000,-0.383274,0.383274,-0.000000,-0.000000,0.000000,0.217506,-0.455336,-0.076032,0.414998,-0.210593,0.471241,-1.809227,0.896234,0.281235,0.127433,0.859161,-1.699188,-0.690157,0.508151,-0.870006,1.186066,-2.146776,0.304858,-0.856760,1.844399,1.468725,1.202522,-0.142617,-0.203531,0.208456,-0.144803,0.204915,-2.846177,0.774285,0.787677,0.099946,0.612584,-1.717609,-0.892410,1.403700,-0.705331,1.010545,-2.138337,0.775590,-0.827826,1.597404,1.403827
62,0.088534,-0.471489,-0.094808,0.048315,0.861802,-0.392628,0.106379,-0.373334,-0.206424,0.080051,0.671903,-0.306875,0.221200,0.000000,0.000000,0.000000,0.000000,0.000000,0.000000,0.000000,0.000000,0.000000,0.419469,0.613534,-0.361295,-0.707458,0.318041,-0.710122,-0.409032,0.650258,-0.156910,0.823729,-0.373323,-0.661361,0.000000,0.000000,0.000000,0.000000,0.000000,0.000000,0.000000,0.000000,0.000000,0.993637,0.064877,-0.052625,0.990148,-0.099581,0.124091,-0.417098,-0.500000,1.000000,-0.359534,-0.045398,0.003670,0.699563,-0.246990,0.061534,0.005553,-0.187767,-0.022078,-0.029078,-0.323689,0.360311,0.000000,-0.006136,-0.009204,0.078233,-0.046019,0.007670,0.059825,-0.036816,0.000000,0.153310,-0.229965,-0.919858,0.153310,-0.076655,-2.606265,-0.383274,0.383274,0.000000,-0.919858,-0.689894,0.689894,-0.076655,0.766549,-0.613239,-0.000000,-0.383274,0.383274,-0.000000,-0.000000,0.000000,1.202522,-0.142617,-0.203531,0.208456,-0.144803,0.204915,-2.846177,0.774285,0.787677,0.099946,0.612584,-1.717609,-0.892410,1.403700,-0.705331,1.010545,-2.138337,0.775590,-0.827826,1.597404,1.403827,2.773385,0.311665,-0.520229,-0.312060,0.002619,-0.101693,-4.113102,0.671296,1.943290,-0.007190,-0.066925,-2.067186,-0.931270,2.508516,-0.422624,0.944554,-2.305387,1.385412,-0.415345,1.431252,0.902428
63,0.089985,-0.464830,-0.080564,0.040327,0.850858,-0.387708,0.090072,-0.382373,-0.191468,0.076236,0.690164,-0.315149,0.205919,0.000000,0.000000,0.000000,0.000000,0.000000,0.000000,0.000000,0.000000,0.000000,0.159864,0.909497,-0.475729,-0.226605,0.101854,-1.025776,-0.537871,0.942934,-0.258522,1.091708,-0.494460,-0.969478,0.000000,0.000000,0.000000,0.000000,0.000000,0.000000,0.000000,0.000000,0.000000,0.990655,0.090817,-0.076295,0.987421,-0.113052,0.129433,-0.341434,-0.500000,1.000000,-0.327320,-0.031592,-0.000932,0.710301,-0.259262,0.125961,-0.011320,-0.173961,-0.015942,-0.033679,-0.316020,0.389456,0.000000,-0.006136,-0.009204,0.078233,-0.046019,0.007670,0.059825,-0.036816,0.000000,1.686407,0.843203,0.000000,0.383274,-0.843203,2.989540,-0.919858,0.843203,0.536584,-0.536584,0.383274,1.379787,-0.076655,0.766549,-0.613239,-0.000000,-0.383274,0.383274,-0.000000,-0.000000,0.000000,2.773385,0.311665,-0.520229,-0.312060,0.002619,-0.101693,-4.113102,0.671296,1.943290,-0.007190,-0.066925,-2.067186,-0.931270,2.508516,-0.422624,0.944554,-2.305387,1.385412,-0.415345,1.431252,0.902428,3.661134,0.456590,-0.884315,-0.552887,-0.542971,-0.790523,-4.812342,0.297278,2.575398,0.073237,-1.688614,-2.798861,-1.219753,3.448283,0.382055,0.426122,-2.274721,1.931052,0.005785,0.654426,0.040171
64,0.091437,-0.465094,-0.058428,0.029286,0.852737,-0.388554,0.065348,-0.394848,-0.168707,0.069711,0.715571,-0.326653,0.182421,0.000000,0.000000,0.000000,0.000000,0.000000,0.000000,0.000000,0.000000,0.000000,0.045580,1.174431,-0.587466,-0.024588,0.011066,-1.312707,-0.594961,1.203696,-0.377999,1.218505,-0.551474,-1.254816,0.000000,0.000000,0.000000,0.000000,0.000000,0.000000,0.000000,0.000000,0.000000,0.988809,0.104906,-0.089334,0.985800,-0.119485,0.131125,-0.298573,-0.500000,1.000000,-0.311981,-0.030058,-0.016272,0.717971,-0.257728,0.127495,-0.022058,-0.161689,-0.008272,-0.036747,-0.311418,0.395592,0.000000,-0.006136,-0.009204,0.078233,-0.046019,0.007670,0.059825,-0.036816,0.000000,1.686407,0.383274,-1.303133,0.383274,0.153310,2.989540,-0.613239,0.843203,0.229965,-0.153310,0.383274,1.379787,-0.076655,0.766549,-0.613239,-0.000000,-0.383274,0.383274,-0.000000,-0.000000,0.000000,3.661134,0.456590,-0.884315,-0.552887,-0.542971,-0.790523,-4.812342,0.297278,2.575398,0.073237,-1.688614,-2.798861,-1.219753,3.448283,0.382055,0.426122,-2.274721,1.931052,0.005785,0.654426,0.040171,3.647969,0.015121,-1.062314,-1.689494,-0.879855,-1.486390,-4.373459,-1.110795,3.182420,1.516615,-2.926033,-3.606139,-1.692473,3.862786,1.646231,-0.428799,-2.332362,2.577728,0.277141,0.577174,-0.842878
65,0.092888,-0.463007,-0.033587,0.016828,0.849875,-0.387266,0.037564,-0.406172,-0.143320,0.061116,0.738904,-0.337208,0.155726,0.000000,0.000000,0.000000,0.000000,0.000000,0.000000,0.000000,0.000000,0.000000,0.133758,1.275869,-0.640637,-0.202404,0.091066,-1.427446,-0.551759,1.302162,-0.455601,1.140718,-0.515858,-1.374702,0.000000,0.000000,0.000000,0.000000,0.000000,0.000000,0.000000,0.000000,0.000000,0.984096,0.135615,-0.118032,0.981887,-0.132755,0.132308,-0.220936,-0.500000,1.000000,-0.282835,-0.017786,-0.033146,0.727175,-0.260796,0.102951,-0.051204,-0.134078,0.007068,-0.055155,-0.305282,0.403262,-0.029146,-0.013806,-0.116583,0.098175,-0.108913,-0.032214,-0.039884,0.070563,-0.000000,1.379787,0.229965,-0.536584,0.229965,-0.076655,1.303133,-1.303133,1.149823,0.766549,-0.689894,0.459929,0.306619,-0.229965,-0.229965,-0.536584,-0.383274,-0.919858,-0.153310,-0.689894,-0.000000,-0.000000,3.647969,0.015121,-1.062314,-1.689494,-0.879855,-1.486390,-4.373459,-1.110795,3.182420,1.516615,-2.926033,-3.606139,-1.692473,3.862786,1.646231,-0.428799,-2.332362,2.577728,0.277141,0.577174,-0.842878,3.304205,-2.165937,-0.475479,-3.701874,-1.393861,-2.283602,-4.038318,-2.574538,3.584109,5.668977,-2.575590,-2.737148,-2.807037,3.867403,2.657888,-0.668101,-2.299947,3.377162,0.291119,0.760850,-1.240318
66,0.094340,-0.459744,-0.007394,0.003661,0.844641,-0.384911,0.008250,-0.416919,-0.116620,0.051486,0.761200,-0.347287,0.127433,0.000000,0.000000,0.000000,0.000000,0.000000,0.000000,0.000000,0.000000,0.000000,0.313388,1.477085,-0.722527,-0.566806,0.255198,-1.644291,-0.474539,1.496167,-0.590472,0.991237,-0.447856,-1.605961,0.000000,0.000000,0.000000,0.000000,0.000000,0.000000,0.000000,0.000000,0.000000,0.977760,0.167916,-0.148134,0.977061,-0.148462,0.130983,-0.159684,-0.500000,1.000000,-0.253689,-0.005515,-0.037748,0.727175,-0.266932,0.127495,-0.084951,-0.111068,0.025476,-0.067427,-0.297612,0.414000,-0.029146,-0.013806,-0.116583,0.098175,-0.108913,-0.032214,-0.039884,0.070563,-0.000000,1.073168,0.843203,-0.153310,-0.000000,-0.613239,0.076655,-1.379787,1.149823,0.689894,-0.766549,0.153310,0.536584,-0.229965,-0.229965,-0.536584,-0.383274,-0.919858,-0.153310,-0.689894,-0.000000,-0.000000,3.304205,-2.165937,-0.475479,-3.701874,-1.393861,-2.283602,-4.038318,-2.574538,3.584109,5.668977,-2.575590,-2.737148,-2.807037,3.867403,2.657888,-0.668101,-2.299947,3.377162,0.291119,0.760850,-1.240318,1.039762,-3.736382,0.324519,-4.644548,-1.719454,-2.615830,-3.385265,-1.434387,2.461767,9.465508,-1.023414,-0.950695,-3.222569,2.864003,2.460542,-0.253051,-1.532739,2.787430,0.422769,0.365262,-1.429232
67,0.095791,-0.450471,0.025496,-0.012073,0.827203,-0.377058,-0.028208,-0.425153,-0.083473,0.037497,0.778553,-0.355122,0.091488,0.000000,0.000000,0.000000,0.000000,0.000000,0.000000,0.000000,0.000000,0.000000,0.455599,1.548910,-0.733287,-0.862284,0.388397,-1.713623,-0.364310,1.559160,-0.663906,0.768191,-0.346789,-1.693279,0.000000,0.000000,0.000000,0.000000,0.000000,0.000000,0.000000,0.000000,0.000000,0.969848,0.200378,-0.178196,0.971349,-0.166257,0.127786,-0.103282,-0.500000,1.000000,-0.210738,0.002155,-0.059223,0.721039,-0.234719,0.099883,-0.123301,-0.081922,0.048485,-0.068961,-0.291476,0.414000,-0.029146,-0.013806,-0.116583,0.098175,-0.108913,-0.032214,-0.039884,0.070563,-0.000000,1.533097,0.076655,-0.996513,-0.306619,0.996513,-0.996513,-1.686407,1.149823,0.843203,-0.229965,0.306619,-0.000000,-0.229965,-0.229965,-0.536584,-0.383274,-0.919858,-0.153310,-0.689894,-0.000000,-0.000000,1.039762,-3.736382,0.324519,-4.644548,-1.719454,-2.615830,-3.385265,-1.434387,2.461767,9.465508,-1.023414,-0.950695,-3.222569,2.864003,2.460542,-0.253051,-1.532739,2.787430,0.422769,0.365262,-1.429232,-0.560654,-3.207201,0.814345,-4.732520,-1.889255,-2.260948,-3.905126,-0.012630,1.691408,10.860723,-0.686335,-0.678582,-2.869714,1.714596,2.145644,0.138725,-0.890210,2.372557,0.419558,-0.596955,-1.592567
68,0.097242,-0.441520,0.054563,-0.025671,0.810150,-0.369375,-0.060295,-0.431491,-0.054254,0.024930,0.791927,-0.361159,0.059702,0.000000,0.000000,0.000000,0.000000,0.000000,0.000000,0.000000,0.000000,0.000000,0.431515,1.262160,-0.573058,-0.833316,0.375593,-1.385806,-0.222088,1.264580,-0.557192,0.469695,-0.211979,-1.381326,0.000000,0.000000,0.000000,0.000000,0.000000,0.000000,0.000000,0.000000,0.000000,0.969848,0.200378,-0.178196,0.971349,-0.166257,0.127786,-0.103282,-0.500000,1.000000,-0.210738,0.002155,-0.059223,0.721039,-0.234719,0.099883,-0.123301,-0.081922,0.048485,-0.068961,-0.291476,0.414000,-0.029146,-0.013806,-0.116583,0.098175,-0.108913,-0.032214,-0.039884,0.070563,-0.000000,1.533097,0.076655,-0.996513,-0.306619,0.996513,-0.996513,-1.686407,1.149823,0.843203,-0.229965,0.306619,-0.000000,-0.229965,-0.229965,-0.536584,-0.383274,-0.919858,-0.153310,-0.689894,-0.000000,-0.000000,-0.560654,-3.207201,0.814345,-4.732520,-1.889255,-2.260948,-3.905126,-0.012630,1.691408,10.860723,-0.686335,-0.678582,-2.869714,1.714596,2.145644,0.138725,-0.890210,2.372557,0.419558,-0.596955,-1.592567,-0.443072,-2.502647,0.956774,-4.608521,-1.826663,-1.963475,-4.622932,0.659022,1.566033,10.824927,-0.746100,-0.819447,-2.623689,1.281869,2.063565,0.292566,-0.623769,2.441397,0.377816,-1.163987,-1.420849
69,0.098694,-0.433211,0.075983,-0.034995,0.793870,-0.362034,-0.083640,-0.434037,-0.032890,0.015209,0.797341,-0.363601,0.036235,0.000000,0.000000,0.000000,0.000000,0.000000,0.000000,0.000000,0.000000,0.000000,0.400119,1.020346,-0.433727,-0.790599,0.356633,-1.107718,-0.093590,1.015637,-0.465056,0.199103,-0.089811,-1.116903,0.000000,0.000000,0.000000,0.000000,0.000000,0.000000,0.000000,0.000000,0.000000,0.955918,0.246279,-0.220806,0.961863,-0.193558,0.119020,-0.008504,-0.500000,1.000000,-0.160117,0.029767,-0.082233,0.713369,-0.233185,0.087612,-0.176990,-0.037437,0.083767,-0.068961,-0.285340,0.406330,-0.029146,-0.013806,-0.116583,0.098175,-0.108913,-0.032214,-0.039884,0.070563,-0.000000,1.533097,0.919858,-1.149823,-0.383274,-0.229965,1.226478,-1.763062,1.303133,1.073168,0.000000,0.229965,-0.153310,-0.229965,-0.229965,-0.536584,-0.383274,-0.919858,-0.153310,-0.689894,-0.000000,-0.000000,-0.443072,-2.502647,0.956774,-4.608521,-1.826663,-1.963475,-4.622932,0.659022,1.566033,10.824927,-0.746100,-0.819447,-2.623689,1.281869,2.063565,0.292566,-0.623769,2.441397,0.377816,-1.163987,-1.420849,-0.084435,-2.428412,1.098250,-4.832860,-1.936760,-1.965866,-5.394728,0.550384,1.675797,11.273552,-0.943804,-1.058542,-2.624603,1.253393,2.221874,0.224725,-0.350942,2.670122,0.342673,-1.733411,-1.076780
70,0.100145,-0.425515,0.095377,-0.043020,0.778526,-0.355110,-0.104603,-0.435235,-0.013628,0.006328,0.799891,-0.364751,0.015026,0.000000,0.000000,0.000000,0.000000,0.000000,0.000000,0.000000,0.000000,0.000000,0.377115,0.944389,-0.384967,-0.755498,0.341000,-1.018418,-0.043066,0.936815,-0.433573,0.091721,-0.041369,-1.032237,0.000000,0.000000,0.000000,0.000000,0.000000,0.000000,0.000000,0.000000,0.000000,0.940250,0.286725,-0.258394,0.952093,-0.221726,0.106340,0.030587,-0.500000,1.000000,-0.097223,0.042039,-0.096039,0.681156,-0.228583,0.107553,-0.230680,-0.006757,0.126718,-0.055155,-0.289942,0.392524,-0.029146,-0.013806,-0.116583,0.098175,-0.108913,-0.032214,-0.039884,0.070563,-0.000000,2.222991,0.383274,-0.459929,-1.149823,-0.000000,2.452955,-1.686407,1.073168,1.303133,0.229965,-0.153310,-0.459929,-0.229965,-0.229965,-0.536584,-0.383274,-0.919858,-0.153310,-0.689894,-0.000000,-0.000000,-0.084435,-2.428412,1.098250,-4.832860,-1.936760,-1.965866,-5.394728,0.550384,1.675797,11.273552,-0.943804,-1.058542,-2.624603,1.253393,2.221874,0.224725,-0.350942,2.670122,0.342673,-1.733411,-1.076780,-0.082778,-2.660369,1.209432,-5.283043,-2.093028,-2.178109,-5.822109,0.384314,1.752988,12.177405,-1.121550,-1.221148,-2.739093,1.237016,2.409937,0.150289,-0.124603,2.850262,0.400491,-2.170547,-0.766219
71,0.101597,-0.418126,0.113758,-0.050394,0.763650,-0.348394,-0.124377,-0.435759,0.004582,-0.002134,0.801010,-0.365256,-0.005055,0.000000,0.000000,0.000000,0.000000,0.000000,0.000000,0.000000,0.000000,0.000000,0.374286,0.955136,-0.369077,-0.765470,0.345767,-1.021815,-0.282910,0.879598,-0.419930,0.511993,-0.230721,-0.974712,0.000000,0.000000,0.000000,0.000000,0.000000,0.000000,0.000000,0.000000,0.000000,0.934864,0.298759,-0.269461,0.948840,-0.231127,0.102210,0.023941,-0.500000,0.978061,-0.075748,0.043573,-0.099107,0.673486,-0.220913,0.061534,-0.249087,0.002447,0.146660,-0.045951,-0.293010,0.394058,-0.029146,-0.013806,-0.116583,0.098175,-0.108913,-0.032214,-0.039884,0.070563,-0.000000,2.222991,0.383274,-0.153310,-1.149823,0.459929,2.452955,-1.763062,0.843203,1.533097,0.689894,-0.153310,-0.459929,-0.229965,-0.229965,-0.536584,-0.383274,-0.919858,-0.153310,-0.689894,-0.000000,-0.000000,-0.082778,-2.660369,1.209432,-5.283043,-2.093028,-2.178109,-5.822109,0.384314,1.752988,12.177405,-1.121550,-1.221148,-2.739093,1.237016,2.409937,0.150289,-0.124603,2.850262,0.400491,-2.170547,-0.766219,-0.487618,-2.680819,1.244988,-5.504219,-2.202626,-2.225258,-5.689806,0.498981,1.680706,12.653769,-1.151688,-1.196202,-2.737787,0.973183,2.393920,0.102199,-0.011678,2.742748,0.486860,-2.364028,-0.651723
72,0.103048,-0.410544,0.133582,-0.057783,0.747907,-0.341279,-0.145476,-0.446551,0.021555,-0.010469,0.820371,-0.373980,-0.023963,0.000000,0.000000,0.000000,0.000000,0.000000,0.000000,0.000000,0.000000,0.000000,0.361046,0.923699,-0.340340,-0.748900,0.338499,-0.981619,-0.702667,0.743237,-0.377740,1.264432,-0.569127,-0.833838,0.000000,0.000000,0.000000,0.000000,0.000000,0.000000,0.000000,0.000000,0.000000,0.924139,0.320329,-0.288879,0.942531,-0.250032,0.094994,-0.013394,-0.500000,0.817864,-0.020524,0.046641,-0.102175,0.652010,-0.220913,0.056932,-0.285903,0.020854,0.185010,-0.024476,-0.305282,0.348039,-0.133456,0.110447,-0.092039,-0.001534,-0.098175,0.062893,-0.006136,0.030680,0.000000,2.069681,0.076655,-0.153310,-1.073168,0.459929,1.303133,-1.763062,0.919858,1.609752,0.919858,-0.306619,-0.613239,-0.996513,1.073168,0.843203,-0.766549,-0.229965,0.996513,0.919858,-0.689894,0.000000,-0.487618,-2.680819,1.244988,-5.504219,-2.202626,-2.225258,-5.689806,0.498981,1.680706,12.653769,-1.151688,-1.196202,-2.737787,0.973183,2.393920,0.102199,-0.011678,2.742748,0.486860,-2.364028,-0.651723,-1.119481,-2.890222,1.120028,-5.760684,-2.365013,-2.475365,-5.273509,0.513850,1.477247,13.119544,-1.231302,-1.128686,-2.767512,0.777306,2.536337,0.141633,0.060885,2.878992,0.592351,-2.384948,-0.722111
73,0.104499,-0.403684,0.150706,-0.064008,0.733694,-0.334854,-0.163641,-0.463866,0.034312,-0.017243,0.851587,-0.388021,-0.038408,0.000000,0.000000,0.000000,0.000000,0.000000,0.000000,0.000000,0.000000,0.000000,0.306813,0.721201,-0.253041,-0.634176,0.286765,-0.761547,-1.191881,0.426986,-0.260616,2.153556,-0.967854,-0.499128,0.000000,0.000000,0.000000,0.000000,0.000000,0.000000,0.000000,0.000000,0.000000,0.913649,0.338582,-0.304592,0.936691,-0.269200,0.089291,-0.062120,-0.500000,0.684998,0.034699,0.046641,-0.103709,0.627466,-0.246990,0.017049,-0.322719,0.030058,0.229495,0.000068,-0.328291,0.367981,-0.133456,0.110447,-0.092039,-0.001534,-0.098175,0.062893,-0.006136,0.030680,0.000000,2.606265,0.076655,-0.076655,-1.149823,-0.996513,-2.222991,-1.533097,0.459929,1.993026,1.073168,-1.073168,1.149823,-0.996513,1.073168,0.843203,-0.766549,-0.229965,0.996513,0.919858,-0.689894,0.000000,-1.119481,-2.890222,1.120028,-5.760684,-2.365013,-2.475365,-5.273509,0.513850,1.477247,13.119544,-1.231302,-1.128686,-2.767512,0.777306,2.536337,0.141633,0.060885,2.878992,0.592351,-2.384948,-0.722111,-1.347249,-3.023658,1.108276,-5.759561,-2.334383,-2.593352,-5.218518,0.529989,1.403747,13.299498,-1.243724,-1.054779,-2.906994,0.812453,2.578003,0.149826,0.127165,2.970148,0.615645,-2.295069,-0.830139
74,0.105951,-0.398271,0.162430,-0.067905,0.722540,-0.329809,-0.175938,-0.494226,0.038635,-0.020894,0.906513,-0.412694,-0.043928,0.000000,0.000000,0.000000,0.000000,0.000000,0.000000,0.000000,0.000000,0.000000,0.263750,0.549385,-0.177354,-0.542046,0.245252,-0.574295,-1.693442,0.128842,-0.148918,3.061131,-1.371638,-0.184844,0.000000,0.000000,0.000000,0.000000,0.000000,0.000000,0.000000,0.000000,0.000000,0.903305,0.354257,-0.317233,0.931269,-0.288797,0.085087,-0.130976,-0.500000,0.573348,0.085320,0.042039,-0.100641,0.599855,-0.251592,-0.002893,-0.351864,0.034660,0.254039,0.023078,-0.354369,0.306621,-0.133456,0.110447,-0.092039,-0.001534,-0.098175,0.062893,-0.006136,0.030680,0.000000,2.376301,-0.076655,0.076655,-1.303133,-0.919858,-1.303133,-1.686407,0.153310,1.686407,0.996513,-1.303133,-3.372814,-0.996513,1.073168,0.843203,-0.766549,-0.229965,0.996513,0.919858,-0.689894,0.000000,-1.347249,-3.023658,1.108276,-5.759561,-2.334383,-2.593352,-5.218518,0.529989,1.403747,13.299498,-1.243724,-1.054779,-2.906994,0.812453,2.578003,0.149826,0.127165,2.970148,0.615645,-2.295069,-0.830139,-1.649922,-3.386923,1.030076,-5.867158,-2.391700,-2.705456,-5.161194,0.183038,1.493796,13.847694,-1.323911,-0.915291,-3.067375,0.967805,2.834264,0.241691,0.097652,3.161589,0.490600,-2.258517,-0.827910
75,0.107402,-0.393134,0.172682,-0.071102,0.712012,-0.325044,-0.186613,-0.531604,0.039466,-0.023200,0.974033,-0.442886,-0.045802,0.000000,0.000000,0.000000,0.000000,0.000000,0.000000,0.000000,0.000000,0.000000,0.253384,0.494156,-0.151120,-0.518569,0.234712,-0.513487,-1.956551,-0.002122,-0.098494,3.533334,-1.578572,-0.048127,0.000000,0.000000,0.000000,0.000000,0.000000,0.000000,0.000000,0.000000,0.000000,0.893381,0.367338,-0.326564,0.926364,-0.308587,0.083142,-0.215027,-0.500000,0.452612,0.137476,0.028233,-0.092971,0.569175,-0.250058,-0.032039,-0.379476,0.042330,0.295456,0.052223,-0.378913,0.289748,-0.133456,0.110447,-0.092039,-0.001534,-0.098175,0.062893,-0.006136,0.030680,0.000000,2.452955,-0.383274,0.306619,-1.379787,0.306619,-0.306619,-1.149823,0.459929,1.379787,1.149823,-1.073168,-0.536584,-0.996513,1.073168,0.843203,-0.766549,-0.229965,0.996513,0.919858,-0.689894,0.000000,-1.649922,-3.386923,1.030076,-5.867158,-2.391700,-2.705456,-5.161194,0.183038,1.493796,13.847694,-1.323911,-0.915291,-3.067375,0.967805,2.834264,0.241691,0.097652,3.161589,0.490600,-2.258517,-0.827910,-1.872390,-3.569381,0.937083,-5.879801,-2.395789,-2.863469,-4.867941,0.250664,1.239291,14.349632,-1.362904,-0.742809,-3.174729,1.051126,2.889855,0.231955,0.057375,3.242228,0.544808,-2.254566,-1.027224
76,0.108853,-0.388136,0.182196,-0.073949,0.701797,-0.320420,-0.196477,-0.572488,0.038550,-0.024834,1.047847,-0.475837,-0.045853,0.000000,0.000000,0.000000,0.000000,0.000000,0.000000,0.000000,0.000000,0.000000,0.269269,0.483496,-0.136326,-0.547817,0.248072,-0.498331,-2.411983,-0.143557,-0.027133,4.337752,-1.924600,0.105077,0.000000,0.000000,0.000000,0.000000,0.000000,0.000000,0.000000,0.000000,0.000000,0.883978,0.378439,-0.333070,0.921824,-0.328098,0.083815,-0.302217,-0.500000,0.375367,0.175825,0.017495,-0.077631,0.533893,-0.288408,-0.082660,-0.411689,0.033126,0.318466,0.084437,-0.408058,0.266738,-0.133456,0.110447,-0.092039,-0.001534,-0.098175,0.062893,-0.006136,0.030680,0.000000,1.763062,-0.613239,0.613239,-1.686407,-0.843203,-3.832743,-1.379787,-0.076655,1.763062,1.533097,-1.379787,-0.919858,-0.996513,1.073168,0.843203,-0.766549,-0.229965,0.996513,0.919858,-0.689894,0.000000,-1.872390,-3.569381,0.937083,-5.879801,-2.395789,-2.863469,-4.867941,0.250664,1.239291,14.349632,-1.362904,-0.742809,-3.174729,1.051126,2.889855,0.231955,0.057375,3.242228,0.544808,-2.254566,-1.027224,-2.340455,-4.081276,0.958615,-5.621727,-2.295227,-2.996296,-4.328980,0.373613,0.696471,14.949231,-1.263370,-0.353615,-3.363576,1.316242,2.820163,0.208557,0.031986,3.328480,0.528931,-2.063057,-1.353698
77,0.110305,-0.382363,0.192021,-0.076555,0.690099,-0.315121,-0.206546,-0.628083,0.033723,-0.024285,1.147543,-0.519870,-0.041599,0.000000,0.000000,0.000000,0.000000,0.000000,0.000000,0.000000,0.000000,0.000000,0.269457,0.454620,-0.119226,-0.545663,0.247192,-0.465463,-2.600165,-0.226742,0.030753,4.657975,-2.054558,0.202026,0.000000,0.000000,0.000000,0.000000,0.000000,0.000000,0.000000,0.000000,0.000000,0.879452,0.383437,-0.335433,0.919639,-0.337711,0.085094,-0.346674,-0.500000,0.343300,0.195767,0.011359,-0.069961,0.513952,-0.299146,-0.056583,-0.419359,0.031592,0.330738,0.099777,-0.423398,0.226854,-0.133456,0.110447,-0.092039,-0.001534,-0.098175,0.062893,-0.006136,0.030680,0.000000,1.763062,-0.536584,0.766549,-1.686407,-1.533097,-3.832743,-1.303133,-0.383274,0.996513,1.533097,-1.379787,-0.919858,-0.996513,1.073168,0.843203,-0.766549,-0.229965,0.996513,0.919858,-0.689894,0.000000,-2.340455,-4.081276,0.958615,-5.621727,-2.295227,-2.996296,-4.328980,0.373613,0.696471,14.949231,-1.263370,-0.353615,-3.363576,1.316242,2.820163,0.208557,0.031986,3.328480,0.528931,-2.063057,-1.353698,-2.666650,-4.365005,0.890213,-5.381968,-2.222791,-3.110527,-3.795460,0.471011,0.192454,15.424886,-1.192771,0.026536,-3.573201,1.523140,2.850518,0.151430,0.018736,3.415544,0.504062,-2.034758,-1.707898
78,0.111756,-0.377357,0.200381,-0.078718,0.679971,-0.310532,-0.215096,-0.676495,0.029480,-0.023604,1.234166,-0.558019,-0.037772,0.000000,0.000000,0.000000,0.000000,0.000000,0.000000,0.000000,0.000000,0.000000,0.211991,0.344730,-0.086072,-0.427970,0.193925,-0.351502,-2.061497,-0.182960,0.040758,3.677523,-1.613259,0.169981,0.000000,0.000000,0.000000,0.000000,0.000000,0.000000,0.000000,0.000000,0.000000,0.867376,0.396322,-0.339479,0.913438,-0.363886,0.092519,-0.446250,-0.500000,0.276122,0.246388,-0.017786,-0.062291,0.451058,-0.314486,-0.179301,-0.439301,0.017786,0.370621,0.158068,-0.477087,0.194641,-0.133456,0.110447,-0.092039,-0.001534,-0.098175,0.062893,-0.006136,0.030680,0.000000,1.456442,-0.919858,0.076655,-1.916371,-0.459929,-5.825769,-0.689894,-0.229965,0.919858,1.993026,-1.686407,-0.306619,-0.996513,1.073168,0.843203,-0.766549,-0.229965,0.996513,0.919858,-0.689894,0.000000,-2.666650,-4.365005,0.890213,-5.381968,-2.222791,-3.110527,-3.795460,0.471011,0.192454,15.424886,-1.192771,0.026536,-3.573201,1.523140,2.850518,0.151430,0.018736,3.415544,0.504062,-2.034758,-1.707898,-3.213167,-5.012185,1.097833,-4.755518,-2.032046,-3.074581,-2.709784,0.943489,-0.983540,16.099277,-0.962325,0.711859,-3.626526,1.793613,2.606040,0.183014,-0.075146,3.405493,0.568893,-1.985590,-2.326782
79,0.113208,-0.373884,0.205811,-0.079998,0.672981,-0.307364,-0.220606,-0.710543,0.026405,-0.022655,1.294644,-0.584401,-0.034800,0.000000,0.000000,0.000000,0.000000,0.000000,0.000000,0.000000,0.000000,0.000000,0.158977,0.245121,-0.056520,-0.319530,0.144839,-0.248387,-1.511313,-0.111577,0.022682,2.678654,-1.165716,0.099738,0.000000,0.000000,0.000000,0.000000,0.000000,0.000000,0.000000,0.000000,0.000000,0.861168,0.403426,-0.340119,0.909436,-0.377769,0.100860,-0.493019,-0.500000,0.242064,0.278602,-0.043864,-0.057689,0.400437,-0.329825,-0.168563,-0.456175,0.000913,0.393631,0.201020,-0.513903,0.128680,-0.202485,0.170272,0.092039,0.007670,-0.001534,0.285320,0.035282,-0.087437,-0.000000,1.456442,-1.226478,0.383274,-2.146336,-0.613239,1.533097,-0.689894,-0.766549,1.073168,1.916371,-1.763062,-3.219504,-0.076655,0.076655,1.686407,0.536584,0.153310,1.533097,-0.000000,-0.383274,-0.000000,-3.213167,-5.012185,1.097833,-4.755518,-2.032046,-3.074581,-2.709784,0.943489,-0.983540,16.099277,-0.962325,0.711859,-3.626526,1.793613,2.606040,0.183014,-0.075146,3.405493,0.568893,-1.985590,-2.326782,-3.438723,-5.700024,1.293436,-3.960350,-1.587510,-3.068641,-1.476439,1.478235,-2.352450,16.692041,-0.613047,1.750679,-3.791876,2.069835,2.567003,0.150347,-0.420083,3.227319,0.755775,-2.399551,-2.807094
80,0.114659,-0.370998,0.210186,-0.080979,0.667190,-0.304739,-0.225031,-0.736948,0.025017,-0.022696,1.341312,-0.604648,-0.033783,0.000000,0.000000,0.000000,0.000000,0.000000,0.000000,0.000000,0.000000,0.000000,0.136921,0.205598,-0.045346,-0.274557,0.124475,-0.207674,-1.224704,-0.048286,-0.014439,2.160797,-0.935701,0.026418,0.000000,0.000000,0.000000,0.000000,0.000000,0.000000,0.000000,0.000000,0.000000,0.856893,0.409122,-0.339343,0.905648,-0.388048,0.111452,-0.510724,-0.384783,0.193350,0.307748,-0.069942,-0.057689,0.349816,-0.339029,-0.283612,-0.469981,-0.017495,0.408971,0.250107,-0.539981,0.101068,-0.202485,0.170272,0.092039,0.007670,-0.001534,0.285320,0.035282,-0.087437,-0.000000,1.379787,-1.226478,0.076655,-2.376301,-0.459929,-4.599292,-0.689894,-0.766549,0.766549,2.299646,-1.226478,-1.303133,-0.076655,0.076655,1.686407,0.536584,0.153310,1.533097,-0.000000,-0.383274,-0.000000,-3.438723,-5.700024,1.293436,-3.960350,-1.587510,-3.068641,-1.476439,1.478235,-2.352450,16.692041,-0.613047,1.750679,-3.791876,2.069835,2.567003,0.150347,-0.420083,3.227319,0.755775,-2.399551,-2.807094,-3.307297,-6.121074,2.174278,-3.298636,-0.940099,-2.910778,-0.958982,2.751848,-3.791267,16.911858,-0.093906,2.433493,-3.343574,2.485164,2.035755,0.363857,-0.149846,2.433790,0.879385,-2.518415,-3.491780
81,0.116110,-0.368407,0.214035,-0.081812,0.661998,-0.302385,-0.228913,-0.759531,0.024473,-0.023233,1.381075,-0.621829,-0.033743,0.000000,0.000000,0.000000,0.000000,0.000000,0.000000,0.000000,0.000000,0.000000,0.114469,0.167344,-0.035157,-0.228980,0.103833,-0.168477,-0.761876,0.103652,-0.136867,1.334083,-0.575577,-0.169069,0.000000,0.000000,0.000000,0.000000,0.000000,0.000000,0.000000,0.000000,0.000000,0.855083,0.412863,-0.337138,0.902319,-0.393919,0.123950,-0.527570,-0.184641,0.135094,0.338427,-0.102155,-0.054621,0.297660,-0.342097,-0.248330,-0.474583,-0.042039,0.421243,0.297660,-0.564524,0.030505,-0.202485,0.170272,0.092039,0.007670,-0.001534,0.285320,0.035282,-0.087437,-0.000000,1.533097,-1.609752,0.076655,-2.299646,-0.153310,-1.379787,-0.153310,-1.073168,0.613239,2.299646,-1.149823,-2.606265,-0.076655,0.076655,1.686407,0.536584,0.153310,1.533097,-0.000000,-0.383274,-0.000000,-3.307297,-6.121074,2.174278,-3.298636,-0.940099,-2.910778,-0.958982,2.751848,-3.791267,16.911858,-0.093906,2.433493,-3.343574,2.485164,2.035755,0.363857,-0.149846,2.433790,0.879385,-2.518415,-3.491780,-2.654506,-6.214055,2.828256,-2.710006,-0.004841,-2.797597,-0.684183,4.346559,-4.792419,16.791935,0.455089,2.960010,-2.697503,2.924169,1.607087,0.589996,0.281860,1.645860,1.215637,-2.646644,-3.822307
82,0.117562,-0.366419,0.216880,-0.082386,0.658030,-0.300586,-0.231770,-0.767423,0.029163,-0.028171,1.394675,-0.627671,-0.040545,0.000000,0.000000,0.000000,0.000000,0.000000,0.000000,0.000000,0.000000,0.000000,0.086658,0.123958,-0.024958,-0.173000,0.078460,-0.124457,-0.230601,0.257181,-0.257483,0.390631,-0.167753,-0.363794,0.000000,0.000000,0.000000,0.000000,0.000000,0.000000,0.000000,0.000000,0.000000,0.855801,0.414495,-0.333775,0.899552,-0.395219,0.137841,-0.517182,0.004446,0.071679,0.353767,-0.134369,-0.056155,0.243971,-0.342097,-0.374117,-0.485320,-0.063515,0.439651,0.343680,-0.586000,0.002893,-0.202485,0.170272,0.092039,0.007670,-0.001534,0.285320,0.035282,-0.087437,-0.000000,0.766549,-1.379787,0.076655,-2.529610,-0.000000,-1.226478,-0.613239,-1.226478,0.843203,2.222991,-1.149823,-2.912885,-0.076655,0.076655,1.686407,0.536584,0.153310,1.533097,-0.000000,-0.383274,-0.000000,-2.654506,-6.214055,2.828256,-2.710006,-0.004841,-2.797597,-0.684183,4.346559,-4.792419,16.791935,0.455089,2.960010,-2.697503,2.924169,1.607087,0.589996,0.281860,1.645860,1.215637,-2.646644,-3.822307,-2.063934,-6.029522,3.448421,-1.905726,0.801167,-2.138767,-0.754227,5.805997,-5.361987,16.381477,0.995667,3.296062,-1.677289,3.357485,1.163265,0.965784,0.910470,1.011306,1.285099,-2.723359,-3.915032
83,0.119013,-0.364941,0.218993,-0.082810,0.655078,-0.299247,-0.233892,-0.768755,0.034761,-0.033532,1.396701,-0.628539,-0.048295,0.000000,0.000000,0.000000,0.000000,0.000000,0.000000,0.000000,0.000000,0.000000,0.048517,0.069042,-0.013755,-0.096810,0.043908,-0.069276,0.261340,0.325245,-0.289165,-0.477454,0.205366,-0.434824,0.000000,0.000000,0.000000,0.000000,0.000000,0.000000,0.000000,0.000000,0.000000,0.857094,0.414372,-0.331637,0.898471,-0.394217,0.145072,-0.511725,0.099000,0.030026,0.364505,-0.149709,-0.059223,0.211757,-0.342097,-0.364913,-0.486854,-0.077320,0.439651,0.368223,-0.595204,-0.020116,-0.202485,0.170272,0.092039,0.007670,-0.001534,0.285320,0.035282,-0.087437,-0.000000,0.766549,-1.379787,-0.306619,-2.912885,-0.000000,-4.292672,-0.613239,-1.226478,0.843203,2.222991,-0.919858,-1.073168,-0.076655,0.076655,1.686407,0.536584,0.153310,1.533097,-0.000000,-0.383274,-0.000000,-2.063934,-6.029522,3.448421,-1.905726,0.801167,-2.138767,-0.754227,5.805997,-5.361987,16.381477,0.995667,3.296062,-1.677289,3.357485,1.163265,0.965784,0.910470,1.011306,1.285099,-2.723359,-3.915032,-1.527455,-5.567566,3.613039,-1.007024,1.181268,-1.251367,-1.471115,6.363091,-4.984521,14.767936,1.419813,3.477381,-0.849383,3.634687,1.015549,1.271343,1.168260,0.850335,1.035367,-2.851581,-3.425697
84,0.120464,-0.364479,0.219642,-0.082936,0.654158,-0.298829,-0.234542,-0.756969,0.042173,-0.039738,1.375577,-0.619457,-0.057938,0.000000,0.000000,0.000000,0.000000,0.000000,0.000000,0.000000,0.000000,0.000000,0.011337,0.015934,-0.003093,-0.022596,0.010249,-0.015962,0.823206,0.407004,-0.309200,-1.474488,0.636320,-0.508775,0.000000,0.000000,0.000000,0.000000,0.000000,0.000000,0.000000,0.000000,0.000000,0.865308,0.409122,-0.322874,0.896866,-0.383399,0.168081,-0.473727,0.417199,-0.126435,0.398252,-0.181922,-0.066893,0.155000,-0.345165,-0.427806,-0.482253,-0.123340,0.431981,0.437253,-0.612078,-0.121359,-0.202485,0.170272,0.092039,0.007670,-0.001534,0.285320,0.035282,-0.087437,-0.000000,0.919858,-0.689894,-0.766549,-2.222991,-0.613239,1.533097,0.229965,-1.609752,-0.153310,2.222991,-0.613239,-4.982566,-0.076655,0.076655,1.686407,0.536584,0.153310,1.533097,-0.000000,-0.383274,-0.000000,-1.527455,-5.567566,3.613039,-1.007024,1.181268,-1.251367,-1.471115,6.363091,-4.984521,14.767936,1.419813,3.477381,-0.849383,3.634687,1.015549,1.271343,1.168260,0.850335,1.035367,-2.851581,-3.425697,-1.322430,-5.732872,3.686905,0.000147,1.883034,-0.529408,-1.644238,6.579682,-4.390356,13.523218,1.953304,3.689631,-0.430674,3.779222,0.925898,1.534904,1.131504,0.769181,0.759869,-2.920879,-2.993177
85,0.121916,-0.364487,0.219630,-0.082934,0.654175,-0.298837,-0.234530,-0.735827,0.051041,-0.045900,1.337721,-0.603086,-0.068646,0.000000,0.000000,0.000000,0.000000,0.000000,0.000000,0.000000,0.000000,0.000000,-0.006293,-0.008814,0.001699,0.012538,-0.005687,0.008827,1.174074,0.461580,-0.307570,-2.101964,0.909635,-0.548671,0.000000,0.000000,0.000000,0.000000,0.000000,0.000000,0.000000,0.000000,0.000000,0.873284,0.402397,-0.316317,0.897081,-0.370564,0.182545,-0.428330,0.500000,-0.179594,0.432000,-0.200330,-0.065359,0.107447,-0.334427,-0.430874,-0.497592,-0.154019,0.441185,0.466398,-0.621282,-0.181184,-0.202485,0.170272,0.092039,0.007670,-0.001534,0.285320,0.035282,-0.087437,-0.000000,1.686407,-0.919858,0.153310,-1.609752,0.996513,1.226478,-0.383274,-1.456442,0.536584,1.379787,-0.459929,-0.153310,-0.076655,0.076655,1.686407,0.536584,0.153310,1.533097,-0.000000,-0.383274,-0.000000,-1.322430,-5.732872,3.686905,0.000147,1.883034,-0.529408,-1.644238,6.579682,-4.390356,13.523218,1.953304,3.689631,-0.430674,3.779222,0.925898,1.534904,1.131504,0.769181,0.759869,-2.920879,-2.993177,-0.737660,-5.148893,3.320816,0.412832,2.222350,-0.001395,-1.852690,6.306102,-3.774125,11.330312,2.257548,3.338542,-0.079212,3.605058,0.828054,1.679373,1.171016,0.522992,0.533372,-2.642561,-2.445314
86,0.123367,-0.364731,0.219289,-0.082868,0.654660,-0.299057,-0.234188,-0.710006,0.060636,-0.052040,1.291499,-0.583071,-0.079885,0.000000,0.000000,0.000000,0.000000,0.000000,0.000000,0.000000,0.000000,0.000000,-0.031786,-0.044926,0.008825,0.063384,-0.028749,0.045039,1.921090,0.566580,-0.262720,-3.449905,1.506120,-0.605290,0.000000,0.000000,0.000000,0.000000,0.000000,0.000000,0.000000,0.000000,0.000000,0.877375,0.398256,-0.312454,0.897489,-0.364122,0.189485,-0.423515,0.500000,-0.249459,0.436602,-0.214136,-0.063825,0.092107,-0.337495,-0.410932,-0.511398,-0.169359,0.438117,0.483272,-0.625884,-0.244078,-0.202485,0.170272,0.092039,0.007670,-0.001534,0.285320,0.035282,-0.087437,-0.000000,0.996513,-0.919858,0.153310,-2.069681,-0.229965,1.226478,-0.383274,-1.456442,0.536584,1.379787,-0.383274,-5.135876,-0.076655,0.076655,1.686407,0.536584,0.153310,1.533097,-0.000000,-0.383274,-0.000000,-0.737660,-5.148893,3.320816,0.412832,2.222350,-0.001395,-1.852690,6.306102,-3.774125,11.330312,2.257548,3.338542,-0.079212,3.605058,0.828054,1.679373,1.171016,0.522992,0.533372,-2.642561,-2.445314,-0.518572,-4.467612,3.038032,0.132021,2.109499,0.263741,-2.290486,5.357329,-2.411145,10.499323,2.281540,2.863108,0.038144,3.226366,0.892033,1.609631,0.898933,0.763738,0.152255,-2.599417,-1.675461
87,0.124819,-0.365759,0.217833,-0.082581,0.656710,-0.299987,-0.232729,-0.658983,0.073704,-0.056409,1.199725,-0.542841,-0.092857,0.000000,0.000000,0.000000,0.000000,0.000000,0.000000,0.000000,0.000000,0.000000,-0.051130,-0.072592,0.014393,0.102001,-0.046264,0.072815,2.494313,0.605340,-0.175449,-4.488823,1.971310,-0.587540,0.000000,0.000000,0.000000,0.000000,0.000000,0.000000,0.000000,0.000000,0.000000,0.884909,0.388167,-0.302616,0.899284,-0.354062,0.201531,-0.396860,0.500000,-0.390505,0.441204,-0.221806,-0.065359,0.036884,-0.352835,-0.502971,-0.516000,-0.198505,0.447320,0.510884,-0.627418,-0.245612,-0.237767,0.115049,0.288388,0.024544,-0.012272,0.411107,0.076699,-0.107379,0.000000,0.153310,-0.229965,0.536584,-1.839717,-0.613239,-1.763062,-0.076655,-1.303133,0.459929,1.149823,-0.153310,-1.379787,-0.306619,0.076655,0.996513,0.229965,0.076655,0.459929,1.073168,-0.153310,0.000000,-0.518572,-4.467612,3.038032,0.132021,2.109499,0.263741,-2.290486,5.357329,-2.411145,10.499323,2.281540,2.863108,0.038144,3.226366,0.892033,1.609631,0.898933,0.763738,0.152255,-2.599417,-1.675461,-0.646286,-4.785106,3.389154,-0.001717,2.152885,0.289187,-2.021073,5.153484,-2.483139,10.595890,2.298631,2.763623,0.294363,3.135629,0.861597,1.803169,0.948384,0.499356,0.295000,-2.813043,-1.634018
88,0.126270,-0.366776,0.216385,-0.082292,0.658740,-0.300907,-0.231276,-0.610233,0.084850,-0.059058,1.111946,-0.504219,-0.103387,0.000000,0.000000,0.000000,0.000000,0.000000,0.000000,0.000000,0.000000,0.000000,-0.050317,-0.072003,0.014508,0.100458,-0.045560,0.072296,2.323788,0.461195,-0.046553,-4.189178,1.850720,-0.404326,0.000000,0.000000,0.000000,0.000000,0.000000,0.000000,0.000000,0.000000,0.000000,0.891511,0.375812,-0.290081,0.902464,-0.347938,0.210535,-0.380151,0.430143,-0.546426,0.441204,-0.243282,-0.068427,-0.013738,-0.349767,-0.486097,-0.503728,-0.230718,0.431981,0.558437,-0.627418,-0.346854,-0.237767,0.115049,0.288388,0.024544,-0.012272,0.411107,0.076699,-0.107379,0.000000,0.000000,-0.919858,-0.689894,-2.529610,0.076655,-2.912885,0.613239,-1.379787,-0.766549,2.146336,0.000000,-2.222991,-0.306619,0.076655,0.996513,0.229965,0.076655,0.459929,1.073168,-0.153310,0.000000,-0.646286,-4.785106,3.389154,-0.001717,2.152885,0.289187,-2.021073,5.153484,-2.483139,10.595890,2.298631,2.763623,0.294363,3.135629,0.861597,1.803169,0.948384,0.499356,0.295000,-2.813043,-1.634018,-1.238472,-5.496689,3.636661,0.288966,2.326131,-0.076205,-0.585763,5.765526,-3.537028,10.682934,2.101115,2.836503,0.443935,3.210847,0.685662,2.221405,1.093501,-0.168422,0.938346,-3.463484,-2.314322
89,0.127721,-0.367771,0.214953,-0.082000,0.660728,-0.301809,-0.229837,-0.566032,0.092152,-0.058271,1.032158,-0.468812,-0.109030,0.000000,0.000000,0.000000,0.000000,0.000000,0.000000,0.000000,0.000000,0.000000,-0.049520,-0.071612,0.014735,0.098962,-0.044877,0.071999,2.157147,0.296514,0.083886,-3.894898,1.733098,-0.205945,0.000000,0.000000,0.000000,0.000000,0.000000,0.000000,0.000000,0.000000,0.000000,0.897190,0.361382,-0.274634,0.906702,-0.345870,0.217473,-0.363934,0.300832,-0.697384,0.441204,-0.247884,-0.060757,-0.090437,-0.349767,-0.519845,-0.492990,-0.252194,0.442719,0.595253,-0.627418,-0.356058,-0.237767,0.115049,0.288388,0.024544,-0.012272,0.411107,0.076699,-0.107379,0.000000,0.000000,-0.459929,0.076655,-2.452955,-0.000000,1.993026,0.536584,-0.996513,0.459929,1.839717,0.000000,-4.062707,-0.306619,0.076655,0.996513,0.229965,0.076655,0.459929,1.073168,-0.153310,0.000000,-1.238472,-5.496689,3.636661,0.288966,2.326131,-0.076205,-0.585763,5.765526,-3.537028,10.682934,2.101115,2.836503,0.443935,3.210847,0.685662,2.221405,1.093501,-0.168422,0.938346,-3.463484,-2.314322,-1.936591,-5.832531,3.383504,1.275210,2.851844,0.203381,1.067579,6.751649,-4.435457,10.338302,1.963274,2.959114,0.182390,3.281804,0.470520,2.497328,1.317962,-0.633616,1.730290,-4.394804,-3.253266
90,0.129173,-0.368756,0.213521,-0.081703,0.662698,-0.302702,-0.228396,-0.523948,0.096711,-0.055703,0.956150,-0.434895,-0.111625,0.000000,0.000000,0.000000,0.000000,0.000000,0.000000,0.000000,0.000000,0.000000,-0.049134,-0.071614,0.014961,0.098260,-0.044557,0.072071,2.077740,0.193643,0.150651,-3.753176,1.677283,-0.091591,0.000000,0.000000,0.000000,0.000000,0.000000,0.000000,0.000000,0.000000,0.000000,0.900964,0.346549,-0.257742,0.911520,-0.349045,0.221437,-0.339843,0.124939,-0.717383,0.436602,-0.250951,-0.065359,-0.156398,-0.351301,-0.536719,-0.486854,-0.281340,0.439651,0.610592,-0.627418,-0.437359,-0.237767,0.115049,0.288388,0.024544,-0.012272,0.411107,0.076699,-0.107379,0.000000,-0.153310,0.076655,-0.229965,-4.062707,-0.000000,0.076655,0.306619,-1.303133,0.153310,0.766549,0.000000,0.536584,-0.306619,0.076655,0.996513,0.229965,0.076655,0.459929,1.073168,-0.153310,0.000000,-1.936591,-5.832531,3.383504,1.275210,2.851844,0.203381,1.067579,6.751649,-4.435457,10.338302,1.963274,2.959114,0.182390,3.281804,0.470520,2.497328,1.317962,-0.633616,1.730290,-4.394804,-3.253266,-2.647406,-5.278423,2.643182,2.277589,3.165334,0.489159,2.931102,7.080563,-4.978155,8.232440,1.714290,2.732409,0.159533,3.209990,0.346700,2.795789,1.429441,-1.361611,2.570686,-5.252904,-3.800873
91,0.130624,-0.369737,0.212089,-0.081402,0.664659,-0.303591,-0.226954,-0.482922,0.099898,-0.052245,0.882031,-0.401721,-0.112694,0.000000,0.000000,0.000000,0.000000,0.000000,0.000000,0.000000,0.000000,0.000000,-0.200865,-0.311743,0.072628,0.403926,-0.183087,0.316147,1.281371,-0.177698,0.247193,-2.293181,1.027214,0.275345,0.000000,0.000000,0.000000,0.000000,0.000000,0.000000,0.000000,0.000000,0.000000,0.902443,0.333380,-0.241214,0.915797,-0.356947,0.223993,-0.341932,0.013425,-0.693010,0.433534,-0.255553,-0.048485,-0.207019,-0.360505,-0.535185,-0.491456,-0.285942,0.436583,0.641272,-0.627418,-0.446563,-0.237767,0.115049,0.288388,0.024544,-0.012272,0.411107,0.076699,-0.107379,0.000000,-0.153310,-0.383274,0.843203,-2.606265,-0.459929,-0.229965,-0.153310,-0.229965,-0.536584,1.533097,0.000000,-4.752601,-0.306619,0.076655,0.996513,0.229965,0.076655,0.459929,1.073168,-0.153310,0.000000,-2.647406,-5.278423,2.643182,2.277589,3.165334,0.489159,2.931102,7.080563,-4.978155,8.232440,1.714290,2.732409,0.159533,3.209990,0.346700,2.795789,1.429441,-1.361611,2.570686,-5.252904,-3.800873,-2.790312,-4.869598,2.332396,3.403728,3.724028,0.658359,3.577668,7.226223,-4.415318,6.313245,2.047731,2.416631,0.190014,3.259220,0.320473,2.914187,1.283759,-1.596496,2.659448,-5.540570,-3.539514
92,0.132075,-0.376791,0.201051,-0.078798,0.678855,-0.310026,-0.215750,-0.472693,0.089603,-0.045815,0.864422,-0.393806,-0.100611,0.000000,0.000000,0.000000,0.000000,0.000000,0.000000,0.000000,0.000000,0.000000,-0.393913,-0.649270,0.164874,0.795680,-0.360525,0.663069,0.426476,-0.613325,0.360314,-0.723325,0.325130,0.709612,0.000000,0.000000,0.000000,0.000000,0.000000,0.000000,0.000000,0.000000,0.000000,0.902466,0.321776,-0.225789,0.919539,-0.366844,0.225628,-0.334662,-0.048871,-0.624459,0.428932,-0.255553,-0.063825,-0.249971,-0.362039,-0.562796,-0.492990,-0.293612,0.438117,0.642806,-0.627418,-0.497185,-0.237767,0.115049,0.288388,0.024544,-0.012272,0.411107,0.076699,-0.107379,0.000000,-0.076655,0.000000,-0.919858,-2.376301,-0.153310,-1.303133,-0.076655,-0.383274,0.306619,0.306619,0.000000,0.843203,-0.306619,0.076655,0.996513,0.229965,0.076655,0.459929,1.073168,-0.153310,0.000000,-2.790312,-4.869598,2.332396,3.403728,3.724028,0.658359,3.577668,7.226223,-4.415318,6.313245,2.047731,2.416631,0.190014,3.259220,0.320473,2.914187,1.283759,-1.596496,2.659448,-5.540570,-3.539514,-2.218805,-3.375542,1.009946,4.308505,3.812792,0.828441,3.634913,6.523988,-3.225395,3.176026,2.504053,1.897867,0.355977,3.433816,0.348329,2.942683,0.874441,-1.582230,2.658939,-5.561492,-2.849361
93,0.133527,-0.385493,0.186118,-0.074807,0.696486,-0.318012,-0.200431,-0.465863,0.075365,-0.037832,0.853098,-0.388716,-0.084310,0.000000,0.000000,0.000000,0.000000,0.000000,0.000000,0.000000,0.000000,0.000000,-0.517482,-0.941476,0.268840,1.053260,-0.476936,0.971693,0.171515,-0.909063,0.476829,-0.252056,0.113288,1.025978,0.000000,0.000000,0.000000,0.000000,0.000000,0.000000,0.000000,0.000000,0.000000,0.902138,0.316741,-0.218818,0.921090,-0.371841,0.226424,-0.338514,-0.063774,-0.565907,0.425864,-0.255553,-0.066893,-0.266845,-0.362039,-0.565864,-0.503728,-0.295146,0.431981,0.641272,-0.628952,-0.524796,-0.237767,0.115049,0.288388,0.024544,-0.012272,0.411107,0.076699,-0.107379,0.000000,-0.383274,0.000000,-0.919858,-1.993026,-0.000000,-1.303133,-0.076655,-0.383274,-0.383274,0.306619,-0.076655,-3.372814,-0.306619,0.076655,0.996513,0.229965,0.076655,0.459929,1.073168,-0.153310,0.000000,-2.218805,-3.375542,1.009946,4.308505,3.812792,0.828441,3.634913,6.523988,-3.225395,3.176026,2.504053,1.897867,0.355977,3.433816,0.348329,2.942683,0.874441,-1.582230,2.658939,-5.561492,-2.849361,-0.720349,-1.569904,0.297503,4.237126,3.676503,1.004509,3.053247,4.642930,-1.070082,0.838615,3.457772,0.972235,0.054081,3.395431,0.216474,3.332351,0.827797,-1.515319,1.844758,-4.849707,-2.273633
94,0.134978,-0.397490,0.163392,-0.068044,0.720986,-0.329103,-0.176882,-0.465832,0.053240,-0.026742,0.854340,-0.389275,-0.059572,0.000000,0.000000,0.000000,0.000000,0.000000,0.000000,0.000000,0.000000,0.000000,-0.571134,-1.201958,0.389248,1.172601,-0.530589,1.257297,0.061169,-1.173965,0.589145,-0.058328,0.026246,1.313112,0.000000,0.000000,0.000000,0.000000,0.000000,0.000000,0.000000,0.000000,0.000000,0.901500,0.308223,-0.206522,0.923280,-0.380323,0.229242,-0.341683,-0.045445,-0.453271,0.427398,-0.263223,-0.048485,-0.294456,-0.362039,-0.547456,-0.506796,-0.301282,0.431981,0.644340,-0.628952,-0.529398,-0.119650,0.187146,0.317534,0.128854,0.059825,0.355884,0.036816,-0.128854,-0.000000,0.076655,-0.383274,0.459929,-1.149823,-0.000000,0.613239,-0.076655,-0.153310,0.000000,0.153310,0.000000,-0.689894,1.379787,0.536584,-0.229965,0.613239,1.149823,-0.919858,-0.766549,-0.153310,-0.000000,-0.720349,-1.569904,0.297503,4.237126,3.676503,1.004509,3.053247,4.642930,-1.070082,0.838615,3.457772,0.972235,0.054081,3.395431,0.216474,3.332351,0.827797,-1.515319,1.844758,-4.849707,-2.273633,1.562315,0.157991,-0.047669,1.438704,4.480407,0.035748,3.370219,2.090985,0.871473,-0.686375,3.064057,0.949025,-0.494927,2.401472,0.702752,4.388582,1.523628,-0.770500,1.054301,-3.840267,-3.274542
95,0.136430,-0.408338,0.138039,-0.059237,0.743390,-0.339236,-0.150139,-0.463416,0.028406,-0.014266,0.850765,-0.387666,-0.031785,0.000000,0.000000,0.000000,0.000000,0.000000,0.000000,0.000000,0.000000,0.000000,-0.528041,-1.300472,0.465892,1.094031,-0.494654,1.377078,0.150611,-1.275578,0.641103,-0.239000,0.107527,1.427445,0.000000,0.000000,0.000000,0.000000,0.000000,0.000000,0.000000,0.000000,0.000000,0.901819,0.300671,-0.196071,0.924755,-0.385069,0.233290,-0.308588,-0.000467,-0.377769,0.428932,-0.264757,-0.050019,-0.320534,-0.352835,-0.565864,-0.508330,-0.301282,0.424311,0.645874,-0.622816,-0.569282,-0.119650,0.187146,0.317534,0.128854,0.059825,0.355884,0.036816,-0.128854,-0.000000,0.000000,-0.076655,0.459929,-1.149823,0.306619,-0.000000,-0.076655,-0.229965,-0.383274,0.076655,0.076655,-1.149823,1.379787,0.536584,-0.229965,0.613239,1.149823,-0.919858,-0.766549,-0.153310,-0.000000,1.562315,0.157991,-0.047669,1.438704,4.480407,0.035748,3.370219,2.090985,0.871473,-0.686375,3.064057,0.949025,-0.494927,2.401472,0.702752,4.388582,1.523628,-0.770500,1.054301,-3.840267,-3.274542,3.032029,-0.497323,1.876417,-3.070706,6.129806,-1.615111,5.492582,0.170052,1.276606,2.127779,2.200939,2.196249,-1.608755,1.406039,1.882280,5.721245,3.625771,-0.509585,0.858402,-2.950185,-6.561505
96,0.137881,-0.418612,0.111373,-0.049408,0.764747,-0.348890,-0.121799,-0.459808,0.002217,-0.001098,0.844780,-0.384974,-0.002474,0.000000,0.000000,0.000000,0.000000,0.000000,0.000000,0.000000,0.000000,0.000000,-0.449884,-1.494633,0.599180,0.941283,-0.425223,1.608058,0.333376,-1.477192,0.720448,-0.609916,0.274608,1.643487,0.000000,0.000000,0.000000,0.000000,0.000000,0.000000,0.000000,0.000000,0.000000,0.903754,0.289714,-0.182454,0.926650,-0.387220,0.239553,-0.273884,0.064160,-0.396445,0.428932,-0.277029,-0.025476,-0.354281,-0.342097,-0.530583,-0.508330,-0.298214,0.410505,0.645874,-0.609010,-0.592291,-0.119650,0.187146,0.317534,0.128854,0.059825,0.355884,0.036816,-0.128854,-0.000000,0.000000,-0.306619,0.843203,-0.996513,0.459929,1.763062,-0.000000,0.076655,-0.306619,0.000000,0.459929,-0.689894,1.379787,0.536584,-0.229965,0.613239,1.149823,-0.919858,-0.766549,-0.153310,-0.000000,3.032029,-0.497323,1.876417,-3.070706,6.129806,-1.615111,5.492582,0.170052,1.276606,2.127779,2.200939,2.196249,-1.608755,1.406039,1.882280,5.721245,3.625771,-0.509585,0.858402,-2.950185,-6.561505,1.052956,-10.130562,2.043772,0.453176,6.443211,-4.000785,7.457630,6.683075,-4.719640,9.392447,3.803421,5.978295,-1.114973,3.442900,1.074861,4.586332,3.777413,-1.638654,3.689917,-4.009553,-7.591419
97,0.139332,-0.426334,0.078254,-0.035270,0.781041,-0.356245,-0.085817,-0.450081,-0.030682,0.014552,0.826368,-0.376682,0.033954,0.000000,0.000000,0.000000,0.000000,0.000000,0.000000,0.000000,0.000000,0.000000,-0.340392,-1.557914,0.670472,0.718626,-0.324380,1.694903,0.477205,-1.549390,0.728908,-0.908451,0.409207,1.712127,0.000000,0.000000,0.000000,0.000000,0.000000,0.000000,0.000000,0.000000,0.000000,0.904928,0.285419,-0.177606,0.927352,-0.386732,0.241978,-0.258883,0.085430,-0.438263,0.428932,-0.278563,-0.022408,-0.365019,-0.334427,-0.536719,-0.508330,-0.298214,0.401301,0.645874,-0.607476,-0.604563,-0.119650,0.187146,0.317534,0.128854,0.059825,0.355884,0.036816,-0.128854,-0.000000,0.000000,-0.306619,0.843203,-0.996513,0.306619,-0.306619,-0.000000,0.153310,-0.689894,0.000000,0.459929,-0.689894,1.379787,0.536584,-0.229965,0.613239,1.149823,-0.919858,-0.766549,-0.153310,-0.000000,1.052956,-10.130562,2.043772,0.453176,6.443211,-4.000785,7.457630,6.683075,-4.719640,9.392447,3.803421,5.978295,-1.114973,3.442900,1.074861,4.586332,3.777413,-1.638654,3.689917,-4.009553,-7.591419,-1.523014,-11.569032,-0.218233,3.972027,7.510822,-3.727019,7.206469,9.580444,-9.349264,6.553020,2.961558,6.321394,0.247710,5.512577,0.610706,3.670569,1.169230,-2.723635,6.330937,-4.979067,-6.490641
98,0.140784,-0.432228,0.049057,-0.022589,0.793492,-0.361865,-0.054003,-0.440720,-0.059759,0.028058,0.808442,-0.368605,0.066011,0.000000,0.000000,0.000000,0.000000,0.000000,0.000000,0.000000,0.000000,0.000000,-0.203301,-1.263785,0.561131,0.430347,-0.194205,1.382280,0.449836,-1.262761,0.568216,-0.871967,0.393041,1.384254,0.000000,0.000000,0.000000,0.000000,0.000000,0.000000,0.000000,0.000000,0.000000,0.908045,0.275196,-0.166847,0.929140,-0.384209,0.246914,-0.224341,0.129302,-0.527750,0.428932,-0.278563,-0.019340,-0.381893,-0.314486,-0.521379,-0.502194,-0.285942,0.382893,0.656612,-0.589068,-0.621437,-0.119650,0.187146,0.317534,0.128854,0.059825,0.355884,0.036816,-0.128854,-0.000000,0.000000,-0.076655,0.229965,-1.073168,0.919858,0.843203,0.153310,0.536584,-0.843203,0.306619,0.383274,-1.073168,1.379787,0.536584,-0.229965,0.613239,1.149823,-0.919858,-0.766549,-0.153310,-0.000000,-1.523014,-11.569032,-0.218233,3.972027,7.510822,-3.727019,7.206469,9.580444,-9.349264,6.553020,2.961558,6.321394,0.247710,5.512577,0.610706,3.670569,1.169230,-2.723635,6.330937,-4.979067,-6.490641,-1.900169,-8.352153,-1.058938,6.086647,6.045184,-1.176621,5.394832,8.598231,-6.771164,2.713455,2.812791,5.328287,0.872976,4.740204,-0.111550,3.000957,0.287477,-2.108813,5.782570,-4.443453,-3.873725
99,0.142235,-0.434466,0.027703,-0.012825,0.798255,-0.364013,-0.030526,-0.432088,-0.081192,0.037280,0.791489,-0.360960,0.089325,0.000000,0.000000,0.000000,0.000000,0.000000,0.000000,0.000000,0.000000,0.000000,-0.079069,-1.015262,0.466627,0.168294,-0.075908,1.117250,0.415860,-1.021077,0.428412,-0.823171,0.371367,1.106137,0.000000,0.000000,0.000000,0.000000,0.000000,0.000000,0.000000,0.000000,0.000000,0.912260,0.262498,-0.154428,0.931430,-0.379386,0.252058,-0.188764,0.201193,-0.632409,0.427398,-0.283165,-0.007068,-0.383427,-0.293010,-0.495301,-0.485320,-0.270602,0.356816,0.685758,-0.570660,-0.635243,-0.119650,0.187146,0.317534,0.128854,0.059825,0.355884,0.036816,-0.128854,-0.000000,-0.076655,-0.229965,0.536584,-0.076655,0.843203,1.149823,0.613239,0.766549,-1.073168,1.303133,0.689894,-0.613239,1.379787,0.536584,-0.229965,0.613239,1.149823,-0.919858,-0.766549,-0.153310,-0.000000,-1.900169,-8.352153,-1.058938,6.086647,6.045184,-1.176621,5.394832,8.598231,-6.771164,2.713455,2.812791,5.328287,0.872976,4.740204,-0.111550,3.000957,0.287477,-2.108813,5.782570,-4.443453,-3.873725,-1.207889,-5.095509,-2.310019,6.806338,5.120268,0.053414,3.348867,7.004133,-3.667434,0.508370,2.982347,3.756680,1.164545,4.250483,-0.357444,2.451066,-0.172464,-1.503665,4.716523,-4.435953,-2.040138
100,0.143687,-0.435390,0.008446,-0.003924,0.800224,-0.364901,-0.009313,-0.424085,-0.100602,0.045195,0.775515,-0.353751,0.110257,0.000000,0.000000,0.000000,0.000000,0.000000,0.000000,0.000000,0.000000,0.000000,-0.029811,-0.936609,0.434213,0.063494,-0.028638,1.032332,0.392264,-0.945184,0.379399,-0.786462,0.355021,1.016840,0.000000,0.000000,0.000000,0.000000,0.000000,0.000000,0.000000,0.000000,0.000000,0.917629,0.246859,-0.139899,0.934180,-0.372002,0.257618,-0.171350,0.277578,-0.748987,0.425864,-0.275495,-0.004000,-0.394165,-0.259262,-0.484563,-0.445437,-0.255262,0.329204,0.702631,-0.558388,-0.652117,-0.119650,0.187146,0.317534,0.128854,0.059825,0.355884,0.036816,-0.128854,-0.000000,0.000000,0.383274,0.153310,-0.459929,1.303133,0.459929,1.533097,0.766549,-1.303133,0.919858,0.689894,-0.766549,1.379787,0.536584,-0.229965,0.613239,1.149823,-0.919858,-0.766549,-0.153310,-0.000000,-1.207889,-5.095509,-2.310019,6.806338,5.120268,0.053414,3.348867,7.004133,-3.667434,0.508370,2.982347,3.756680,1.164545,4.250483,-0.357444,2.451066,-0.172464,-1.503665,4.716523,-4.435953,-2.040138,-0.916342,-3.376033,-2.456177,6.957432,3.920421,0.512522,3.017437,5.903600,-2.089225,-0.140142,3.174595,2.588383,0.997100,3.810808,-0.670415,2.271910,-0.661212,-1.525827,4.029054,-4.051405,-1.319649
101,0.145138,-0.435658,-0.009762,0.004544,0.800795,-0.365159,0.010767,-0.416397,-0.118999,0.052456,0.760031,-0.346759,0.129998,0.000000,0.000000,0.000000,0.000000,0.000000,0.000000,0.000000,0.000000,0.000000,-0.270820,-0.879426,0.421409,0.486036,-0.219025,0.975182,0.390426,-0.956089,0.362613,-0.797912,0.360477,1.020101,0.000000,0.000000,0.000000,0.000000,0.000000,0.000000,0.000000,0.000000,0.000000,0.923247,0.228636,-0.122942,0.937212,-0.364005,0.263361,-0.148823,0.273560,-0.860211,0.384447,-0.264757,0.003670,-0.400301,-0.225515,-0.450816,-0.422427,-0.227651,0.306194,0.708767,-0.533845,-0.656719,0.003068,0.208621,0.190214,0.240835,0.056757,0.125786,0.090505,-0.208621,0.000000,-0.766549,0.229965,0.383274,-0.306619,1.609752,1.073168,1.686407,0.919858,-1.149823,0.613239,1.149823,-0.229965,0.229965,0.076655,-1.149823,0.843203,0.613239,-1.916371,0.306619,-0.459929,0.000000,-0.916342,-3.376033,-2.456177,6.957432,3.920421,0.512522,3.017437,5.903600,-2.089225,-0.140142,3.174595,2.588383,0.997100,3.810808,-0.670415,2.271910,-0.661212,-1.525827,4.029054,-4.051405,-1.319649,0.715788,-1.387205,-2.799104,6.058451,3.554657,0.661390,2.982390,4.272633,-0.508695,-1.662528,3.128739,1.788509,0.165181,2.759492,-0.685299,3.139522,-1.438471,-1.032163,3.092738,-3.435560,-2.051152
102,0.146589,-0.446223,-0.026731,0.012932,0.819665,-0.373662,0.029694,-0.408468,-0.138845,0.059699,0.743599,-0.339332,0.151061,0.000000,0.000000,0.000000,0.000000,0.000000,0.000000,0.000000,0.000000,0.000000,-0.693014,-0.742949,0.381473,1.243356,-0.559653,0.835202,0.377364,-0.924734,0.333392,-0.781251,0.353185,0.979864,0.000000,0.000000,0.000000,0.000000,0.000000,0.000000,0.000000,0.000000,0.000000,0.927477,0.208831,-0.104012,0.940844,-0.359121,0.266837,-0.095848,0.228992,-0.906087,0.338427,-0.252485,0.000602,-0.407971,-0.193301,-0.424738,-0.394816,-0.215379,0.272447,0.708767,-0.489359,-0.664388,0.003068,0.208621,0.190214,0.240835,0.056757,0.125786,0.090505,-0.208621,0.000000,-1.916371,0.459929,-0.153310,-0.306619,1.533097,1.839717,0.306619,0.919858,-0.996513,0.000000,1.839717,-0.383274,0.229965,0.076655,-1.149823,0.843203,0.613239,-1.916371,0.306619,-0.459929,0.000000,0.715788,-1.387205,-2.799104,6.058451,3.554657,0.661390,2.982390,4.272633,-0.508695,-1.662528,3.128739,1.788509,0.165181,2.759492,-0.685299,3.139522,-1.438471,-1.032163,3.092738,-3.435560,-2.051152,3.843666,1.530168,-0.963141,1.095421,3.518167,-0.003822,3.011128,2.181065,1.838578,-3.330485,2.768512,2.096171,-0.926063,0.402886,-0.173085,5.703477,-0.322778,-0.623778,1.275503,-2.602037,-4.030443
103,0.148041,-0.463379,-0.039480,0.019803,0.850529,-0.387545,0.044175,-0.401303,-0.155989,0.065792,0.728781,-0.332632,0.169193,0.000000,0.000000,0.000000,0.000000,0.000000,0.000000,0.000000,0.000000,0.000000,-1.187319,-0.426419,0.267669,2.142899,-0.963107,0.501803,0.320101,-0.722068,0.247075,-0.660215,0.298597,0.760081,0.000000,0.000000,0.000000,0.000000,0.000000,0.000000,0.000000,0.000000,0.000000,0.929104,0.198703,-0.094335,0.942831,-0.357584,0.267558,-0.055826,0.226008,-0.936259,0.316951,-0.232544,0.002136,-0.421777,-0.171825,-0.404796,-0.359534,-0.200039,0.252505,0.708767,-0.464816,-0.662854,0.003068,0.208621,0.190214,0.240835,0.056757,0.125786,0.090505,-0.208621,0.000000,-1.993026,1.149823,-0.153310,-0.306619,1.686407,1.303133,2.759575,1.226478,-1.839717,0.000000,1.839717,-0.383274,0.229965,0.076655,-1.149823,0.843203,0.613239,-1.916371,0.306619,-0.459929,0.000000,3.843666,1.530168,-0.963141,1.095421,3.518167,-0.003822,3.011128,2.181065,1.838578,-3.330485,2.768512,2.096171,-0.926063,0.402886,-0.173085,5.703477,-0.322778,-0.623778,1.275503,-2.602037,-4.030443,5.846905,0.908464,3.378954,-2.262654,4.954727,-1.258907,5.021566,2.077253,0.249561,-1.121395,3.527099,2.902520,-2.718582,-0.572732,1.135301,8.775942,2.344732,-0.858910,-0.848997,-2.269416,-7.500403
104,0.149492,-0.493716,-0.043788,0.023639,0.905381,-0.412186,0.049766,-0.395664,-0.167728,0.069582,0.717190,-0.327388,0.181464,0.000000,0.000000,0.000000,0.000000,0.000000,0.000000,0.000000,0.000000,0.000000,-1.693433,-0.127913,0.159606,3.059863,-1.371152,0.189134,0.274557,-0.550114,0.172163,-0.562863,0.254723,0.573071,0.000000,0.000000,0.000000,0.000000,0.000000,0.000000,0.000000,0.000000,0.000000,0.932010,0.177202,-0.074569,0.947418,-0.354678,0.266456,0.032402,0.244931,-1.000000,0.258660,-0.209534,-0.004000,-0.429447,-0.131942,-0.372583,-0.290505,-0.175495,0.227961,0.710301,-0.409592,-0.662854,0.003068,0.208621,0.190214,0.240835,0.056757,0.125786,0.090505,-0.208621,0.000000,-2.759575,1.226478,-0.153310,-0.843203,1.839717,1.533097,3.372814,1.073168,-1.303133,0.076655,2.376301,-0.000000,0.229965,0.076655,-1.149823,0.843203,0.613239,-1.916371,0.306619,-0.459929,0.000000,5.846905,0.908464,3.378954,-2.262654,4.954727,-1.258907,5.021566,2.077253,0.249561,-1.121395,3.527099,2.902520,-2.718582,-0.572732,1.135301,8.775942,2.344732,-0.858910,-0.848997,-2.269416,-7.500403,2.019359,-5.674114,2.357920,0.107826,5.828105,-1.407783,5.900477,5.829626,-4.711680,3.353912,2.237778,4.315430,-0.993179,1.130940,1.543065,6.889878,2.848782,-1.287363,2.422915,-2.769399,-7.078116
105,0.150943,-0.531116,-0.044596,0.026187,0.972924,-0.442391,0.051741,-0.390320,-0.177993,0.072678,0.706266,-0.322443,0.192116,0.000000,0.000000,0.000000,0.000000,0.000000,0.000000,0.000000,0.000000,0.000000,-1.958291,0.003320,0.111315,3.535753,-1.579756,0.053528,0.263502,-0.494844,0.146111,-0.537866,0.243500,0.512335,0.000000,0.000000,0.000000,0.000000,0.000000,0.000000,0.000000,0.000000,0.000000,0.934505,0.154948,-0.054526,0.951971,-0.351749,0.264089,0.061545,0.268767,-1.000000,0.208039,-0.188058,-0.010136,-0.449388,-0.090524,-0.332699,-0.244486,-0.154019,0.200350,0.707233,-0.388117,-0.653651,0.003068,0.208621,0.190214,0.240835,0.056757,0.125786,0.090505,-0.208621,0.000000,-2.529610,0.843203,-0.383274,-0.536584,1.609752,1.993026,2.376301,0.919858,-1.149823,0.153310,0.919858,0.536584,0.229965,0.076655,-1.149823,0.843203,0.613239,-1.916371,0.306619,-0.459929,0.000000,2.019359,-5.674114,2.357920,0.107826,5.828105,-1.407783,5.900477,5.829626,-4.711680,3.353912,2.237778,4.315430,-0.993179,1.130940,1.543065,6.889878,2.848782,-1.287363,2.422915,-2.769399,-7.078116,-1.939798,-7.676435,-1.382767,5.062247,5.138146,-1.226866,4.954222,7.631769,-6.631741,2.079400,1.320258,4.557758,0.121020,4.174161,0.612286,3.333272,0.962569,-1.000640,5.472520,-4.179102,-3.850837
106,0.152395,-0.572048,-0.043655,0.028091,1.046811,-0.475377,0.051907,-0.385124,-0.187522,0.075427,0.695676,-0.317648,0.201957,0.000000,0.000000,0.000000,0.000000,0.000000,0.000000,0.000000,0.000000,0.000000,-2.415137,0.145325,0.043878,4.343417,-1.927250,-0.097342,0.279753,-0.484210,0.130963,-0.567551,0.257068,0.497143,0.000000,0.000000,0.000000,0.000000,0.000000,0.000000,0.000000,0.000000,0.000000,0.936386,0.133804,-0.035560,0.955888,-0.349165,0.261486,0.097938,0.293743,-0.941860,0.177359,-0.161981,-0.020874,-0.447854,-0.046039,-0.294350,-0.207670,-0.120272,0.175806,0.684224,-0.331359,-0.642913,0.003068,0.208621,0.190214,0.240835,0.056757,0.125786,0.090505,-0.208621,0.000000,-2.146336,1.226478,-0.536584,0.229965,2.299646,1.456442,1.686407,1.686407,-1.073168,-1.073168,2.836230,0.536584,0.229965,0.076655,-1.149823,0.843203,0.613239,-1.916371,0.306619,-0.459929,0.000000,-1.939798,-7.676435,-1.382767,5.062247,5.138146,-1.226866,4.954222,7.631769,-6.631741,2.079400,1.320258,4.557758,0.121020,4.174161,0.612286,3.333272,0.962569,-1.000640,5.472520,-4.179102,-3.850837,-3.655228,-5.929121,-2.038999,8.963184,3.091450,0.976524,3.367490,6.306150,-5.338192,0.552770,0.450091,3.172116,0.001795,3.224908,-0.584855,2.623105,-0.357929,-1.036488,5.679286,-3.873589,-1.243550
107,0.153846,-0.627722,-0.038783,0.027942,1.146660,-0.519481,0.047847,-0.379130,-0.197362,0.077917,0.683564,-0.312160,0.212001,0.000000,0.000000,0.000000,0.000000,0.000000,0.000000,0.000000,0.000000,0.000000,-2.603818,0.228899,-0.011931,4.665065,-2.057840,-0.192765,0.279785,-0.455320,0.113825,-0.564909,0.255971,0.464302,0.000000,0.000000,0.000000,0.000000,0.000000,0.000000,0.000000,0.000000,0.000000,0.938411,0.114434,-0.019319,0.959464,-0.344980,0.257553,0.148701,0.361393,-0.818910,0.160485,-0.129767,-0.027010,-0.432514,-0.003087,-0.251398,-0.161651,-0.078854,0.145126,0.653544,-0.293010,-0.619903,0.003068,0.208621,0.190214,0.240835,0.056757,0.125786,0.090505,-0.208621,0.000000,-0.919858,1.456442,-0.229965,0.843203,1.993026,2.606265,2.069681,1.993026,-1.533097,-1.609752,1.839717,1.073168,0.229965,0.076655,-1.149823,0.843203,0.613239,-1.916371,0.306619,-0.459929,0.000000,-3.655228,-5.929121,-2.038999,8.963184,3.091450,0.976524,3.367490,6.306150,-5.338192,0.552770,0.450091,3.172116,0.001795,3.224908,-0.584855,2.623105,-0.357929,-1.036488,5.679286,-3.873589,-1.243550,-4.550111,-3.659626,-1.976461,10.730881,0.596921,2.711071,1.654536,3.927377,-3.167161,-0.382817,0.305463,1.700730,-0.355099,1.970138,-1.143398,2.000564,-1.202855,-0.471252,4.767474,-3.647275,0.302639
108,0.155298,-0.676200,-0.034499,0.027614,1.233414,-0.557690,0.044197,-0.373933,-0.205735,0.079980,0.673079,-0.307409,0.220529,0.000000,0.000000,0.000000,0.000000,0.000000,0.000000,0.000000,0.000000,0.000000,-2.064131,0.184840,-0.025340,3.682807,-1.615699,-0.162025,0.220064,-0.345270,0.081801,-0.442925,0.200748,0.350600,0.000000,0.000000,0.000000,0.000000,0.000000,0.000000,0.000000,0.000000,0.000000,0.941626,0.096319,-0.005896,0.962771,-0.336610,0.252576,0.192049,0.443846,-0.730138,0.158951,-0.111359,-0.037748,-0.412573,0.047534,-0.232990,-0.121767,-0.035903,0.117515,0.624398,-0.243922,-0.612233,0.003068,0.208621,0.190214,0.240835,0.056757,0.125786,0.090505,-0.208621,0.000000,-0.306619,1.073168,-0.536584,0.996513,2.222991,0.536584,2.146336,1.993026,-1.533097,-1.149823,2.299646,0.383274,0.229965,0.076655,-1.149823,0.843203,0.613239,-1.916371,0.306619,-0.459929,0.000000,-4.550111,-3.659626,-1.976461,10.730881,0.596921,2.711071,1.654536,3.927377,-3.167161,-0.382817,0.305463,1.700730,-0.355099,1.970138,-1.143398,2.000564,-1.202855,-0.471252,4.767474,-3.647275,0.302639,-5.025515,-2.117580,-1.781917,11.223393,-0.988182,3.034729,0.706974,2.609528,-1.928348,-1.189620,0.556686,0.452090,-0.450439,1.324455,-1.259523,1.570788,-1.175069,-0.447749,3.721100,-3.377615,1.269025
109,0.156749,-0.710287,-0.031390,0.026929,1.293972,-0.584109,0.041366,-0.370328,-0.211173,0.081189,0.665847,-0.304130,0.226025,0.000000,0.000000,0.000000,0.000000,0.000000,0.000000,0.000000,0.000000,0.000000,-1.512784,0.113131,-0.010879,2.681628,-1.167104,-0.093283,0.164981,-0.245513,0.053294,-0.330551,0.149872,0.247720,0.000000,0.000000,0.000000,0.000000,0.000000,0.000000,0.000000,0.000000,0.000000,0.946021,0.077571,0.007310,0.965582,-0.324022,0.248262,0.210863,0.500000,-0.775748,0.165087,-0.077612,-0.022408,-0.388029,0.110427,-0.171631,-0.072680,0.011650,0.092971,0.595253,-0.179495,-0.567748,0.067495,0.233165,0.052155,0.285320,-0.000000,-0.141126,0.193282,-0.131922,-0.000000,0.306619,1.456442,0.766549,1.073168,2.529610,2.606265,1.609752,2.146336,-0.996513,-1.226478,2.682920,1.456442,0.000000,-0.000000,-0.076655,0.459929,-0.229965,-1.379787,0.306619,2.452955,-0.000000,-5.025515,-2.117580,-1.781917,11.223393,-0.988182,3.034729,0.706974,2.609528,-1.928348,-1.189620,0.556686,0.452090,-0.450439,1.324455,-1.259523,1.570788,-1.175069,-0.447749,3.721100,-3.377615,1.269025,-3.658437,-0.780905,-1.733234,10.672116,-2.052680,1.884657,-0.607864,0.485104,-2.050387,-2.886120,2.146584,-1.235014,-0.172712,2.044886,-0.160753,0.873725,-0.318513,0.204528,3.254019,-2.390594,1.549668
110,0.158200,-0.736712,-0.029974,0.027179,1.340679,-0.604374,0.040465,-0.367333,-0.215555,0.082112,0.659857,-0.301414,0.230438,0.000000,0.000000,0.000000,0.000000,0.000000,0.000000,0.000000,0.000000,0.000000,-1.225454,0.049629,0.024220,2.162135,-0.936356,-0.020910,0.142079,-0.205929,0.042556,-0.283977,0.128781,0.207103,0.000000,0.000000,0.000000,0.000000,0.000000,0.000000,0.000000,0.000000,0.000000,0.951104,0.056061,0.022603,0.968121,-0.308043,0.244130,0.233997,0.500000,-0.916332,0.157417,-0.040796,-0.027010,-0.358883,0.170252,-0.179301,-0.012854,0.051534,0.062291,0.559971,-0.119670,-0.561612,0.067495,0.233165,0.052155,0.285320,-0.000000,-0.141126,0.193282,-0.131922,-0.000000,-0.383274,1.303133,-0.229965,1.456442,3.066195,0.459929,2.682920,1.993026,-1.149823,-1.609752,2.682920,1.303133,0.000000,-0.000000,-0.076655,0.459929,-0.229965,-1.379787,0.306619,2.452955,-0.000000,-3.658437,-0.780905,-1.733234,10.672116,-2.052680,1.884657,-0.607864,0.485104,-2.050387,-2.886120,2.146584,-1.235014,-0.172712,2.044886,-0.160753,0.873725,-0.318513,0.204528,3.254019,-2.390594,1.549668,-3.529136,-1.760103,-0.891365,9.997955,-2.512628,1.287897,-1.426398,-0.875813,-3.865239,-2.065855,1.535762,-0.999106,-0.242135,2.291981,0.354178,0.474184,-0.096597,0.414290,3.006822,-1.409548,1.231928
111,0.159652,-0.759305,-0.029404,0.027897,1.380458,-0.621563,0.040530,-0.364644,-0.219410,0.082891,0.654488,-0.298979,0.234309,0.000000,0.000000,0.000000,0.000000,0.000000,0.000000,0.000000,0.000000,0.000000,-0.761186,-0.102805,0.142910,1.331797,-0.574644,0.172530,0.118766,-0.167604,0.032811,-0.236791,0.107403,0.167992,0.000000,0.000000,0.000000,0.000000,0.000000,0.000000,0.000000,0.000000,0.000000,0.955994,0.031619,0.040610,0.970344,-0.290563,0.239651,0.243620,0.500000,-1.000000,0.155883,-0.010116,-0.016272,-0.343544,0.227010,-0.110272,0.048505,0.088350,0.053087,0.523156,-0.061379,-0.517126,0.067495,0.233165,0.052155,0.285320,-0.000000,-0.141126,0.193282,-0.131922,-0.000000,-0.076655,1.379787,0.536584,0.613239,2.452955,1.609752,2.682920,1.609752,-0.383274,-1.609752,2.759575,0.843203,0.000000,-0.000000,-0.076655,0.459929,-0.229965,-1.379787,0.306619,2.452955,-0.000000,-3.529136,-1.760103,-0.891365,9.997955,-2.512628,1.287897,-1.426398,-0.875813,-3.865239,-2.065855,1.535762,-0.999106,-0.242135,2.291981,0.354178,0.474184,-0.096597,0.414290,3.006822,-1.409548,1.231928,-4.163237,-4.085196,-0.162046,9.716557,-2.747262,1.624856,-2.022867,0.118313,-6.326369,1.256309,-2.532228,1.971522,-0.697060,1.375240,-0.347983,1.220915,-0.671867,0.036568,3.076810,-0.899238,0.550385
112,0.161103,-0.767159,-0.034086,0.032895,1.393951,-0.627360,0.047367,-0.362583,-0.222259,0.083424,0.650385,-0.297118,0.237158,0.000000,0.000000,0.000000,0.000000,0.000000,0.000000,0.000000,0.000000,0.000000,-0.228493,-0.256966,0.259059,0.384754,-0.165240,0.364703,0.089896,-0.124139,0.023173,-0.178865,0.081142,0.124080,0.000000,0.000000,0.000000,0.000000,0.000000,0.000000,0.000000,0.000000,0.000000,0.960344,0.005616,0.060500,0.971780,-0.272174,0.235824,0.214031,0.500000,-1.000000,0.155883,0.019029,-0.002466,-0.322068,0.294505,-0.142485,0.112932,0.119029,0.046951,0.481738,0.007650,-0.489515,0.067495,0.233165,0.052155,0.285320,-0.000000,-0.141126,0.193282,-0.131922,-0.000000,0.000000,1.303133,0.076655,1.149823,2.912885,1.456442,2.989540,1.303133,-0.383274,-1.686407,2.989540,2.299646,0.000000,-0.000000,-0.076655,0.459929,-0.229965,-1.379787,0.306619,2.452955,-0.000000,-4.163237,-4.085196,-0.162046,9.716557,-2.747262,1.624856,-2.022867,0.118313,-6.326369,1.256309,-2.532228,1.971522,-0.697060,1.375240,-0.347983,1.220915,-0.671867,0.036568,3.076810,-0.899238,0.550385,-5.598180,-4.499557,-0.179069,9.748437,-1.906440,2.261281,-0.605130,1.944657,-6.656929,0.313531,-3.689162,2.299716,-0.907553,0.550186,-0.878141,1.812969,-1.370187,0.030265,3.228848,-1.573274,0.030398
113,0.162554,-0.768445,-0.039683,0.038260,1.395848,-0.628173,0.055118,-0.361049,-0.224375,0.083818,0.647334,-0.295733,0.239273,0.000000,0.000000,0.000000,0.000000,0.000000,0.000000,0.000000,0.000000,0.000000,0.264148,-0.325651,0.286537,-0.484926,0.208609,0.433275,0.050320,-0.069130,0.012753,-0.100070,0.045399,0.069051,0.000000,0.000000,0.000000,0.000000,0.000000,0.000000,0.000000,0.000000,0.000000,0.964070,-0.020221,0.080644,0.972321,-0.253112,0.232772,0.180983,0.500000,-1.000000,0.162019,0.043573,0.019010,-0.306728,0.366602,-0.071922,0.166621,0.143573,0.039282,0.440321,0.075146,-0.449631,0.067495,0.233165,0.052155,0.285320,-0.000000,-0.141126,0.193282,-0.131922,-0.000000,0.229965,1.149823,1.609752,0.613239,3.526124,-0.689894,2.452955,1.456442,-0.306619,-2.069681,3.296159,0.459929,0.000000,-0.000000,-0.076655,0.459929,-0.229965,-1.379787,0.306619,2.452955,-0.000000,-5.598180,-4.499557,-0.179069,9.748437,-1.906440,2.261281,-0.605130,1.944657,-6.656929,0.313531,-3.689162,2.299716,-0.907553,0.550186,-0.878141,1.812969,-1.370187,0.030265,3.228848,-1.573274,0.030398,-5.091016,-3.307285,-0.543413,9.774268,-1.422892,2.373002,-0.852367,1.648547,-5.363420,-1.187484,-3.652955,1.709592,-0.549073,0.202145,-0.775162,2.128539,-1.180128,0.261993,2.974678,-1.851024,0.116221
114,0.164006,-0.756593,-0.047112,0.044357,1.374554,-0.619016,0.064698,-0.360570,-0.225024,0.083934,0.646383,-0.295302,0.239920,0.000000,0.000000,0.000000,0.000000,0.000000,0.000000,0.000000,0.000000,0.000000,0.826986,-0.408080,0.301857,-1.483989,0.640506,0.504559,0.011739,-0.015927,0.002853,-0.023319,0.010580,0.015884,0.000000,0.000000,0.000000,0.000000,0.000000,0.000000,0.000000,0.000000,0.000000,0.967387,-0.043981,0.098853,0.972273,-0.233218,0.229677,0.153478,0.500000,-0.881605,0.175825,0.061981,0.032816,-0.295990,0.438699,-0.107204,0.218777,0.172718,0.033146,0.389699,0.147243,-0.400544,0.067495,0.233165,0.052155,0.285320,-0.000000,-0.141126,0.193282,-0.131922,-0.000000,0.689894,0.919858,-0.153310,0.613239,3.449469,-2.452955,2.606265,1.303133,-0.306619,-2.376301,3.142849,3.219504,0.000000,-0.000000,-0.076655,0.459929,-0.229965,-1.379787,0.306619,2.452955,-0.000000,-5.091016,-3.307285,-0.543413,9.774268,-1.422892,2.373002,-0.852367,1.648547,-5.363420,-1.187484,-3.652955,1.709592,-0.549073,0.202145,-0.775162,2.128539,-1.180128,0.261993,2.974678,-1.851024,0.116221,-4.210831,-3.181485,-0.442484,8.948107,-1.487613,2.295082,-1.849021,0.959711,-4.993906,-1.159865,-3.996520,1.872070,-0.037752,0.160437,-0.618492,1.994581,-0.975807,0.273787,2.694052,-1.814680,0.160653
115,0.165457,-0.735365,-0.056006,0.050334,1.336488,-0.602552,0.075300,-0.360579,-0.225012,0.083932,0.646401,-0.295310,0.239908,0.000000,0.000000,0.000000,0.000000,0.000000,0.000000,0.000000,0.000000,0.000000,1.178604,-0.463041,0.297359,-2.112904,0.914504,0.542913,-0.006556,0.008866,-0.001575,0.013016,-0.005907,-0.008838,0.000000,0.000000,0.000000,0.000000,0.000000,0.000000,0.000000,0.000000,0.000000,0.970514,-0.064799,0.114204,0.971833,-0.212274,0.226588,0.121382,0.500000,-0.742894,0.191165,0.072718,0.065029,-0.285252,0.506194,-0.056583,0.272466,0.191126,0.025476,0.339078,0.216272,-0.380602,0.067495,0.233165,0.052155,0.285320,-0.000000,-0.141126,0.193282,-0.131922,-0.000000,0.689894,0.536584,2.146336,0.613239,3.066195,3.296159,2.376301,1.226478,-0.383274,-2.299646,3.296159,1.073168,0.000000,-0.000000,-0.076655,0.459929,-0.229965,-1.379787,0.306619,2.452955,-0.000000,-4.210831,-3.181485,-0.442484,8.948107,-1.487613,2.295082,-1.849021,0.959711,-4.993906,-1.159865,-3.996520,1.872070,-0.037752,0.160437,-0.618492,1.994581,-0.975807,0.273787,2.694052,-1.814680,0.160653,-3.546210,-3.112278,-0.178195,7.966171,-1.591825,2.267862,-2.091500,1.080458,-4.518777,-1.113944,-3.830199,1.868324,0.537054,0.263135,-0.601475,1.766511,-0.603143,0.196867,2.113626,-2.019349,0.102351
116,0.166909,-0.709449,-0.065634,0.056251,1.290038,-0.582436,0.086414,-0.360832,-0.224670,0.083871,0.646903,-0.295538,0.239566,0.000000,0.000000,0.000000,0.000000,0.000000,0.000000,0.000000,0.000000,0.000000,1.927704,-0.568662,0.246913,-3.464437,1.512706,0.596915,-0.033014,0.045048,-0.008180,0.065611,-0.029767,-0.044957,0.000000,0.000000,0.000000,0.000000,0.000000,0.000000,0.000000,0.000000,0.000000,0.973399,-0.082895,0.127201,0.970907,-0.190564,0.224653,0.091482,0.500000,-0.625142,0.209573,0.088058,0.092641,-0.283718,0.585961,-0.087262,0.326155,0.212602,0.034680,0.283854,0.289903,-0.294699,-0.003068,0.153398,0.050621,0.292990,-0.016874,-0.237767,0.269981,-0.095107,0.000000,0.843203,0.536584,0.229965,0.153310,3.449469,-1.763062,2.376301,0.843203,0.459929,-2.529610,3.066195,3.219504,-0.383274,-0.919858,-0.000000,-0.383274,-0.000000,-0.536584,0.306619,-0.306619,0.000000,-3.546210,-3.112278,-0.178195,7.966171,-1.591825,2.267862,-2.091500,1.080458,-4.518777,-1.113944,-3.830199,1.868324,0.537054,0.263135,-0.601475,1.766511,-0.603143,0.196867,2.113626,-2.019349,0.102351,-2.570504,-3.576551,0.422906,6.683217,-1.696698,2.388332,-2.674728,1.055479,-4.801455,-0.280902,-4.430264,2.173350,1.157179,0.380059,-0.840248,1.442435,-0.503380,0.064092,1.864175,-1.811081,0.043034
117,0.168360,-0.658257,-0.078753,0.060211,1.197911,-0.542044,0.099177,-0.361900,-0.223210,0.083605,0.649025,-0.296501,0.238110,0.000000,0.000000,0.000000,0.000000,0.000000,0.000000,0.000000,0.000000,0.000000,2.502590,-0.607775,0.155697,-4.505768,1.979087,0.577591,-0.053091,0.072767,-0.013352,0.105558,-0.047889,-0.072663,0.000000,0.000000,0.000000,0.000000,0.000000,0.000000,0.000000,0.000000,0.000000,0.974720,-0.091056,0.132856,0.970415,-0.179642,0.223616,0.085925,0.500000,-0.565828,0.217243,0.098796,0.112583,-0.282184,0.619709,-0.101068,0.349165,0.220272,0.022408,0.253175,0.320583,-0.280893,-0.003068,0.153398,0.050621,0.292990,-0.016874,-0.237767,0.269981,-0.095107,0.000000,0.843203,0.536584,2.299646,0.153310,3.296159,-1.763062,2.376301,0.919858,0.459929,-2.529610,3.066195,3.219504,-0.383274,-0.919858,-0.000000,-0.383274,-0.000000,-0.536584,0.306619,-0.306619,0.000000,-2.570504,-3.576551,0.422906,6.683217,-1.696698,2.388332,-2.674728,1.055479,-4.801455,-0.280902,-4.430264,2.173350,1.157179,0.380059,-0.840248,1.442435,-0.503380,0.064092,1.864175,-1.811081,0.043034,-1.971948,-3.609321,0.612006,6.401155,-1.380831,2.555740,-2.950166,1.741623,-5.318363,-0.659584,-4.521986,2.174026,1.891219,0.525160,-1.193979,1.096097,-0.176057,-0.198478,1.611327,-1.159121,0.056674
118,0.169811,-0.609345,-0.089945,0.062479,1.109807,-0.503272,0.109518,-0.362956,-0.221759,0.083337,0.651126,-0.297454,0.236660,0.000000,0.000000,0.000000,0.000000,0.000000,0.000000,0.000000,0.000000,0.000000,2.331515,-0.463196,0.028882,-4.203987,1.857571,0.395952,-0.052243,0.072170,-0.013484,0.103952,-0.047157,-0.072139,0.000000,0.000000,0.000000,0.000000,0.000000,0.000000,0.000000,0.000000,0.000000,0.977142,-0.105478,0.142379,0.969446,-0.157864,0.221470,0.050267,0.500000,-0.443029,0.246388,0.098796,0.126388,-0.282184,0.674932,-0.036641,0.393651,0.232544,0.037748,0.205621,0.377340,-0.245612,-0.003068,0.153398,0.050621,0.292990,-0.016874,-0.237767,0.269981,-0.095107,0.000000,1.379787,0.076655,0.689894,-0.000000,2.682920,0.766549,2.222991,0.613239,-0.613239,-2.606265,2.759575,0.459929,-0.383274,-0.919858,-0.000000,-0.383274,-0.000000,-0.536584,0.306619,-0.306619,0.000000,-1.971948,-3.609321,0.612006,6.401155,-1.380831,2.555740,-2.950166,1.741623,-5.318363,-0.659584,-4.521986,2.174026,1.891219,0.525160,-1.193979,1.096097,-0.176057,-0.198478,1.611327,-1.159121,0.056674,-1.838772,-3.083703,0.735055,5.840775,-1.128555,2.527832,-2.444417,1.782982,-4.974446,-1.108140,-4.128236,1.595292,2.242334,0.222762,-1.031630,0.749748,-0.156581,-0.141434,1.181363,-1.239749,0.273184
119,0.171263,-0.564997,-0.097281,0.061366,1.029752,-0.467741,0.115015,-0.363989,-0.220324,0.083066,0.653183,-0.298387,0.235224,0.000000,0.000000,0.000000,0.000000,0.000000,0.000000,0.000000,0.000000,0.000000,2.164267,-0.298046,-0.099411,-3.907439,1.738962,0.199216,-0.051408,0.071771,-0.013728,0.102395,-0.046448,-0.071837,0.000000,0.000000,0.000000,0.000000,0.000000,0.000000,0.000000,0.000000,0.000000,0.980513,-0.122000,0.151891,0.967880,-0.124595,0.219828,0.003446,0.500000,-0.222472,0.290874,0.112602,0.196951,-0.282184,0.765437,-0.084194,0.444272,0.240214,0.025476,0.130456,0.464777,-0.153573,-0.003068,0.153398,0.050621,0.292990,-0.016874,-0.237767,0.269981,-0.095107,0.000000,1.456442,0.613239,1.916371,-0.000000,2.836230,-2.222991,1.609752,0.153310,-0.459929,-2.529610,2.759575,1.763062,-0.383274,-0.919858,-0.000000,-0.383274,-0.000000,-0.536584,0.306619,-0.306619,0.000000,-1.838772,-3.083703,0.735055,5.840775,-1.128555,2.527832,-2.444417,1.782982,-4.974446,-1.108140,-4.128236,1.595292,2.242334,0.222762,-1.031630,0.749748,-0.156581,-0.141434,1.181363,-1.239749,0.273184,-2.014122,-2.637485,0.777207,5.631578,-1.266664,2.550482,-2.139405,1.964753,-4.980935,-1.549902,-3.842829,1.680659,2.425147,0.318243,-1.090654,0.234511,-0.292874,-0.153128,0.980336,-1.184507,0.567167
120,0.172714,-0.522775,-0.101866,0.058503,0.953509,-0.433714,0.117486,-0.365012,-0.218888,0.082788,0.655221,-0.299312,0.233786,0.000000,0.000000,0.000000,0.000000,0.000000,0.000000,0.000000,0.000000,0.000000,2.084504,-0.194909,-0.165034,-3.764455,1.682593,0.085758,-0.051005,0.071769,-0.013963,0.101669,-0.046115,-0.071908,0.000000,0.000000,0.000000,0.000000,0.000000,0.000000,0.000000,0.000000,0.000000,0.981599,-0.125846,0.153467,0.967460,-0.113629,0.219510,-0.010670,0.500000,-0.144160,0.321553,0.104932,0.224563,-0.282184,0.820660,-0.082660,0.471884,0.249417,0.036214,0.095175,0.513864,-0.083010,-0.003068,0.153398,0.050621,0.292990,-0.016874,-0.237767,0.269981,-0.095107,0.000000,1.303133,-0.306619,1.456442,-0.000000,2.836230,2.376301,1.303133,0.459929,0.306619,-2.069681,2.299646,2.912885,-0.383274,-0.919858,-0.000000,-0.383274,-0.000000,-0.536584,0.306619,-0.306619,0.000000,-2.014122,-2.637485,0.777207,5.631578,-1.266664,2.550482,-2.139405,1.964753,-4.980935,-1.549902,-3.842829,1.680659,2.425147,0.318243,-1.090654,0.234511,-0.292874,-0.153128,0.980336,-1.184507,0.567167,-2.733702,-1.951128,0.797816,4.854505,-1.052919,2.692971,-1.062145,1.859229,-4.274094,-1.597537,-3.562000,1.351053,2.155153,0.099282,-0.792840,-0.074081,-0.442955,0.192538,0.686648,-1.508221,0.847738
121,0.174165,-0.481616,-0.105077,0.054764,0.879173,-0.400438,0.118445,-0.366030,-0.217453,0.082507,0.657250,-0.300232,0.232348,0.000000,0.000000,0.000000,0.000000,0.000000,0.000000,0.000000,0.000000,0.000000,1.281975,0.177201,-0.255039,-2.292296,1.026965,-0.278511,-0.208506,0.312328,-0.068581,0.417976,-0.189503,-0.315394,0.000000,0.000000,0.000000,0.000000,0.000000,0.000000,0.000000,0.000000,0.000000,0.982657,-0.128879,0.154280,0.967104,-0.102869,0.219315,-0.022330,0.500000,-0.074509,0.321553,0.104932,0.224563,-0.282184,0.820660,-0.082660,0.471884,0.249417,0.036214,0.095175,0.513864,-0.083010,-0.003068,0.153398,0.050621,0.292990,-0.016874,-0.237767,0.269981,-0.095107,0.000000,1.303133,-0.306619,1.456442,-0.000000,2.836230,2.376301,1.303133,0.459929,0.306619,-2.069681,2.299646,2.912885,-0.383274,-0.919858,-0.000000,-0.383274,-0.000000,-0.536584,0.306619,-0.306619,0.000000,-2.733702,-1.951128,0.797816,4.854505,-1.052919,2.692971,-1.062145,1.859229,-4.274094,-1.597537,-3.562000,1.351053,2.155153,0.099282,-0.792840,-0.074081,-0.442955,0.192538,0.686648,-1.508221,0.847738,-3.353324,-1.676465,0.905413,3.969343,-1.150605,2.660482,-0.423115,1.971270,-3.758079,-1.199970,-3.554534,1.280716,2.058340,-0.066611,-0.658532,-0.104114,-0.546883,0.518024,0.549184,-1.981752,0.807769
122,0.175617,-0.471496,-0.094778,0.048301,0.861817,-0.392635,0.106346,-0.373352,-0.206395,0.080045,0.671941,-0.306892,0.221171,0.000000,0.000000,0.000000,0.000000,0.000000,0.000000,0.000000,0.000000,0.000000,0.419505,0.613588,-0.361317,-0.707532,0.318073,-0.710180,-0.409061,0.650423,-0.156993,0.823797,-0.373355,-0.661542,0.000000,0.000000,0.000000,0.000000,0.000000,0.000000,0.000000,0.000000,0.000000,0.984681,-0.133282,0.154217,0.966570,-0.081360,0.219041,-0.046733,0.500000,0.006699,0.364505,0.108000,0.270583,-0.282184,0.869748,-0.122544,0.514835,0.247884,0.030078,0.056825,0.555282,-0.010913,-0.003068,0.153398,0.050621,0.292990,-0.016874,-0.237767,0.269981,-0.095107,0.000000,1.839717,0.153310,2.146336,0.076655,2.376301,-3.986053,2.069681,-0.076655,-0.076655,-1.839717,1.993026,4.216017,-0.383274,-0.919858,-0.000000,-0.383274,-0.000000,-0.536584,0.306619,-0.306619,0.000000,-3.353324,-1.676465,0.905413,3.969343,-1.150605,2.660482,-0.423115,1.971270,-3.758079,-1.199970,-3.554534,1.280716,2.058340,-0.066611,-0.658532,-0.104114,-0.546883,0.518024,0.549184,-1.981752,0.807769,-3.579261,-1.552218,0.971292,3.760432,-1.100640,2.737343,-0.780773,1.701740,-4.257595,-0.617383,-3.674645,1.293815,2.336693,-0.003248,-0.651081,-0.238032,-0.517059,0.560115,0.764043,-1.828543,0.876907
123,0.177068,-0.464836,-0.080533,0.040312,0.850872,-0.387715,0.090038,-0.382392,-0.191436,0.076227,0.690202,-0.315166,0.205886,0.000000,0.000000,0.000000,0.000000,0.000000,0.000000,0.000000,0.000000,0.000000,0.159927,0.909541,-0.475759,-0.226744,0.101916,-1.025830,-0.537808,0.943018,-0.258606,1.091598,-0.494409,-0.969587,0.000000,0.000000,0.000000,0.000000,0.000000,0.000000,0.000000,0.000000,0.000000,0.984681,-0.133282,0.154217,0.966570,-0.081360,0.219041,-0.046733,0.500000,0.006699,0.364505,0.108000,0.270583,-0.282184,0.869748,-0.122544,0.514835,0.247884,0.030078,0.056825,0.555282,-0.010913,-0.003068,0.153398,0.050621,0.292990,-0.016874,-0.237767,0.269981,-0.095107,0.000000,1.839717,0.153310,2.146336,0.076655,2.376301,-3.986053,2.069681,-0.076655,-0.076655,-1.839717,1.993026,4.216017,-0.383274,-0.919858,-0.000000,-0.383274,-0.000000,-0.536584,0.306619,-0.306619,0.000000,-3.579261,-1.552218,0.971292,3.760432,-1.100640,2.737343,-0.780773,1.701740,-4.257595,-0.617383,-3.674645,1.293815,2.336693,-0.003248,-0.651081,-0.238032,-0.517059,0.560115,0.764043,-1.828543,0.876907,-3.381894,-1.558158,1.006014,3.596838,-1.015521,2.811466,-1.143615,1.543918,-4.586811,-0.122680,-3.994009,1.570842,2.436263,0.021104,-0.683721,-0.214928,-0.392246,0.587595,0.766102,-1.644757,0.776421
124,0.178520,-0.465099,-0.058397,0.029271,0.852748,-0.388558,0.065313,-0.394865,-0.168674,0.069700,0.715604,-0.326668,0.182387,0.000000,0.000000,0.000000,0.000000,0.000000,0.000000,0.000000,0.000000,0.000000,0.045671,1.174448,-0.587486,-0.024781,0.011154,-1.312731,-0.594828,1.203705,-0.378074,1.218249,-0.551358,-1.254852,0.000000,0.000000,0.000000,0.000000,0.000000,0.000000,0.000000,0.000000,0.000000,0.984681,-0.133282,0.154217,0.966570,-0.081360,0.219041,-0.046733,0.500000,0.006699,0.364505,0.108000,0.270583,-0.282184,0.869748,-0.122544,0.514835,0.247884,0.030078,0.056825,0.555282,-0.010913,-0.003068,0.153398,0.050621,0.292990,-0.016874,-0.237767,0.269981,-0.095107,0.000000,1.839717,0.153310,2.146336,0.076655,2.376301,-3.986053,2.069681,-0.076655,-0.076655,-1.839717,1.993026,4.216017,-0.383274,-0.919858,-0.000000,-0.383274,-0.000000,-0.536584,0.306619,-0.306619,0.000000,-3.381894,-1.558158,1.006014,3.596838,-1.015521,2.811466,-1.143615,1.543918,-4.586811,-0.122680,-3.994009,1.570842,2.436263,0.021104,-0.683721,-0.214928,-0.392246,0.587595,0.766102,-1.644757,0.776421,-3.148195,-1.600200,1.007460,3.556726,-0.838809,2.868129,-1.430879,1.479204,-4.861138,0.115487,-4.284956,1.779592,2.527117,0.011665,-0.694526,-0.193459,-0.249536,0.600051,0.756522,-1.433093,0.690814
125,0.179971,-0.463009,-0.033556,0.016812,0.849881,-0.387268,0.037529,-0.406185,-0.143288,0.061105,0.738932,-0.337220,0.155692,0.000000,0.000000,0.000000,0.000000,0.000000,0.000000,0.000000,0.000000,0.000000,0.133861,1.275864,-0.640639,-0.202626,0.091167,-1.427443,-0.551613,1.302148,-0.455663,1.140434,-0.515728,-1.374713,0.000000,0.000000,0.000000,0.000000,0.000000,0.000000,0.000000,0.000000,0.000000,0.984681,-0.133282,0.154217,0.966570,-0.081360,0.219041,-0.046733,0.500000,0.006699,0.364505,0.108000,0.270583,-0.282184,0.869748,-0.122544,0.514835,0.247884,0.030078,0.056825,0.555282,-0.010913,-0.003068,0.153398,0.050621,0.292990,-0.016874,-0.237767,0.269981,-0.095107,0.000000,1.839717,0.153310,2.146336,0.076655,2.376301,-3.986053,2.069681,-0.076655,-0.076655,-1.839717,1.993026,4.216017,-0.383274,-0.919858,-0.000000,-0.383274,-0.000000,-0.536584,0.306619,-0.306619,0.000000,-3.148195,-1.600200,1.007460,3.556726,-0.838809,2.868129,-1.430879,1.479204,-4.861138,0.115487,-4.284956,1.779592,2.527117,0.011665,-0.694526,-0.193459,-0.249536,0.600051,0.756522,-1.433093,0.690814,-2.976331,-1.646927,0.982033,3.536730,-0.651735,2.849256,-1.581351,1.500078,-5.017592,0.099884,-4.431721,1.887529,2.610842,-0.012097,-0.670878,-0.188779,-0.146990,0.621521,0.757180,-1.263310,0.676786
126,0.181422,-0.459744,-0.007362,0.003645,0.844643,-0.384912,0.008215,-0.416929,-0.116589,0.051474,0.761222,-0.347297,0.127399,0.000000,0.000000,0.000000,0.000000,0.000000,0.000000,0.000000,0.000000,0.000000,0.313509,1.477056,-0.722502,-0.567067,0.255314,-1.644254,-0.474381,1.496128,-0.590513,0.990921,-0.447711,-1.605942,0.000000,0.000000,0.000000,0.000000,0.000000,0.000000,0.000000,0.000000,0.000000,0.988613,-0.137995,0.147699,0.966158,-0.028804,0.217936,-0.089434,0.500000,0.192976,0.459612,0.106466,0.328874,-0.282184,0.984796,-0.139417,0.556252,0.249417,0.022408,-0.021408,0.665728,0.136350,-0.013806,0.035282,0.052155,0.148796,-0.039884,-0.134990,0.185612,-0.073631,-0.000000,1.916371,0.000000,1.839717,-0.000000,2.146336,1.149823,0.229965,0.000000,-0.383274,-1.149823,1.456442,-0.229965,0.383274,-0.229965,-0.000000,-1.686407,-0.076655,0.996513,-1.456442,-0.459929,-0.000000,-2.976331,-1.646927,0.982033,3.536730,-0.651735,2.849256,-1.581351,1.500078,-5.017592,0.099884,-4.431721,1.887529,2.610842,-0.012097,-0.670878,-0.188779,-0.146990,0.621521,0.757180,-1.263310,0.676786,-2.920474,-1.163243,1.006483,3.473406,-0.266894,3.172233,-2.178923,0.702360,-4.893691,-0.489666,-4.212070,1.655758,3.065170,-0.278956,-0.678740,-0.126713,0.334017,0.287742,0.758919,-0.929537,1.080696
127,0.182874,-0.450469,0.025527,-0.012088,0.827198,-0.377056,-0.028241,-0.425160,-0.083443,0.037484,0.778569,-0.355129,0.091454,0.000000,0.000000,0.000000,0.000000,0.000000,0.000000,0.000000,0.000000,0.000000,0.455719,1.548851,-0.733233,-0.862542,0.388513,-1.713546,-0.364157,1.559091,-0.663920,0.767869,-0.346645,-1.693221,0.000000,0.000000,0.000000,0.000000,0.000000,0.000000,0.000000,0.000000,0.000000,0.991998,-0.126249,0.123256,0.967560,0.027331,0.218833,-0.113600,0.500000,0.424009,0.576194,0.108000,0.384097,-0.283718,1.092175,-0.243728,0.600738,0.250951,0.033146,-0.101175,0.762369,0.309689,-0.013806,0.035282,0.052155,0.148796,-0.039884,-0.134990,0.185612,-0.073631,-0.000000,1.073168,0.000000,0.689894,-0.459929,1.533097,-0.000000,0.536584,0.153310,0.000000,-1.609752,1.379787,1.456442,0.383274,-0.229965,-0.000000,-1.686407,-0.076655,0.996513,-1.456442,-0.459929,-0.000000,-2.920474,-1.163243,1.006483,3.473406,-0.266894,3.172233,-2.178923,0.702360,-4.893691,-0.489666,-4.212070,1.655758,3.065170,-0.278956,-0.678740,-0.126713,0.334017,0.287742,0.758919,-0.929537,1.080696,-3.114972,-0.677194,1.126212,3.793168,-0.233843,3.838994,-2.939225,-0.113724,-5.169978,-0.789511,-4.662315,1.645005,3.453105,-0.417071,-0.855038,-0.096670,0.758027,-0.211105,0.797284,-0.574237,1.555676
128,0.184325,-0.441515,0.054592,-0.025684,0.810141,-0.369371,-0.060327,-0.431495,-0.054225,0.024917,0.791937,-0.361163,0.059670,0.000000,0.000000,0.000000,0.000000,0.000000,0.000000,0.000000,0.000000,0.000000,0.431604,1.262086,-0.572996,-0.833508,0.375681,-1.385713,-0.221969,1.264499,-0.557182,0.469445,-0.211867,-1.381248,0.000000,0.000000,0.000000,0.000000,0.000000,0.000000,0.000000,0.000000,0.000000,0.992544,-0.120599,0.113695,0.968330,0.043938,0.218617,-0.126291,0.500000,0.454013,0.600738,0.106466,0.408641,-0.282184,1.115185,-0.262136,0.603806,0.247884,0.027010,-0.111912,0.786913,0.395592,-0.013806,0.035282,0.052155,0.148796,-0.039884,-0.134990,0.185612,-0.073631,-0.000000,1.456442,0.000000,1.073168,0.076655,1.379787,-3.219504,0.229965,-0.153310,-0.076655,-0.613239,1.149823,4.905911,0.383274,-0.229965,-0.000000,-1.686407,-0.076655,0.996513,-1.456442,-0.459929,-0.000000,-3.114972,-0.677194,1.126212,3.793168,-0.233843,3.838994,-2.939225,-0.113724,-5.169978,-0.789511,-4.662315,1.645005,3.453105,-0.417071,-0.855038,-0.096670,0.758027,-0.211105,0.797284,-0.574237,1.555676,-3.334467,-0.480635,1.011037,4.307003,-0.117243,3.945525,-2.996553,-0.281427,-5.249715,-0.826085,-4.432765,1.755959,3.508299,-0.386551,-1.156701,-0.256164,0.804548,-0.280011,0.894858,-0.284197,1.854411
129,0.185776,-0.433205,0.076010,-0.035008,0.793858,-0.362029,-0.083670,-0.434039,-0.032863,0.015197,0.797347,-0.363603,0.036204,0.000000,0.000000,0.000000,0.000000,0.000000,0.000000,0.000000,0.000000,0.000000,0.400186,1.020275,-0.433667,-0.790738,0.356696,-1.107628,-0.093505,1.015560,-0.465031,0.198929,-0.089730,-1.116823,0.000000,0.000000,0.000000,0.000000,0.000000,0.000000,0.000000,0.000000,0.000000,0.992719,-0.117501,0.108688,0.968655,0.051925,0.218861,-0.140060,0.500000,0.463573,0.613010,0.103398,0.408641,-0.282184,1.127456,-0.232990,0.606874,0.247884,0.033146,-0.116514,0.797651,0.369515,-0.013806,0.035282,0.052155,0.148796,-0.039884,-0.134990,0.185612,-0.073631,-0.000000,1.073168,-0.229965,1.073168,0.076655,1.149823,2.299646,0.229965,-0.153310,0.076655,-0.613239,1.149823,4.905911,0.383274,-0.229965,-0.000000,-1.686407,-0.076655,0.996513,-1.456442,-0.459929,-0.000000,-3.334467,-0.480635,1.011037,4.307003,-0.117243,3.945525,-2.996553,-0.281427,-5.249715,-0.826085,-4.432765,1.755959,3.508299,-0.386551,-1.156701,-0.256164,0.804548,-0.280011,0.894858,-0.284197,1.854411,-4.111623,-0.339660,0.930594,4.575908,-0.272738,3.847403,-2.569488,-0.203483,-5.196062,-0.626901,-4.512550,1.603456,3.307432,-0.319911,-1.002602,-0.347355,0.780371,-0.065436,0.749662,-0.423085,2.018371
130,0.187228,-0.425508,0.095403,-0.043031,0.778511,-0.355103,-0.104632,-0.435236,-0.013602,0.006316,0.799894,-0.364752,0.014997,0.000000,0.000000,0.000000,0.000000,0.000000,0.000000,0.000000,0.000000,0.000000,0.377171,0.944315,-0.384906,-0.755608,0.341050,-1.018325,-0.042995,0.936736,-0.433540,0.091571,-0.041300,-1.032152,0.000000,0.000000,0.000000,0.000000,0.000000,0.000000,0.000000,0.000000,0.000000,0.992820,-0.110970,0.098193,0.969269,0.068308,0.219551,-0.144699,0.500000,0.498829,0.642155,0.106466,0.410175,-0.280650,1.155068,-0.320427,0.613010,0.250951,0.033146,-0.127252,0.817592,0.460019,-0.013806,0.035282,0.052155,0.148796,-0.039884,-0.134990,0.185612,-0.073631,-0.000000,1.379787,0.153310,-0.153310,0.076655,1.303133,-4.292672,0.153310,0.153310,0.000000,-0.459929,1.073168,-1.456442,0.383274,-0.229965,-0.000000,-1.686407,-0.076655,0.996513,-1.456442,-0.459929,-0.000000,-4.111623,-0.339660,0.930594,4.575908,-0.272738,3.847403,-2.569488,-0.203483,-5.196062,-0.626901,-4.512550,1.603456,3.307432,-0.319911,-1.002602,-0.347355,0.780371,-0.065436,0.749662,-0.423085,2.018371,-3.942737,-0.075218,1.441983,3.518288,-0.789377,4.147718,-2.706570,0.045862,-5.202761,-0.661140,-4.391614,1.523890,3.593063,-0.708217,-1.161240,-0.070123,1.271693,-0.375783,0.544525,-0.288106,1.850722
131,0.188679,-0.418118,0.113783,-0.050404,0.763633,-0.348387,-0.124403,-0.435759,0.004607,-0.002145,0.801009,-0.365255,-0.005082,0.000000,0.000000,0.000000,0.000000,0.000000,0.000000,0.000000,0.000000,0.000000,0.374328,0.955045,-0.369010,-0.765552,0.345804,-1.021705,-0.282852,0.879504,-0.419893,0.511868,-0.230664,-0.974611,0.000000,0.000000,0.000000,0.000000,0.000000,0.000000,0.000000,0.000000,0.000000,0.992358,-0.100117,0.081322,0.970272,0.092800,0.220338,-0.151014,0.500000,0.510235,0.669767,0.106466,0.407107,-0.280650,1.179612,-0.275942,0.611476,0.249417,0.033146,-0.137990,0.840602,0.466155,0.115049,-0.000000,-0.076699,-0.000000,-0.004602,0.024544,0.055223,-0.061359,0.000000,0.843203,0.000000,-0.613239,-0.000000,0.613239,2.912885,-0.076655,-0.076655,-0.536584,-0.383274,0.766549,-0.843203,0.843203,-0.459929,0.229965,-0.536584,0.076655,0.766549,-0.000000,0.076655,0.000000,-3.942737,-0.075218,1.441983,3.518288,-0.789377,4.147718,-2.706570,0.045862,-5.202761,-0.661140,-4.391614,1.523890,3.593063,-0.708217,-1.161240,-0.070123,1.271693,-0.375783,0.544525,-0.288106,1.850722,-4.676755,0.310736,1.810594,2.705820,-1.193456,4.319306,-2.759552,-0.575368,-5.491540,-0.104092,-5.096011,1.192999,3.467677,-0.850833,-0.554586,0.292838,1.587306,-0.442323,0.134129,-0.799845,1.563537
132,0.190131,-0.410535,0.133605,-0.057791,0.747889,-0.341271,-0.145500,-0.446550,0.021578,-0.010480,0.820368,-0.373979,-0.023987,0.000000,0.000000,0.000000,0.000000,0.000000,0.000000,0.000000,0.000000,0.000000,0.361077,0.923604,-0.340274,-0.748959,0.338526,-0.981506,-0.702620,0.743140,-0.377710,1.264334,-0.569084,-0.833738,0.000000,0.000000,0.000000,0.000000,0.000000,0.000000,0.000000,0.000000,0.000000,0.991584,-0.093100,0.070366,0.970850,0.108671,0.220866,-0.138713,0.500000,0.480127,0.691243,0.109534,0.420913,-0.282184,1.190350,-0.340369,0.611476,0.247884,0.033146,-0.141058,0.852874,0.587340,0.115049,-0.000000,-0.076699,-0.000000,-0.004602,0.024544,0.055223,-0.061359,0.000000,0.843203,0.000000,0.459929,-0.076655,0.459929,-2.682920,-0.000000,0.000000,0.843203,-0.153310,0.689894,3.219504,0.843203,-0.459929,0.229965,-0.536584,0.076655,0.766549,-0.000000,0.076655,0.000000,-4.676755,0.310736,1.810594,2.705820,-1.193456,4.319306,-2.759552,-0.575368,-5.491540,-0.104092,-5.096011,1.192999,3.467677,-0.850833,-0.554586,0.292838,1.587306,-0.442323,0.134129,-0.799845,1.563537,-4.894897,0.399418,2.303528,2.310086,-1.415735,4.539775,-2.910726,-0.417840,-6.037295,0.019174,-5.261624,1.223394,3.644198,-1.001348,-0.767513,0.489736,1.826407,-0.575938,0.061831,-0.658146,1.545387
133,0.191582,-0.403675,0.150727,-0.064015,0.733675,-0.334846,-0.163663,-0.463864,0.034332,-0.017253,0.851583,-0.388019,-0.038431,0.000000,0.000000,0.000000,0.000000,0.000000,0.000000,0.000000,0.000000,0.000000,0.306833,0.721124,-0.252990,-0.634210,0.286782,-0.761456,-1.191871,0.426904,-0.260604,2.153528,-0.967842,-0.499050,0.000000,0.000000,0.000000,0.000000,0.000000,0.000000,0.000000,0.000000,0.000000,0.991046,-0.089741,0.065029,0.971102,0.116612,0.221150,-0.137740,0.500000,0.476544,0.701981,0.111068,0.420913,-0.280650,1.191884,-0.297418,0.609942,0.247884,0.027010,-0.141058,0.855942,0.573534,0.115049,-0.000000,-0.076699,-0.000000,-0.004602,0.024544,0.055223,-0.061359,0.000000,1.149823,0.153310,0.459929,-0.076655,0.459929,0.229965,-0.076655,0.000000,-0.536584,-0.076655,0.229965,2.069681,0.843203,-0.459929,0.229965,-0.536584,0.076655,0.766549,-0.000000,0.076655,0.000000,-4.894897,0.399418,2.303528,2.310086,-1.415735,4.539775,-2.910726,-0.417840,-6.037295,0.019174,-5.261624,1.223394,3.644198,-1.001348,-0.767513,0.489736,1.826407,-0.575938,0.061831,-0.658146,1.545387,-5.176764,0.345664,2.335612,2.425118,-1.353127,4.579588,-2.900968,-0.451410,-6.294789,0.227998,-5.511101,1.215515,3.619984,-1.027223,-0.668116,0.475318,1.744051,-0.515139,0.107039,-0.732483,1.565866
134,0.193033,-0.398262,0.162450,-0.067911,0.722521,-0.329800,-0.175958,-0.494225,0.038654,-0.020904,0.906510,-0.412692,-0.043949,0.000000,0.000000,0.000000,0.000000,0.000000,0.000000,0.000000,0.000000,0.000000,0.263754,0.549313,-0.177311,-0.542048,0.245253,-0.574213,-1.693445,0.128767,-0.148918,3.061132,-1.371639,-0.184778,0.000000,0.000000,0.000000,0.000000,0.000000,0.000000,0.000000,0.000000,0.000000,0.989690,-0.083169,0.054494,0.971556,0.132451,0.221726,-0.132698,0.500000,0.447649,0.706583,0.104932,0.405573,-0.279116,1.196486,-0.315825,0.609942,0.249417,0.034680,-0.142592,0.862078,0.573534,0.115049,-0.000000,-0.076699,-0.000000,-0.004602,0.024544,0.055223,-0.061359,0.000000,0.383274,-0.229965,-0.613239,0.153310,0.153310,1.533097,-0.000000,0.076655,0.229965,-0.076655,0.306619,-0.536584,0.843203,-0.459929,0.229965,-0.536584,0.076655,0.766549,-0.000000,0.076655,0.000000,-5.176764,0.345664,2.335612,2.425118,-1.353127,4.579588,-2.900968,-0.451410,-6.294789,0.227998,-5.511101,1.215515,3.619984,-1.027223,-0.668116,0.475318,1.744051,-0.515139,0.107039,-0.732483,1.565866,-5.512446,0.312824,2.546571,1.882648,-1.719953,4.538459,-2.753292,-0.397096,-6.268150,0.806210,-5.716849,1.104087,3.539019,-1.195202,-0.538221,0.567418,1.736944,-0.374711,-0.119741,-0.838391,1.484235
135,0.194485,-0.393125,0.172699,-0.071107,0.711993,-0.325036,-0.186632,-0.531601,0.039483,-0.023210,0.974028,-0.442884,-0.045822,0.000000,0.000000,0.000000,0.000000,0.000000,0.000000,0.000000,0.000000,0.000000,0.253380,0.494085,-0.151081,-0.518559,0.234707,-0.513407,-1.956564,-0.002197,-0.098497,3.533357,-1.578583,-0.048064,0.000000,0.000000,0.000000,0.000000,0.000000,0.000000,0.000000,0.000000,0.000000,0.988874,-0.080168,0.049547,0.971761,0.140259,0.221932,-0.122008,0.500000,0.415320,0.709651,0.106466,0.420913,-0.277582,1.198020,-0.348039,0.609942,0.249417,0.033146,-0.142592,0.865146,0.644097,0.115049,-0.000000,-0.076699,-0.000000,-0.004602,0.024544,0.055223,-0.061359,0.000000,0.229965,0.153310,-0.613239,0.153310,0.229965,-3.066195,-0.000000,0.076655,-0.076655,-0.076655,0.306619,-0.536584,0.843203,-0.459929,0.229965,-0.536584,0.076655,0.766549,-0.000000,0.076655,0.000000,-5.512446,0.312824,2.546571,1.882648,-1.719953,4.538459,-2.753292,-0.397096,-6.268150,0.806210,-5.716849,1.104087,3.539019,-1.195202,-0.538221,0.567418,1.736944,-0.374711,-0.119741,-0.838391,1.484235,-5.237295,0.280268,2.909248,1.356489,-1.708985,4.701395,-3.137285,-0.549622,-6.475338,1.049328,-5.908954,1.114549,3.739436,-1.421843,-0.649702,0.806368,1.923017,-0.493023,-0.139102,-0.663180,1.374437
136,0.195936,-0.388126,0.182213,-0.073954,0.701779,-0.320412,-0.196495,-0.572487,0.038566,-0.024844,1.047844,-0.475836,-0.045872,0.000000,0.000000,0.000000,0.000000,0.000000,0.000000,0.000000,0.000000,0.000000,0.269258,0.483422,-0.136288,-0.547789,0.248060,-0.498249,-2.412011,-0.143639,-0.027135,4.337809,-1.924623,0.105145,0.000000,0.000000,0.000000,0.000000,0.000000,0.000000,0.000000,0.000000,0.000000,0.986069,-0.072598,0.036577,0.972341,0.162264,0.221996,-0.091857,0.500000,0.344339,0.708117,0.104932,0.404039,-0.282184,1.199553,-0.292816,0.611476,0.250951,0.039282,-0.142592,0.868214,0.608816,0.115049,-0.000000,-0.076699,-0.000000,-0.004602,0.024544,0.055223,-0.061359,0.000000,-0.153310,-0.076655,-0.843203,-0.076655,0.076655,3.756088,-0.000000,0.153310,-0.229965,0.000000,0.000000,-2.989540,0.843203,-0.459929,0.229965,-0.536584,0.076655,0.766549,-0.000000,0.076655,0.000000,-5.237295,0.280268,2.909248,1.356489,-1.708985,4.701395,-3.137285,-0.549622,-6.475338,1.049328,-5.908954,1.114549,3.739436,-1.421843,-0.649702,0.806368,1.923017,-0.493023,-0.139102,-0.663180,1.374437,-5.492818,-0.029160,2.966586,1.087151,-1.841872,4.552040,-3.005382,-0.569406,-6.394574,1.796930,-6.299913,1.108794,3.569807,-1.581903,-0.317530,0.682708,1.608210,-0.189905,-0.198754,-0.967057,1.311104
137,0.197388,-0.382355,0.192036,-0.076559,0.690082,-0.315113,-0.206562,-0.628082,0.033737,-0.024295,1.147540,-0.519869,-0.041616,0.000000,0.000000,0.000000,0.000000,0.000000,0.000000,0.000000,0.000000,0.000000,0.269437,0.454540,-0.119190,-0.545616,0.247172,-0.465376,-2.600180,-0.226826,0.030757,4.658008,-2.054571,0.202097,0.000000,0.000000,0.000000,0.000000,0.000000,0.000000,0.000000,0.000000,0.000000,0.983835,-0.068640,0.029161,0.972704,0.176685,0.221663,-0.078964,0.500000,0.317874,0.711185,0.108000,0.422447,-0.282184,1.199553,-0.331165,0.613010,0.247884,0.022408,-0.141058,0.859010,0.687049,0.115049,-0.000000,-0.076699,-0.000000,-0.004602,0.024544,0.055223,-0.061359,0.000000,0.153310,0.000000,0.843203,-0.000000,-0.000000,-3.602778,0.153310,-0.229965,0.459929,0.076655,0.076655,4.292672,0.843203,-0.459929,0.229965,-0.536584,0.076655,0.766549,-0.000000,0.076655,0.000000,-5.492818,-0.029160,2.966586,1.087151,-1.841872,4.552040,-3.005382,-0.569406,-6.394574,1.796930,-6.299913,1.108794,3.569807,-1.581903,-0.317530,0.682708,1.608210,-0.189905,-0.198754,-0.967057,1.311104,-4.918622,0.091036,3.106625,1.385544,-1.154823,4.721827,-3.755558,-1.089354,-6.627964,1.546720,-6.382838,1.336599,3.799758,-1.508529,-0.699367,0.790798,1.864180,-0.479989,0.040654,-0.345310,1.688700
138,0.198839,-0.377349,0.200395,-0.078722,0.679954,-0.310525,-0.215110,-0.676494,0.029493,-0.023614,1.234164,-0.558019,-0.037788,0.000000,0.000000,0.000000,0.000000,0.000000,0.000000,0.000000,0.000000,0.000000,0.211970,0.344663,-0.086044,-0.427927,0.193904,-0.351430,-2.061503,-0.183028,0.040768,3.677538,-1.613267,0.170040,0.000000,0.000000,0.000000,0.000000,0.000000,0.000000,0.000000,0.000000,0.000000,0.981398,-0.065051,0.022170,0.972951,0.190701,0.221662,-0.074315,0.500000,0.303936,0.709651,0.106466,0.407107,-0.282184,1.199553,-0.292816,0.609942,0.249417,0.037748,-0.142592,0.863612,0.665573,0.214757,-0.050621,-0.101243,-0.012272,0.084369,0.067495,0.030680,-0.012272,-0.000000,0.000000,-0.076655,-0.766549,-0.000000,-0.000000,-1.073168,-0.076655,0.076655,-0.306619,-0.076655,-0.383274,-1.226478,0.153310,-0.459929,-0.000000,-0.000000,0.229965,-0.153310,-0.000000,-0.153310,-0.000000,-4.918622,0.091036,3.106625,1.385544,-1.154823,4.721827,-3.755558,-1.089354,-6.627964,1.546720,-6.382838,1.336599,3.799758,-1.508529,-0.699367,0.790798,1.864180,-0.479989,0.040654,-0.345310,1.688700,-4.559747,-0.165784,3.280351,0.847557,-1.355477,4.638393,-4.006546,-1.335474,-6.303917,1.823278,-6.390011,1.505311,3.829643,-1.627808,-0.556427,0.748538,1.806203,-0.512454,-0.069862,-0.427884,1.548470
139,0.200290,-0.373876,0.205823,-0.080001,0.672965,-0.307357,-0.220619,-0.710542,0.026416,-0.022665,1.294642,-0.584400,-0.034815,0.000000,0.000000,0.000000,0.000000,0.000000,0.000000,0.000000,0.000000,0.000000,0.158954,0.245066,-0.056500,-0.319481,0.144816,-0.248328,-1.511315,-0.111633,0.022699,2.678657,-1.165721,0.099791,0.000000,0.000000,0.000000,0.000000,0.000000,0.000000,0.000000,0.000000,0.000000,0.980120,-0.063284,0.018752,0.973071,0.197516,0.221647,-0.066141,0.500000,0.301947,0.718854,0.111068,0.420913,-0.280650,1.199553,-0.331165,0.611476,0.249417,0.030078,-0.142592,0.868214,0.694719,0.214757,-0.050621,-0.101243,-0.012272,0.084369,0.067495,0.030680,-0.012272,-0.000000,0.383274,0.229965,0.536584,0.076655,-0.000000,-0.536584,-0.000000,0.000000,-0.306619,0.000000,0.383274,1.533097,0.153310,-0.459929,-0.000000,-0.000000,0.229965,-0.153310,-0.000000,-0.153310,-0.000000,-4.559747,-0.165784,3.280351,0.847557,-1.355477,4.638393,-4.006546,-1.335474,-6.303917,1.823278,-6.390011,1.505311,3.829643,-1.627808,-0.556427,0.748538,1.806203,-0.512454,-0.069862,-0.427884,1.548470,-4.184121,-0.440989,3.326977,1.478682,-0.932446,4.793844,-4.377450,-1.513779,-6.429534,1.691487,-6.558999,1.817237,3.860360,-1.509811,-0.600723,0.567172,1.658752,-0.559613,0.165041,-0.344396,1.680588
140,0.201742,-0.370991,0.210197,-0.080982,0.667175,-0.304732,-0.225043,-0.736947,0.025028,-0.022706,1.341310,-0.604647,-0.033797,0.000000,0.000000,0.000000,0.000000,0.000000,0.000000,0.000000,0.000000,0.000000,0.136898,0.205548,-0.045330,-0.274506,0.124454,-0.207621,-1.224717,-0.048338,-0.014416,2.160817,-0.935711,0.026472,0.000000,0.000000,0.000000,0.000000,0.000000,0.000000,0.000000,0.000000,0.000000,0.977446,-0.059869,0.012154,0.973333,0.210836,0.221447,-0.052276,0.500000,0.292779,0.717320,0.108000,0.420913,-0.280650,1.199553,-0.277476,0.611476,0.249417,0.030078,-0.142592,0.865146,0.685515,0.214757,-0.050621,-0.101243,-0.012272,0.084369,0.067495,0.030680,-0.012272,-0.000000,0.383274,0.229965,0.000000,-0.000000,-0.000000,-0.536584,-0.000000,0.000000,-0.306619,0.000000,0.000000,-0.076655,0.153310,-0.459929,-0.000000,-0.000000,0.229965,-0.153310,-0.000000,-0.153310,-0.000000,-4.184121,-0.440989,3.326977,1.478682,-0.932446,4.793844,-4.377450,-1.513779,-6.429534,1.691487,-6.558999,1.817237,3.860360,-1.509811,-0.600723,0.567172,1.658752,-0.559613,0.165041,-0.344396,1.680588,-3.852266,-0.617934,3.288933,1.458784,-0.864327,4.726549,-4.563176,-1.648134,-6.239911,1.798897,-6.509357,1.922240,3.832493,-1.483327,-0.608855,0.420293,1.610176,-0.590148,0.161156,-0.246485,1.721162
141,0.203193,-0.368400,0.214045,-0.081814,0.661984,-0.302379,-0.228924,-0.759531,0.024483,-0.023241,1.381075,-0.621828,-0.033756,0.000000,0.000000,0.000000,0.000000,0.000000,0.000000,0.000000,0.000000,0.000000,0.114440,0.167290,-0.035142,-0.228921,0.103806,-0.168421,-0.761881,0.103600,-0.136831,1.334092,-0.575581,-0.169007,0.000000,0.000000,0.000000,0.000000,0.000000,0.000000,0.000000,0.000000,0.000000,0.974854,-0.056338,0.005701,0.973504,0.222773,0.221623,-0.046258,0.500000,0.289316,0.712718,0.104932,0.408641,-0.279116,1.199553,-0.325029,0.609942,0.250951,0.031612,-0.142592,0.862078,0.696253,0.214757,-0.050621,-0.101243,-0.012272,0.084369,0.067495,0.030680,-0.012272,-0.000000,-0.306619,-0.306619,-0.383274,0.076655,-0.000000,2.146336,-0.076655,0.076655,0.076655,0.000000,-0.229965,0.306619,0.153310,-0.459929,-0.000000,-0.000000,0.229965,-0.153310,-0.000000,-0.153310,-0.000000,-3.852266,-0.617934,3.288933,1.458784,-0.864327,4.726549,-4.563176,-1.648134,-6.239911,1.798897,-6.509357,1.922240,3.832493,-1.483327,-0.608855,0.420293,1.610176,-0.590148,0.161156,-0.246485,1.721162,-3.865546,-0.833628,3.314193,1.751986,-0.779378,4.818528,-4.598618,-1.598476,-6.242278,1.921039,-6.728955,1.928500,3.664870,-1.433598,-0.552823,0.281758,1.366876,-0.493653,0.111100,-0.237225,1.816424
142,0.204644,-0.366413,0.216889,-0.082387,0.658018,-0.300580,-0.231780,-0.767422,0.029172,-0.028179,1.394674,-0.627671,-0.040557,0.000000,0.000000,0.000000,0.000000,0.000000,0.000000,0.000000,0.000000,0.000000,0.086623,0.123902,-0.024944,-0.172929,0.078429,-0.124400,-0.230594,0.257130,-0.257437,0.390622,-0.167750,-0.363725,0.000000,0.000000,0.000000,0.000000,0.000000,0.000000,0.000000,0.000000,0.000000,0.971125,-0.050561,-0.003822,0.973862,0.238540,0.221443,-0.048267,0.500000,0.296481,0.709651,0.104932,0.413243,-0.280650,1.199553,-0.266738,0.611476,0.249417,0.033146,-0.142592,0.865146,0.696253,0.214757,-0.050621,-0.101243,-0.012272,0.084369,0.067495,0.030680,-0.012272,-0.000000,-0.076655,-0.076655,0.536584,-0.076655,-0.000000,4.139362,-0.000000,-0.076655,0.153310,0.000000,0.076655,-0.000000,0.153310,-0.459929,-0.000000,-0.000000,0.229965,-0.153310,-0.000000,-0.153310,-0.000000,-3.865546,-0.833628,3.314193,1.751986,-0.779378,4.818528,-4.598618,-1.598476,-6.242278,1.921039,-6.728955,1.928500,3.664870,-1.433598,-0.552823,0.281758,1.366876,-0.493653,0.111100,-0.237225,1.816424,-3.886561,-0.976847,3.297621,1.916949,-0.742793,4.789938,-4.567286,-1.562733,-6.154079,2.143005,-6.773655,1.925418,3.516744,-1.435104,-0.486953,0.126437,1.178864,-0.359337,0.055393,-0.238916,1.914878
143,0.206096,-0.364935,0.219001,-0.082812,0.655067,-0.299242,-0.233900,-0.768754,0.034768,-0.033539,1.396699,-0.628538,-0.048305,0.000000,0.000000,0.000000,0.000000,0.000000,0.000000,0.000000,0.000000,0.000000,0.048488,0.068998,-0.013745,-0.096752,0.043882,-0.069230,0.261343,0.325205,-0.289123,-0.477454,0.205369,-0.434766,0.000000,0.000000,0.000000,0.000000,0.000000,0.000000,0.000000,0.000000,0.000000,0.968720,-0.046198,-0.010411,0.974089,0.247939,0.221398,-0.045243,0.500000,0.297306,0.711185,0.108000,0.416311,-0.282184,1.199553,-0.351107,0.616078,0.249417,0.033146,-0.141058,0.863612,0.696253,0.214757,-0.050621,-0.101243,-0.012272,0.084369,0.067495,0.030680,-0.012272,-0.000000,-0.076655,0.153310,-0.766549,-0.000000,-0.000000,-3.679433,0.229965,0.000000,0.000000,0.076655,-0.229965,-0.000000,0.153310,-0.459929,-0.000000,-0.000000,0.229965,-0.153310,-0.000000,-0.153310,-0.000000,-3.886561,-0.976847,3.297621,1.916949,-0.742793,4.789938,-4.567286,-1.562733,-6.154079,2.143005,-6.773655,1.925418,3.516744,-1.435104,-0.486953,0.126437,1.178864,-0.359337,0.055393,-0.238916,1.914878,-2.965803,-1.112762,3.464878,1.663902,-0.375608,4.776130,-5.330047,-1.710903,-6.275825,1.645493,-6.821040,2.236925,3.884234,-1.384003,-0.735250,0.212582,1.557734,-0.733038,0.168167,0.179786,1.958958
144,0.207547,-0.364474,0.219649,-0.082937,0.654148,-0.298825,-0.234549,-0.756968,0.042180,-0.039744,1.375576,-0.619456,-0.057947,0.000000,0.000000,0.000000,0.000000,0.000000,0.000000,0.000000,0.000000,0.000000,0.011312,0.015898,-0.003085,-0.022545,0.010227,-0.015926,0.823209,0.406972,-0.309160,-1.474491,0.636323,-0.508724,0.000000,0.000000,0.000000,0.000000,0.000000,0.000000,0.000000,0.000000,0.000000,0.967538,-0.043979,-0.013626,0.974232,0.252359,0.221218,-0.040178,0.500000,0.283321,0.711185,0.109534,0.422447,-0.282184,1.199553,-0.325029,0.616078,0.249417,0.033146,-0.141058,0.862078,0.696253,0.214757,-0.050621,-0.101243,-0.012272,0.084369,0.067495,0.030680,-0.012272,-0.000000,-0.076655,0.153310,0.843203,-0.076655,-0.000000,-3.679433,0.229965,0.000000,0.000000,0.076655,-0.229965,-0.000000,0.153310,-0.459929,-0.000000,-0.000000,0.229965,-0.153310,-0.000000,-0.153310,-0.000000,-2.965803,-1.112762,3.464878,1.663902,-0.375608,4.776130,-5.330047,-1.710903,-6.275825,1.645493,-6.821040,2.236925,3.884234,-1.384003,-0.735250,0.212582,1.557734,-0.733038,0.168167,0.179786,1.958958,-2.783705,-1.337786,3.265336,2.158520,-0.254097,4.565061,-5.292156,-1.430416,-6.397968,1.389168,-6.617109,2.285550,3.826740,-1.202990,-0.781701,0.052520,1.387518,-0.753672,0.413536,0.176205,2.021862
145,0.208999,-0.364482,0.219637,-0.082935,0.654165,-0.298833,-0.234537,-0.735826,0.051047,-0.045905,1.337720,-0.603085,-0.068654,0.000000,0.000000,0.000000,0.000000,0.000000,0.000000,0.000000,0.000000,0.000000,-0.006316,-0.008847,0.001705,0.012586,-0.005708,0.008860,1.174074,0.461550,-0.307529,-2.101967,0.909634,-0.548621,0.000000,0.000000,0.000000,0.000000,0.000000,0.000000,0.000000,0.000000,0.000000,0.965389,-0.039676,-0.019672,0.974468,0.260070,0.220991,-0.045770,0.437495,0.269083,0.709651,0.106466,0.405573,-0.282184,1.199553,-0.294350,0.614544,0.247884,0.033146,-0.141058,0.865146,0.696253,0.227029,-0.095107,-0.059825,0.049087,0.075165,-0.049087,0.004602,-0.032214,0.000000,-0.076655,-0.076655,-0.843203,-0.000000,-0.000000,-0.459929,-0.076655,-0.076655,0.000000,0.000000,0.000000,-0.000000,0.000000,-0.000000,-0.000000,-0.000000,-0.306619,-0.766549,0.459929,-0.076655,0.000000,-2.783705,-1.337786,3.265336,2.158520,-0.254097,4.565061,-5.292156,-1.430416,-6.397968,1.389168,-6.617109,2.285550,3.826740,-1.202990,-0.781701,0.052520,1.387518,-0.753672,0.413536,0.176205,2.021862,-2.998055,-1.317135,3.228601,2.435848,-0.275069,4.613547,-5.144990,-1.611250,-6.254362,1.768414,-6.685964,2.142537,3.560299,-1.195068,-0.614968,-0.104437,1.144143,-0.546506,0.239886,0.110438,2.154122
146,0.210450,-0.364726,0.219295,-0.082869,0.654651,-0.299053,-0.234194,-0.710006,0.060642,-0.052045,1.291497,-0.583071,-0.079892,0.000000,0.000000,0.000000,0.000000,0.000000,0.000000,0.000000,0.000000,0.000000,-0.031810,-0.044961,0.008831,0.063433,-0.028771,0.045073,1.921083,0.566548,-0.262676,-3.449899,1.506119,-0.605237,0.000000,0.000000,0.000000,0.000000,0.000000,0.000000,0.000000,0.000000,0.000000,0.963415,-0.035578,-0.025242,0.974699,0.266822,0.220673,-0.034302,0.377793,0.232886,0.714252,0.108000,0.422447,-0.280650,1.199553,-0.335767,0.616078,0.249417,0.028544,-0.141058,0.865146,0.696253,0.227029,-0.095107,-0.059825,0.049087,0.075165,-0.049087,0.004602,-0.032214,0.000000,0.229965,0.076655,0.766549,0.076655,-0.000000,-1.379787,0.153310,0.076655,-0.306619,0.000000,0.153310,-0.000000,0.000000,-0.000000,-0.000000,-0.000000,-0.306619,-0.766549,0.459929,-0.076655,0.000000,-2.998055,-1.317135,3.228601,2.435848,-0.275069,4.613547,-5.144990,-1.611250,-6.254362,1.768414,-6.685964,2.142537,3.560299,-1.195068,-0.614968,-0.104437,1.144143,-0.546506,0.239886,0.110438,2.154122,-2.859505,-1.487870,3.277741,2.824055,-0.073138,4.673232,-5.316466,-1.336312,-6.406106,1.408154,-6.735179,2.352236,3.638402,-1.097396,-0.779324,-0.210674,1.128785,-0.615154,0.349461,0.270325,2.342955
147,0.211901,-0.365755,0.217838,-0.082582,0.656703,-0.299983,-0.232734,-0.658983,0.073709,-0.056412,1.199724,-0.542841,-0.092863,0.000000,0.000000,0.000000,0.000000,0.000000,0.000000,0.000000,0.000000,0.000000,-0.051156,-0.072626,0.014398,0.102054,-0.046287,0.072849,2.494305,0.605310,-0.175407,-4.488808,1.971306,-0.587490,0.000000,0.000000,0.000000,0.000000,0.000000,0.000000,0.000000,0.000000,0.000000,0.961806,-0.032001,-0.029904,0.974915,0.272095,0.220264,-0.034577,0.294684,0.200864,0.712718,0.104932,0.405573,-0.280650,1.199553,-0.274408,0.611476,0.249417,0.033146,-0.142592,0.865146,0.696253,0.227029,-0.095107,-0.059825,0.049087,0.075165,-0.049087,0.004602,-0.032214,0.000000,-0.076655,-0.153310,-0.153310,-0.000000,-0.000000,2.989540,-0.229965,0.000000,0.306619,0.000000,0.000000,-0.000000,0.000000,-0.000000,-0.000000,-0.000000,-0.306619,-0.766549,0.459929,-0.076655,0.000000,-2.859505,-1.487870,3.277741,2.824055,-0.073138,4.673232,-5.316466,-1.336312,-6.406106,1.408154,-6.735179,2.352236,3.638402,-1.097396,-0.779324,-0.210674,1.128785,-0.615154,0.349461,0.270325,2.342955,-3.250186,-1.572445,3.179355,3.079961,-0.320985,4.667113,-4.871406,-1.224219,-6.204793,1.808281,-6.717387,2.011597,3.288905,-1.082671,-0.516760,-0.381339,0.689782,-0.294377,0.108732,-0.135814,2.309422
148,0.213353,-0.366773,0.216390,-0.082293,0.658733,-0.300904,-0.231280,-0.610233,0.084854,-0.059061,1.111945,-0.504218,-0.103392,0.000000,0.000000,0.000000,0.000000,0.000000,0.000000,0.000000,0.000000,0.000000,-0.050341,-0.072031,0.014513,0.100499,-0.045580,0.072324,2.323814,0.461175,-0.046521,-4.189223,1.850738,-0.404292,0.000000,0.000000,0.000000,0.000000,0.000000,0.000000,0.000000,0.000000,0.000000,0.961156,-0.030224,-0.032117,0.974986,0.274131,0.220200,-0.034278,0.257890,0.192747,0.714252,0.104932,0.407107,-0.280650,1.199553,-0.323495,0.611476,0.250951,0.033146,-0.142592,0.865146,0.696253,0.227029,-0.095107,-0.059825,0.049087,0.075165,-0.049087,0.004602,-0.032214,0.000000,-0.076655,-0.153310,-0.459929,-0.000000,-0.000000,2.989540,-0.076655,0.076655,0.306619,-0.076655,0.000000,-0.000000,0.000000,-0.000000,-0.000000,-0.000000,-0.306619,-0.766549,0.459929,-0.076655,0.000000,-3.250186,-1.572445,3.179355,3.079961,-0.320985,4.667113,-4.871406,-1.224219,-6.204793,1.808281,-6.717387,2.011597,3.288905,-1.082671,-0.516760,-0.381339,0.689782,-0.294377,0.108732,-0.135814,2.309422,-3.231769,-1.530967,3.293905,3.026750,-0.296389,4.827821,-5.025780,-1.237826,-6.241524,1.796388,-6.919478,2.051996,3.321550,-1.116357,-0.531988,-0.390082,0.718387,-0.306155,-0.006260,-0.100200,2.397066
149,0.214804,-0.367768,0.214957,-0.082001,0.660723,-0.301807,-0.229841,-0.566030,0.092156,-0.058273,1.032155,-0.468811,-0.109035,0.000000,0.000000,0.000000,0.000000,0.000000,0.000000,0.000000,0.000000,0.000000,-0.049536,-0.071634,0.014739,0.098993,-0.044893,0.072021,2.157176,0.296498,0.083912,-3.894946,1.733120,-0.205918,0.000000,0.000000,0.000000,0.000000,0.000000,0.000000,0.000000,0.000000,0.000000,0.959561,-0.025771,-0.037433,0.975275,0.278999,0.219487,-0.020029,0.159489,0.130330,0.712718,0.106466,0.408641,-0.280650,1.199553,-0.265204,0.613010,0.249417,0.033146,-0.142592,0.865146,0.696253,0.227029,-0.095107,-0.059825,0.049087,0.075165,-0.049087,0.004602,-0.032214,0.000000,-0.306619,-0.076655,0.689894,-0.000000,-0.000000,4.292672,-0.153310,-0.076655,0.153310,0.000000,0.000000,-0.000000,0.000000,-0.000000,-0.000000,-0.000000,-0.306619,-0.766549,0.459929,-0.076655,0.000000,-3.231769,-1.530967,3.293905,3.026750,-0.296389,4.827821,-5.025780,-1.237826,-6.241524,1.796388,-6.919478,2.051996,3.321550,-1.116357,-0.531988,-0.390082,0.718387,-0.306155,-0.006260,-0.100200,2.397066,-3.483978,-1.581268,3.288995,2.859843,-0.524364,4.767995,-4.791292,-1.126570,-6.183815,2.034183,-6.878356,1.915406,3.254002,-1.189981,-0.453463,-0.415222,0.606387,-0.178978,-0.070590,-0.349060,2.291568
150,0.216255,-0.368754,0.213524,-0.081703,0.662693,-0.302700,-0.228400,-0.523946,0.096714,-0.055705,0.956147,-0.434894,-0.111629,0.000000,0.000000,0.000000,0.000000,0.000000,0.000000,0.000000,0.000000,0.000000,-0.049147,-0.071633,0.014964,0.098290,-0.044571,0.072090,2.077726,0.193623,0.150672,-3.753147,1.677271,-0.091563,0.000000,0.000000,0.000000,0.000000,0.000000,0.000000,0.000000,0.000000,0.000000,0.959039,-0.023481,-0.039854,0.975462,0.280457,0.218913,0.010489,0.100730,0.089576,0.712718,0.109534,0.416311,-0.280650,1.199553,-0.351107,0.614544,0.249417,0.031612,-0.141058,0.865146,0.696253,0.227029,-0.095107,-0.059825,0.049087,0.075165,-0.049087,0.004602,-0.032214,0.000000,0.000000,0.076655,-0.843203,-0.000000,-0.000000,-3.372814,0.153310,0.000000,-0.076655,0.076655,0.000000,-0.000000,0.000000,-0.000000,-0.000000,-0.000000,-0.306619,-0.766549,0.459929,-0.076655,0.000000,-3.483978,-1.581268,3.288995,2.859843,-0.524364,4.767995,-4.791292,-1.126570,-6.183815,2.034183,-6.878356,1.915406,3.254002,-1.189981,-0.453463,-0.415222,0.606387,-0.178978,-0.070590,-0.349060,2.291568,-2.817606,-1.541031,3.386694,2.606355,-0.139437,4.800835,-5.346677,-1.278659,-6.318048,1.709117,-6.941271,2.226791,3.625315,-1.202706,-0.668981,-0.288917,0.959999,-0.476656,0.132316,-0.018984,2.335581
151,0.217707,-0.369734,0.212092,-0.081403,0.664654,-0.303589,-0.226957,-0.482921,0.099901,-0.052246,0.882029,-0.401720,-0.112698,0.000000,0.000000,0.000000,0.000000,0.000000,0.000000,0.000000,0.000000,0.000000,-0.200883,-0.311763,0.072630,0.403960,-0.183102,0.316166,1.281354,-0.177718,0.247207,-2.293149,1.027199,0.275369,0.000000,0.000000,0.000000,0.000000,0.000000,0.000000,0.000000,0.000000,0.000000,0.958758,-0.021826,-0.041291,0.975774,0.281210,0.217689,0.028896,0.059593,0.062789,0.712718,0.109534,0.419379,-0.280650,1.199553,-0.269806,0.614544,0.249417,0.033146,-0.141058,0.863612,0.696253,0.227029,-0.095107,-0.059825,0.049087,0.075165,-0.049087,0.004602,-0.032214,0.000000,0.076655,0.076655,0.766549,-0.000000,-0.000000,1.456442,-0.000000,0.000000,0.000000,0.000000,-0.076655,-0.000000,0.000000,-0.000000,-0.000000,-0.000000,-0.306619,-0.766549,0.459929,-0.076655,0.000000,-2.817606,-1.541031,3.386694,2.606355,-0.139437,4.800835,-5.346677,-1.278659,-6.318048,1.709117,-6.941271,2.226791,3.625315,-1.202706,-0.668981,-0.288917,0.959999,-0.476656,0.132316,-0.018984,2.335581,-3.132087,-1.636653,3.232426,2.835366,-0.375997,4.711980,-5.026289,-1.278349,-6.297590,1.853057,-6.799670,2.086042,3.463053,-1.145936,-0.522602,-0.409102,0.723401,-0.303255,0.127057,-0.359288,2.253842
152,0.219158,-0.376789,0.201054,-0.078798,0.678851,-0.310024,-0.215753,-0.472692,0.089605,-0.045816,0.864421,-0.393806,-0.100614,0.000000,0.000000,0.000000,0.000000,0.000000,0.000000,0.000000,0.000000,0.000000,-0.393934,-0.649290,0.164874,0.795721,-0.360543,0.663088,0.426468,-0.613344,0.360324,-0.723308,0.325123,0.709634,0.000000,0.000000,0.000000,0.000000,0.000000,0.000000,0.000000,0.000000,0.000000,0.958696,-0.021106,-0.041865,0.975910,0.281334,0.217149,0.028352,0.041506,0.065875,0.712718,0.106466,0.405573,-0.280650,1.199553,-0.282078,0.613010,0.249417,0.033146,-0.141058,0.863612,0.696253,0.227029,-0.095107,-0.059825,0.049087,0.075165,-0.049087,0.004602,-0.032214,0.000000,0.076655,0.076655,-0.766549,-0.000000,-0.000000,0.306619,-0.000000,0.000000,0.000000,0.000000,-0.076655,-0.000000,0.000000,-0.000000,-0.000000,-0.000000,-0.306619,-0.766549,0.459929,-0.076655,0.000000,-3.132087,-1.636653,3.232426,2.835366,-0.375997,4.711980,-5.026289,-1.278349,-6.297590,1.853057,-6.799670,2.086042,3.463053,-1.145936,-0.522602,-0.409102,0.723401,-0.303255,0.127057,-0.359288,2.253842,-3.162500,-1.473594,3.310246,2.674126,-0.387916,4.775867,-5.140123,-1.642977,-6.224167,1.945706,-6.855525,2.055604,3.521010,-1.187528,-0.562328,-0.313692,0.859967,-0.396325,0.046995,-0.272669,2.292904
153,0.220610,-0.385492,0.186120,-0.074808,0.696483,-0.318011,-0.200434,-0.465863,0.075367,-0.037833,0.853097,-0.388715,-0.084312,0.000000,0.000000,0.000000,0.000000,0.000000,0.000000,0.000000,0.000000,0.000000,-0.517497,-0.941485,0.268837,1.053286,-0.476948,0.971699,0.171506,-0.909071,0.476832,-0.252040,0.113279,1.025986,0.000000,0.000000,0.000000,0.000000,0.000000,0.000000,0.000000,0.000000,0.000000,0.958644,-0.018797,-0.043381,0.976508,0.281283,0.214662,0.061696,-0.012165,0.053766,0.714252,0.108000,0.419379,-0.280650,1.199553,-0.280544,0.611476,0.250951,0.028544,-0.141058,0.865146,0.696253,0.219359,-0.070563,-0.076699,-0.012272,0.046019,-0.082835,0.012272,0.009204,-0.000000,0.229965,0.153310,-0.229965,-0.000000,-0.000000,-2.069681,-0.076655,0.076655,-0.306619,0.000000,0.000000,-0.000000,0.000000,-0.000000,-0.153310,-0.229965,-0.306619,0.153310,-0.000000,0.536584,-0.000000,-3.162500,-1.473594,3.310246,2.674126,-0.387916,4.775867,-5.140123,-1.642977,-6.224167,1.945706,-6.855525,2.055604,3.521010,-1.187528,-0.562328,-0.313692,0.859967,-0.396325,0.046995,-0.272669,2.292904,-2.920998,-1.538044,3.293578,2.711854,-0.198710,4.754393,-5.321490,-1.722973,-6.194692,1.684333,-6.761741,2.210096,3.702153,-1.134612,-0.776575,-0.310496,0.910967,-0.562401,0.272872,-0.170827,2.322411
154,0.222061,-0.397489,0.163395,-0.068045,0.720983,-0.329102,-0.176885,-0.465832,0.053243,-0.026743,0.854340,-0.389274,-0.059574,0.000000,0.000000,0.000000,0.000000,0.000000,0.000000,0.000000,0.000000,0.000000,-0.571146,-1.201962,0.389244,1.172623,-0.530599,1.257300,0.061160,-1.173969,0.589146,-0.058308,0.026236,1.313115,0.000000,0.000000,0.000000,0.000000,0.000000,0.000000,0.000000,0.000000,0.000000,0.958702,-0.018025,-0.043795,0.976731,0.281019,0.213709,0.064325,-0.033633,0.056787,0.712718,0.104932,0.405573,-0.280650,1.199553,-0.272874,0.611476,0.250951,0.033146,-0.142592,0.865146,0.696253,0.219359,-0.070563,-0.076699,-0.012272,0.046019,-0.082835,0.012272,0.009204,-0.000000,-0.153310,-0.153310,-0.229965,-0.000000,-0.000000,3.526124,-0.076655,0.000000,0.306619,0.000000,0.000000,-0.000000,0.000000,-0.000000,-0.153310,-0.229965,-0.306619,0.153310,-0.000000,0.536584,-0.000000,-2.920998,-1.538044,3.293578,2.711854,-0.198710,4.754393,-5.321490,-1.722973,-6.194692,1.684333,-6.761741,2.210096,3.702153,-1.134612,-0.776575,-0.310496,0.910967,-0.562401,0.272872,-0.170827,2.322411,-3.341835,-1.818052,3.460235,2.851260,-0.514237,4.679959,-5.021418,-1.760507,-6.118330,1.989941,-6.878991,1.949300,3.433851,-1.108178,-0.556480,-0.358127,0.642031,-0.382958,0.019466,-0.514187,2.267762
155,0.223512,-0.408338,0.138042,-0.059238,0.743388,-0.339235,-0.150142,-0.463416,0.028408,-0.014267,0.850764,-0.387666,-0.031788,0.000000,0.000000,0.000000,0.000000,0.000000,0.000000,0.000000,0.000000,0.000000,-0.528058,-1.300491,0.465894,1.094069,-0.494669,1.377096,0.150603,-1.275596,0.641112,-0.238985,0.107519,1.427465,0.000000,0.000000,0.000000,0.000000,0.000000,0.000000,0.000000,0.000000,0.000000,0.958860,-0.016587,-0.044414,0.977232,0.280382,0.211523,0.089077,-0.063111,0.047728,0.715786,0.109534,0.422447,-0.280650,1.199553,-0.346505,0.616078,0.250951,0.028544,-0.142592,0.865146,0.696253,0.219359,-0.070563,-0.076699,-0.012272,0.046019,-0.082835,0.012272,0.009204,-0.000000,0.153310,0.229965,-0.383274,-0.000000,-0.000000,-4.139362,0.229965,0.000000,-0.229965,0.000000,0.000000,-0.000000,0.000000,-0.000000,-0.153310,-0.229965,-0.306619,0.153310,-0.000000,0.536584,-0.000000,-3.341835,-1.818052,3.460235,2.851260,-0.514237,4.679959,-5.021418,-1.760507,-6.118330,1.989941,-6.878991,1.949300,3.433851,-1.108178,-0.556480,-0.358127,0.642031,-0.382958,0.019466,-0.514187,2.267762,-2.664094,-1.870018,3.689201,2.836914,-0.121920,4.830818,-5.691960,-2.031056,-6.028054,1.730089,-6.889091,2.301608,3.694440,-0.957450,-0.909996,-0.350592,0.855950,-0.865064,0.267093,-0.114797,2.359124
156,0.224964,-0.418611,0.111375,-0.049409,0.764746,-0.348889,-0.121801,-0.459808,0.002219,-0.001099,0.844780,-0.384974,-0.002476,0.000000,0.000000,0.000000,0.000000,0.000000,0.000000,0.000000,0.000000,0.000000,-0.449899,-1.494654,0.599184,0.941312,-0.425237,1.608078,0.333371,-1.477211,0.720458,-0.609905,0.274602,1.643509,0.000000,0.000000,0.000000,0.000000,0.000000,0.000000,0.000000,0.000000,0.000000,0.959107,-0.015438,-0.044518,0.977856,0.279519,0.208710,0.107223,-0.090233,0.048746,0.712718,0.106466,0.407107,-0.280650,1.199553,-0.265204,0.613010,0.249417,0.033146,-0.142592,0.865146,0.696253,0.219359,-0.070563,-0.076699,-0.012272,0.046019,-0.082835,0.012272,0.009204,-0.000000,-0.153310,-0.076655,0.689894,-0.000000,-0.000000,3.986053,-0.153310,-0.076655,0.229965,0.000000,0.000000,-0.000000,0.000000,-0.000000,-0.153310,-0.229965,-0.306619,0.153310,-0.000000,0.536584,-0.000000,-2.664094,-1.870018,3.689201,2.836914,-0.121920,4.830818,-5.691960,-2.031056,-6.028054,1.730089,-6.889091,2.301608,3.694440,-0.957450,-0.909996,-0.350592,0.855950,-0.865064,0.267093,-0.114797,2.359124,-3.054720,-2.323044,3.691922,3.132827,-0.469850,4.652706,-5.301338,-2.043692,-5.951523,1.949045,-6.810755,1.922058,3.327740,-0.898141,-0.639328,-0.550710,0.420922,-0.596892,0.037031,-0.665716,2.252561
157,0.226415,-0.426333,0.078256,-0.035271,0.781040,-0.356245,-0.085819,-0.450081,-0.030680,0.014551,0.826368,-0.376682,0.033953,0.000000,0.000000,0.000000,0.000000,0.000000,0.000000,0.000000,0.000000,0.000000,-0.340401,-1.557925,0.670475,0.718646,-0.324388,1.694914,0.477200,-1.549400,0.728915,-0.908439,0.409202,1.712139,0.000000,0.000000,0.000000,0.000000,0.000000,0.000000,0.000000,0.000000,0.000000,0.959314,-0.014789,-0.044597,0.978154,0.278796,0.207356,0.115379,-0.100815,0.054651,0.712718,0.106466,0.405573,-0.282184,1.199553,-0.303553,0.613010,0.249417,0.033146,-0.142592,0.863612,0.696253,0.219359,-0.070563,-0.076699,-0.012272,0.046019,-0.082835,0.012272,0.009204,-0.000000,-0.153310,-0.076655,-0.843203,-0.076655,-0.000000,3.986053,-0.153310,0.000000,0.229965,0.000000,0.000000,-0.000000,0.000000,-0.000000,-0.153310,-0.229965,-0.306619,0.153310,-0.000000,0.536584,-0.000000,-3.054720,-2.323044,3.691922,3.132827,-0.469850,4.652706,-5.301338,-2.043692,-5.951523,1.949045,-6.810755,1.922058,3.327740,-0.898141,-0.639328,-0.550710,0.420922,-0.596892,0.037031,-0.665716,2.252561,-2.815534,-2.488162,3.864137,3.213176,-0.347046,4.816944,-5.600452,-2.255353,-5.859078,1.948304,-6.922895,1.847111,3.232231,-0.769760,-0.660270,-0.658753,0.319149,-0.735248,-0.088196,-0.702137,2.253640
158,0.227866,-0.432228,0.049058,-0.022590,0.793491,-0.361865,-0.054005,-0.440720,-0.059757,0.028058,0.808443,-0.368606,0.066010,0.000000,0.000000,0.000000,0.000000,0.000000,0.000000,0.000000,0.000000,0.000000,-0.203307,-1.263794,0.561134,0.430357,-0.194211,1.382288,0.449833,-1.262769,0.568222,-0.871959,0.393037,1.384263,0.000000,0.000000,0.000000,0.000000,0.000000,0.000000,0.000000,0.000000,0.000000,0.959314,-0.014789,-0.044597,0.978154,0.278796,0.207356,0.115379,-0.100815,0.054651,0.712718,0.106466,0.405573,-0.282184,1.199553,-0.303553,0.613010,0.249417,0.033146,-0.142592,0.863612,0.696253,0.219359,-0.070563,-0.076699,-0.012272,0.046019,-0.082835,0.012272,0.009204,-0.000000,-0.153310,-0.076655,-0.843203,-0.076655,-0.000000,3.986053,-0.153310,0.000000,0.229965,0.000000,0.000000,-0.000000,0.000000,-0.000000,-0.153310,-0.229965,-0.306619,0.153310,-0.000000,0.536584,-0.000000,-2.815534,-2.488162,3.864137,3.213176,-0.347046,4.816944,-5.600452,-2.255353,-5.859078,1.948304,-6.922895,1.847111,3.232231,-0.769760,-0.660270,-0.658753,0.319149,-0.735248,-0.088196,-0.702137,2.253640,-2.573876,-2.687446,3.762847,3.362014,-0.305255,4.815378,-5.685633,-2.268624,-5.733276,1.890329,-6.743678,1.851334,3.123518,-0.667791,-0.685280,-0.833708,0.223946,-0.812999,-0.074927,-0.809330,2.187058
159,0.229318,-0.434466,0.027704,-0.012825,0.798255,-0.364013,-0.030527,-0.432088,-0.081191,0.037280,0.791490,-0.360960,0.089323,0.000000,0.000000,0.000000,0.000000,0.000000,0.000000,0.000000,0.000000,0.000000,-0.079072,-1.015268,0.466629,0.168300,-0.075912,1.117257,0.415859,-1.021083,0.428416,-0.823165,0.371365,1.106145,0.000000,0.000000,0.000000,0.000000,0.000000,0.000000,0.000000,0.000000,0.000000,0.959314,-0.014789,-0.044597,0.978154,0.278796,0.207356,0.115379,-0.100815,0.054651,0.712718,0.106466,0.405573,-0.282184,1.199553,-0.303553,0.613010,0.249417,0.033146,-0.142592,0.863612,0.696253,0.219359,-0.070563,-0.076699,-0.012272,0.046019,-0.082835,0.012272,0.009204,-0.000000,-0.153310,-0.076655,-0.843203,-0.076655,-0.000000,3.986053,-0.153310,0.000000,0.229965,0.000000,0.000000,-0.000000,0.000000,-0.000000,-0.153310,-0.229965,-0.306619,0.153310,-0.000000,0.536584,-0.000000,-2.573876,-2.687446,3.762847,3.362014,-0.305255,4.815378,-5.685633,-2.268624,-5.733276,1.890329,-6.743678,1.851334,3.123518,-0.667791,-0.685280,-0.833708,0.223946,-0.812999,-0.074927,-0.809330,2.187058,-2.373366,-2.750931,3.641031,3.599696,-0.223355,4.842606,-5.794335,-2.327314,-5.623955,1.765210,-6.634015,1.874242,3.077271,-0.568219,-0.739087,-0.946818,0.201882,-0.925761,-0.041242,-0.779373,2.188425
160,0.230769,-0.435390,0.008447,-0.003925,0.800223,-0.364901,-0.009314,-0.424085,-0.100601,0.045195,0.775516,-0.353751,0.110256,0.000000,0.000000,0.000000,0.000000,0.000000,0.000000,0.000000,0.000000,0.000000,-0.029813,-0.936612,0.434214,0.063500,-0.028640,1.032335,0.392262,-0.945187,0.379401,-0.786455,0.355019,1.016844,0.000000,0.000000,0.000000,0.000000,0.000000,0.000000,0.000000,0.000000,0.000000,0.960913,-0.009927,-0.045171,0.980343,0.273139,0.197051,0.150181,-0.126554,0.059579,0.718854,0.108000,0.420913,-0.280650,1.199553,-0.294350,0.614544,0.250951,0.025476,-0.141058,0.865146,0.696253,0.210155,-0.069029,-0.076699,-0.018408,0.033748,-0.055223,0.009204,-0.012272,0.000000,0.383274,0.153310,0.843203,0.076655,-0.000000,-2.682920,-0.000000,0.076655,-0.383274,0.000000,0.000000,-0.000000,0.306619,-0.076655,-0.153310,-0.000000,-0.000000,-0.153310,0.459929,0.536584,0.000000,-2.373366,-2.750931,3.641031,3.599696,-0.223355,4.842606,-5.794335,-2.327314,-5.623955,1.765210,-6.634015,1.874242,3.077271,-0.568219,-0.739087,-0.946818,0.201882,-0.925761,-0.041242,-0.779373,2.188425,-1.727170,-2.880706,3.656245,4.211715,0.028361,4.941428,-6.397781,-2.403697,-5.580949,1.321924,-6.463429,2.394047,3.425444,-0.385130,-1.263086,-1.005293,0.403847,-1.492115,0.402685,-0.149455,2.345403
161,0.232221,-0.435658,-0.009761,0.004543,0.800795,-0.365159,0.010766,-0.416397,-0.118998,0.052456,0.760032,-0.346760,0.129997,0.000000,0.000000,0.000000,0.000000,0.000000,0.000000,0.000000,0.000000,0.000000,-0.270822,-0.879432,0.421411,0.486042,-0.219027,0.975188,0.390425,-0.956095,0.362617,-0.797911,0.360477,1.020108,0.000000,0.000000,0.000000,0.000000,0.000000,0.000000,0.000000,0.000000,0.000000,0.961310,-0.008293,-0.045554,0.980998,0.271676,0.193838,0.140364,-0.140940,0.069734,0.709651,0.106466,0.405573,-0.280650,1.199553,-0.306621,0.611476,0.250951,0.036214,-0.142592,0.865146,0.696253,0.210155,-0.069029,-0.076699,-0.018408,0.033748,-0.055223,0.009204,-0.012272,0.000000,-0.536584,-0.076655,-0.383274,-0.000000,-0.000000,3.909398,-0.153310,0.000000,0.536584,-0.076655,0.000000,-0.000000,0.306619,-0.076655,-0.153310,-0.000000,-0.000000,-0.153310,0.459929,0.536584,0.000000,-1.727170,-2.880706,3.656245,4.211715,0.028361,4.941428,-6.397781,-2.403697,-5.580949,1.321924,-6.463429,2.394047,3.425444,-0.385130,-1.263086,-1.005293,0.403847,-1.492115,0.402685,-0.149455,2.345403,-2.287211,-2.945035,3.398395,4.221760,-0.291765,4.761339,-5.759994,-2.264613,-5.386106,1.476470,-6.174497,1.777101,3.025921,-0.356149,-0.915224,-1.155267,0.067485,-1.173978,0.145227,-0.778356,2.176938
162,0.233672,-0.446223,-0.026730,0.012932,0.819665,-0.373662,0.029693,-0.408468,-0.138844,0.059699,0.743600,-0.339332,0.151060,0.000000,0.000000,0.000000,0.000000,0.000000,0.000000,0.000000,0.000000,0.000000,-0.693016,-0.742958,0.381477,1.243360,-0.559655,0.835211,0.377364,-0.924743,0.333396,-0.781256,0.353185,0.979874,0.000000,0.000000,0.000000,0.000000,0.000000,0.000000,0.000000,0.000000,0.000000,0.961713,-0.006708,-0.045895,0.981641,0.270188,0.190622,0.147165,-0.147850,0.058356,0.712718,0.111068,0.420913,-0.282184,1.199553,-0.321961,0.613010,0.249417,0.028544,-0.142592,0.863612,0.696253,0.210155,-0.069029,-0.076699,-0.018408,0.033748,-0.055223,0.009204,-0.012272,0.000000,0.153310,0.153310,0.536584,-0.076655,-0.000000,-4.216017,0.076655,0.000000,-0.383274,0.000000,0.000000,-0.000000,0.306619,-0.076655,-0.153310,-0.000000,-0.000000,-0.153310,0.459929,0.536584,0.000000,-2.287211,-2.945035,3.398395,4.221760,-0.291765,4.761339,-5.759994,-2.264613,-5.386106,1.476470,-6.174497,1.777101,3.025921,-0.356149,-0.915224,-1.155267,0.067485,-1.173978,0.145227,-0.778356,2.176938,-1.630262,-2.931376,3.670054,4.595567,-0.000196,5.030537,-6.577877,-2.396573,-5.349624,1.087273,-6.252248,2.395154,3.436245,-0.156678,-1.454064,-1.126777,0.447503,-1.855448,0.489664,0.007791,2.364261
163,0.235123,-0.463379,-0.039479,0.019802,0.850529,-0.387545,0.044175,-0.401303,-0.155988,0.065792,0.728781,-0.332632,0.169192,0.000000,0.000000,0.000000,0.000000,0.000000,0.000000,0.000000,0.000000,0.000000,-1.187319,-0.426424,0.267670,2.142900,-0.963108,0.501807,0.320102,-0.722073,0.247077,-0.660217,0.298596,0.760086,0.000000,0.000000,0.000000,0.000000,0.000000,0.000000,0.000000,0.000000,0.000000,0.961994,-0.005253,-0.046278,0.982217,0.269122,0.187678,0.130402,-0.145323,0.074842,0.712718,0.106466,0.407107,-0.282184,1.199553,-0.288214,0.613010,0.249417,0.033146,-0.142592,0.863612,0.696253,0.210155,-0.069029,-0.076699,-0.018408,0.033748,-0.055223,0.009204,-0.012272,0.000000,0.000000,-0.076655,-0.689894,-0.000000,-0.000000,3.602778,-0.000000,-0.076655,0.229965,0.000000,-0.076655,-0.000000,0.306619,-0.076655,-0.153310,-0.000000,-0.000000,-0.153310,0.459929,0.536584,0.000000,-1.630262,-2.931376,3.670054,4.595567,-0.000196,5.030537,-6.577877,-2.396573,-5.349624,1.087273,-6.252248,2.395154,3.436245,-0.156678,-1.454064,-1.126777,0.447503,-1.855448,0.489664,0.007791,2.364261,-2.061721,-3.038285,3.314620,4.629372,-0.249241,4.800438,-5.920869,-2.291082,-5.182460,1.278068,-5.890538,1.760122,2.998551,-0.175627,-1.015325,-1.309838,0.066827,-1.425627,0.228137,-0.722203,2.174459
164,0.236575,-0.493716,-0.043787,0.023638,0.905381,-0.412186,0.049766,-0.395664,-0.167727,0.069582,0.717191,-0.327388,0.181463,0.000000,0.000000,0.000000,0.000000,0.000000,0.000000,0.000000,0.000000,0.000000,-1.693428,-0.127917,0.159607,3.059854,-1.371146,0.189138,0.274556,-0.550116,0.172165,-0.562863,0.254723,0.573073,0.000000,0.000000,0.000000,0.000000,0.000000,0.000000,0.000000,0.000000,0.000000,0.962084,-0.003753,-0.046897,0.982738,0.268691,0.184965,0.129416,-0.135200,0.064792,0.717320,0.108000,0.420913,-0.280650,1.199553,-0.341903,0.619146,0.249417,0.033146,-0.142592,0.865146,0.696253,0.210155,-0.069029,-0.076699,-0.018408,0.033748,-0.055223,0.009204,-0.012272,0.000000,0.076655,-0.076655,0.766549,0.076655,-0.000000,-2.069681,0.229965,0.000000,0.000000,0.000000,0.076655,-0.000000,0.306619,-0.076655,-0.153310,-0.000000,-0.000000,-0.153310,0.459929,0.536584,0.000000,-2.061721,-3.038285,3.314620,4.629372,-0.249241,4.800438,-5.920869,-2.291082,-5.182460,1.278068,-5.890538,1.760122,2.998551,-0.175627,-1.015325,-1.309838,0.066827,-1.425627,0.228137,-0.722203,2.174459,-1.704553,-3.017186,3.575649,4.875161,-0.078728,5.078328,-6.538612,-2.291989,-5.236269,1.008444,-6.107882,2.331000,3.329497,-0.059060,-1.441224,-1.282762,0.396142,-1.948698,0.468299,-0.079336,2.349339
165,0.238026,-0.531116,-0.044596,0.026187,0.972923,-0.442391,0.051740,-0.390321,-0.177993,0.072678,0.706267,-0.322443,0.192115,0.000000,0.000000,0.000000,0.000000,0.000000,0.000000,0.000000,0.000000,0.000000,-1.958285,0.003317,0.111315,3.535737,-1.579751,0.053531,0.263501,-0.494846,0.146112,-0.537868,0.243501,0.512337,0.000000,0.000000,0.000000,0.000000,0.000000,0.000000,0.000000,0.000000,0.000000,0.962084,-0.003753,-0.046897,0.982738,0.268691,0.184965,0.129416,-0.135200,0.064792,0.717320,0.108000,0.420913,-0.280650,1.199553,-0.341903,0.619146,0.249417,0.033146,-0.142592,0.865146,0.696253,0.210155,-0.069029,-0.076699,-0.018408,0.033748,-0.055223,0.009204,-0.012272,0.000000,0.076655,-0.076655,0.766549,0.076655,-0.000000,-2.069681,0.229965,0.000000,0.000000,0.000000,0.076655,-0.000000,0.306619,-0.076655,-0.153310,-0.000000,-0.000000,-0.153310,0.459929,0.536584,0.000000,-1.704553,-3.017186,3.575649,4.875161,-0.078728,5.078328,-6.538612,-2.291989,-5.236269,1.008444,-6.107882,2.331000,3.329497,-0.059060,-1.441224,-1.282762,0.396142,-1.948698,0.468299,-0.079336,2.349339,-1.700286,-3.121313,3.397314,5.213612,-0.121377,5.042243,-6.458184,-2.159360,-5.187965,0.939301,-5.863056,2.220530,3.285047,-0.021797,-1.444774,-1.393316,0.249148,-1.938550,0.534921,-0.209815,2.307503
166,0.239478,-0.572047,-0.043654,0.028091,1.046811,-0.475376,0.051907,-0.385124,-0.187521,0.075427,0.695676,-0.317648,0.201957,0.000000,0.000000,0.000000,0.000000,0.000000,0.000000,0.000000,0.000000,0.000000,-2.415134,0.145321,0.043879,4.343411,-1.927248,-0.097339,0.279754,-0.484213,0.130964,-0.567552,0.257069,0.497147,0.000000,0.000000,0.000000,0.000000,0.000000,0.000000,0.000000,0.000000,0.000000,0.962084,-0.003753,-0.046897,0.982738,0.268691,0.184965,0.129416,-0.135200,0.064792,0.717320,0.108000,0.420913,-0.280650,1.199553,-0.341903,0.619146,0.249417,0.033146,-0.142592,0.865146,0.696253,0.210155,-0.069029,-0.076699,-0.018408,0.033748,-0.055223,0.009204,-0.012272,0.000000,0.076655,-0.076655,0.766549,0.076655,-0.000000,-2.069681,0.229965,0.000000,0.000000,0.000000,0.076655,-0.000000,0.306619,-0.076655,-0.153310,-0.000000,-0.000000,-0.153310,0.459929,0.536584,0.000000,-1.700286,-3.121313,3.397314,5.213612,-0.121377,5.042243,-6.458184,-2.159360,-5.187965,0.939301,-5.863056,2.220530,3.285047,-0.021797,-1.444774,-1.393316,0.249148,-1.938550,0.534921,-0.209815,2.307503,-1.682788,-3.120077,3.386169,5.330187,-0.119865,5.090580,-6.537157,-2.221543,-5.114644,0.876817,-5.845689,2.207021,3.296752,0.027867,-1.478602,-1.424304,0.282685,-2.036386,0.538105,-0.156711,2.329275
167,0.240929,-0.627721,-0.038783,0.027942,1.146660,-0.519481,0.047847,-0.379130,-0.197361,0.077917,0.683565,-0.312160,0.212001,0.000000,0.000000,0.000000,0.000000,0.000000,0.000000,0.000000,0.000000,0.000000,-2.603812,0.228895,-0.011930,4.665059,-2.057836,-0.192761,0.279786,-0.455323,0.113826,-0.564910,0.255972,0.464305,0.000000,0.000000,0.000000,0.000000,0.000000,0.000000,0.000000,0.000000,0.000000,0.962084,-0.003753,-0.046897,0.982738,0.268691,0.184965,0.129416,-0.135200,0.064792,0.717320,0.108000,0.420913,-0.280650,1.199553,-0.341903,0.619146,0.249417,0.033146,-0.142592,0.865146,0.696253,0.210155,-0.069029,-0.076699,-0.018408,0.033748,-0.055223,0.009204,-0.012272,0.000000,0.076655,-0.076655,0.766549,0.076655,-0.000000,-2.069681,0.229965,0.000000,0.000000,0.000000,0.076655,-0.000000,0.306619,-0.076655,-0.153310,-0.000000,-0.000000,-0.153310,0.459929,0.536584,0.000000,-1.682788,-3.120077,3.386169,5.330187,-0.119865,5.090580,-6.537157,-2.221543,-5.114644,0.876817,-5.845689,2.207021,3.296752,0.027867,-1.478602,-1.424304,0.282685,-2.036386,0.538105,-0.156711,2.329275,-1.619527,-3.164892,3.404546,5.366903,-0.128136,5.103949,-6.613459,-2.275882,-5.077019,0.829713,-5.806623,2.185874,3.301703,0.058595,-1.498074,-1.442857,0.293646,-2.115822,0.528946,-0.160046,2.306313
168,0.242380,-0.676200,-0.034499,0.027614,1.233413,-0.557690,0.044196,-0.373933,-0.205734,0.079980,0.673080,-0.307409,0.220529,0.000000,0.000000,0.000000,0.000000,0.000000,0.000000,0.000000,0.000000,0.000000,-2.064128,0.184837,-0.025339,3.682804,-1.615697,-0.162022,0.220065,-0.345273,0.081802,-0.442925,0.200749,0.350602,0.000000,0.000000,0.000000,0.000000,0.000000,0.000000,0.000000,0.000000,0.000000,0.962522,-0.002446,-0.046455,0.983694,0.267196,0.179836,0.130066,-0.159345,0.012652,0.711185,0.108000,0.422447,-0.280650,1.199553,-0.351107,0.616078,0.250951,0.033146,-0.141058,0.865146,0.696253,0.210155,-0.069029,-0.076699,-0.018408,0.033748,-0.055223,0.009204,-0.012272,0.000000,-0.153310,-0.153310,0.843203,-0.000000,-0.000000,-3.142849,-0.000000,0.076655,0.000000,0.000000,0.000000,-0.000000,0.306619,-0.076655,-0.153310,-0.000000,-0.000000,-0.153310,0.459929,0.536584,0.000000,-1.619527,-3.164892,3.404546,5.366903,-0.128136,5.103949,-6.613459,-2.275882,-5.077019,0.829713,-5.806623,2.185874,3.301703,0.058595,-1.498074,-1.442857,0.293646,-2.115822,0.528946,-0.160046,2.306313,-1.470218,-3.198498,3.359234,5.466887,-0.142245,5.113228,-6.711950,-2.265029,-5.127901,0.679351,-5.790891,2.184690,3.336453,0.065804,-1.573332,-1.409288,0.297680,-2.189630,0.533539,-0.078450,2.257876
