t_sec,fsm_state,cmd_x,cmd_y,cmd_yaw,base_ang_vel_x,base_ang_vel_y,base_ang_vel_z,base_quat_w,base_quat_x,base_quat_y,base_quat_z,dof_pos_0,dof_pos_1,dof_pos_2,dof_pos_3,dof_pos_4,dof_pos_5,dof_pos_6,dof_pos_7,dof_pos_8,dof_pos_9,dof_pos_10,dof_pos_11,dof_pos_12,dof_pos_13,dof_pos_14,dof_pos_15,dof_pos_16,dof_pos_17,dof_pos_18,dof_pos_19,dof_pos_20,dof_pos_21,dof_pos_22,dof_pos_23,dof_pos_24,dof_pos_25,dof_pos_26,dof_pos_27,dof_pos_28,dof_pos_target_0,dof_pos_target_1,dof_pos_target_2,dof_pos_target_3,dof_pos_target_4,dof_pos_target_5,dof_pos_target_6,dof_pos_target_7,dof_pos_target_8,dof_pos_target_9,dof_pos_target_10,dof_pos_target_11,dof_pos_target_12,dof_pos_target_13,dof_pos_target_14,dof_pos_target_15,dof_pos_target_16,dof_pos_target_17,dof_pos_target_18,dof_pos_target_19,dof_pos_target_20,dof_pos_target_21,dof_pos_target_22,dof_pos_target_23,dof_pos_target_24,dof_pos_target_25,dof_pos_target_26,dof_pos_target_27,dof_pos_target_28,dof_vel_0,dof_vel_1,dof_vel_2,dof_vel_3,dof_vel_4,dof_vel_5,dof_vel_6,dof_vel_7,dof_vel_8,dof_vel_9,dof_vel_10,dof_vel_11,dof_vel_12,dof_vel_13,dof_vel_14,dof_vel_15,dof_vel_16,dof_vel_17,dof_vel_18,dof_vel_19,dof_vel_20,dof_vel_21,dof_vel_22,dof_vel_23,dof_vel_24,dof_vel_25,dof_vel_26,dof_vel_27,dof_vel_28,action_0,action_1,action_2,action_3,action_4,action_5,action_6,action_7,action_8,action_9,action_10,action_11,action_12,action_13,action_14,action_15,action_16,action_17,action_18,action_19,action_20,action_21,action_22,action_23,action_24,action_25,action_26,action_27,action_28,
0.0002,RLFSMStatePassive,0.0000,0.0000,0.0000,0.0000,0.0000,0.0000,0.0000,0.0000,0.0000,0.0000,0.0000,0.0000,0.0000,0.0000,0.0000,0.0000,0.0000,0.0000,0.0000,0.0000,0.0000,0.0000,0.0000,0.0000,0.0000,0.0000,0.0000,0.0000,0.0000,0.0000,0.0000,0.0000,0.0000,0.0000,0.0000,0.0000,0.0000,0.0000,0.0000,0.0000,0.0000,0.0000,0.0000,0.0000,0.0000,0.0000,0.0000,0.0000,0.0000,0.0000,0.0000,0.0000,0.0000,0.0000,0.0000,0.0000,0.0000,0.0000,0.0000,0.0000,0.0000,0.0000,0.0000,0.0000,0.0000,0.0000,0.0000,0.0000,0.0000,0.0000,0.0000,0.0000,0.0000,0.0000,0.0000,0.0000,0.0000,0.0000,0.0000,0.0000,0.0000,0.0000,0.0000,0.0000,0.0000,0.0000,0.0000,0.0000,0.0000,0.0000,0.0000,0.0000,0.0000,0.0000,0.0000,0.0000,0.0000,0.0000,0.0000,0.0000,0.0000,0.0000,0.0000,0.0000,0.0000,0.0000,0.0000,0.0000,0.0000,0.0000,0.0000,0.0000,0.0000,0.0000,0.0000,0.0000,0.0000,0.0000,0.0000,0.0000,0.0000,0.0000,0.0000,0.0000,0.0000,0.0000,
0.0203,RLFSMStatePassive,0.0000,0.0000,0.0000,0.0000,0.0000,0.0000,0.0000,0.0000,0.0000,0.0000,0.0000,0.0000,0.0000,0.0000,0.0000,0.0000,0.0000,0.0000,0.0000,0.0000,0.0000,0.0000,0.0000,0.0000,0.0000,0.0000,0.0000,0.0000,0.0000,0.0000,0.0000,0.0000,0.0000,0.0000,0.0000,0.0000,0.0000,0.0000,0.0000,0.0000,0.0000,0.0000,0.0000,0.0000,0.0000,0.0000,0.0000,0.0000,0.0000,0.0000,0.0000,0.0000,0.0000,0.0000,0.0000,0.0000,0.0000,0.0000,0.0000,0.0000,0.0000,0.0000,0.0000,0.0000,0.0000,0.0000,0.0000,0.0000,0.0000,0.0000,0.0000,0.0000,0.0000,0.0000,0.0000,0.0000,0.0000,0.0000,0.0000,0.0000,0.0000,0.0000,0.0000,0.0000,0.0000,0.0000,0.0000,0.0000,0.0000,0.0000,0.0000,0.0000,0.0000,0.0000,0.0000,0.0000,0.0000,0.0000,0.0000,0.0000,0.0000,0.0000,0.0000,0.0000,0.0000,0.0000,0.0000,0.0000,0.0000,0.0000,0.0000,0.0000,0.0000,0.0000,0.0000,0.0000,0.0000,0.0000,0.0000,0.0000,0.0000,0.0000,0.0000,0.0000,0.0000,0.0000,
0.0405,RLFSMStatePassive,0.0000,0.0000,0.0000,0.0000,0.0000,0.0000,0.0000,0.0000,0.0000,0.0000,0.0000,0.0000,0.0000,0.0000,0.0000,0.0000,0.0000,0.0000,0.0000,0.0000,0.0000,0.0000,0.0000,0.0000,0.0000,0.0000,0.0000,0.0000,0.0000,0.0000,0.0000,0.0000,0.0000,0.0000,0.0000,0.0000,0.0000,0.0000,0.0000,0.0000,0.0000,0.0000,0.0000,0.0000,0.0000,0.0000,0.0000,0.0000,0.0000,0.0000,0.0000,0.0000,0.0000,0.0000,0.0000,0.0000,0.0000,0.0000,0.0000,0.0000,0.0000,0.0000,0.0000,0.0000,0.0000,0.0000,0.0000,0.0000,0.0000,0.0000,0.0000,0.0000,0.0000,0.0000,0.0000,0.0000,0.0000,0.0000,0.0000,0.0000,0.0000,0.0000,0.0000,0.0000,0.0000,0.0000,0.0000,0.0000,0.0000,0.0000,0.0000,0.0000,0.0000,0.0000,0.0000,0.0000,0.0000,0.0000,0.0000,0.0000,0.0000,0.0000,0.0000,0.0000,0.0000,0.0000,0.0000,0.0000,0.0000,0.0000,0.0000,0.0000,0.0000,0.0000,0.0000,0.0000,0.0000,0.0000,0.0000,0.0000,0.0000,0.0000,0.0000,0.0000,0.0000,0.0000,
0.0608,RLFSMStatePassive,0.0000,0.0000,0.0000,0.0000,0.0000,0.0000,0.0000,0.0000,0.0000,0.0000,0.0000,0.0000,0.0000,0.0000,0.0000,0.0000,0.0000,0.0000,0.0000,0.0000,0.0000,0.0000,0.0000,0.0000,0.0000,0.0000,0.0000,0.0000,0.0000,0.0000,0.0000,0.0000,0.0000,0.0000,0.0000,0.0000,0.0000,0.0000,0.0000,0.0000,0.0000,0.0000,0.0000,0.0000,0.0000,0.0000,0.0000,0.0000,0.0000,0.0000,0.0000,0.0000,0.0000,0.0000,0.0000,0.0000,0.0000,0.0000,0.0000,0.0000,0.0000,0.0000,0.0000,0.0000,0.0000,0.0000,0.0000,0.0000,0.0000,0.0000,0.0000,0.0000,0.0000,0.0000,0.0000,0.0000,0.0000,0.0000,0.0000,0.0000,0.0000,0.0000,0.0000,0.0000,0.0000,0.0000,0.0000,0.0000,0.0000,0.0000,0.0000,0.0000,0.0000,0.0000,0.0000,0.0000,0.0000,0.0000,0.0000,0.0000,0.0000,0.0000,0.0000,0.0000,0.0000,0.0000,0.0000,0.0000,0.0000,0.0000,0.0000,0.0000,0.0000,0.0000,0.0000,0.0000,0.0000,0.0000,0.0000,0.0000,0.0000,0.0000,0.0000,0.0000,0.0000,0.0000,
0.0809,RLFSMStatePassive,0.0000,0.0000,0.0000,0.0000,0.0000,0.0000,0.0000,0.0000,0.0000,0.0000,0.0000,0.0000,0.0000,0.0000,0.0000,0.0000,0.0000,0.0000,0.0000,0.0000,0.0000,0.0000,0.0000,0.0000,0.0000,0.0000,0.0000,0.0000,0.0000,0.0000,0.0000,0.0000,0.0000,0.0000,0.0000,0.0000,0.0000,0.0000,0.0000,0.0000,0.0000,0.0000,0.0000,0.0000,0.0000,0.0000,0.0000,0.0000,0.0000,0.0000,0.0000,0.0000,0.0000,0.0000,0.0000,0.0000,0.0000,0.0000,0.0000,0.0000,0.0000,0.0000,0.0000,0.0000,0.0000,0.0000,0.0000,0.0000,0.0000,0.0000,0.0000,0.0000,0.0000,0.0000,0.0000,0.0000,0.0000,0.0000,0.0000,0.0000,0.0000,0.0000,0.0000,0.0000,0.0000,0.0000,0.0000,0.0000,0.0000,0.0000,0.0000,0.0000,0.0000,0.0000,0.0000,0.0000,0.0000,0.0000,0.0000,0.0000,0.0000,0.0000,0.0000,0.0000,0.0000,0.0000,0.0000,0.0000,0.0000,0.0000,0.0000,0.0000,0.0000,0.0000,0.0000,0.0000,0.0000,0.0000,0.0000,0.0000,0.0000,0.0000,0.0000,0.0000,0.0000,0.0000,
0.1010,RLFSMStatePassive,0.0000,0.0000,0.0000,0.0000,0.0000,0.0000,0.0000,0.0000,0.0000,0.0000,0.0000,0.0000,0.0000,0.0000,0.0000,0.0000,0.0000,0.0000,0.0000,0.0000,0.0000,0.0000,0.0000,0.0000,0.0000,0.0000,0.0000,0.0000,0.0000,0.0000,0.0000,0.0000,0.0000,0.0000,0.0000,0.0000,0.0000,0.0000,0.0000,0.0000,0.0000,0.0000,0.0000,0.0000,0.0000,0.0000,0.0000,0.0000,0.0000,0.0000,0.0000,0.0000,0.0000,0.0000,0.0000,0.0000,0.0000,0.0000,0.0000,0.0000,0.0000,0.0000,0.0000,0.0000,0.0000,0.0000,0.0000,0.0000,0.0000,0.0000,0.0000,0.0000,0.0000,0.0000,0.0000,0.0000,0.0000,0.0000,0.0000,0.0000,0.0000,0.0000,0.0000,0.0000,0.0000,0.0000,0.0000,0.0000,0.0000,0.0000,0.0000,0.0000,0.0000,0.0000,0.0000,0.0000,0.0000,0.0000,0.0000,0.0000,0.0000,0.0000,0.0000,0.0000,0.0000,0.0000,0.0000,0.0000,0.0000,0.0000,0.0000,0.0000,0.0000,0.0000,0.0000,0.0000,0.0000,0.0000,0.0000,0.0000,0.0000,0.0000,0.0000,0.0000,0.0000,0.0000,
0.1212,RLFSMStatePassive,0.0000,0.0000,0.0000,0.0000,0.0000,0.0000,0.0000,0.0000,0.0000,0.0000,0.0000,0.0000,0.0000,0.0000,0.0000,0.0000,0.0000,0.0000,0.0000,0.0000,0.0000,0.0000,0.0000,0.0000,0.0000,0.0000,0.0000,0.0000,0.0000,0.0000,0.0000,0.0000,0.0000,0.0000,0.0000,0.0000,0.0000,0.0000,0.0000,0.0000,0.0000,0.0000,0.0000,0.0000,0.0000,0.0000,0.0000,0.0000,0.0000,0.0000,0.0000,0.0000,0.0000,0.0000,0.0000,0.0000,0.0000,0.0000,0.0000,0.0000,0.0000,0.0000,0.0000,0.0000,0.0000,0.0000,0.0000,0.0000,0.0000,0.0000,0.0000,0.0000,0.0000,0.0000,0.0000,0.0000,0.0000,0.0000,0.0000,0.0000,0.0000,0.0000,0.0000,0.0000,0.0000,0.0000,0.0000,0.0000,0.0000,0.0000,0.0000,0.0000,0.0000,0.0000,0.0000,0.0000,0.0000,0.0000,0.0000,0.0000,0.0000,0.0000,0.0000,0.0000,0.0000,0.0000,0.0000,0.0000,0.0000,0.0000,0.0000,0.0000,0.0000,0.0000,0.0000,0.0000,0.0000,0.0000,0.0000,0.0000,0.0000,0.0000,0.0000,0.0000,0.0000,0.0000,
0.1414,RLFSMStatePassive,0.0000,0.0000,0.0000,0.0000,0.0000,0.0000,0.0000,0.0000,0.0000,0.0000,0.0000,0.0000,0.0000,0.0000,0.0000,0.0000,0.0000,0.0000,0.0000,0.0000,0.0000,0.0000,0.0000,0.0000,0.0000,0.0000,0.0000,0.0000,0.0000,0.0000,0.0000,0.0000,0.0000,0.0000,0.0000,0.0000,0.0000,0.0000,0.0000,0.0000,0.0000,0.0000,0.0000,0.0000,0.0000,0.0000,0.0000,0.0000,0.0000,0.0000,0.0000,0.0000,0.0000,0.0000,0.0000,0.0000,0.0000,0.0000,0.0000,0.0000,0.0000,0.0000,0.0000,0.0000,0.0000,0.0000,0.0000,0.0000,0.0000,0.0000,0.0000,0.0000,0.0000,0.0000,0.0000,0.0000,0.0000,0.0000,0.0000,0.0000,0.0000,0.0000,0.0000,0.0000,0.0000,0.0000,0.0000,0.0000,0.0000,0.0000,0.0000,0.0000,0.0000,0.0000,0.0000,0.0000,0.0000,0.0000,0.0000,0.0000,0.0000,0.0000,0.0000,0.0000,0.0000,0.0000,0.0000,0.0000,0.0000,0.0000,0.0000,0.0000,0.0000,0.0000,0.0000,0.0000,0.0000,0.0000,0.0000,0.0000,0.0000,0.0000,0.0000,0.0000,0.0000,0.0000,
0.1615,RLFSMStatePassive,0.0000,0.0000,0.0000,0.0000,0.0000,0.0000,0.0000,0.0000,0.0000,0.0000,0.0000,0.0000,0.0000,0.0000,0.0000,0.0000,0.0000,0.0000,0.0000,0.0000,0.0000,0.0000,0.0000,0.0000,0.0000,0.0000,0.0000,0.0000,0.0000,0.0000,0.0000,0.0000,0.0000,0.0000,0.0000,0.0000,0.0000,0.0000,0.0000,0.0000,0.0000,0.0000,0.0000,0.0000,0.0000,0.0000,0.0000,0.0000,0.0000,0.0000,0.0000,0.0000,0.0000,0.0000,0.0000,0.0000,0.0000,0.0000,0.0000,0.0000,0.0000,0.0000,0.0000,0.0000,0.0000,0.0000,0.0000,0.0000,0.0000,0.0000,0.0000,0.0000,0.0000,0.0000,0.0000,0.0000,0.0000,0.0000,0.0000,0.0000,0.0000,0.0000,0.0000,0.0000,0.0000,0.0000,0.0000,0.0000,0.0000,0.0000,0.0000,0.0000,0.0000,0.0000,0.0000,0.0000,0.0000,0.0000,0.0000,0.0000,0.0000,0.0000,0.0000,0.0000,0.0000,0.0000,0.0000,0.0000,0.0000,0.0000,0.0000,0.0000,0.0000,0.0000,0.0000,0.0000,0.0000,0.0000,0.0000,0.0000,0.0000,0.0000,0.0000,0.0000,0.0000,0.0000,
0.1817,RLFSMStatePassive,0.0000,0.0000,0.0000,0.0000,0.0000,0.0000,0.0000,0.0000,0.0000,0.0000,0.0000,0.0000,0.0000,0.0000,0.0000,0.0000,0.0000,0.0000,0.0000,0.0000,0.0000,0.0000,0.0000,0.0000,0.0000,0.0000,0.0000,0.0000,0.0000,0.0000,0.0000,0.0000,0.0000,0.0000,0.0000,0.0000,0.0000,0.0000,0.0000,0.0000,0.0000,0.0000,0.0000,0.0000,0.0000,0.0000,0.0000,0.0000,0.0000,0.0000,0.0000,0.0000,0.0000,0.0000,0.0000,0.0000,0.0000,0.0000,0.0000,0.0000,0.0000,0.0000,0.0000,0.0000,0.0000,0.0000,0.0000,0.0000,0.0000,0.0000,0.0000,0.0000,0.0000,0.0000,0.0000,0.0000,0.0000,0.0000,0.0000,0.0000,0.0000,0.0000,0.0000,0.0000,0.0000,0.0000,0.0000,0.0000,0.0000,0.0000,0.0000,0.0000,0.0000,0.0000,0.0000,0.0000,0.0000,0.0000,0.0000,0.0000,0.0000,0.0000,0.0000,0.0000,0.0000,0.0000,0.0000,0.0000,0.0000,0.0000,0.0000,0.0000,0.0000,0.0000,0.0000,0.0000,0.0000,0.0000,0.0000,0.0000,0.0000,0.0000,0.0000,0.0000,0.0000,0.0000,
0.2019,RLFSMStatePassive,0.0000,0.0000,0.0000,0.0000,0.0000,0.0000,0.0000,0.0000,0.0000,0.0000,0.0000,0.0000,0.0000,0.0000,0.0000,0.0000,0.0000,0.0000,0.0000,0.0000,0.0000,0.0000,0.0000,0.0000,0.0000,0.0000,0.0000,0.0000,0.0000,0.0000,0.0000,0.0000,0.0000,0.0000,0.0000,0.0000,0.0000,0.0000,0.0000,0.0000,0.0000,0.0000,0.0000,0.0000,0.0000,0.0000,0.0000,0.0000,0.0000,0.0000,0.0000,0.0000,0.0000,0.0000,0.0000,0.0000,0.0000,0.0000,0.0000,0.0000,0.0000,0.0000,0.0000,0.0000,0.0000,0.0000,0.0000,0.0000,0.0000,0.0000,0.0000,0.0000,0.0000,0.0000,0.0000,0.0000,0.0000,0.0000,0.0000,0.0000,0.0000,0.0000,0.0000,0.0000,0.0000,0.0000,0.0000,0.0000,0.0000,0.0000,0.0000,0.0000,0.0000,0.0000,0.0000,0.0000,0.0000,0.0000,0.0000,0.0000,0.0000,0.0000,0.0000,0.0000,0.0000,0.0000,0.0000,0.0000,0.0000,0.0000,0.0000,0.0000,0.0000,0.0000,0.0000,0.0000,0.0000,0.0000,0.0000,0.0000,0.0000,0.0000,0.0000,0.0000,0.0000,0.0000,
0.2221,RLFSMStatePassive,0.0000,0.0000,0.0000,0.0000,0.0000,0.0000,0.0000,0.0000,0.0000,0.0000,0.0000,0.0000,0.0000,0.0000,0.0000,0.0000,0.0000,0.0000,0.0000,0.0000,0.0000,0.0000,0.0000,0.0000,0.0000,0.0000,0.0000,0.0000,0.0000,0.0000,0.0000,0.0000,0.0000,0.0000,0.0000,0.0000,0.0000,0.0000,0.0000,0.0000,0.0000,0.0000,0.0000,0.0000,0.0000,0.0000,0.0000,0.0000,0.0000,0.0000,0.0000,0.0000,0.0000,0.0000,0.0000,0.0000,0.0000,0.0000,0.0000,0.0000,0.0000,0.0000,0.0000,0.0000,0.0000,0.0000,0.0000,0.0000,0.0000,0.0000,0.0000,0.0000,0.0000,0.0000,0.0000,0.0000,0.0000,0.0000,0.0000,0.0000,0.0000,0.0000,0.0000,0.0000,0.0000,0.0000,0.0000,0.0000,0.0000,0.0000,0.0000,0.0000,0.0000,0.0000,0.0000,0.0000,0.0000,0.0000,0.0000,0.0000,0.0000,0.0000,0.0000,0.0000,0.0000,0.0000,0.0000,0.0000,0.0000,0.0000,0.0000,0.0000,0.0000,0.0000,0.0000,0.0000,0.0000,0.0000,0.0000,0.0000,0.0000,0.0000,0.0000,0.0000,0.0000,0.0000,
0.2424,RLFSMStatePassive,0.0000,0.0000,0.0000,0.0000,0.0000,0.0000,0.0000,0.0000,0.0000,0.0000,0.0000,0.0000,0.0000,0.0000,0.0000,0.0000,0.0000,0.0000,0.0000,0.0000,0.0000,0.0000,0.0000,0.0000,0.0000,0.0000,0.0000,0.0000,0.0000,0.0000,0.0000,0.0000,0.0000,0.0000,0.0000,0.0000,0.0000,0.0000,0.0000,0.0000,0.0000,0.0000,0.0000,0.0000,0.0000,0.0000,0.0000,0.0000,0.0000,0.0000,0.0000,0.0000,0.0000,0.0000,0.0000,0.0000,0.0000,0.0000,0.0000,0.0000,0.0000,0.0000,0.0000,0.0000,0.0000,0.0000,0.0000,0.0000,0.0000,0.0000,0.0000,0.0000,0.0000,0.0000,0.0000,0.0000,0.0000,0.0000,0.0000,0.0000,0.0000,0.0000,0.0000,0.0000,0.0000,0.0000,0.0000,0.0000,0.0000,0.0000,0.0000,0.0000,0.0000,0.0000,0.0000,0.0000,0.0000,0.0000,0.0000,0.0000,0.0000,0.0000,0.0000,0.0000,0.0000,0.0000,0.0000,0.0000,0.0000,0.0000,0.0000,0.0000,0.0000,0.0000,0.0000,0.0000,0.0000,0.0000,0.0000,0.0000,0.0000,0.0000,0.0000,0.0000,0.0000,0.0000,
0.2627,RLFSMStatePassive,0.0000,0.0000,0.0000,0.0000,0.0000,0.0000,0.0000,0.0000,0.0000,0.0000,0.0000,0.0000,0.0000,0.0000,0.0000,0.0000,0.0000,0.0000,0.0000,0.0000,0.0000,0.0000,0.0000,0.0000,0.0000,0.0000,0.0000,0.0000,0.0000,0.0000,0.0000,0.0000,0.0000,0.0000,0.0000,0.0000,0.0000,0.0000,0.0000,0.0000,0.0000,0.0000,0.0000,0.0000,0.0000,0.0000,0.0000,0.0000,0.0000,0.0000,0.0000,0.0000,0.0000,0.0000,0.0000,0.0000,0.0000,0.0000,0.0000,0.0000,0.0000,0.0000,0.0000,0.0000,0.0000,0.0000,0.0000,0.0000,0.0000,0.0000,0.0000,0.0000,0.0000,0.0000,0.0000,0.0000,0.0000,0.0000,0.0000,0.0000,0.0000,0.0000,0.0000,0.0000,0.0000,0.0000,0.0000,0.0000,0.0000,0.0000,0.0000,0.0000,0.0000,0.0000,0.0000,0.0000,0.0000,0.0000,0.0000,0.0000,0.0000,0.0000,0.0000,0.0000,0.0000,0.0000,0.0000,0.0000,0.0000,0.0000,0.0000,0.0000,0.0000,0.0000,0.0000,0.0000,0.0000,0.0000,0.0000,0.0000,0.0000,0.0000,0.0000,0.0000,0.0000,0.0000,
0.2829,RLFSMStatePassive,0.0000,0.0000,0.0000,0.0000,0.0000,0.0000,0.0000,0.0000,0.0000,0.0000,0.0000,0.0000,0.0000,0.0000,0.0000,0.0000,0.0000,0.0000,0.0000,0.0000,0.0000,0.0000,0.0000,0.0000,0.0000,0.0000,0.0000,0.0000,0.0000,0.0000,0.0000,0.0000,0.0000,0.0000,0.0000,0.0000,0.0000,0.0000,0.0000,0.0000,0.0000,0.0000,0.0000,0.0000,0.0000,0.0000,0.0000,0.0000,0.0000,0.0000,0.0000,0.0000,0.0000,0.0000,0.0000,0.0000,0.0000,0.0000,0.0000,0.0000,0.0000,0.0000,0.0000,0.0000,0.0000,0.0000,0.0000,0.0000,0.0000,0.0000,0.0000,0.0000,0.0000,0.0000,0.0000,0.0000,0.0000,0.0000,0.0000,0.0000,0.0000,0.0000,0.0000,0.0000,0.0000,0.0000,0.0000,0.0000,0.0000,0.0000,0.0000,0.0000,0.0000,0.0000,0.0000,0.0000,0.0000,0.0000,0.0000,0.0000,0.0000,0.0000,0.0000,0.0000,0.0000,0.0000,0.0000,0.0000,0.0000,0.0000,0.0000,0.0000,0.0000,0.0000,0.0000,0.0000,0.0000,0.0000,0.0000,0.0000,0.0000,0.0000,0.0000,0.0000,0.0000,0.0000,
0.3031,RLFSMStatePassive,0.0000,0.0000,0.0000,0.0000,0.0000,0.0000,0.0000,0.0000,0.0000,0.0000,0.0000,0.0000,0.0000,0.0000,0.0000,0.0000,0.0000,0.0000,0.0000,0.0000,0.0000,0.0000,0.0000,0.0000,0.0000,0.0000,0.0000,0.0000,0.0000,0.0000,0.0000,0.0000,0.0000,0.0000,0.0000,0.0000,0.0000,0.0000,0.0000,0.0000,0.0000,0.0000,0.0000,0.0000,0.0000,0.0000,0.0000,0.0000,0.0000,0.0000,0.0000,0.0000,0.0000,0.0000,0.0000,0.0000,0.0000,0.0000,0.0000,0.0000,0.0000,0.0000,0.0000,0.0000,0.0000,0.0000,0.0000,0.0000,0.0000,0.0000,0.0000,0.0000,0.0000,0.0000,0.0000,0.0000,0.0000,0.0000,0.0000,0.0000,0.0000,0.0000,0.0000,0.0000,0.0000,0.0000,0.0000,0.0000,0.0000,0.0000,0.0000,0.0000,0.0000,0.0000,0.0000,0.0000,0.0000,0.0000,0.0000,0.0000,0.0000,0.0000,0.0000,0.0000,0.0000,0.0000,0.0000,0.0000,0.0000,0.0000,0.0000,0.0000,0.0000,0.0000,0.0000,0.0000,0.0000,0.0000,0.0000,0.0000,0.0000,0.0000,0.0000,0.0000,0.0000,0.0000,
0.3232,RLFSMStatePassive,0.0000,0.0000,0.0000,0.0000,0.0000,0.0000,0.0000,0.0000,0.0000,0.0000,0.0000,0.0000,0.0000,0.0000,0.0000,0.0000,0.0000,0.0000,0.0000,0.0000,0.0000,0.0000,0.0000,0.0000,0.0000,0.0000,0.0000,0.0000,0.0000,0.0000,0.0000,0.0000,0.0000,0.0000,0.0000,0.0000,0.0000,0.0000,0.0000,0.0000,0.0000,0.0000,0.0000,0.0000,0.0000,0.0000,0.0000,0.0000,0.0000,0.0000,0.0000,0.0000,0.0000,0.0000,0.0000,0.0000,0.0000,0.0000,0.0000,0.0000,0.0000,0.0000,0.0000,0.0000,0.0000,0.0000,0.0000,0.0000,0.0000,0.0000,0.0000,0.0000,0.0000,0.0000,0.0000,0.0000,0.0000,0.0000,0.0000,0.0000,0.0000,0.0000,0.0000,0.0000,0.0000,0.0000,0.0000,0.0000,0.0000,0.0000,0.0000,0.0000,0.0000,0.0000,0.0000,0.0000,0.0000,0.0000,0.0000,0.0000,0.0000,0.0000,0.0000,0.0000,0.0000,0.0000,0.0000,0.0000,0.0000,0.0000,0.0000,0.0000,0.0000,0.0000,0.0000,0.0000,0.0000,0.0000,0.0000,0.0000,0.0000,0.0000,0.0000,0.0000,0.0000,0.0000,
0.3434,RLFSMStatePassive,0.0000,0.0000,0.0000,0.0000,0.0000,0.0000,0.0000,0.0000,0.0000,0.0000,0.0000,0.0000,0.0000,0.0000,0.0000,0.0000,0.0000,0.0000,0.0000,0.0000,0.0000,0.0000,0.0000,0.0000,0.0000,0.0000,0.0000,0.0000,0.0000,0.0000,0.0000,0.0000,0.0000,0.0000,0.0000,0.0000,0.0000,0.0000,0.0000,0.0000,0.0000,0.0000,0.0000,0.0000,0.0000,0.0000,0.0000,0.0000,0.0000,0.0000,0.0000,0.0000,0.0000,0.0000,0.0000,0.0000,0.0000,0.0000,0.0000,0.0000,0.0000,0.0000,0.0000,0.0000,0.0000,0.0000,0.0000,0.0000,0.0000,0.0000,0.0000,0.0000,0.0000,0.0000,0.0000,0.0000,0.0000,0.0000,0.0000,0.0000,0.0000,0.0000,0.0000,0.0000,0.0000,0.0000,0.0000,0.0000,0.0000,0.0000,0.0000,0.0000,0.0000,0.0000,0.0000,0.0000,0.0000,0.0000,0.0000,0.0000,0.0000,0.0000,0.0000,0.0000,0.0000,0.0000,0.0000,0.0000,0.0000,0.0000,0.0000,0.0000,0.0000,0.0000,0.0000,0.0000,0.0000,0.0000,0.0000,0.0000,0.0000,0.0000,0.0000,0.0000,0.0000,0.0000,
0.3637,RLFSMStatePassive,0.0000,0.0000,0.0000,0.0000,0.0000,0.0000,0.0000,0.0000,0.0000,0.0000,0.0000,0.0000,0.0000,0.0000,0.0000,0.0000,0.0000,0.0000,0.0000,0.0000,0.0000,0.0000,0.0000,0.0000,0.0000,0.0000,0.0000,0.0000,0.0000,0.0000,0.0000,0.0000,0.0000,0.0000,0.0000,0.0000,0.0000,0.0000,0.0000,0.0000,0.0000,0.0000,0.0000,0.0000,0.0000,0.0000,0.0000,0.0000,0.0000,0.0000,0.0000,0.0000,0.0000,0.0000,0.0000,0.0000,0.0000,0.0000,0.0000,0.0000,0.0000,0.0000,0.0000,0.0000,0.0000,0.0000,0.0000,0.0000,0.0000,0.0000,0.0000,0.0000,0.0000,0.0000,0.0000,0.0000,0.0000,0.0000,0.0000,0.0000,0.0000,0.0000,0.0000,0.0000,0.0000,0.0000,0.0000,0.0000,0.0000,0.0000,0.0000,0.0000,0.0000,0.0000,0.0000,0.0000,0.0000,0.0000,0.0000,0.0000,0.0000,0.0000,0.0000,0.0000,0.0000,0.0000,0.0000,0.0000,0.0000,0.0000,0.0000,0.0000,0.0000,0.0000,0.0000,0.0000,0.0000,0.0000,0.0000,0.0000,0.0000,0.0000,0.0000,0.0000,0.0000,0.0000,
0.3839,RLFSMStatePassive,0.0000,0.0000,0.0000,0.0000,0.0000,0.0000,0.0000,0.0000,0.0000,0.0000,0.0000,0.0000,0.0000,0.0000,0.0000,0.0000,0.0000,0.0000,0.0000,0.0000,0.0000,0.0000,0.0000,0.0000,0.0000,0.0000,0.0000,0.0000,0.0000,0.0000,0.0000,0.0000,0.0000,0.0000,0.0000,0.0000,0.0000,0.0000,0.0000,0.0000,0.0000,0.0000,0.0000,0.0000,0.0000,0.0000,0.0000,0.0000,0.0000,0.0000,0.0000,0.0000,0.0000,0.0000,0.0000,0.0000,0.0000,0.0000,0.0000,0.0000,0.0000,0.0000,0.0000,0.0000,0.0000,0.0000,0.0000,0.0000,0.0000,0.0000,0.0000,0.0000,0.0000,0.0000,0.0000,0.0000,0.0000,0.0000,0.0000,0.0000,0.0000,0.0000,0.0000,0.0000,0.0000,0.0000,0.0000,0.0000,0.0000,0.0000,0.0000,0.0000,0.0000,0.0000,0.0000,0.0000,0.0000,0.0000,0.0000,0.0000,0.0000,0.0000,0.0000,0.0000,0.0000,0.0000,0.0000,0.0000,0.0000,0.0000,0.0000,0.0000,0.0000,0.0000,0.0000,0.0000,0.0000,0.0000,0.0000,0.0000,0.0000,0.0000,0.0000,0.0000,0.0000,0.0000,
0.4040,RLFSMStatePassive,0.0000,0.0000,0.0000,0.0000,0.0000,0.0000,0.0000,0.0000,0.0000,0.0000,0.0000,0.0000,0.0000,0.0000,0.0000,0.0000,0.0000,0.0000,0.0000,0.0000,0.0000,0.0000,0.0000,0.0000,0.0000,0.0000,0.0000,0.0000,0.0000,0.0000,0.0000,0.0000,0.0000,0.0000,0.0000,0.0000,0.0000,0.0000,0.0000,0.0000,0.0000,0.0000,0.0000,0.0000,0.0000,0.0000,0.0000,0.0000,0.0000,0.0000,0.0000,0.0000,0.0000,0.0000,0.0000,0.0000,0.0000,0.0000,0.0000,0.0000,0.0000,0.0000,0.0000,0.0000,0.0000,0.0000,0.0000,0.0000,0.0000,0.0000,0.0000,0.0000,0.0000,0.0000,0.0000,0.0000,0.0000,0.0000,0.0000,0.0000,0.0000,0.0000,0.0000,0.0000,0.0000,0.0000,0.0000,0.0000,0.0000,0.0000,0.0000,0.0000,0.0000,0.0000,0.0000,0.0000,0.0000,0.0000,0.0000,0.0000,0.0000,0.0000,0.0000,0.0000,0.0000,0.0000,0.0000,0.0000,0.0000,0.0000,0.0000,0.0000,0.0000,0.0000,0.0000,0.0000,0.0000,0.0000,0.0000,0.0000,0.0000,0.0000,0.0000,0.0000,0.0000,0.0000,
0.4242,RLFSMStatePassive,0.0000,0.0000,0.0000,0.0000,0.0000,0.0000,0.0000,0.0000,0.0000,0.0000,0.0000,0.0000,0.0000,0.0000,0.0000,0.0000,0.0000,0.0000,0.0000,0.0000,0.0000,0.0000,0.0000,0.0000,0.0000,0.0000,0.0000,0.0000,0.0000,0.0000,0.0000,0.0000,0.0000,0.0000,0.0000,0.0000,0.0000,0.0000,0.0000,0.0000,0.0000,0.0000,0.0000,0.0000,0.0000,0.0000,0.0000,0.0000,0.0000,0.0000,0.0000,0.0000,0.0000,0.0000,0.0000,0.0000,0.0000,0.0000,0.0000,0.0000,0.0000,0.0000,0.0000,0.0000,0.0000,0.0000,0.0000,0.0000,0.0000,0.0000,0.0000,0.0000,0.0000,0.0000,0.0000,0.0000,0.0000,0.0000,0.0000,0.0000,0.0000,0.0000,0.0000,0.0000,0.0000,0.0000,0.0000,0.0000,0.0000,0.0000,0.0000,0.0000,0.0000,0.0000,0.0000,0.0000,0.0000,0.0000,0.0000,0.0000,0.0000,0.0000,0.0000,0.0000,0.0000,0.0000,0.0000,0.0000,0.0000,0.0000,0.0000,0.0000,0.0000,0.0000,0.0000,0.0000,0.0000,0.0000,0.0000,0.0000,0.0000,0.0000,0.0000,0.0000,0.0000,0.0000,
0.4444,RLFSMStatePassive,0.0000,0.0000,0.0000,0.0000,0.0000,0.0000,0.0000,0.0000,0.0000,0.0000,0.0000,0.0000,0.0000,0.0000,0.0000,0.0000,0.0000,0.0000,0.0000,0.0000,0.0000,0.0000,0.0000,0.0000,0.0000,0.0000,0.0000,0.0000,0.0000,0.0000,0.0000,0.0000,0.0000,0.0000,0.0000,0.0000,0.0000,0.0000,0.0000,0.0000,0.0000,0.0000,0.0000,0.0000,0.0000,0.0000,0.0000,0.0000,0.0000,0.0000,0.0000,0.0000,0.0000,0.0000,0.0000,0.0000,0.0000,0.0000,0.0000,0.0000,0.0000,0.0000,0.0000,0.0000,0.0000,0.0000,0.0000,0.0000,0.0000,0.0000,0.0000,0.0000,0.0000,0.0000,0.0000,0.0000,0.0000,0.0000,0.0000,0.0000,0.0000,0.0000,0.0000,0.0000,0.0000,0.0000,0.0000,0.0000,0.0000,0.0000,0.0000,0.0000,0.0000,0.0000,0.0000,0.0000,0.0000,0.0000,0.0000,0.0000,0.0000,0.0000,0.0000,0.0000,0.0000,0.0000,0.0000,0.0000,0.0000,0.0000,0.0000,0.0000,0.0000,0.0000,0.0000,0.0000,0.0000,0.0000,0.0000,0.0000,0.0000,0.0000,0.0000,0.0000,0.0000,0.0000,
0.4646,RLFSMStatePassive,0.0000,0.0000,0.0000,0.0000,0.0000,0.0000,0.0000,0.0000,0.0000,0.0000,0.0000,0.0000,0.0000,0.0000,0.0000,0.0000,0.0000,0.0000,0.0000,0.0000,0.0000,0.0000,0.0000,0.0000,0.0000,0.0000,0.0000,0.0000,0.0000,0.0000,0.0000,0.0000,0.0000,0.0000,0.0000,0.0000,0.0000,0.0000,0.0000,0.0000,0.0000,0.0000,0.0000,0.0000,0.0000,0.0000,0.0000,0.0000,0.0000,0.0000,0.0000,0.0000,0.0000,0.0000,0.0000,0.0000,0.0000,0.0000,0.0000,0.0000,0.0000,0.0000,0.0000,0.0000,0.0000,0.0000,0.0000,0.0000,0.0000,0.0000,0.0000,0.0000,0.0000,0.0000,0.0000,0.0000,0.0000,0.0000,0.0000,0.0000,0.0000,0.0000,0.0000,0.0000,0.0000,0.0000,0.0000,0.0000,0.0000,0.0000,0.0000,0.0000,0.0000,0.0000,0.0000,0.0000,0.0000,0.0000,0.0000,0.0000,0.0000,0.0000,0.0000,0.0000,0.0000,0.0000,0.0000,0.0000,0.0000,0.0000,0.0000,0.0000,0.0000,0.0000,0.0000,0.0000,0.0000,0.0000,0.0000,0.0000,0.0000,0.0000,0.0000,0.0000,0.0000,0.0000,
0.4849,RLFSMStatePassive,0.0000,0.0000,0.0000,0.0000,0.0000,0.0000,0.0000,0.0000,0.0000,0.0000,0.0000,0.0000,0.0000,0.0000,0.0000,0.0000,0.0000,0.0000,0.0000,0.0000,0.0000,0.0000,0.0000,0.0000,0.0000,0.0000,0.0000,0.0000,0.0000,0.0000,0.0000,0.0000,0.0000,0.0000,0.0000,0.0000,0.0000,0.0000,0.0000,0.0000,0.0000,0.0000,0.0000,0.0000,0.0000,0.0000,0.0000,0.0000,0.0000,0.0000,0.0000,0.0000,0.0000,0.0000,0.0000,0.0000,0.0000,0.0000,0.0000,0.0000,0.0000,0.0000,0.0000,0.0000,0.0000,0.0000,0.0000,0.0000,0.0000,0.0000,0.0000,0.0000,0.0000,0.0000,0.0000,0.0000,0.0000,0.0000,0.0000,0.0000,0.0000,0.0000,0.0000,0.0000,0.0000,0.0000,0.0000,0.0000,0.0000,0.0000,0.0000,0.0000,0.0000,0.0000,0.0000,0.0000,0.0000,0.0000,0.0000,0.0000,0.0000,0.0000,0.0000,0.0000,0.0000,0.0000,0.0000,0.0000,0.0000,0.0000,0.0000,0.0000,0.0000,0.0000,0.0000,0.0000,0.0000,0.0000,0.0000,0.0000,0.0000,0.0000,0.0000,0.0000,0.0000,0.0000,
0.5051,RLFSMStatePassive,0.0000,0.0000,0.0000,0.0000,0.0000,0.0000,0.0000,0.0000,0.0000,0.0000,0.0000,0.0000,0.0000,0.0000,0.0000,0.0000,0.0000,0.0000,0.0000,0.0000,0.0000,0.0000,0.0000,0.0000,0.0000,0.0000,0.0000,0.0000,0.0000,0.0000,0.0000,0.0000,0.0000,0.0000,0.0000,0.0000,0.0000,0.0000,0.0000,0.0000,0.0000,0.0000,0.0000,0.0000,0.0000,0.0000,0.0000,0.0000,0.0000,0.0000,0.0000,0.0000,0.0000,0.0000,0.0000,0.0000,0.0000,0.0000,0.0000,0.0000,0.0000,0.0000,0.0000,0.0000,0.0000,0.0000,0.0000,0.0000,0.0000,0.0000,0.0000,0.0000,0.0000,0.0000,0.0000,0.0000,0.0000,0.0000,0.0000,0.0000,0.0000,0.0000,0.0000,0.0000,0.0000,0.0000,0.0000,0.0000,0.0000,0.0000,0.0000,0.0000,0.0000,0.0000,0.0000,0.0000,0.0000,0.0000,0.0000,0.0000,0.0000,0.0000,0.0000,0.0000,0.0000,0.0000,0.0000,0.0000,0.0000,0.0000,0.0000,0.0000,0.0000,0.0000,0.0000,0.0000,0.0000,0.0000,0.0000,0.0000,0.0000,0.0000,0.0000,0.0000,0.0000,0.0000,
0.5253,RLFSMStatePassive,0.0000,0.0000,0.0000,0.0000,0.0000,0.0000,0.0000,0.0000,0.0000,0.0000,0.0000,0.0000,0.0000,0.0000,0.0000,0.0000,0.0000,0.0000,0.0000,0.0000,0.0000,0.0000,0.0000,0.0000,0.0000,0.0000,0.0000,0.0000,0.0000,0.0000,0.0000,0.0000,0.0000,0.0000,0.0000,0.0000,0.0000,0.0000,0.0000,0.0000,0.0000,0.0000,0.0000,0.0000,0.0000,0.0000,0.0000,0.0000,0.0000,0.0000,0.0000,0.0000,0.0000,0.0000,0.0000,0.0000,0.0000,0.0000,0.0000,0.0000,0.0000,0.0000,0.0000,0.0000,0.0000,0.0000,0.0000,0.0000,0.0000,0.0000,0.0000,0.0000,0.0000,0.0000,0.0000,0.0000,0.0000,0.0000,0.0000,0.0000,0.0000,0.0000,0.0000,0.0000,0.0000,0.0000,0.0000,0.0000,0.0000,0.0000,0.0000,0.0000,0.0000,0.0000,0.0000,0.0000,0.0000,0.0000,0.0000,0.0000,0.0000,0.0000,0.0000,0.0000,0.0000,0.0000,0.0000,0.0000,0.0000,0.0000,0.0000,0.0000,0.0000,0.0000,0.0000,0.0000,0.0000,0.0000,0.0000,0.0000,0.0000,0.0000,0.0000,0.0000,0.0000,0.0000,
0.5455,RLFSMStatePassive,0.0000,0.0000,0.0000,0.0000,0.0000,0.0000,0.0000,0.0000,0.0000,0.0000,0.0000,0.0000,0.0000,0.0000,0.0000,0.0000,0.0000,0.0000,0.0000,0.0000,0.0000,0.0000,0.0000,0.0000,0.0000,0.0000,0.0000,0.0000,0.0000,0.0000,0.0000,0.0000,0.0000,0.0000,0.0000,0.0000,0.0000,0.0000,0.0000,0.0000,0.0000,0.0000,0.0000,0.0000,0.0000,0.0000,0.0000,0.0000,0.0000,0.0000,0.0000,0.0000,0.0000,0.0000,0.0000,0.0000,0.0000,0.0000,0.0000,0.0000,0.0000,0.0000,0.0000,0.0000,0.0000,0.0000,0.0000,0.0000,0.0000,0.0000,0.0000,0.0000,0.0000,0.0000,0.0000,0.0000,0.0000,0.0000,0.0000,0.0000,0.0000,0.0000,0.0000,0.0000,0.0000,0.0000,0.0000,0.0000,0.0000,0.0000,0.0000,0.0000,0.0000,0.0000,0.0000,0.0000,0.0000,0.0000,0.0000,0.0000,0.0000,0.0000,0.0000,0.0000,0.0000,0.0000,0.0000,0.0000,0.0000,0.0000,0.0000,0.0000,0.0000,0.0000,0.0000,0.0000,0.0000,0.0000,0.0000,0.0000,0.0000,0.0000,0.0000,0.0000,0.0000,0.0000,
0.5657,RLFSMStatePassive,0.0000,0.0000,0.0000,0.0000,0.0000,0.0000,0.0000,0.0000,0.0000,0.0000,0.0000,0.0000,0.0000,0.0000,0.0000,0.0000,0.0000,0.0000,0.0000,0.0000,0.0000,0.0000,0.0000,0.0000,0.0000,0.0000,0.0000,0.0000,0.0000,0.0000,0.0000,0.0000,0.0000,0.0000,0.0000,0.0000,0.0000,0.0000,0.0000,0.0000,0.0000,0.0000,0.0000,0.0000,0.0000,0.0000,0.0000,0.0000,0.0000,0.0000,0.0000,0.0000,0.0000,0.0000,0.0000,0.0000,0.0000,0.0000,0.0000,0.0000,0.0000,0.0000,0.0000,0.0000,0.0000,0.0000,0.0000,0.0000,0.0000,0.0000,0.0000,0.0000,0.0000,0.0000,0.0000,0.0000,0.0000,0.0000,0.0000,0.0000,0.0000,0.0000,0.0000,0.0000,0.0000,0.0000,0.0000,0.0000,0.0000,0.0000,0.0000,0.0000,0.0000,0.0000,0.0000,0.0000,0.0000,0.0000,0.0000,0.0000,0.0000,0.0000,0.0000,0.0000,0.0000,0.0000,0.0000,0.0000,0.0000,0.0000,0.0000,0.0000,0.0000,0.0000,0.0000,0.0000,0.0000,0.0000,0.0000,0.0000,0.0000,0.0000,0.0000,0.0000,0.0000,0.0000,
0.5858,RLFSMStatePassive,0.0000,0.0000,0.0000,0.0000,0.0000,0.0000,0.0000,0.0000,0.0000,0.0000,0.0000,0.0000,0.0000,0.0000,0.0000,0.0000,0.0000,0.0000,0.0000,0.0000,0.0000,0.0000,0.0000,0.0000,0.0000,0.0000,0.0000,0.0000,0.0000,0.0000,0.0000,0.0000,0.0000,0.0000,0.0000,0.0000,0.0000,0.0000,0.0000,0.0000,0.0000,0.0000,0.0000,0.0000,0.0000,0.0000,0.0000,0.0000,0.0000,0.0000,0.0000,0.0000,0.0000,0.0000,0.0000,0.0000,0.0000,0.0000,0.0000,0.0000,0.0000,0.0000,0.0000,0.0000,0.0000,0.0000,0.0000,0.0000,0.0000,0.0000,0.0000,0.0000,0.0000,0.0000,0.0000,0.0000,0.0000,0.0000,0.0000,0.0000,0.0000,0.0000,0.0000,0.0000,0.0000,0.0000,0.0000,0.0000,0.0000,0.0000,0.0000,0.0000,0.0000,0.0000,0.0000,0.0000,0.0000,0.0000,0.0000,0.0000,0.0000,0.0000,0.0000,0.0000,0.0000,0.0000,0.0000,0.0000,0.0000,0.0000,0.0000,0.0000,0.0000,0.0000,0.0000,0.0000,0.0000,0.0000,0.0000,0.0000,0.0000,0.0000,0.0000,0.0000,0.0000,0.0000,
0.6060,RLFSMStatePassive,0.0000,0.0000,0.0000,0.0000,0.0000,0.0000,0.0000,0.0000,0.0000,0.0000,0.0000,0.0000,0.0000,0.0000,0.0000,0.0000,0.0000,0.0000,0.0000,0.0000,0.0000,0.0000,0.0000,0.0000,0.0000,0.0000,0.0000,0.0000,0.0000,0.0000,0.0000,0.0000,0.0000,0.0000,0.0000,0.0000,0.0000,0.0000,0.0000,0.0000,0.0000,0.0000,0.0000,0.0000,0.0000,0.0000,0.0000,0.0000,0.0000,0.0000,0.0000,0.0000,0.0000,0.0000,0.0000,0.0000,0.0000,0.0000,0.0000,0.0000,0.0000,0.0000,0.0000,0.0000,0.0000,0.0000,0.0000,0.0000,0.0000,0.0000,0.0000,0.0000,0.0000,0.0000,0.0000,0.0000,0.0000,0.0000,0.0000,0.0000,0.0000,0.0000,0.0000,0.0000,0.0000,0.0000,0.0000,0.0000,0.0000,0.0000,0.0000,0.0000,0.0000,0.0000,0.0000,0.0000,0.0000,0.0000,0.0000,0.0000,0.0000,0.0000,0.0000,0.0000,0.0000,0.0000,0.0000,0.0000,0.0000,0.0000,0.0000,0.0000,0.0000,0.0000,0.0000,0.0000,0.0000,0.0000,0.0000,0.0000,0.0000,0.0000,0.0000,0.0000,0.0000,0.0000,
0.6262,RLFSMStatePassive,0.0000,0.0000,0.0000,0.0000,0.0000,0.0000,0.0000,0.0000,0.0000,0.0000,0.0000,0.0000,0.0000,0.0000,0.0000,0.0000,0.0000,0.0000,0.0000,0.0000,0.0000,0.0000,0.0000,0.0000,0.0000,0.0000,0.0000,0.0000,0.0000,0.0000,0.0000,0.0000,0.0000,0.0000,0.0000,0.0000,0.0000,0.0000,0.0000,0.0000,0.0000,0.0000,0.0000,0.0000,0.0000,0.0000,0.0000,0.0000,0.0000,0.0000,0.0000,0.0000,0.0000,0.0000,0.0000,0.0000,0.0000,0.0000,0.0000,0.0000,0.0000,0.0000,0.0000,0.0000,0.0000,0.0000,0.0000,0.0000,0.0000,0.0000,0.0000,0.0000,0.0000,0.0000,0.0000,0.0000,0.0000,0.0000,0.0000,0.0000,0.0000,0.0000,0.0000,0.0000,0.0000,0.0000,0.0000,0.0000,0.0000,0.0000,0.0000,0.0000,0.0000,0.0000,0.0000,0.0000,0.0000,0.0000,0.0000,0.0000,0.0000,0.0000,0.0000,0.0000,0.0000,0.0000,0.0000,0.0000,0.0000,0.0000,0.0000,0.0000,0.0000,0.0000,0.0000,0.0000,0.0000,0.0000,0.0000,0.0000,0.0000,0.0000,0.0000,0.0000,0.0000,0.0000,
0.6463,RLFSMStatePassive,0.0000,0.0000,0.0000,0.0000,0.0000,0.0000,0.0000,0.0000,0.0000,0.0000,0.0000,0.0000,0.0000,0.0000,0.0000,0.0000,0.0000,0.0000,0.0000,0.0000,0.0000,0.0000,0.0000,0.0000,0.0000,0.0000,0.0000,0.0000,0.0000,0.0000,0.0000,0.0000,0.0000,0.0000,0.0000,0.0000,0.0000,0.0000,0.0000,0.0000,0.0000,0.0000,0.0000,0.0000,0.0000,0.0000,0.0000,0.0000,0.0000,0.0000,0.0000,0.0000,0.0000,0.0000,0.0000,0.0000,0.0000,0.0000,0.0000,0.0000,0.0000,0.0000,0.0000,0.0000,0.0000,0.0000,0.0000,0.0000,0.0000,0.0000,0.0000,0.0000,0.0000,0.0000,0.0000,0.0000,0.0000,0.0000,0.0000,0.0000,0.0000,0.0000,0.0000,0.0000,0.0000,0.0000,0.0000,0.0000,0.0000,0.0000,0.0000,0.0000,0.0000,0.0000,0.0000,0.0000,0.0000,0.0000,0.0000,0.0000,0.0000,0.0000,0.0000,0.0000,0.0000,0.0000,0.0000,0.0000,0.0000,0.0000,0.0000,0.0000,0.0000,0.0000,0.0000,0.0000,0.0000,0.0000,0.0000,0.0000,0.0000,0.0000,0.0000,0.0000,0.0000,0.0000,
0.6665,RLFSMStatePassive,0.0000,0.0000,0.0000,0.0000,0.0000,0.0000,0.0000,0.0000,0.0000,0.0000,0.0000,0.0000,0.0000,0.0000,0.0000,0.0000,0.0000,0.0000,0.0000,0.0000,0.0000,0.0000,0.0000,0.0000,0.0000,0.0000,0.0000,0.0000,0.0000,0.0000,0.0000,0.0000,0.0000,0.0000,0.0000,0.0000,0.0000,0.0000,0.0000,0.0000,0.0000,0.0000,0.0000,0.0000,0.0000,0.0000,0.0000,0.0000,0.0000,0.0000,0.0000,0.0000,0.0000,0.0000,0.0000,0.0000,0.0000,0.0000,0.0000,0.0000,0.0000,0.0000,0.0000,0.0000,0.0000,0.0000,0.0000,0.0000,0.0000,0.0000,0.0000,0.0000,0.0000,0.0000,0.0000,0.0000,0.0000,0.0000,0.0000,0.0000,0.0000,0.0000,0.0000,0.0000,0.0000,0.0000,0.0000,0.0000,0.0000,0.0000,0.0000,0.0000,0.0000,0.0000,0.0000,0.0000,0.0000,0.0000,0.0000,0.0000,0.0000,0.0000,0.0000,0.0000,0.0000,0.0000,0.0000,0.0000,0.0000,0.0000,0.0000,0.0000,0.0000,0.0000,0.0000,0.0000,0.0000,0.0000,0.0000,0.0000,0.0000,0.0000,0.0000,0.0000,0.0000,0.0000,
0.6866,RLFSMStatePassive,0.0000,0.0000,0.0000,0.0000,0.0000,0.0000,0.0000,0.0000,0.0000,0.0000,0.0000,0.0000,0.0000,0.0000,0.0000,0.0000,0.0000,0.0000,0.0000,0.0000,0.0000,0.0000,0.0000,0.0000,0.0000,0.0000,0.0000,0.0000,0.0000,0.0000,0.0000,0.0000,0.0000,0.0000,0.0000,0.0000,0.0000,0.0000,0.0000,0.0000,0.0000,0.0000,0.0000,0.0000,0.0000,0.0000,0.0000,0.0000,0.0000,0.0000,0.0000,0.0000,0.0000,0.0000,0.0000,0.0000,0.0000,0.0000,0.0000,0.0000,0.0000,0.0000,0.0000,0.0000,0.0000,0.0000,0.0000,0.0000,0.0000,0.0000,0.0000,0.0000,0.0000,0.0000,0.0000,0.0000,0.0000,0.0000,0.0000,0.0000,0.0000,0.0000,0.0000,0.0000,0.0000,0.0000,0.0000,0.0000,0.0000,0.0000,0.0000,0.0000,0.0000,0.0000,0.0000,0.0000,0.0000,0.0000,0.0000,0.0000,0.0000,0.0000,0.0000,0.0000,0.0000,0.0000,0.0000,0.0000,0.0000,0.0000,0.0000,0.0000,0.0000,0.0000,0.0000,0.0000,0.0000,0.0000,0.0000,0.0000,0.0000,0.0000,0.0000,0.0000,0.0000,0.0000,
0.7068,RLFSMStatePassive,0.0000,0.0000,0.0000,0.0000,0.0000,0.0000,0.0000,0.0000,0.0000,0.0000,0.0000,0.0000,0.0000,0.0000,0.0000,0.0000,0.0000,0.0000,0.0000,0.0000,0.0000,0.0000,0.0000,0.0000,0.0000,0.0000,0.0000,0.0000,0.0000,0.0000,0.0000,0.0000,0.0000,0.0000,0.0000,0.0000,0.0000,0.0000,0.0000,0.0000,0.0000,0.0000,0.0000,0.0000,0.0000,0.0000,0.0000,0.0000,0.0000,0.0000,0.0000,0.0000,0.0000,0.0000,0.0000,0.0000,0.0000,0.0000,0.0000,0.0000,0.0000,0.0000,0.0000,0.0000,0.0000,0.0000,0.0000,0.0000,0.0000,0.0000,0.0000,0.0000,0.0000,0.0000,0.0000,0.0000,0.0000,0.0000,0.0000,0.0000,0.0000,0.0000,0.0000,0.0000,0.0000,0.0000,0.0000,0.0000,0.0000,0.0000,0.0000,0.0000,0.0000,0.0000,0.0000,0.0000,0.0000,0.0000,0.0000,0.0000,0.0000,0.0000,0.0000,0.0000,0.0000,0.0000,0.0000,0.0000,0.0000,0.0000,0.0000,0.0000,0.0000,0.0000,0.0000,0.0000,0.0000,0.0000,0.0000,0.0000,0.0000,0.0000,0.0000,0.0000,0.0000,0.0000,
0.7270,RLFSMStatePassive,0.0000,0.0000,0.0000,0.0000,0.0000,0.0000,0.0000,0.0000,0.0000,0.0000,0.0000,0.0000,0.0000,0.0000,0.0000,0.0000,0.0000,0.0000,0.0000,0.0000,0.0000,0.0000,0.0000,0.0000,0.0000,0.0000,0.0000,0.0000,0.0000,0.0000,0.0000,0.0000,0.0000,0.0000,0.0000,0.0000,0.0000,0.0000,0.0000,0.0000,0.0000,0.0000,0.0000,0.0000,0.0000,0.0000,0.0000,0.0000,0.0000,0.0000,0.0000,0.0000,0.0000,0.0000,0.0000,0.0000,0.0000,0.0000,0.0000,0.0000,0.0000,0.0000,0.0000,0.0000,0.0000,0.0000,0.0000,0.0000,0.0000,0.0000,0.0000,0.0000,0.0000,0.0000,0.0000,0.0000,0.0000,0.0000,0.0000,0.0000,0.0000,0.0000,0.0000,0.0000,0.0000,0.0000,0.0000,0.0000,0.0000,0.0000,0.0000,0.0000,0.0000,0.0000,0.0000,0.0000,0.0000,0.0000,0.0000,0.0000,0.0000,0.0000,0.0000,0.0000,0.0000,0.0000,0.0000,0.0000,0.0000,0.0000,0.0000,0.0000,0.0000,0.0000,0.0000,0.0000,0.0000,0.0000,0.0000,0.0000,0.0000,0.0000,0.0000,0.0000,0.0000,0.0000,
0.7473,RLFSMStatePassive,0.0000,0.0000,0.0000,0.0000,0.0000,0.0000,0.0000,0.0000,0.0000,0.0000,0.0000,0.0000,0.0000,0.0000,0.0000,0.0000,0.0000,0.0000,0.0000,0.0000,0.0000,0.0000,0.0000,0.0000,0.0000,0.0000,0.0000,0.0000,0.0000,0.0000,0.0000,0.0000,0.0000,0.0000,0.0000,0.0000,0.0000,0.0000,0.0000,0.0000,0.0000,0.0000,0.0000,0.0000,0.0000,0.0000,0.0000,0.0000,0.0000,0.0000,0.0000,0.0000,0.0000,0.0000,0.0000,0.0000,0.0000,0.0000,0.0000,0.0000,0.0000,0.0000,0.0000,0.0000,0.0000,0.0000,0.0000,0.0000,0.0000,0.0000,0.0000,0.0000,0.0000,0.0000,0.0000,0.0000,0.0000,0.0000,0.0000,0.0000,0.0000,0.0000,0.0000,0.0000,0.0000,0.0000,0.0000,0.0000,0.0000,0.0000,0.0000,0.0000,0.0000,0.0000,0.0000,0.0000,0.0000,0.0000,0.0000,0.0000,0.0000,0.0000,0.0000,0.0000,0.0000,0.0000,0.0000,0.0000,0.0000,0.0000,0.0000,0.0000,0.0000,0.0000,0.0000,0.0000,0.0000,0.0000,0.0000,0.0000,0.0000,0.0000,0.0000,0.0000,0.0000,0.0000,
0.7675,RLFSMStatePassive,0.0000,0.0000,0.0000,0.0000,0.0000,0.0000,0.0000,0.0000,0.0000,0.0000,0.0000,0.0000,0.0000,0.0000,0.0000,0.0000,0.0000,0.0000,0.0000,0.0000,0.0000,0.0000,0.0000,0.0000,0.0000,0.0000,0.0000,0.0000,0.0000,0.0000,0.0000,0.0000,0.0000,0.0000,0.0000,0.0000,0.0000,0.0000,0.0000,0.0000,0.0000,0.0000,0.0000,0.0000,0.0000,0.0000,0.0000,0.0000,0.0000,0.0000,0.0000,0.0000,0.0000,0.0000,0.0000,0.0000,0.0000,0.0000,0.0000,0.0000,0.0000,0.0000,0.0000,0.0000,0.0000,0.0000,0.0000,0.0000,0.0000,0.0000,0.0000,0.0000,0.0000,0.0000,0.0000,0.0000,0.0000,0.0000,0.0000,0.0000,0.0000,0.0000,0.0000,0.0000,0.0000,0.0000,0.0000,0.0000,0.0000,0.0000,0.0000,0.0000,0.0000,0.0000,0.0000,0.0000,0.0000,0.0000,0.0000,0.0000,0.0000,0.0000,0.0000,0.0000,0.0000,0.0000,0.0000,0.0000,0.0000,0.0000,0.0000,0.0000,0.0000,0.0000,0.0000,0.0000,0.0000,0.0000,0.0000,0.0000,0.0000,0.0000,0.0000,0.0000,0.0000,0.0000,
0.7877,RLFSMStatePassive,0.0000,0.0000,0.0000,0.0000,0.0000,0.0000,0.0000,0.0000,0.0000,0.0000,0.0000,0.0000,0.0000,0.0000,0.0000,0.0000,0.0000,0.0000,0.0000,0.0000,0.0000,0.0000,0.0000,0.0000,0.0000,0.0000,0.0000,0.0000,0.0000,0.0000,0.0000,0.0000,0.0000,0.0000,0.0000,0.0000,0.0000,0.0000,0.0000,0.0000,0.0000,0.0000,0.0000,0.0000,0.0000,0.0000,0.0000,0.0000,0.0000,0.0000,0.0000,0.0000,0.0000,0.0000,0.0000,0.0000,0.0000,0.0000,0.0000,0.0000,0.0000,0.0000,0.0000,0.0000,0.0000,0.0000,0.0000,0.0000,0.0000,0.0000,0.0000,0.0000,0.0000,0.0000,0.0000,0.0000,0.0000,0.0000,0.0000,0.0000,0.0000,0.0000,0.0000,0.0000,0.0000,0.0000,0.0000,0.0000,0.0000,0.0000,0.0000,0.0000,0.0000,0.0000,0.0000,0.0000,0.0000,0.0000,0.0000,0.0000,0.0000,0.0000,0.0000,0.0000,0.0000,0.0000,0.0000,0.0000,0.0000,0.0000,0.0000,0.0000,0.0000,0.0000,0.0000,0.0000,0.0000,0.0000,0.0000,0.0000,0.0000,0.0000,0.0000,0.0000,0.0000,0.0000,
0.8080,RLFSMStatePassive,0.0000,0.0000,0.0000,0.0000,0.0000,0.0000,0.0000,0.0000,0.0000,0.0000,0.0000,0.0000,0.0000,0.0000,0.0000,0.0000,0.0000,0.0000,0.0000,0.0000,0.0000,0.0000,0.0000,0.0000,0.0000,0.0000,0.0000,0.0000,0.0000,0.0000,0.0000,0.0000,0.0000,0.0000,0.0000,0.0000,0.0000,0.0000,0.0000,0.0000,0.0000,0.0000,0.0000,0.0000,0.0000,0.0000,0.0000,0.0000,0.0000,0.0000,0.0000,0.0000,0.0000,0.0000,0.0000,0.0000,0.0000,0.0000,0.0000,0.0000,0.0000,0.0000,0.0000,0.0000,0.0000,0.0000,0.0000,0.0000,0.0000,0.0000,0.0000,0.0000,0.0000,0.0000,0.0000,0.0000,0.0000,0.0000,0.0000,0.0000,0.0000,0.0000,0.0000,0.0000,0.0000,0.0000,0.0000,0.0000,0.0000,0.0000,0.0000,0.0000,0.0000,0.0000,0.0000,0.0000,0.0000,0.0000,0.0000,0.0000,0.0000,0.0000,0.0000,0.0000,0.0000,0.0000,0.0000,0.0000,0.0000,0.0000,0.0000,0.0000,0.0000,0.0000,0.0000,0.0000,0.0000,0.0000,0.0000,0.0000,0.0000,0.0000,0.0000,0.0000,0.0000,0.0000,
0.8282,RLFSMStatePassive,0.0000,0.0000,0.0000,0.0000,0.0000,0.0000,0.0000,0.0000,0.0000,0.0000,0.0000,0.0000,0.0000,0.0000,0.0000,0.0000,0.0000,0.0000,0.0000,0.0000,0.0000,0.0000,0.0000,0.0000,0.0000,0.0000,0.0000,0.0000,0.0000,0.0000,0.0000,0.0000,0.0000,0.0000,0.0000,0.0000,0.0000,0.0000,0.0000,0.0000,0.0000,0.0000,0.0000,0.0000,0.0000,0.0000,0.0000,0.0000,0.0000,0.0000,0.0000,0.0000,0.0000,0.0000,0.0000,0.0000,0.0000,0.0000,0.0000,0.0000,0.0000,0.0000,0.0000,0.0000,0.0000,0.0000,0.0000,0.0000,0.0000,0.0000,0.0000,0.0000,0.0000,0.0000,0.0000,0.0000,0.0000,0.0000,0.0000,0.0000,0.0000,0.0000,0.0000,0.0000,0.0000,0.0000,0.0000,0.0000,0.0000,0.0000,0.0000,0.0000,0.0000,0.0000,0.0000,0.0000,0.0000,0.0000,0.0000,0.0000,0.0000,0.0000,0.0000,0.0000,0.0000,0.0000,0.0000,0.0000,0.0000,0.0000,0.0000,0.0000,0.0000,0.0000,0.0000,0.0000,0.0000,0.0000,0.0000,0.0000,0.0000,0.0000,0.0000,0.0000,0.0000,0.0000,
0.8483,RLFSMStatePassive,0.0000,0.0000,0.0000,0.0000,0.0000,0.0000,0.0000,0.0000,0.0000,0.0000,0.0000,0.0000,0.0000,0.0000,0.0000,0.0000,0.0000,0.0000,0.0000,0.0000,0.0000,0.0000,0.0000,0.0000,0.0000,0.0000,0.0000,0.0000,0.0000,0.0000,0.0000,0.0000,0.0000,0.0000,0.0000,0.0000,0.0000,0.0000,0.0000,0.0000,0.0000,0.0000,0.0000,0.0000,0.0000,0.0000,0.0000,0.0000,0.0000,0.0000,0.0000,0.0000,0.0000,0.0000,0.0000,0.0000,0.0000,0.0000,0.0000,0.0000,0.0000,0.0000,0.0000,0.0000,0.0000,0.0000,0.0000,0.0000,0.0000,0.0000,0.0000,0.0000,0.0000,0.0000,0.0000,0.0000,0.0000,0.0000,0.0000,0.0000,0.0000,0.0000,0.0000,0.0000,0.0000,0.0000,0.0000,0.0000,0.0000,0.0000,0.0000,0.0000,0.0000,0.0000,0.0000,0.0000,0.0000,0.0000,0.0000,0.0000,0.0000,0.0000,0.0000,0.0000,0.0000,0.0000,0.0000,0.0000,0.0000,0.0000,0.0000,0.0000,0.0000,0.0000,0.0000,0.0000,0.0000,0.0000,0.0000,0.0000,0.0000,0.0000,0.0000,0.0000,0.0000,0.0000,
0.8685,RLFSMStatePassive,0.0000,0.0000,0.0000,0.0000,0.0000,0.0000,0.0000,0.0000,0.0000,0.0000,0.0000,0.0000,0.0000,0.0000,0.0000,0.0000,0.0000,0.0000,0.0000,0.0000,0.0000,0.0000,0.0000,0.0000,0.0000,0.0000,0.0000,0.0000,0.0000,0.0000,0.0000,0.0000,0.0000,0.0000,0.0000,0.0000,0.0000,0.0000,0.0000,0.0000,0.0000,0.0000,0.0000,0.0000,0.0000,0.0000,0.0000,0.0000,0.0000,0.0000,0.0000,0.0000,0.0000,0.0000,0.0000,0.0000,0.0000,0.0000,0.0000,0.0000,0.0000,0.0000,0.0000,0.0000,0.0000,0.0000,0.0000,0.0000,0.0000,0.0000,0.0000,0.0000,0.0000,0.0000,0.0000,0.0000,0.0000,0.0000,0.0000,0.0000,0.0000,0.0000,0.0000,0.0000,0.0000,0.0000,0.0000,0.0000,0.0000,0.0000,0.0000,0.0000,0.0000,0.0000,0.0000,0.0000,0.0000,0.0000,0.0000,0.0000,0.0000,0.0000,0.0000,0.0000,0.0000,0.0000,0.0000,0.0000,0.0000,0.0000,0.0000,0.0000,0.0000,0.0000,0.0000,0.0000,0.0000,0.0000,0.0000,0.0000,0.0000,0.0000,0.0000,0.0000,0.0000,0.0000,
0.8886,RLFSMStatePassive,0.0000,0.0000,0.0000,0.0000,0.0000,0.0000,0.0000,0.0000,0.0000,0.0000,0.0000,0.0000,0.0000,0.0000,0.0000,0.0000,0.0000,0.0000,0.0000,0.0000,0.0000,0.0000,0.0000,0.0000,0.0000,0.0000,0.0000,0.0000,0.0000,0.0000,0.0000,0.0000,0.0000,0.0000,0.0000,0.0000,0.0000,0.0000,0.0000,0.0000,0.0000,0.0000,0.0000,0.0000,0.0000,0.0000,0.0000,0.0000,0.0000,0.0000,0.0000,0.0000,0.0000,0.0000,0.0000,0.0000,0.0000,0.0000,0.0000,0.0000,0.0000,0.0000,0.0000,0.0000,0.0000,0.0000,0.0000,0.0000,0.0000,0.0000,0.0000,0.0000,0.0000,0.0000,0.0000,0.0000,0.0000,0.0000,0.0000,0.0000,0.0000,0.0000,0.0000,0.0000,0.0000,0.0000,0.0000,0.0000,0.0000,0.0000,0.0000,0.0000,0.0000,0.0000,0.0000,0.0000,0.0000,0.0000,0.0000,0.0000,0.0000,0.0000,0.0000,0.0000,0.0000,0.0000,0.0000,0.0000,0.0000,0.0000,0.0000,0.0000,0.0000,0.0000,0.0000,0.0000,0.0000,0.0000,0.0000,0.0000,0.0000,0.0000,0.0000,0.0000,0.0000,0.0000,
0.9088,RLFSMStatePassive,0.0000,0.0000,0.0000,0.0000,0.0000,0.0000,0.0000,0.0000,0.0000,0.0000,0.0000,0.0000,0.0000,0.0000,0.0000,0.0000,0.0000,0.0000,0.0000,0.0000,0.0000,0.0000,0.0000,0.0000,0.0000,0.0000,0.0000,0.0000,0.0000,0.0000,0.0000,0.0000,0.0000,0.0000,0.0000,0.0000,0.0000,0.0000,0.0000,0.0000,0.0000,0.0000,0.0000,0.0000,0.0000,0.0000,0.0000,0.0000,0.0000,0.0000,0.0000,0.0000,0.0000,0.0000,0.0000,0.0000,0.0000,0.0000,0.0000,0.0000,0.0000,0.0000,0.0000,0.0000,0.0000,0.0000,0.0000,0.0000,0.0000,0.0000,0.0000,0.0000,0.0000,0.0000,0.0000,0.0000,0.0000,0.0000,0.0000,0.0000,0.0000,0.0000,0.0000,0.0000,0.0000,0.0000,0.0000,0.0000,0.0000,0.0000,0.0000,0.0000,0.0000,0.0000,0.0000,0.0000,0.0000,0.0000,0.0000,0.0000,0.0000,0.0000,0.0000,0.0000,0.0000,0.0000,0.0000,0.0000,0.0000,0.0000,0.0000,0.0000,0.0000,0.0000,0.0000,0.0000,0.0000,0.0000,0.0000,0.0000,0.0000,0.0000,0.0000,0.0000,0.0000,0.0000,
0.9289,RLFSMStatePassive,0.0000,0.0000,0.0000,0.0000,0.0000,0.0000,0.0000,0.0000,0.0000,0.0000,0.0000,0.0000,0.0000,0.0000,0.0000,0.0000,0.0000,0.0000,0.0000,0.0000,0.0000,0.0000,0.0000,0.0000,0.0000,0.0000,0.0000,0.0000,0.0000,0.0000,0.0000,0.0000,0.0000,0.0000,0.0000,0.0000,0.0000,0.0000,0.0000,0.0000,0.0000,0.0000,0.0000,0.0000,0.0000,0.0000,0.0000,0.0000,0.0000,0.0000,0.0000,0.0000,0.0000,0.0000,0.0000,0.0000,0.0000,0.0000,0.0000,0.0000,0.0000,0.0000,0.0000,0.0000,0.0000,0.0000,0.0000,0.0000,0.0000,0.0000,0.0000,0.0000,0.0000,0.0000,0.0000,0.0000,0.0000,0.0000,0.0000,0.0000,0.0000,0.0000,0.0000,0.0000,0.0000,0.0000,0.0000,0.0000,0.0000,0.0000,0.0000,0.0000,0.0000,0.0000,0.0000,0.0000,0.0000,0.0000,0.0000,0.0000,0.0000,0.0000,0.0000,0.0000,0.0000,0.0000,0.0000,0.0000,0.0000,0.0000,0.0000,0.0000,0.0000,0.0000,0.0000,0.0000,0.0000,0.0000,0.0000,0.0000,0.0000,0.0000,0.0000,0.0000,0.0000,0.0000,
0.9490,RLFSMStatePassive,0.0000,0.0000,0.0000,0.0000,0.0000,0.0000,0.0000,0.0000,0.0000,0.0000,0.0000,0.0000,0.0000,0.0000,0.0000,0.0000,0.0000,0.0000,0.0000,0.0000,0.0000,0.0000,0.0000,0.0000,0.0000,0.0000,0.0000,0.0000,0.0000,0.0000,0.0000,0.0000,0.0000,0.0000,0.0000,0.0000,0.0000,0.0000,0.0000,0.0000,0.0000,0.0000,0.0000,0.0000,0.0000,0.0000,0.0000,0.0000,0.0000,0.0000,0.0000,0.0000,0.0000,0.0000,0.0000,0.0000,0.0000,0.0000,0.0000,0.0000,0.0000,0.0000,0.0000,0.0000,0.0000,0.0000,0.0000,0.0000,0.0000,0.0000,0.0000,0.0000,0.0000,0.0000,0.0000,0.0000,0.0000,0.0000,0.0000,0.0000,0.0000,0.0000,0.0000,0.0000,0.0000,0.0000,0.0000,0.0000,0.0000,0.0000,0.0000,0.0000,0.0000,0.0000,0.0000,0.0000,0.0000,0.0000,0.0000,0.0000,0.0000,0.0000,0.0000,0.0000,0.0000,0.0000,0.0000,0.0000,0.0000,0.0000,0.0000,0.0000,0.0000,0.0000,0.0000,0.0000,0.0000,0.0000,0.0000,0.0000,0.0000,0.0000,0.0000,0.0000,0.0000,0.0000,
0.9691,RLFSMStatePassive,0.0000,0.0000,0.0000,0.0000,0.0000,0.0000,0.0000,0.0000,0.0000,0.0000,0.0000,0.0000,0.0000,0.0000,0.0000,0.0000,0.0000,0.0000,0.0000,0.0000,0.0000,0.0000,0.0000,0.0000,0.0000,0.0000,0.0000,0.0000,0.0000,0.0000,0.0000,0.0000,0.0000,0.0000,0.0000,0.0000,0.0000,0.0000,0.0000,0.0000,0.0000,0.0000,0.0000,0.0000,0.0000,0.0000,0.0000,0.0000,0.0000,0.0000,0.0000,0.0000,0.0000,0.0000,0.0000,0.0000,0.0000,0.0000,0.0000,0.0000,0.0000,0.0000,0.0000,0.0000,0.0000,0.0000,0.0000,0.0000,0.0000,0.0000,0.0000,0.0000,0.0000,0.0000,0.0000,0.0000,0.0000,0.0000,0.0000,0.0000,0.0000,0.0000,0.0000,0.0000,0.0000,0.0000,0.0000,0.0000,0.0000,0.0000,0.0000,0.0000,0.0000,0.0000,0.0000,0.0000,0.0000,0.0000,0.0000,0.0000,0.0000,0.0000,0.0000,0.0000,0.0000,0.0000,0.0000,0.0000,0.0000,0.0000,0.0000,0.0000,0.0000,0.0000,0.0000,0.0000,0.0000,0.0000,0.0000,0.0000,0.0000,0.0000,0.0000,0.0000,0.0000,0.0000,
0.9894,RLFSMStatePassive,0.0000,0.0000,0.0000,0.0000,0.0000,0.0000,0.0000,0.0000,0.0000,0.0000,0.0000,0.0000,0.0000,0.0000,0.0000,0.0000,0.0000,0.0000,0.0000,0.0000,0.0000,0.0000,0.0000,0.0000,0.0000,0.0000,0.0000,0.0000,0.0000,0.0000,0.0000,0.0000,0.0000,0.0000,0.0000,0.0000,0.0000,0.0000,0.0000,0.0000,0.0000,0.0000,0.0000,0.0000,0.0000,0.0000,0.0000,0.0000,0.0000,0.0000,0.0000,0.0000,0.0000,0.0000,0.0000,0.0000,0.0000,0.0000,0.0000,0.0000,0.0000,0.0000,0.0000,0.0000,0.0000,0.0000,0.0000,0.0000,0.0000,0.0000,0.0000,0.0000,0.0000,0.0000,0.0000,0.0000,0.0000,0.0000,0.0000,0.0000,0.0000,0.0000,0.0000,0.0000,0.0000,0.0000,0.0000,0.0000,0.0000,0.0000,0.0000,0.0000,0.0000,0.0000,0.0000,0.0000,0.0000,0.0000,0.0000,0.0000,0.0000,0.0000,0.0000,0.0000,0.0000,0.0000,0.0000,0.0000,0.0000,0.0000,0.0000,0.0000,0.0000,0.0000,0.0000,0.0000,0.0000,0.0000,0.0000,0.0000,0.0000,0.0000,0.0000,0.0000,0.0000,0.0000,
1.0096,RLFSMStatePassive,0.0000,0.0000,0.0000,0.0000,0.0000,0.0000,0.0000,0.0000,0.0000,0.0000,0.0000,0.0000,0.0000,0.0000,0.0000,0.0000,0.0000,0.0000,0.0000,0.0000,0.0000,0.0000,0.0000,0.0000,0.0000,0.0000,0.0000,0.0000,0.0000,0.0000,0.0000,0.0000,0.0000,0.0000,0.0000,0.0000,0.0000,0.0000,0.0000,0.0000,0.0000,0.0000,0.0000,0.0000,0.0000,0.0000,0.0000,0.0000,0.0000,0.0000,0.0000,0.0000,0.0000,0.0000,0.0000,0.0000,0.0000,0.0000,0.0000,0.0000,0.0000,0.0000,0.0000,0.0000,0.0000,0.0000,0.0000,0.0000,0.0000,0.0000,0.0000,0.0000,0.0000,0.0000,0.0000,0.0000,0.0000,0.0000,0.0000,0.0000,0.0000,0.0000,0.0000,0.0000,0.0000,0.0000,0.0000,0.0000,0.0000,0.0000,0.0000,0.0000,0.0000,0.0000,0.0000,0.0000,0.0000,0.0000,0.0000,0.0000,0.0000,0.0000,0.0000,0.0000,0.0000,0.0000,0.0000,0.0000,0.0000,0.0000,0.0000,0.0000,0.0000,0.0000,0.0000,0.0000,0.0000,0.0000,0.0000,0.0000,0.0000,0.0000,0.0000,0.0000,0.0000,0.0000,
1.0299,RLFSMStatePassive,0.0000,0.0000,0.0000,0.0000,0.0000,0.0000,0.0000,0.0000,0.0000,0.0000,0.0000,0.0000,0.0000,0.0000,0.0000,0.0000,0.0000,0.0000,0.0000,0.0000,0.0000,0.0000,0.0000,0.0000,0.0000,0.0000,0.0000,0.0000,0.0000,0.0000,0.0000,0.0000,0.0000,0.0000,0.0000,0.0000,0.0000,0.0000,0.0000,0.0000,0.0000,0.0000,0.0000,0.0000,0.0000,0.0000,0.0000,0.0000,0.0000,0.0000,0.0000,0.0000,0.0000,0.0000,0.0000,0.0000,0.0000,0.0000,0.0000,0.0000,0.0000,0.0000,0.0000,0.0000,0.0000,0.0000,0.0000,0.0000,0.0000,0.0000,0.0000,0.0000,0.0000,0.0000,0.0000,0.0000,0.0000,0.0000,0.0000,0.0000,0.0000,0.0000,0.0000,0.0000,0.0000,0.0000,0.0000,0.0000,0.0000,0.0000,0.0000,0.0000,0.0000,0.0000,0.0000,0.0000,0.0000,0.0000,0.0000,0.0000,0.0000,0.0000,0.0000,0.0000,0.0000,0.0000,0.0000,0.0000,0.0000,0.0000,0.0000,0.0000,0.0000,0.0000,0.0000,0.0000,0.0000,0.0000,0.0000,0.0000,0.0000,0.0000,0.0000,0.0000,0.0000,0.0000,
1.0500,RLFSMStatePassive,0.0000,0.0000,0.0000,0.0000,0.0000,0.0000,0.0000,0.0000,0.0000,0.0000,0.0000,0.0000,0.0000,0.0000,0.0000,0.0000,0.0000,0.0000,0.0000,0.0000,0.0000,0.0000,0.0000,0.0000,0.0000,0.0000,0.0000,0.0000,0.0000,0.0000,0.0000,0.0000,0.0000,0.0000,0.0000,0.0000,0.0000,0.0000,0.0000,0.0000,0.0000,0.0000,0.0000,0.0000,0.0000,0.0000,0.0000,0.0000,0.0000,0.0000,0.0000,0.0000,0.0000,0.0000,0.0000,0.0000,0.0000,0.0000,0.0000,0.0000,0.0000,0.0000,0.0000,0.0000,0.0000,0.0000,0.0000,0.0000,0.0000,0.0000,0.0000,0.0000,0.0000,0.0000,0.0000,0.0000,0.0000,0.0000,0.0000,0.0000,0.0000,0.0000,0.0000,0.0000,0.0000,0.0000,0.0000,0.0000,0.0000,0.0000,0.0000,0.0000,0.0000,0.0000,0.0000,0.0000,0.0000,0.0000,0.0000,0.0000,0.0000,0.0000,0.0000,0.0000,0.0000,0.0000,0.0000,0.0000,0.0000,0.0000,0.0000,0.0000,0.0000,0.0000,0.0000,0.0000,0.0000,0.0000,0.0000,0.0000,0.0000,0.0000,0.0000,0.0000,0.0000,0.0000,
1.0702,RLFSMStatePassive,0.0000,0.0000,0.0000,0.0000,0.0000,0.0000,0.0000,0.0000,0.0000,0.0000,0.0000,0.0000,0.0000,0.0000,0.0000,0.0000,0.0000,0.0000,0.0000,0.0000,0.0000,0.0000,0.0000,0.0000,0.0000,0.0000,0.0000,0.0000,0.0000,0.0000,0.0000,0.0000,0.0000,0.0000,0.0000,0.0000,0.0000,0.0000,0.0000,0.0000,0.0000,0.0000,0.0000,0.0000,0.0000,0.0000,0.0000,0.0000,0.0000,0.0000,0.0000,0.0000,0.0000,0.0000,0.0000,0.0000,0.0000,0.0000,0.0000,0.0000,0.0000,0.0000,0.0000,0.0000,0.0000,0.0000,0.0000,0.0000,0.0000,0.0000,0.0000,0.0000,0.0000,0.0000,0.0000,0.0000,0.0000,0.0000,0.0000,0.0000,0.0000,0.0000,0.0000,0.0000,0.0000,0.0000,0.0000,0.0000,0.0000,0.0000,0.0000,0.0000,0.0000,0.0000,0.0000,0.0000,0.0000,0.0000,0.0000,0.0000,0.0000,0.0000,0.0000,0.0000,0.0000,0.0000,0.0000,0.0000,0.0000,0.0000,0.0000,0.0000,0.0000,0.0000,0.0000,0.0000,0.0000,0.0000,0.0000,0.0000,0.0000,0.0000,0.0000,0.0000,0.0000,0.0000,
1.0903,RLFSMStatePassive,0.0000,0.0000,0.0000,0.0000,0.0000,0.0000,0.0000,0.0000,0.0000,0.0000,0.0000,0.0000,0.0000,0.0000,0.0000,0.0000,0.0000,0.0000,0.0000,0.0000,0.0000,0.0000,0.0000,0.0000,0.0000,0.0000,0.0000,0.0000,0.0000,0.0000,0.0000,0.0000,0.0000,0.0000,0.0000,0.0000,0.0000,0.0000,0.0000,0.0000,0.0000,0.0000,0.0000,0.0000,0.0000,0.0000,0.0000,0.0000,0.0000,0.0000,0.0000,0.0000,0.0000,0.0000,0.0000,0.0000,0.0000,0.0000,0.0000,0.0000,0.0000,0.0000,0.0000,0.0000,0.0000,0.0000,0.0000,0.0000,0.0000,0.0000,0.0000,0.0000,0.0000,0.0000,0.0000,0.0000,0.0000,0.0000,0.0000,0.0000,0.0000,0.0000,0.0000,0.0000,0.0000,0.0000,0.0000,0.0000,0.0000,0.0000,0.0000,0.0000,0.0000,0.0000,0.0000,0.0000,0.0000,0.0000,0.0000,0.0000,0.0000,0.0000,0.0000,0.0000,0.0000,0.0000,0.0000,0.0000,0.0000,0.0000,0.0000,0.0000,0.0000,0.0000,0.0000,0.0000,0.0000,0.0000,0.0000,0.0000,0.0000,0.0000,0.0000,0.0000,0.0000,0.0000,
1.1105,RLFSMStatePassive,0.0000,0.0000,0.0000,0.0000,0.0000,0.0000,0.0000,0.0000,0.0000,0.0000,0.0000,0.0000,0.0000,0.0000,0.0000,0.0000,0.0000,0.0000,0.0000,0.0000,0.0000,0.0000,0.0000,0.0000,0.0000,0.0000,0.0000,0.0000,0.0000,0.0000,0.0000,0.0000,0.0000,0.0000,0.0000,0.0000,0.0000,0.0000,0.0000,0.0000,0.0000,0.0000,0.0000,0.0000,0.0000,0.0000,0.0000,0.0000,0.0000,0.0000,0.0000,0.0000,0.0000,0.0000,0.0000,0.0000,0.0000,0.0000,0.0000,0.0000,0.0000,0.0000,0.0000,0.0000,0.0000,0.0000,0.0000,0.0000,0.0000,0.0000,0.0000,0.0000,0.0000,0.0000,0.0000,0.0000,0.0000,0.0000,0.0000,0.0000,0.0000,0.0000,0.0000,0.0000,0.0000,0.0000,0.0000,0.0000,0.0000,0.0000,0.0000,0.0000,0.0000,0.0000,0.0000,0.0000,0.0000,0.0000,0.0000,0.0000,0.0000,0.0000,0.0000,0.0000,0.0000,0.0000,0.0000,0.0000,0.0000,0.0000,0.0000,0.0000,0.0000,0.0000,0.0000,0.0000,0.0000,0.0000,0.0000,0.0000,0.0000,0.0000,0.0000,0.0000,0.0000,0.0000,
1.1306,RLFSMStatePassive,0.0000,0.0000,0.0000,0.0000,0.0000,0.0000,0.0000,0.0000,0.0000,0.0000,0.0000,0.0000,0.0000,0.0000,0.0000,0.0000,0.0000,0.0000,0.0000,0.0000,0.0000,0.0000,0.0000,0.0000,0.0000,0.0000,0.0000,0.0000,0.0000,0.0000,0.0000,0.0000,0.0000,0.0000,0.0000,0.0000,0.0000,0.0000,0.0000,0.0000,0.0000,0.0000,0.0000,0.0000,0.0000,0.0000,0.0000,0.0000,0.0000,0.0000,0.0000,0.0000,0.0000,0.0000,0.0000,0.0000,0.0000,0.0000,0.0000,0.0000,0.0000,0.0000,0.0000,0.0000,0.0000,0.0000,0.0000,0.0000,0.0000,0.0000,0.0000,0.0000,0.0000,0.0000,0.0000,0.0000,0.0000,0.0000,0.0000,0.0000,0.0000,0.0000,0.0000,0.0000,0.0000,0.0000,0.0000,0.0000,0.0000,0.0000,0.0000,0.0000,0.0000,0.0000,0.0000,0.0000,0.0000,0.0000,0.0000,0.0000,0.0000,0.0000,0.0000,0.0000,0.0000,0.0000,0.0000,0.0000,0.0000,0.0000,0.0000,0.0000,0.0000,0.0000,0.0000,0.0000,0.0000,0.0000,0.0000,0.0000,0.0000,0.0000,0.0000,0.0000,0.0000,0.0000,
1.1508,RLFSMStatePassive,0.0000,0.0000,0.0000,0.0000,0.0000,0.0000,0.0000,0.0000,0.0000,0.0000,0.0000,0.0000,0.0000,0.0000,0.0000,0.0000,0.0000,0.0000,0.0000,0.0000,0.0000,0.0000,0.0000,0.0000,0.0000,0.0000,0.0000,0.0000,0.0000,0.0000,0.0000,0.0000,0.0000,0.0000,0.0000,0.0000,0.0000,0.0000,0.0000,0.0000,0.0000,0.0000,0.0000,0.0000,0.0000,0.0000,0.0000,0.0000,0.0000,0.0000,0.0000,0.0000,0.0000,0.0000,0.0000,0.0000,0.0000,0.0000,0.0000,0.0000,0.0000,0.0000,0.0000,0.0000,0.0000,0.0000,0.0000,0.0000,0.0000,0.0000,0.0000,0.0000,0.0000,0.0000,0.0000,0.0000,0.0000,0.0000,0.0000,0.0000,0.0000,0.0000,0.0000,0.0000,0.0000,0.0000,0.0000,0.0000,0.0000,0.0000,0.0000,0.0000,0.0000,0.0000,0.0000,0.0000,0.0000,0.0000,0.0000,0.0000,0.0000,0.0000,0.0000,0.0000,0.0000,0.0000,0.0000,0.0000,0.0000,0.0000,0.0000,0.0000,0.0000,0.0000,0.0000,0.0000,0.0000,0.0000,0.0000,0.0000,0.0000,0.0000,0.0000,0.0000,0.0000,0.0000,
1.1709,RLFSMStatePassive,0.0000,0.0000,0.0000,0.0000,0.0000,0.0000,0.0000,0.0000,0.0000,0.0000,0.0000,0.0000,0.0000,0.0000,0.0000,0.0000,0.0000,0.0000,0.0000,0.0000,0.0000,0.0000,0.0000,0.0000,0.0000,0.0000,0.0000,0.0000,0.0000,0.0000,0.0000,0.0000,0.0000,0.0000,0.0000,0.0000,0.0000,0.0000,0.0000,0.0000,0.0000,0.0000,0.0000,0.0000,0.0000,0.0000,0.0000,0.0000,0.0000,0.0000,0.0000,0.0000,0.0000,0.0000,0.0000,0.0000,0.0000,0.0000,0.0000,0.0000,0.0000,0.0000,0.0000,0.0000,0.0000,0.0000,0.0000,0.0000,0.0000,0.0000,0.0000,0.0000,0.0000,0.0000,0.0000,0.0000,0.0000,0.0000,0.0000,0.0000,0.0000,0.0000,0.0000,0.0000,0.0000,0.0000,0.0000,0.0000,0.0000,0.0000,0.0000,0.0000,0.0000,0.0000,0.0000,0.0000,0.0000,0.0000,0.0000,0.0000,0.0000,0.0000,0.0000,0.0000,0.0000,0.0000,0.0000,0.0000,0.0000,0.0000,0.0000,0.0000,0.0000,0.0000,0.0000,0.0000,0.0000,0.0000,0.0000,0.0000,0.0000,0.0000,0.0000,0.0000,0.0000,0.0000,
1.1910,RLFSMStatePassive,0.0000,0.0000,0.0000,0.0000,0.0000,0.0000,0.0000,0.0000,0.0000,0.0000,0.0000,0.0000,0.0000,0.0000,0.0000,0.0000,0.0000,0.0000,0.0000,0.0000,0.0000,0.0000,0.0000,0.0000,0.0000,0.0000,0.0000,0.0000,0.0000,0.0000,0.0000,0.0000,0.0000,0.0000,0.0000,0.0000,0.0000,0.0000,0.0000,0.0000,0.0000,0.0000,0.0000,0.0000,0.0000,0.0000,0.0000,0.0000,0.0000,0.0000,0.0000,0.0000,0.0000,0.0000,0.0000,0.0000,0.0000,0.0000,0.0000,0.0000,0.0000,0.0000,0.0000,0.0000,0.0000,0.0000,0.0000,0.0000,0.0000,0.0000,0.0000,0.0000,0.0000,0.0000,0.0000,0.0000,0.0000,0.0000,0.0000,0.0000,0.0000,0.0000,0.0000,0.0000,0.0000,0.0000,0.0000,0.0000,0.0000,0.0000,0.0000,0.0000,0.0000,0.0000,0.0000,0.0000,0.0000,0.0000,0.0000,0.0000,0.0000,0.0000,0.0000,0.0000,0.0000,0.0000,0.0000,0.0000,0.0000,0.0000,0.0000,0.0000,0.0000,0.0000,0.0000,0.0000,0.0000,0.0000,0.0000,0.0000,0.0000,0.0000,0.0000,0.0000,0.0000,0.0000,
1.2111,RLFSMStatePassive,0.0000,0.0000,0.0000,0.0000,0.0000,0.0000,0.0000,0.0000,0.0000,0.0000,0.0000,0.0000,0.0000,0.0000,0.0000,0.0000,0.0000,0.0000,0.0000,0.0000,0.0000,0.0000,0.0000,0.0000,0.0000,0.0000,0.0000,0.0000,0.0000,0.0000,0.0000,0.0000,0.0000,0.0000,0.0000,0.0000,0.0000,0.0000,0.0000,0.0000,0.0000,0.0000,0.0000,0.0000,0.0000,0.0000,0.0000,0.0000,0.0000,0.0000,0.0000,0.0000,0.0000,0.0000,0.0000,0.0000,0.0000,0.0000,0.0000,0.0000,0.0000,0.0000,0.0000,0.0000,0.0000,0.0000,0.0000,0.0000,0.0000,0.0000,0.0000,0.0000,0.0000,0.0000,0.0000,0.0000,0.0000,0.0000,0.0000,0.0000,0.0000,0.0000,0.0000,0.0000,0.0000,0.0000,0.0000,0.0000,0.0000,0.0000,0.0000,0.0000,0.0000,0.0000,0.0000,0.0000,0.0000,0.0000,0.0000,0.0000,0.0000,0.0000,0.0000,0.0000,0.0000,0.0000,0.0000,0.0000,0.0000,0.0000,0.0000,0.0000,0.0000,0.0000,0.0000,0.0000,0.0000,0.0000,0.0000,0.0000,0.0000,0.0000,0.0000,0.0000,0.0000,0.0000,
1.2312,RLFSMStatePassive,0.0000,0.0000,0.0000,0.0000,0.0000,0.0000,0.0000,0.0000,0.0000,0.0000,0.0000,0.0000,0.0000,0.0000,0.0000,0.0000,0.0000,0.0000,0.0000,0.0000,0.0000,0.0000,0.0000,0.0000,0.0000,0.0000,0.0000,0.0000,0.0000,0.0000,0.0000,0.0000,0.0000,0.0000,0.0000,0.0000,0.0000,0.0000,0.0000,0.0000,0.0000,0.0000,0.0000,0.0000,0.0000,0.0000,0.0000,0.0000,0.0000,0.0000,0.0000,0.0000,0.0000,0.0000,0.0000,0.0000,0.0000,0.0000,0.0000,0.0000,0.0000,0.0000,0.0000,0.0000,0.0000,0.0000,0.0000,0.0000,0.0000,0.0000,0.0000,0.0000,0.0000,0.0000,0.0000,0.0000,0.0000,0.0000,0.0000,0.0000,0.0000,0.0000,0.0000,0.0000,0.0000,0.0000,0.0000,0.0000,0.0000,0.0000,0.0000,0.0000,0.0000,0.0000,0.0000,0.0000,0.0000,0.0000,0.0000,0.0000,0.0000,0.0000,0.0000,0.0000,0.0000,0.0000,0.0000,0.0000,0.0000,0.0000,0.0000,0.0000,0.0000,0.0000,0.0000,0.0000,0.0000,0.0000,0.0000,0.0000,0.0000,0.0000,0.0000,0.0000,0.0000,0.0000,
1.2513,RLFSMStatePassive,0.0000,0.0000,0.0000,0.0000,0.0000,0.0000,0.0000,0.0000,0.0000,0.0000,0.0000,0.0000,0.0000,0.0000,0.0000,0.0000,0.0000,0.0000,0.0000,0.0000,0.0000,0.0000,0.0000,0.0000,0.0000,0.0000,0.0000,0.0000,0.0000,0.0000,0.0000,0.0000,0.0000,0.0000,0.0000,0.0000,0.0000,0.0000,0.0000,0.0000,0.0000,0.0000,0.0000,0.0000,0.0000,0.0000,0.0000,0.0000,0.0000,0.0000,0.0000,0.0000,0.0000,0.0000,0.0000,0.0000,0.0000,0.0000,0.0000,0.0000,0.0000,0.0000,0.0000,0.0000,0.0000,0.0000,0.0000,0.0000,0.0000,0.0000,0.0000,0.0000,0.0000,0.0000,0.0000,0.0000,0.0000,0.0000,0.0000,0.0000,0.0000,0.0000,0.0000,0.0000,0.0000,0.0000,0.0000,0.0000,0.0000,0.0000,0.0000,0.0000,0.0000,0.0000,0.0000,0.0000,0.0000,0.0000,0.0000,0.0000,0.0000,0.0000,0.0000,0.0000,0.0000,0.0000,0.0000,0.0000,0.0000,0.0000,0.0000,0.0000,0.0000,0.0000,0.0000,0.0000,0.0000,0.0000,0.0000,0.0000,0.0000,0.0000,0.0000,0.0000,0.0000,0.0000,
1.2715,RLFSMStatePassive,0.0000,0.0000,0.0000,0.0000,0.0000,0.0000,0.0000,0.0000,0.0000,0.0000,0.0000,0.0000,0.0000,0.0000,0.0000,0.0000,0.0000,0.0000,0.0000,0.0000,0.0000,0.0000,0.0000,0.0000,0.0000,0.0000,0.0000,0.0000,0.0000,0.0000,0.0000,0.0000,0.0000,0.0000,0.0000,0.0000,0.0000,0.0000,0.0000,0.0000,0.0000,0.0000,0.0000,0.0000,0.0000,0.0000,0.0000,0.0000,0.0000,0.0000,0.0000,0.0000,0.0000,0.0000,0.0000,0.0000,0.0000,0.0000,0.0000,0.0000,0.0000,0.0000,0.0000,0.0000,0.0000,0.0000,0.0000,0.0000,0.0000,0.0000,0.0000,0.0000,0.0000,0.0000,0.0000,0.0000,0.0000,0.0000,0.0000,0.0000,0.0000,0.0000,0.0000,0.0000,0.0000,0.0000,0.0000,0.0000,0.0000,0.0000,0.0000,0.0000,0.0000,0.0000,0.0000,0.0000,0.0000,0.0000,0.0000,0.0000,0.0000,0.0000,0.0000,0.0000,0.0000,0.0000,0.0000,0.0000,0.0000,0.0000,0.0000,0.0000,0.0000,0.0000,0.0000,0.0000,0.0000,0.0000,0.0000,0.0000,0.0000,0.0000,0.0000,0.0000,0.0000,0.0000,
1.2916,RLFSMStatePassive,0.0000,0.0000,0.0000,0.0000,0.0000,0.0000,0.0000,0.0000,0.0000,0.0000,0.0000,0.0000,0.0000,0.0000,0.0000,0.0000,0.0000,0.0000,0.0000,0.0000,0.0000,0.0000,0.0000,0.0000,0.0000,0.0000,0.0000,0.0000,0.0000,0.0000,0.0000,0.0000,0.0000,0.0000,0.0000,0.0000,0.0000,0.0000,0.0000,0.0000,0.0000,0.0000,0.0000,0.0000,0.0000,0.0000,0.0000,0.0000,0.0000,0.0000,0.0000,0.0000,0.0000,0.0000,0.0000,0.0000,0.0000,0.0000,0.0000,0.0000,0.0000,0.0000,0.0000,0.0000,0.0000,0.0000,0.0000,0.0000,0.0000,0.0000,0.0000,0.0000,0.0000,0.0000,0.0000,0.0000,0.0000,0.0000,0.0000,0.0000,0.0000,0.0000,0.0000,0.0000,0.0000,0.0000,0.0000,0.0000,0.0000,0.0000,0.0000,0.0000,0.0000,0.0000,0.0000,0.0000,0.0000,0.0000,0.0000,0.0000,0.0000,0.0000,0.0000,0.0000,0.0000,0.0000,0.0000,0.0000,0.0000,0.0000,0.0000,0.0000,0.0000,0.0000,0.0000,0.0000,0.0000,0.0000,0.0000,0.0000,0.0000,0.0000,0.0000,0.0000,0.0000,0.0000,
1.3118,RLFSMStatePassive,0.0000,0.0000,0.0000,0.0000,0.0000,0.0000,0.0000,0.0000,0.0000,0.0000,0.0000,0.0000,0.0000,0.0000,0.0000,0.0000,0.0000,0.0000,0.0000,0.0000,0.0000,0.0000,0.0000,0.0000,0.0000,0.0000,0.0000,0.0000,0.0000,0.0000,0.0000,0.0000,0.0000,0.0000,0.0000,0.0000,0.0000,0.0000,0.0000,0.0000,0.0000,0.0000,0.0000,0.0000,0.0000,0.0000,0.0000,0.0000,0.0000,0.0000,0.0000,0.0000,0.0000,0.0000,0.0000,0.0000,0.0000,0.0000,0.0000,0.0000,0.0000,0.0000,0.0000,0.0000,0.0000,0.0000,0.0000,0.0000,0.0000,0.0000,0.0000,0.0000,0.0000,0.0000,0.0000,0.0000,0.0000,0.0000,0.0000,0.0000,0.0000,0.0000,0.0000,0.0000,0.0000,0.0000,0.0000,0.0000,0.0000,0.0000,0.0000,0.0000,0.0000,0.0000,0.0000,0.0000,0.0000,0.0000,0.0000,0.0000,0.0000,0.0000,0.0000,0.0000,0.0000,0.0000,0.0000,0.0000,0.0000,0.0000,0.0000,0.0000,0.0000,0.0000,0.0000,0.0000,0.0000,0.0000,0.0000,0.0000,0.0000,0.0000,0.0000,0.0000,0.0000,0.0000,
1.3319,RLFSMStatePassive,0.0000,0.0000,0.0000,0.0000,0.0000,0.0000,0.0000,0.0000,0.0000,0.0000,0.0000,0.0000,0.0000,0.0000,0.0000,0.0000,0.0000,0.0000,0.0000,0.0000,0.0000,0.0000,0.0000,0.0000,0.0000,0.0000,0.0000,0.0000,0.0000,0.0000,0.0000,0.0000,0.0000,0.0000,0.0000,0.0000,0.0000,0.0000,0.0000,0.0000,0.0000,0.0000,0.0000,0.0000,0.0000,0.0000,0.0000,0.0000,0.0000,0.0000,0.0000,0.0000,0.0000,0.0000,0.0000,0.0000,0.0000,0.0000,0.0000,0.0000,0.0000,0.0000,0.0000,0.0000,0.0000,0.0000,0.0000,0.0000,0.0000,0.0000,0.0000,0.0000,0.0000,0.0000,0.0000,0.0000,0.0000,0.0000,0.0000,0.0000,0.0000,0.0000,0.0000,0.0000,0.0000,0.0000,0.0000,0.0000,0.0000,0.0000,0.0000,0.0000,0.0000,0.0000,0.0000,0.0000,0.0000,0.0000,0.0000,0.0000,0.0000,0.0000,0.0000,0.0000,0.0000,0.0000,0.0000,0.0000,0.0000,0.0000,0.0000,0.0000,0.0000,0.0000,0.0000,0.0000,0.0000,0.0000,0.0000,0.0000,0.0000,0.0000,0.0000,0.0000,0.0000,0.0000,
1.3521,RLFSMStatePassive,0.0000,0.0000,0.0000,0.0000,0.0000,0.0000,0.0000,0.0000,0.0000,0.0000,0.0000,0.0000,0.0000,0.0000,0.0000,0.0000,0.0000,0.0000,0.0000,0.0000,0.0000,0.0000,0.0000,0.0000,0.0000,0.0000,0.0000,0.0000,0.0000,0.0000,0.0000,0.0000,0.0000,0.0000,0.0000,0.0000,0.0000,0.0000,0.0000,0.0000,0.0000,0.0000,0.0000,0.0000,0.0000,0.0000,0.0000,0.0000,0.0000,0.0000,0.0000,0.0000,0.0000,0.0000,0.0000,0.0000,0.0000,0.0000,0.0000,0.0000,0.0000,0.0000,0.0000,0.0000,0.0000,0.0000,0.0000,0.0000,0.0000,0.0000,0.0000,0.0000,0.0000,0.0000,0.0000,0.0000,0.0000,0.0000,0.0000,0.0000,0.0000,0.0000,0.0000,0.0000,0.0000,0.0000,0.0000,0.0000,0.0000,0.0000,0.0000,0.0000,0.0000,0.0000,0.0000,0.0000,0.0000,0.0000,0.0000,0.0000,0.0000,0.0000,0.0000,0.0000,0.0000,0.0000,0.0000,0.0000,0.0000,0.0000,0.0000,0.0000,0.0000,0.0000,0.0000,0.0000,0.0000,0.0000,0.0000,0.0000,0.0000,0.0000,0.0000,0.0000,0.0000,0.0000,
1.3723,RLFSMStatePassive,0.0000,0.0000,0.0000,0.0000,0.0000,0.0000,0.0000,0.0000,0.0000,0.0000,0.0000,0.0000,0.0000,0.0000,0.0000,0.0000,0.0000,0.0000,0.0000,0.0000,0.0000,0.0000,0.0000,0.0000,0.0000,0.0000,0.0000,0.0000,0.0000,0.0000,0.0000,0.0000,0.0000,0.0000,0.0000,0.0000,0.0000,0.0000,0.0000,0.0000,0.0000,0.0000,0.0000,0.0000,0.0000,0.0000,0.0000,0.0000,0.0000,0.0000,0.0000,0.0000,0.0000,0.0000,0.0000,0.0000,0.0000,0.0000,0.0000,0.0000,0.0000,0.0000,0.0000,0.0000,0.0000,0.0000,0.0000,0.0000,0.0000,0.0000,0.0000,0.0000,0.0000,0.0000,0.0000,0.0000,0.0000,0.0000,0.0000,0.0000,0.0000,0.0000,0.0000,0.0000,0.0000,0.0000,0.0000,0.0000,0.0000,0.0000,0.0000,0.0000,0.0000,0.0000,0.0000,0.0000,0.0000,0.0000,0.0000,0.0000,0.0000,0.0000,0.0000,0.0000,0.0000,0.0000,0.0000,0.0000,0.0000,0.0000,0.0000,0.0000,0.0000,0.0000,0.0000,0.0000,0.0000,0.0000,0.0000,0.0000,0.0000,0.0000,0.0000,0.0000,0.0000,0.0000,
1.3925,RLFSMStatePassive,0.0000,0.0000,0.0000,0.0000,0.0000,0.0000,0.0000,0.0000,0.0000,0.0000,0.0000,0.0000,0.0000,0.0000,0.0000,0.0000,0.0000,0.0000,0.0000,0.0000,0.0000,0.0000,0.0000,0.0000,0.0000,0.0000,0.0000,0.0000,0.0000,0.0000,0.0000,0.0000,0.0000,0.0000,0.0000,0.0000,0.0000,0.0000,0.0000,0.0000,0.0000,0.0000,0.0000,0.0000,0.0000,0.0000,0.0000,0.0000,0.0000,0.0000,0.0000,0.0000,0.0000,0.0000,0.0000,0.0000,0.0000,0.0000,0.0000,0.0000,0.0000,0.0000,0.0000,0.0000,0.0000,0.0000,0.0000,0.0000,0.0000,0.0000,0.0000,0.0000,0.0000,0.0000,0.0000,0.0000,0.0000,0.0000,0.0000,0.0000,0.0000,0.0000,0.0000,0.0000,0.0000,0.0000,0.0000,0.0000,0.0000,0.0000,0.0000,0.0000,0.0000,0.0000,0.0000,0.0000,0.0000,0.0000,0.0000,0.0000,0.0000,0.0000,0.0000,0.0000,0.0000,0.0000,0.0000,0.0000,0.0000,0.0000,0.0000,0.0000,0.0000,0.0000,0.0000,0.0000,0.0000,0.0000,0.0000,0.0000,0.0000,0.0000,0.0000,0.0000,0.0000,0.0000,
1.4127,RLFSMStatePassive,0.0000,0.0000,0.0000,0.0000,0.0000,0.0000,0.0000,0.0000,0.0000,0.0000,0.0000,0.0000,0.0000,0.0000,0.0000,0.0000,0.0000,0.0000,0.0000,0.0000,0.0000,0.0000,0.0000,0.0000,0.0000,0.0000,0.0000,0.0000,0.0000,0.0000,0.0000,0.0000,0.0000,0.0000,0.0000,0.0000,0.0000,0.0000,0.0000,0.0000,0.0000,0.0000,0.0000,0.0000,0.0000,0.0000,0.0000,0.0000,0.0000,0.0000,0.0000,0.0000,0.0000,0.0000,0.0000,0.0000,0.0000,0.0000,0.0000,0.0000,0.0000,0.0000,0.0000,0.0000,0.0000,0.0000,0.0000,0.0000,0.0000,0.0000,0.0000,0.0000,0.0000,0.0000,0.0000,0.0000,0.0000,0.0000,0.0000,0.0000,0.0000,0.0000,0.0000,0.0000,0.0000,0.0000,0.0000,0.0000,0.0000,0.0000,0.0000,0.0000,0.0000,0.0000,0.0000,0.0000,0.0000,0.0000,0.0000,0.0000,0.0000,0.0000,0.0000,0.0000,0.0000,0.0000,0.0000,0.0000,0.0000,0.0000,0.0000,0.0000,0.0000,0.0000,0.0000,0.0000,0.0000,0.0000,0.0000,0.0000,0.0000,0.0000,0.0000,0.0000,0.0000,0.0000,
1.4328,RLFSMStatePassive,0.0000,0.0000,0.0000,0.0000,0.0000,0.0000,0.0000,0.0000,0.0000,0.0000,0.0000,0.0000,0.0000,0.0000,0.0000,0.0000,0.0000,0.0000,0.0000,0.0000,0.0000,0.0000,0.0000,0.0000,0.0000,0.0000,0.0000,0.0000,0.0000,0.0000,0.0000,0.0000,0.0000,0.0000,0.0000,0.0000,0.0000,0.0000,0.0000,0.0000,0.0000,0.0000,0.0000,0.0000,0.0000,0.0000,0.0000,0.0000,0.0000,0.0000,0.0000,0.0000,0.0000,0.0000,0.0000,0.0000,0.0000,0.0000,0.0000,0.0000,0.0000,0.0000,0.0000,0.0000,0.0000,0.0000,0.0000,0.0000,0.0000,0.0000,0.0000,0.0000,0.0000,0.0000,0.0000,0.0000,0.0000,0.0000,0.0000,0.0000,0.0000,0.0000,0.0000,0.0000,0.0000,0.0000,0.0000,0.0000,0.0000,0.0000,0.0000,0.0000,0.0000,0.0000,0.0000,0.0000,0.0000,0.0000,0.0000,0.0000,0.0000,0.0000,0.0000,0.0000,0.0000,0.0000,0.0000,0.0000,0.0000,0.0000,0.0000,0.0000,0.0000,0.0000,0.0000,0.0000,0.0000,0.0000,0.0000,0.0000,0.0000,0.0000,0.0000,0.0000,0.0000,0.0000,
1.4530,RLFSMStatePassive,0.0000,0.0000,0.0000,0.0000,0.0000,0.0000,0.0000,0.0000,0.0000,0.0000,0.0000,0.0000,0.0000,0.0000,0.0000,0.0000,0.0000,0.0000,0.0000,0.0000,0.0000,0.0000,0.0000,0.0000,0.0000,0.0000,0.0000,0.0000,0.0000,0.0000,0.0000,0.0000,0.0000,0.0000,0.0000,0.0000,0.0000,0.0000,0.0000,0.0000,0.0000,0.0000,0.0000,0.0000,0.0000,0.0000,0.0000,0.0000,0.0000,0.0000,0.0000,0.0000,0.0000,0.0000,0.0000,0.0000,0.0000,0.0000,0.0000,0.0000,0.0000,0.0000,0.0000,0.0000,0.0000,0.0000,0.0000,0.0000,0.0000,0.0000,0.0000,0.0000,0.0000,0.0000,0.0000,0.0000,0.0000,0.0000,0.0000,0.0000,0.0000,0.0000,0.0000,0.0000,0.0000,0.0000,0.0000,0.0000,0.0000,0.0000,0.0000,0.0000,0.0000,0.0000,0.0000,0.0000,0.0000,0.0000,0.0000,0.0000,0.0000,0.0000,0.0000,0.0000,0.0000,0.0000,0.0000,0.0000,0.0000,0.0000,0.0000,0.0000,0.0000,0.0000,0.0000,0.0000,0.0000,0.0000,0.0000,0.0000,0.0000,0.0000,0.0000,0.0000,0.0000,0.0000,
1.4731,RLFSMStatePassive,0.0000,0.0000,0.0000,0.0000,0.0000,0.0000,0.0000,0.0000,0.0000,0.0000,0.0000,0.0000,0.0000,0.0000,0.0000,0.0000,0.0000,0.0000,0.0000,0.0000,0.0000,0.0000,0.0000,0.0000,0.0000,0.0000,0.0000,0.0000,0.0000,0.0000,0.0000,0.0000,0.0000,0.0000,0.0000,0.0000,0.0000,0.0000,0.0000,0.0000,0.0000,0.0000,0.0000,0.0000,0.0000,0.0000,0.0000,0.0000,0.0000,0.0000,0.0000,0.0000,0.0000,0.0000,0.0000,0.0000,0.0000,0.0000,0.0000,0.0000,0.0000,0.0000,0.0000,0.0000,0.0000,0.0000,0.0000,0.0000,0.0000,0.0000,0.0000,0.0000,0.0000,0.0000,0.0000,0.0000,0.0000,0.0000,0.0000,0.0000,0.0000,0.0000,0.0000,0.0000,0.0000,0.0000,0.0000,0.0000,0.0000,0.0000,0.0000,0.0000,0.0000,0.0000,0.0000,0.0000,0.0000,0.0000,0.0000,0.0000,0.0000,0.0000,0.0000,0.0000,0.0000,0.0000,0.0000,0.0000,0.0000,0.0000,0.0000,0.0000,0.0000,0.0000,0.0000,0.0000,0.0000,0.0000,0.0000,0.0000,0.0000,0.0000,0.0000,0.0000,0.0000,0.0000,
1.4933,RLFSMStatePassive,0.0000,0.0000,0.0000,0.0000,0.0000,0.0000,0.0000,0.0000,0.0000,0.0000,0.0000,0.0000,0.0000,0.0000,0.0000,0.0000,0.0000,0.0000,0.0000,0.0000,0.0000,0.0000,0.0000,0.0000,0.0000,0.0000,0.0000,0.0000,0.0000,0.0000,0.0000,0.0000,0.0000,0.0000,0.0000,0.0000,0.0000,0.0000,0.0000,0.0000,0.0000,0.0000,0.0000,0.0000,0.0000,0.0000,0.0000,0.0000,0.0000,0.0000,0.0000,0.0000,0.0000,0.0000,0.0000,0.0000,0.0000,0.0000,0.0000,0.0000,0.0000,0.0000,0.0000,0.0000,0.0000,0.0000,0.0000,0.0000,0.0000,0.0000,0.0000,0.0000,0.0000,0.0000,0.0000,0.0000,0.0000,0.0000,0.0000,0.0000,0.0000,0.0000,0.0000,0.0000,0.0000,0.0000,0.0000,0.0000,0.0000,0.0000,0.0000,0.0000,0.0000,0.0000,0.0000,0.0000,0.0000,0.0000,0.0000,0.0000,0.0000,0.0000,0.0000,0.0000,0.0000,0.0000,0.0000,0.0000,0.0000,0.0000,0.0000,0.0000,0.0000,0.0000,0.0000,0.0000,0.0000,0.0000,0.0000,0.0000,0.0000,0.0000,0.0000,0.0000,0.0000,0.0000,
1.5136,RLFSMStatePassive,0.0000,0.0000,0.0000,0.0000,0.0000,0.0000,0.0000,0.0000,0.0000,0.0000,0.0000,0.0000,0.0000,0.0000,0.0000,0.0000,0.0000,0.0000,0.0000,0.0000,0.0000,0.0000,0.0000,0.0000,0.0000,0.0000,0.0000,0.0000,0.0000,0.0000,0.0000,0.0000,0.0000,0.0000,0.0000,0.0000,0.0000,0.0000,0.0000,0.0000,0.0000,0.0000,0.0000,0.0000,0.0000,0.0000,0.0000,0.0000,0.0000,0.0000,0.0000,0.0000,0.0000,0.0000,0.0000,0.0000,0.0000,0.0000,0.0000,0.0000,0.0000,0.0000,0.0000,0.0000,0.0000,0.0000,0.0000,0.0000,0.0000,0.0000,0.0000,0.0000,0.0000,0.0000,0.0000,0.0000,0.0000,0.0000,0.0000,0.0000,0.0000,0.0000,0.0000,0.0000,0.0000,0.0000,0.0000,0.0000,0.0000,0.0000,0.0000,0.0000,0.0000,0.0000,0.0000,0.0000,0.0000,0.0000,0.0000,0.0000,0.0000,0.0000,0.0000,0.0000,0.0000,0.0000,0.0000,0.0000,0.0000,0.0000,0.0000,0.0000,0.0000,0.0000,0.0000,0.0000,0.0000,0.0000,0.0000,0.0000,0.0000,0.0000,0.0000,0.0000,0.0000,0.0000,
1.5339,RLFSMStatePassive,0.0000,0.0000,0.0000,0.0000,0.0000,0.0000,0.0000,0.0000,0.0000,0.0000,0.0000,0.0000,0.0000,0.0000,0.0000,0.0000,0.0000,0.0000,0.0000,0.0000,0.0000,0.0000,0.0000,0.0000,0.0000,0.0000,0.0000,0.0000,0.0000,0.0000,0.0000,0.0000,0.0000,0.0000,0.0000,0.0000,0.0000,0.0000,0.0000,0.0000,0.0000,0.0000,0.0000,0.0000,0.0000,0.0000,0.0000,0.0000,0.0000,0.0000,0.0000,0.0000,0.0000,0.0000,0.0000,0.0000,0.0000,0.0000,0.0000,0.0000,0.0000,0.0000,0.0000,0.0000,0.0000,0.0000,0.0000,0.0000,0.0000,0.0000,0.0000,0.0000,0.0000,0.0000,0.0000,0.0000,0.0000,0.0000,0.0000,0.0000,0.0000,0.0000,0.0000,0.0000,0.0000,0.0000,0.0000,0.0000,0.0000,0.0000,0.0000,0.0000,0.0000,0.0000,0.0000,0.0000,0.0000,0.0000,0.0000,0.0000,0.0000,0.0000,0.0000,0.0000,0.0000,0.0000,0.0000,0.0000,0.0000,0.0000,0.0000,0.0000,0.0000,0.0000,0.0000,0.0000,0.0000,0.0000,0.0000,0.0000,0.0000,0.0000,0.0000,0.0000,0.0000,0.0000,
1.5540,RLFSMStatePassive,0.0000,0.0000,0.0000,0.0000,0.0000,0.0000,0.0000,0.0000,0.0000,0.0000,0.0000,0.0000,0.0000,0.0000,0.0000,0.0000,0.0000,0.0000,0.0000,0.0000,0.0000,0.0000,0.0000,0.0000,0.0000,0.0000,0.0000,0.0000,0.0000,0.0000,0.0000,0.0000,0.0000,0.0000,0.0000,0.0000,0.0000,0.0000,0.0000,0.0000,0.0000,0.0000,0.0000,0.0000,0.0000,0.0000,0.0000,0.0000,0.0000,0.0000,0.0000,0.0000,0.0000,0.0000,0.0000,0.0000,0.0000,0.0000,0.0000,0.0000,0.0000,0.0000,0.0000,0.0000,0.0000,0.0000,0.0000,0.0000,0.0000,0.0000,0.0000,0.0000,0.0000,0.0000,0.0000,0.0000,0.0000,0.0000,0.0000,0.0000,0.0000,0.0000,0.0000,0.0000,0.0000,0.0000,0.0000,0.0000,0.0000,0.0000,0.0000,0.0000,0.0000,0.0000,0.0000,0.0000,0.0000,0.0000,0.0000,0.0000,0.0000,0.0000,0.0000,0.0000,0.0000,0.0000,0.0000,0.0000,0.0000,0.0000,0.0000,0.0000,0.0000,0.0000,0.0000,0.0000,0.0000,0.0000,0.0000,0.0000,0.0000,0.0000,0.0000,0.0000,0.0000,0.0000,
1.5742,RLFSMStatePassive,0.0000,0.0000,0.0000,0.0000,0.0000,0.0000,0.0000,0.0000,0.0000,0.0000,0.0000,0.0000,0.0000,0.0000,0.0000,0.0000,0.0000,0.0000,0.0000,0.0000,0.0000,0.0000,0.0000,0.0000,0.0000,0.0000,0.0000,0.0000,0.0000,0.0000,0.0000,0.0000,0.0000,0.0000,0.0000,0.0000,0.0000,0.0000,0.0000,0.0000,0.0000,0.0000,0.0000,0.0000,0.0000,0.0000,0.0000,0.0000,0.0000,0.0000,0.0000,0.0000,0.0000,0.0000,0.0000,0.0000,0.0000,0.0000,0.0000,0.0000,0.0000,0.0000,0.0000,0.0000,0.0000,0.0000,0.0000,0.0000,0.0000,0.0000,0.0000,0.0000,0.0000,0.0000,0.0000,0.0000,0.0000,0.0000,0.0000,0.0000,0.0000,0.0000,0.0000,0.0000,0.0000,0.0000,0.0000,0.0000,0.0000,0.0000,0.0000,0.0000,0.0000,0.0000,0.0000,0.0000,0.0000,0.0000,0.0000,0.0000,0.0000,0.0000,0.0000,0.0000,0.0000,0.0000,0.0000,0.0000,0.0000,0.0000,0.0000,0.0000,0.0000,0.0000,0.0000,0.0000,0.0000,0.0000,0.0000,0.0000,0.0000,0.0000,0.0000,0.0000,0.0000,0.0000,
1.5944,RLFSMStatePassive,0.0000,0.0000,0.0000,0.0000,0.0000,0.0000,0.0000,0.0000,0.0000,0.0000,0.0000,0.0000,0.0000,0.0000,0.0000,0.0000,0.0000,0.0000,0.0000,0.0000,0.0000,0.0000,0.0000,0.0000,0.0000,0.0000,0.0000,0.0000,0.0000,0.0000,0.0000,0.0000,0.0000,0.0000,0.0000,0.0000,0.0000,0.0000,0.0000,0.0000,0.0000,0.0000,0.0000,0.0000,0.0000,0.0000,0.0000,0.0000,0.0000,0.0000,0.0000,0.0000,0.0000,0.0000,0.0000,0.0000,0.0000,0.0000,0.0000,0.0000,0.0000,0.0000,0.0000,0.0000,0.0000,0.0000,0.0000,0.0000,0.0000,0.0000,0.0000,0.0000,0.0000,0.0000,0.0000,0.0000,0.0000,0.0000,0.0000,0.0000,0.0000,0.0000,0.0000,0.0000,0.0000,0.0000,0.0000,0.0000,0.0000,0.0000,0.0000,0.0000,0.0000,0.0000,0.0000,0.0000,0.0000,0.0000,0.0000,0.0000,0.0000,0.0000,0.0000,0.0000,0.0000,0.0000,0.0000,0.0000,0.0000,0.0000,0.0000,0.0000,0.0000,0.0000,0.0000,0.0000,0.0000,0.0000,0.0000,0.0000,0.0000,0.0000,0.0000,0.0000,0.0000,0.0000,
1.6146,RLFSMStatePassive,0.0000,0.0000,0.0000,0.0000,0.0000,0.0000,0.0000,0.0000,0.0000,0.0000,0.0000,0.0000,0.0000,0.0000,0.0000,0.0000,0.0000,0.0000,0.0000,0.0000,0.0000,0.0000,0.0000,0.0000,0.0000,0.0000,0.0000,0.0000,0.0000,0.0000,0.0000,0.0000,0.0000,0.0000,0.0000,0.0000,0.0000,0.0000,0.0000,0.0000,0.0000,0.0000,0.0000,0.0000,0.0000,0.0000,0.0000,0.0000,0.0000,0.0000,0.0000,0.0000,0.0000,0.0000,0.0000,0.0000,0.0000,0.0000,0.0000,0.0000,0.0000,0.0000,0.0000,0.0000,0.0000,0.0000,0.0000,0.0000,0.0000,0.0000,0.0000,0.0000,0.0000,0.0000,0.0000,0.0000,0.0000,0.0000,0.0000,0.0000,0.0000,0.0000,0.0000,0.0000,0.0000,0.0000,0.0000,0.0000,0.0000,0.0000,0.0000,0.0000,0.0000,0.0000,0.0000,0.0000,0.0000,0.0000,0.0000,0.0000,0.0000,0.0000,0.0000,0.0000,0.0000,0.0000,0.0000,0.0000,0.0000,0.0000,0.0000,0.0000,0.0000,0.0000,0.0000,0.0000,0.0000,0.0000,0.0000,0.0000,0.0000,0.0000,0.0000,0.0000,0.0000,0.0000,
1.6348,RLFSMStatePassive,0.0000,0.0000,0.0000,0.0000,0.0000,0.0000,0.0000,0.0000,0.0000,0.0000,0.0000,0.0000,0.0000,0.0000,0.0000,0.0000,0.0000,0.0000,0.0000,0.0000,0.0000,0.0000,0.0000,0.0000,0.0000,0.0000,0.0000,0.0000,0.0000,0.0000,0.0000,0.0000,0.0000,0.0000,0.0000,0.0000,0.0000,0.0000,0.0000,0.0000,0.0000,0.0000,0.0000,0.0000,0.0000,0.0000,0.0000,0.0000,0.0000,0.0000,0.0000,0.0000,0.0000,0.0000,0.0000,0.0000,0.0000,0.0000,0.0000,0.0000,0.0000,0.0000,0.0000,0.0000,0.0000,0.0000,0.0000,0.0000,0.0000,0.0000,0.0000,0.0000,0.0000,0.0000,0.0000,0.0000,0.0000,0.0000,0.0000,0.0000,0.0000,0.0000,0.0000,0.0000,0.0000,0.0000,0.0000,0.0000,0.0000,0.0000,0.0000,0.0000,0.0000,0.0000,0.0000,0.0000,0.0000,0.0000,0.0000,0.0000,0.0000,0.0000,0.0000,0.0000,0.0000,0.0000,0.0000,0.0000,0.0000,0.0000,0.0000,0.0000,0.0000,0.0000,0.0000,0.0000,0.0000,0.0000,0.0000,0.0000,0.0000,0.0000,0.0000,0.0000,0.0000,0.0000,
1.6550,RLFSMStatePassive,0.0000,0.0000,0.0000,0.0000,0.0000,0.0000,0.0000,0.0000,0.0000,0.0000,0.0000,0.0000,0.0000,0.0000,0.0000,0.0000,0.0000,0.0000,0.0000,0.0000,0.0000,0.0000,0.0000,0.0000,0.0000,0.0000,0.0000,0.0000,0.0000,0.0000,0.0000,0.0000,0.0000,0.0000,0.0000,0.0000,0.0000,0.0000,0.0000,0.0000,0.0000,0.0000,0.0000,0.0000,0.0000,0.0000,0.0000,0.0000,0.0000,0.0000,0.0000,0.0000,0.0000,0.0000,0.0000,0.0000,0.0000,0.0000,0.0000,0.0000,0.0000,0.0000,0.0000,0.0000,0.0000,0.0000,0.0000,0.0000,0.0000,0.0000,0.0000,0.0000,0.0000,0.0000,0.0000,0.0000,0.0000,0.0000,0.0000,0.0000,0.0000,0.0000,0.0000,0.0000,0.0000,0.0000,0.0000,0.0000,0.0000,0.0000,0.0000,0.0000,0.0000,0.0000,0.0000,0.0000,0.0000,0.0000,0.0000,0.0000,0.0000,0.0000,0.0000,0.0000,0.0000,0.0000,0.0000,0.0000,0.0000,0.0000,0.0000,0.0000,0.0000,0.0000,0.0000,0.0000,0.0000,0.0000,0.0000,0.0000,0.0000,0.0000,0.0000,0.0000,0.0000,0.0000,
1.6752,RLFSMStatePassive,0.0000,0.0000,0.0000,0.0000,0.0000,0.0000,0.0000,0.0000,0.0000,0.0000,0.0000,0.0000,0.0000,0.0000,0.0000,0.0000,0.0000,0.0000,0.0000,0.0000,0.0000,0.0000,0.0000,0.0000,0.0000,0.0000,0.0000,0.0000,0.0000,0.0000,0.0000,0.0000,0.0000,0.0000,0.0000,0.0000,0.0000,0.0000,0.0000,0.0000,0.0000,0.0000,0.0000,0.0000,0.0000,0.0000,0.0000,0.0000,0.0000,0.0000,0.0000,0.0000,0.0000,0.0000,0.0000,0.0000,0.0000,0.0000,0.0000,0.0000,0.0000,0.0000,0.0000,0.0000,0.0000,0.0000,0.0000,0.0000,0.0000,0.0000,0.0000,0.0000,0.0000,0.0000,0.0000,0.0000,0.0000,0.0000,0.0000,0.0000,0.0000,0.0000,0.0000,0.0000,0.0000,0.0000,0.0000,0.0000,0.0000,0.0000,0.0000,0.0000,0.0000,0.0000,0.0000,0.0000,0.0000,0.0000,0.0000,0.0000,0.0000,0.0000,0.0000,0.0000,0.0000,0.0000,0.0000,0.0000,0.0000,0.0000,0.0000,0.0000,0.0000,0.0000,0.0000,0.0000,0.0000,0.0000,0.0000,0.0000,0.0000,0.0000,0.0000,0.0000,0.0000,0.0000,
1.6953,RLFSMStatePassive,0.0000,0.0000,0.0000,0.0000,0.0000,0.0000,0.0000,0.0000,0.0000,0.0000,0.0000,0.0000,0.0000,0.0000,0.0000,0.0000,0.0000,0.0000,0.0000,0.0000,0.0000,0.0000,0.0000,0.0000,0.0000,0.0000,0.0000,0.0000,0.0000,0.0000,0.0000,0.0000,0.0000,0.0000,0.0000,0.0000,0.0000,0.0000,0.0000,0.0000,0.0000,0.0000,0.0000,0.0000,0.0000,0.0000,0.0000,0.0000,0.0000,0.0000,0.0000,0.0000,0.0000,0.0000,0.0000,0.0000,0.0000,0.0000,0.0000,0.0000,0.0000,0.0000,0.0000,0.0000,0.0000,0.0000,0.0000,0.0000,0.0000,0.0000,0.0000,0.0000,0.0000,0.0000,0.0000,0.0000,0.0000,0.0000,0.0000,0.0000,0.0000,0.0000,0.0000,0.0000,0.0000,0.0000,0.0000,0.0000,0.0000,0.0000,0.0000,0.0000,0.0000,0.0000,0.0000,0.0000,0.0000,0.0000,0.0000,0.0000,0.0000,0.0000,0.0000,0.0000,0.0000,0.0000,0.0000,0.0000,0.0000,0.0000,0.0000,0.0000,0.0000,0.0000,0.0000,0.0000,0.0000,0.0000,0.0000,0.0000,0.0000,0.0000,0.0000,0.0000,0.0000,0.0000,
1.7155,RLFSMStatePassive,0.0000,0.0000,0.0000,0.0000,0.0000,0.0000,0.0000,0.0000,0.0000,0.0000,0.0000,0.0000,0.0000,0.0000,0.0000,0.0000,0.0000,0.0000,0.0000,0.0000,0.0000,0.0000,0.0000,0.0000,0.0000,0.0000,0.0000,0.0000,0.0000,0.0000,0.0000,0.0000,0.0000,0.0000,0.0000,0.0000,0.0000,0.0000,0.0000,0.0000,0.0000,0.0000,0.0000,0.0000,0.0000,0.0000,0.0000,0.0000,0.0000,0.0000,0.0000,0.0000,0.0000,0.0000,0.0000,0.0000,0.0000,0.0000,0.0000,0.0000,0.0000,0.0000,0.0000,0.0000,0.0000,0.0000,0.0000,0.0000,0.0000,0.0000,0.0000,0.0000,0.0000,0.0000,0.0000,0.0000,0.0000,0.0000,0.0000,0.0000,0.0000,0.0000,0.0000,0.0000,0.0000,0.0000,0.0000,0.0000,0.0000,0.0000,0.0000,0.0000,0.0000,0.0000,0.0000,0.0000,0.0000,0.0000,0.0000,0.0000,0.0000,0.0000,0.0000,0.0000,0.0000,0.0000,0.0000,0.0000,0.0000,0.0000,0.0000,0.0000,0.0000,0.0000,0.0000,0.0000,0.0000,0.0000,0.0000,0.0000,0.0000,0.0000,0.0000,0.0000,0.0000,0.0000,
1.7357,RLFSMStatePassive,0.0000,0.0000,0.0000,0.0000,0.0000,0.0000,0.0000,0.0000,0.0000,0.0000,0.0000,0.0000,0.0000,0.0000,0.0000,0.0000,0.0000,0.0000,0.0000,0.0000,0.0000,0.0000,0.0000,0.0000,0.0000,0.0000,0.0000,0.0000,0.0000,0.0000,0.0000,0.0000,0.0000,0.0000,0.0000,0.0000,0.0000,0.0000,0.0000,0.0000,0.0000,0.0000,0.0000,0.0000,0.0000,0.0000,0.0000,0.0000,0.0000,0.0000,0.0000,0.0000,0.0000,0.0000,0.0000,0.0000,0.0000,0.0000,0.0000,0.0000,0.0000,0.0000,0.0000,0.0000,0.0000,0.0000,0.0000,0.0000,0.0000,0.0000,0.0000,0.0000,0.0000,0.0000,0.0000,0.0000,0.0000,0.0000,0.0000,0.0000,0.0000,0.0000,0.0000,0.0000,0.0000,0.0000,0.0000,0.0000,0.0000,0.0000,0.0000,0.0000,0.0000,0.0000,0.0000,0.0000,0.0000,0.0000,0.0000,0.0000,0.0000,0.0000,0.0000,0.0000,0.0000,0.0000,0.0000,0.0000,0.0000,0.0000,0.0000,0.0000,0.0000,0.0000,0.0000,0.0000,0.0000,0.0000,0.0000,0.0000,0.0000,0.0000,0.0000,0.0000,0.0000,0.0000,
1.7558,RLFSMStatePassive,0.0000,0.0000,0.0000,0.0000,0.0000,0.0000,0.0000,0.0000,0.0000,0.0000,0.0000,0.0000,0.0000,0.0000,0.0000,0.0000,0.0000,0.0000,0.0000,0.0000,0.0000,0.0000,0.0000,0.0000,0.0000,0.0000,0.0000,0.0000,0.0000,0.0000,0.0000,0.0000,0.0000,0.0000,0.0000,0.0000,0.0000,0.0000,0.0000,0.0000,0.0000,0.0000,0.0000,0.0000,0.0000,0.0000,0.0000,0.0000,0.0000,0.0000,0.0000,0.0000,0.0000,0.0000,0.0000,0.0000,0.0000,0.0000,0.0000,0.0000,0.0000,0.0000,0.0000,0.0000,0.0000,0.0000,0.0000,0.0000,0.0000,0.0000,0.0000,0.0000,0.0000,0.0000,0.0000,0.0000,0.0000,0.0000,0.0000,0.0000,0.0000,0.0000,0.0000,0.0000,0.0000,0.0000,0.0000,0.0000,0.0000,0.0000,0.0000,0.0000,0.0000,0.0000,0.0000,0.0000,0.0000,0.0000,0.0000,0.0000,0.0000,0.0000,0.0000,0.0000,0.0000,0.0000,0.0000,0.0000,0.0000,0.0000,0.0000,0.0000,0.0000,0.0000,0.0000,0.0000,0.0000,0.0000,0.0000,0.0000,0.0000,0.0000,0.0000,0.0000,0.0000,0.0000,
1.7761,RLFSMStatePassive,0.0000,0.0000,0.0000,0.0000,0.0000,0.0000,0.0000,0.0000,0.0000,0.0000,0.0000,0.0000,0.0000,0.0000,0.0000,0.0000,0.0000,0.0000,0.0000,0.0000,0.0000,0.0000,0.0000,0.0000,0.0000,0.0000,0.0000,0.0000,0.0000,0.0000,0.0000,0.0000,0.0000,0.0000,0.0000,0.0000,0.0000,0.0000,0.0000,0.0000,0.0000,0.0000,0.0000,0.0000,0.0000,0.0000,0.0000,0.0000,0.0000,0.0000,0.0000,0.0000,0.0000,0.0000,0.0000,0.0000,0.0000,0.0000,0.0000,0.0000,0.0000,0.0000,0.0000,0.0000,0.0000,0.0000,0.0000,0.0000,0.0000,0.0000,0.0000,0.0000,0.0000,0.0000,0.0000,0.0000,0.0000,0.0000,0.0000,0.0000,0.0000,0.0000,0.0000,0.0000,0.0000,0.0000,0.0000,0.0000,0.0000,0.0000,0.0000,0.0000,0.0000,0.0000,0.0000,0.0000,0.0000,0.0000,0.0000,0.0000,0.0000,0.0000,0.0000,0.0000,0.0000,0.0000,0.0000,0.0000,0.0000,0.0000,0.0000,0.0000,0.0000,0.0000,0.0000,0.0000,0.0000,0.0000,0.0000,0.0000,0.0000,0.0000,0.0000,0.0000,0.0000,0.0000,
1.7964,RLFSMStatePassive,0.0000,0.0000,0.0000,0.0000,0.0000,0.0000,0.0000,0.0000,0.0000,0.0000,0.0000,0.0000,0.0000,0.0000,0.0000,0.0000,0.0000,0.0000,0.0000,0.0000,0.0000,0.0000,0.0000,0.0000,0.0000,0.0000,0.0000,0.0000,0.0000,0.0000,0.0000,0.0000,0.0000,0.0000,0.0000,0.0000,0.0000,0.0000,0.0000,0.0000,0.0000,0.0000,0.0000,0.0000,0.0000,0.0000,0.0000,0.0000,0.0000,0.0000,0.0000,0.0000,0.0000,0.0000,0.0000,0.0000,0.0000,0.0000,0.0000,0.0000,0.0000,0.0000,0.0000,0.0000,0.0000,0.0000,0.0000,0.0000,0.0000,0.0000,0.0000,0.0000,0.0000,0.0000,0.0000,0.0000,0.0000,0.0000,0.0000,0.0000,0.0000,0.0000,0.0000,0.0000,0.0000,0.0000,0.0000,0.0000,0.0000,0.0000,0.0000,0.0000,0.0000,0.0000,0.0000,0.0000,0.0000,0.0000,0.0000,0.0000,0.0000,0.0000,0.0000,0.0000,0.0000,0.0000,0.0000,0.0000,0.0000,0.0000,0.0000,0.0000,0.0000,0.0000,0.0000,0.0000,0.0000,0.0000,0.0000,0.0000,0.0000,0.0000,0.0000,0.0000,0.0000,0.0000,
1.8167,RLFSMStatePassive,0.0000,0.0000,0.0000,0.0000,0.0000,0.0000,0.0000,0.0000,0.0000,0.0000,0.0000,0.0000,0.0000,0.0000,0.0000,0.0000,0.0000,0.0000,0.0000,0.0000,0.0000,0.0000,0.0000,0.0000,0.0000,0.0000,0.0000,0.0000,0.0000,0.0000,0.0000,0.0000,0.0000,0.0000,0.0000,0.0000,0.0000,0.0000,0.0000,0.0000,0.0000,0.0000,0.0000,0.0000,0.0000,0.0000,0.0000,0.0000,0.0000,0.0000,0.0000,0.0000,0.0000,0.0000,0.0000,0.0000,0.0000,0.0000,0.0000,0.0000,0.0000,0.0000,0.0000,0.0000,0.0000,0.0000,0.0000,0.0000,0.0000,0.0000,0.0000,0.0000,0.0000,0.0000,0.0000,0.0000,0.0000,0.0000,0.0000,0.0000,0.0000,0.0000,0.0000,0.0000,0.0000,0.0000,0.0000,0.0000,0.0000,0.0000,0.0000,0.0000,0.0000,0.0000,0.0000,0.0000,0.0000,0.0000,0.0000,0.0000,0.0000,0.0000,0.0000,0.0000,0.0000,0.0000,0.0000,0.0000,0.0000,0.0000,0.0000,0.0000,0.0000,0.0000,0.0000,0.0000,0.0000,0.0000,0.0000,0.0000,0.0000,0.0000,0.0000,0.0000,0.0000,0.0000,
1.8368,RLFSMStatePassive,0.0000,0.0000,0.0000,0.0000,0.0000,0.0000,0.0000,0.0000,0.0000,0.0000,0.0000,0.0000,0.0000,0.0000,0.0000,0.0000,0.0000,0.0000,0.0000,0.0000,0.0000,0.0000,0.0000,0.0000,0.0000,0.0000,0.0000,0.0000,0.0000,0.0000,0.0000,0.0000,0.0000,0.0000,0.0000,0.0000,0.0000,0.0000,0.0000,0.0000,0.0000,0.0000,0.0000,0.0000,0.0000,0.0000,0.0000,0.0000,0.0000,0.0000,0.0000,0.0000,0.0000,0.0000,0.0000,0.0000,0.0000,0.0000,0.0000,0.0000,0.0000,0.0000,0.0000,0.0000,0.0000,0.0000,0.0000,0.0000,0.0000,0.0000,0.0000,0.0000,0.0000,0.0000,0.0000,0.0000,0.0000,0.0000,0.0000,0.0000,0.0000,0.0000,0.0000,0.0000,0.0000,0.0000,0.0000,0.0000,0.0000,0.0000,0.0000,0.0000,0.0000,0.0000,0.0000,0.0000,0.0000,0.0000,0.0000,0.0000,0.0000,0.0000,0.0000,0.0000,0.0000,0.0000,0.0000,0.0000,0.0000,0.0000,0.0000,0.0000,0.0000,0.0000,0.0000,0.0000,0.0000,0.0000,0.0000,0.0000,0.0000,0.0000,0.0000,0.0000,0.0000,0.0000,
1.8571,RLFSMStatePassive,0.0000,0.0000,0.0000,0.0000,0.0000,0.0000,0.0000,0.0000,0.0000,0.0000,0.0000,0.0000,0.0000,0.0000,0.0000,0.0000,0.0000,0.0000,0.0000,0.0000,0.0000,0.0000,0.0000,0.0000,0.0000,0.0000,0.0000,0.0000,0.0000,0.0000,0.0000,0.0000,0.0000,0.0000,0.0000,0.0000,0.0000,0.0000,0.0000,0.0000,0.0000,0.0000,0.0000,0.0000,0.0000,0.0000,0.0000,0.0000,0.0000,0.0000,0.0000,0.0000,0.0000,0.0000,0.0000,0.0000,0.0000,0.0000,0.0000,0.0000,0.0000,0.0000,0.0000,0.0000,0.0000,0.0000,0.0000,0.0000,0.0000,0.0000,0.0000,0.0000,0.0000,0.0000,0.0000,0.0000,0.0000,0.0000,0.0000,0.0000,0.0000,0.0000,0.0000,0.0000,0.0000,0.0000,0.0000,0.0000,0.0000,0.0000,0.0000,0.0000,0.0000,0.0000,0.0000,0.0000,0.0000,0.0000,0.0000,0.0000,0.0000,0.0000,0.0000,0.0000,0.0000,0.0000,0.0000,0.0000,0.0000,0.0000,0.0000,0.0000,0.0000,0.0000,0.0000,0.0000,0.0000,0.0000,0.0000,0.0000,0.0000,0.0000,0.0000,0.0000,0.0000,0.0000,
1.8774,RLFSMStatePassive,0.0000,0.0000,0.0000,0.0000,0.0000,0.0000,0.0000,0.0000,0.0000,0.0000,0.0000,0.0000,0.0000,0.0000,0.0000,0.0000,0.0000,0.0000,0.0000,0.0000,0.0000,0.0000,0.0000,0.0000,0.0000,0.0000,0.0000,0.0000,0.0000,0.0000,0.0000,0.0000,0.0000,0.0000,0.0000,0.0000,0.0000,0.0000,0.0000,0.0000,0.0000,0.0000,0.0000,0.0000,0.0000,0.0000,0.0000,0.0000,0.0000,0.0000,0.0000,0.0000,0.0000,0.0000,0.0000,0.0000,0.0000,0.0000,0.0000,0.0000,0.0000,0.0000,0.0000,0.0000,0.0000,0.0000,0.0000,0.0000,0.0000,0.0000,0.0000,0.0000,0.0000,0.0000,0.0000,0.0000,0.0000,0.0000,0.0000,0.0000,0.0000,0.0000,0.0000,0.0000,0.0000,0.0000,0.0000,0.0000,0.0000,0.0000,0.0000,0.0000,0.0000,0.0000,0.0000,0.0000,0.0000,0.0000,0.0000,0.0000,0.0000,0.0000,0.0000,0.0000,0.0000,0.0000,0.0000,0.0000,0.0000,0.0000,0.0000,0.0000,0.0000,0.0000,0.0000,0.0000,0.0000,0.0000,0.0000,0.0000,0.0000,0.0000,0.0000,0.0000,0.0000,0.0000,
1.8976,RLFSMStatePassive,0.0000,0.0000,0.0000,0.0000,0.0000,0.0000,0.0000,0.0000,0.0000,0.0000,0.0000,0.0000,0.0000,0.0000,0.0000,0.0000,0.0000,0.0000,0.0000,0.0000,0.0000,0.0000,0.0000,0.0000,0.0000,0.0000,0.0000,0.0000,0.0000,0.0000,0.0000,0.0000,0.0000,0.0000,0.0000,0.0000,0.0000,0.0000,0.0000,0.0000,0.0000,0.0000,0.0000,0.0000,0.0000,0.0000,0.0000,0.0000,0.0000,0.0000,0.0000,0.0000,0.0000,0.0000,0.0000,0.0000,0.0000,0.0000,0.0000,0.0000,0.0000,0.0000,0.0000,0.0000,0.0000,0.0000,0.0000,0.0000,0.0000,0.0000,0.0000,0.0000,0.0000,0.0000,0.0000,0.0000,0.0000,0.0000,0.0000,0.0000,0.0000,0.0000,0.0000,0.0000,0.0000,0.0000,0.0000,0.0000,0.0000,0.0000,0.0000,0.0000,0.0000,0.0000,0.0000,0.0000,0.0000,0.0000,0.0000,0.0000,0.0000,0.0000,0.0000,0.0000,0.0000,0.0000,0.0000,0.0000,0.0000,0.0000,0.0000,0.0000,0.0000,0.0000,0.0000,0.0000,0.0000,0.0000,0.0000,0.0000,0.0000,0.0000,0.0000,0.0000,0.0000,0.0000,
1.9179,RLFSMStatePassive,0.0000,0.0000,0.0000,0.0000,0.0000,0.0000,0.0000,0.0000,0.0000,0.0000,0.0000,0.0000,0.0000,0.0000,0.0000,0.0000,0.0000,0.0000,0.0000,0.0000,0.0000,0.0000,0.0000,0.0000,0.0000,0.0000,0.0000,0.0000,0.0000,0.0000,0.0000,0.0000,0.0000,0.0000,0.0000,0.0000,0.0000,0.0000,0.0000,0.0000,0.0000,0.0000,0.0000,0.0000,0.0000,0.0000,0.0000,0.0000,0.0000,0.0000,0.0000,0.0000,0.0000,0.0000,0.0000,0.0000,0.0000,0.0000,0.0000,0.0000,0.0000,0.0000,0.0000,0.0000,0.0000,0.0000,0.0000,0.0000,0.0000,0.0000,0.0000,0.0000,0.0000,0.0000,0.0000,0.0000,0.0000,0.0000,0.0000,0.0000,0.0000,0.0000,0.0000,0.0000,0.0000,0.0000,0.0000,0.0000,0.0000,0.0000,0.0000,0.0000,0.0000,0.0000,0.0000,0.0000,0.0000,0.0000,0.0000,0.0000,0.0000,0.0000,0.0000,0.0000,0.0000,0.0000,0.0000,0.0000,0.0000,0.0000,0.0000,0.0000,0.0000,0.0000,0.0000,0.0000,0.0000,0.0000,0.0000,0.0000,0.0000,0.0000,0.0000,0.0000,0.0000,0.0000,
1.9381,RLFSMStatePassive,0.0000,0.0000,0.0000,0.0000,0.0000,0.0000,0.0000,0.0000,0.0000,0.0000,0.0000,0.0000,0.0000,0.0000,0.0000,0.0000,0.0000,0.0000,0.0000,0.0000,0.0000,0.0000,0.0000,0.0000,0.0000,0.0000,0.0000,0.0000,0.0000,0.0000,0.0000,0.0000,0.0000,0.0000,0.0000,0.0000,0.0000,0.0000,0.0000,0.0000,0.0000,0.0000,0.0000,0.0000,0.0000,0.0000,0.0000,0.0000,0.0000,0.0000,0.0000,0.0000,0.0000,0.0000,0.0000,0.0000,0.0000,0.0000,0.0000,0.0000,0.0000,0.0000,0.0000,0.0000,0.0000,0.0000,0.0000,0.0000,0.0000,0.0000,0.0000,0.0000,0.0000,0.0000,0.0000,0.0000,0.0000,0.0000,0.0000,0.0000,0.0000,0.0000,0.0000,0.0000,0.0000,0.0000,0.0000,0.0000,0.0000,0.0000,0.0000,0.0000,0.0000,0.0000,0.0000,0.0000,0.0000,0.0000,0.0000,0.0000,0.0000,0.0000,0.0000,0.0000,0.0000,0.0000,0.0000,0.0000,0.0000,0.0000,0.0000,0.0000,0.0000,0.0000,0.0000,0.0000,0.0000,0.0000,0.0000,0.0000,0.0000,0.0000,0.0000,0.0000,0.0000,0.0000,
1.9582,RLFSMStatePassive,0.0000,0.0000,0.0000,0.0000,0.0000,0.0000,0.0000,0.0000,0.0000,0.0000,0.0000,0.0000,0.0000,0.0000,0.0000,0.0000,0.0000,0.0000,0.0000,0.0000,0.0000,0.0000,0.0000,0.0000,0.0000,0.0000,0.0000,0.0000,0.0000,0.0000,0.0000,0.0000,0.0000,0.0000,0.0000,0.0000,0.0000,0.0000,0.0000,0.0000,0.0000,0.0000,0.0000,0.0000,0.0000,0.0000,0.0000,0.0000,0.0000,0.0000,0.0000,0.0000,0.0000,0.0000,0.0000,0.0000,0.0000,0.0000,0.0000,0.0000,0.0000,0.0000,0.0000,0.0000,0.0000,0.0000,0.0000,0.0000,0.0000,0.0000,0.0000,0.0000,0.0000,0.0000,0.0000,0.0000,0.0000,0.0000,0.0000,0.0000,0.0000,0.0000,0.0000,0.0000,0.0000,0.0000,0.0000,0.0000,0.0000,0.0000,0.0000,0.0000,0.0000,0.0000,0.0000,0.0000,0.0000,0.0000,0.0000,0.0000,0.0000,0.0000,0.0000,0.0000,0.0000,0.0000,0.0000,0.0000,0.0000,0.0000,0.0000,0.0000,0.0000,0.0000,0.0000,0.0000,0.0000,0.0000,0.0000,0.0000,0.0000,0.0000,0.0000,0.0000,0.0000,0.0000,
1.9785,RLFSMStatePassive,0.0000,0.0000,0.0000,0.0000,0.0000,0.0000,0.0000,0.0000,0.0000,0.0000,0.0000,0.0000,0.0000,0.0000,0.0000,0.0000,0.0000,0.0000,0.0000,0.0000,0.0000,0.0000,0.0000,0.0000,0.0000,0.0000,0.0000,0.0000,0.0000,0.0000,0.0000,0.0000,0.0000,0.0000,0.0000,0.0000,0.0000,0.0000,0.0000,0.0000,0.0000,0.0000,0.0000,0.0000,0.0000,0.0000,0.0000,0.0000,0.0000,0.0000,0.0000,0.0000,0.0000,0.0000,0.0000,0.0000,0.0000,0.0000,0.0000,0.0000,0.0000,0.0000,0.0000,0.0000,0.0000,0.0000,0.0000,0.0000,0.0000,0.0000,0.0000,0.0000,0.0000,0.0000,0.0000,0.0000,0.0000,0.0000,0.0000,0.0000,0.0000,0.0000,0.0000,0.0000,0.0000,0.0000,0.0000,0.0000,0.0000,0.0000,0.0000,0.0000,0.0000,0.0000,0.0000,0.0000,0.0000,0.0000,0.0000,0.0000,0.0000,0.0000,0.0000,0.0000,0.0000,0.0000,0.0000,0.0000,0.0000,0.0000,0.0000,0.0000,0.0000,0.0000,0.0000,0.0000,0.0000,0.0000,0.0000,0.0000,0.0000,0.0000,0.0000,0.0000,0.0000,0.0000,
1.9988,RLFSMStatePassive,0.0000,0.0000,0.0000,0.0000,0.0000,0.0000,0.0000,0.0000,0.0000,0.0000,0.0000,0.0000,0.0000,0.0000,0.0000,0.0000,0.0000,0.0000,0.0000,0.0000,0.0000,0.0000,0.0000,0.0000,0.0000,0.0000,0.0000,0.0000,0.0000,0.0000,0.0000,0.0000,0.0000,0.0000,0.0000,0.0000,0.0000,0.0000,0.0000,0.0000,0.0000,0.0000,0.0000,0.0000,0.0000,0.0000,0.0000,0.0000,0.0000,0.0000,0.0000,0.0000,0.0000,0.0000,0.0000,0.0000,0.0000,0.0000,0.0000,0.0000,0.0000,0.0000,0.0000,0.0000,0.0000,0.0000,0.0000,0.0000,0.0000,0.0000,0.0000,0.0000,0.0000,0.0000,0.0000,0.0000,0.0000,0.0000,0.0000,0.0000,0.0000,0.0000,0.0000,0.0000,0.0000,0.0000,0.0000,0.0000,0.0000,0.0000,0.0000,0.0000,0.0000,0.0000,0.0000,0.0000,0.0000,0.0000,0.0000,0.0000,0.0000,0.0000,0.0000,0.0000,0.0000,0.0000,0.0000,0.0000,0.0000,0.0000,0.0000,0.0000,0.0000,0.0000,0.0000,0.0000,0.0000,0.0000,0.0000,0.0000,0.0000,0.0000,0.0000,0.0000,0.0000,0.0000,
2.0189,RLFSMStatePassive,0.0000,0.0000,0.0000,0.0000,0.0000,0.0000,0.0000,0.0000,0.0000,0.0000,0.0000,0.0000,0.0000,0.0000,0.0000,0.0000,0.0000,0.0000,0.0000,0.0000,0.0000,0.0000,0.0000,0.0000,0.0000,0.0000,0.0000,0.0000,0.0000,0.0000,0.0000,0.0000,0.0000,0.0000,0.0000,0.0000,0.0000,0.0000,0.0000,0.0000,0.0000,0.0000,0.0000,0.0000,0.0000,0.0000,0.0000,0.0000,0.0000,0.0000,0.0000,0.0000,0.0000,0.0000,0.0000,0.0000,0.0000,0.0000,0.0000,0.0000,0.0000,0.0000,0.0000,0.0000,0.0000,0.0000,0.0000,0.0000,0.0000,0.0000,0.0000,0.0000,0.0000,0.0000,0.0000,0.0000,0.0000,0.0000,0.0000,0.0000,0.0000,0.0000,0.0000,0.0000,0.0000,0.0000,0.0000,0.0000,0.0000,0.0000,0.0000,0.0000,0.0000,0.0000,0.0000,0.0000,0.0000,0.0000,0.0000,0.0000,0.0000,0.0000,0.0000,0.0000,0.0000,0.0000,0.0000,0.0000,0.0000,0.0000,0.0000,0.0000,0.0000,0.0000,0.0000,0.0000,0.0000,0.0000,0.0000,0.0000,0.0000,0.0000,0.0000,0.0000,0.0000,0.0000,
2.0390,RLFSMStatePassive,0.0000,0.0000,0.0000,0.0000,0.0000,0.0000,0.0000,0.0000,0.0000,0.0000,0.0000,0.0000,0.0000,0.0000,0.0000,0.0000,0.0000,0.0000,0.0000,0.0000,0.0000,0.0000,0.0000,0.0000,0.0000,0.0000,0.0000,0.0000,0.0000,0.0000,0.0000,0.0000,0.0000,0.0000,0.0000,0.0000,0.0000,0.0000,0.0000,0.0000,0.0000,0.0000,0.0000,0.0000,0.0000,0.0000,0.0000,0.0000,0.0000,0.0000,0.0000,0.0000,0.0000,0.0000,0.0000,0.0000,0.0000,0.0000,0.0000,0.0000,0.0000,0.0000,0.0000,0.0000,0.0000,0.0000,0.0000,0.0000,0.0000,0.0000,0.0000,0.0000,0.0000,0.0000,0.0000,0.0000,0.0000,0.0000,0.0000,0.0000,0.0000,0.0000,0.0000,0.0000,0.0000,0.0000,0.0000,0.0000,0.0000,0.0000,0.0000,0.0000,0.0000,0.0000,0.0000,0.0000,0.0000,0.0000,0.0000,0.0000,0.0000,0.0000,0.0000,0.0000,0.0000,0.0000,0.0000,0.0000,0.0000,0.0000,0.0000,0.0000,0.0000,0.0000,0.0000,0.0000,0.0000,0.0000,0.0000,0.0000,0.0000,0.0000,0.0000,0.0000,0.0000,0.0000,
2.0592,RLFSMStatePassive,0.0000,0.0000,0.0000,0.0000,0.0000,0.0000,0.0000,0.0000,0.0000,0.0000,0.0000,0.0000,0.0000,0.0000,0.0000,0.0000,0.0000,0.0000,0.0000,0.0000,0.0000,0.0000,0.0000,0.0000,0.0000,0.0000,0.0000,0.0000,0.0000,0.0000,0.0000,0.0000,0.0000,0.0000,0.0000,0.0000,0.0000,0.0000,0.0000,0.0000,0.0000,0.0000,0.0000,0.0000,0.0000,0.0000,0.0000,0.0000,0.0000,0.0000,0.0000,0.0000,0.0000,0.0000,0.0000,0.0000,0.0000,0.0000,0.0000,0.0000,0.0000,0.0000,0.0000,0.0000,0.0000,0.0000,0.0000,0.0000,0.0000,0.0000,0.0000,0.0000,0.0000,0.0000,0.0000,0.0000,0.0000,0.0000,0.0000,0.0000,0.0000,0.0000,0.0000,0.0000,0.0000,0.0000,0.0000,0.0000,0.0000,0.0000,0.0000,0.0000,0.0000,0.0000,0.0000,0.0000,0.0000,0.0000,0.0000,0.0000,0.0000,0.0000,0.0000,0.0000,0.0000,0.0000,0.0000,0.0000,0.0000,0.0000,0.0000,0.0000,0.0000,0.0000,0.0000,0.0000,0.0000,0.0000,0.0000,0.0000,0.0000,0.0000,0.0000,0.0000,0.0000,0.0000,
2.0794,RLFSMStatePassive,0.0000,0.0000,0.0000,0.0000,0.0000,0.0000,0.0000,0.0000,0.0000,0.0000,0.0000,0.0000,0.0000,0.0000,0.0000,0.0000,0.0000,0.0000,0.0000,0.0000,0.0000,0.0000,0.0000,0.0000,0.0000,0.0000,0.0000,0.0000,0.0000,0.0000,0.0000,0.0000,0.0000,0.0000,0.0000,0.0000,0.0000,0.0000,0.0000,0.0000,0.0000,0.0000,0.0000,0.0000,0.0000,0.0000,0.0000,0.0000,0.0000,0.0000,0.0000,0.0000,0.0000,0.0000,0.0000,0.0000,0.0000,0.0000,0.0000,0.0000,0.0000,0.0000,0.0000,0.0000,0.0000,0.0000,0.0000,0.0000,0.0000,0.0000,0.0000,0.0000,0.0000,0.0000,0.0000,0.0000,0.0000,0.0000,0.0000,0.0000,0.0000,0.0000,0.0000,0.0000,0.0000,0.0000,0.0000,0.0000,0.0000,0.0000,0.0000,0.0000,0.0000,0.0000,0.0000,0.0000,0.0000,0.0000,0.0000,0.0000,0.0000,0.0000,0.0000,0.0000,0.0000,0.0000,0.0000,0.0000,0.0000,0.0000,0.0000,0.0000,0.0000,0.0000,0.0000,0.0000,0.0000,0.0000,0.0000,0.0000,0.0000,0.0000,0.0000,0.0000,0.0000,0.0000,
2.0996,RLFSMStatePassive,0.0000,0.0000,0.0000,0.0000,0.0000,0.0000,0.0000,0.0000,0.0000,0.0000,0.0000,0.0000,0.0000,0.0000,0.0000,0.0000,0.0000,0.0000,0.0000,0.0000,0.0000,0.0000,0.0000,0.0000,0.0000,0.0000,0.0000,0.0000,0.0000,0.0000,0.0000,0.0000,0.0000,0.0000,0.0000,0.0000,0.0000,0.0000,0.0000,0.0000,0.0000,0.0000,0.0000,0.0000,0.0000,0.0000,0.0000,0.0000,0.0000,0.0000,0.0000,0.0000,0.0000,0.0000,0.0000,0.0000,0.0000,0.0000,0.0000,0.0000,0.0000,0.0000,0.0000,0.0000,0.0000,0.0000,0.0000,0.0000,0.0000,0.0000,0.0000,0.0000,0.0000,0.0000,0.0000,0.0000,0.0000,0.0000,0.0000,0.0000,0.0000,0.0000,0.0000,0.0000,0.0000,0.0000,0.0000,0.0000,0.0000,0.0000,0.0000,0.0000,0.0000,0.0000,0.0000,0.0000,0.0000,0.0000,0.0000,0.0000,0.0000,0.0000,0.0000,0.0000,0.0000,0.0000,0.0000,0.0000,0.0000,0.0000,0.0000,0.0000,0.0000,0.0000,0.0000,0.0000,0.0000,0.0000,0.0000,0.0000,0.0000,0.0000,0.0000,0.0000,0.0000,0.0000,
2.1198,RLFSMStatePassive,0.0000,0.0000,0.0000,0.0000,0.0000,0.0000,0.0000,0.0000,0.0000,0.0000,0.0000,0.0000,0.0000,0.0000,0.0000,0.0000,0.0000,0.0000,0.0000,0.0000,0.0000,0.0000,0.0000,0.0000,0.0000,0.0000,0.0000,0.0000,0.0000,0.0000,0.0000,0.0000,0.0000,0.0000,0.0000,0.0000,0.0000,0.0000,0.0000,0.0000,0.0000,0.0000,0.0000,0.0000,0.0000,0.0000,0.0000,0.0000,0.0000,0.0000,0.0000,0.0000,0.0000,0.0000,0.0000,0.0000,0.0000,0.0000,0.0000,0.0000,0.0000,0.0000,0.0000,0.0000,0.0000,0.0000,0.0000,0.0000,0.0000,0.0000,0.0000,0.0000,0.0000,0.0000,0.0000,0.0000,0.0000,0.0000,0.0000,0.0000,0.0000,0.0000,0.0000,0.0000,0.0000,0.0000,0.0000,0.0000,0.0000,0.0000,0.0000,0.0000,0.0000,0.0000,0.0000,0.0000,0.0000,0.0000,0.0000,0.0000,0.0000,0.0000,0.0000,0.0000,0.0000,0.0000,0.0000,0.0000,0.0000,0.0000,0.0000,0.0000,0.0000,0.0000,0.0000,0.0000,0.0000,0.0000,0.0000,0.0000,0.0000,0.0000,0.0000,0.0000,0.0000,0.0000,
2.1400,RLFSMStatePassive,0.0000,0.0000,0.0000,0.0000,0.0000,0.0000,0.0000,0.0000,0.0000,0.0000,0.0000,0.0000,0.0000,0.0000,0.0000,0.0000,0.0000,0.0000,0.0000,0.0000,0.0000,0.0000,0.0000,0.0000,0.0000,0.0000,0.0000,0.0000,0.0000,0.0000,0.0000,0.0000,0.0000,0.0000,0.0000,0.0000,0.0000,0.0000,0.0000,0.0000,0.0000,0.0000,0.0000,0.0000,0.0000,0.0000,0.0000,0.0000,0.0000,0.0000,0.0000,0.0000,0.0000,0.0000,0.0000,0.0000,0.0000,0.0000,0.0000,0.0000,0.0000,0.0000,0.0000,0.0000,0.0000,0.0000,0.0000,0.0000,0.0000,0.0000,0.0000,0.0000,0.0000,0.0000,0.0000,0.0000,0.0000,0.0000,0.0000,0.0000,0.0000,0.0000,0.0000,0.0000,0.0000,0.0000,0.0000,0.0000,0.0000,0.0000,0.0000,0.0000,0.0000,0.0000,0.0000,0.0000,0.0000,0.0000,0.0000,0.0000,0.0000,0.0000,0.0000,0.0000,0.0000,0.0000,0.0000,0.0000,0.0000,0.0000,0.0000,0.0000,0.0000,0.0000,0.0000,0.0000,0.0000,0.0000,0.0000,0.0000,0.0000,0.0000,0.0000,0.0000,0.0000,0.0000,
2.1601,RLFSMStatePassive,0.0000,0.0000,0.0000,0.0000,0.0000,0.0000,0.0000,0.0000,0.0000,0.0000,0.0000,0.0000,0.0000,0.0000,0.0000,0.0000,0.0000,0.0000,0.0000,0.0000,0.0000,0.0000,0.0000,0.0000,0.0000,0.0000,0.0000,0.0000,0.0000,0.0000,0.0000,0.0000,0.0000,0.0000,0.0000,0.0000,0.0000,0.0000,0.0000,0.0000,0.0000,0.0000,0.0000,0.0000,0.0000,0.0000,0.0000,0.0000,0.0000,0.0000,0.0000,0.0000,0.0000,0.0000,0.0000,0.0000,0.0000,0.0000,0.0000,0.0000,0.0000,0.0000,0.0000,0.0000,0.0000,0.0000,0.0000,0.0000,0.0000,0.0000,0.0000,0.0000,0.0000,0.0000,0.0000,0.0000,0.0000,0.0000,0.0000,0.0000,0.0000,0.0000,0.0000,0.0000,0.0000,0.0000,0.0000,0.0000,0.0000,0.0000,0.0000,0.0000,0.0000,0.0000,0.0000,0.0000,0.0000,0.0000,0.0000,0.0000,0.0000,0.0000,0.0000,0.0000,0.0000,0.0000,0.0000,0.0000,0.0000,0.0000,0.0000,0.0000,0.0000,0.0000,0.0000,0.0000,0.0000,0.0000,0.0000,0.0000,0.0000,0.0000,0.0000,0.0000,0.0000,0.0000,
2.1803,RLFSMStatePassive,0.0000,0.0000,0.0000,0.0000,0.0000,0.0000,0.0000,0.0000,0.0000,0.0000,0.0000,0.0000,0.0000,0.0000,0.0000,0.0000,0.0000,0.0000,0.0000,0.0000,0.0000,0.0000,0.0000,0.0000,0.0000,0.0000,0.0000,0.0000,0.0000,0.0000,0.0000,0.0000,0.0000,0.0000,0.0000,0.0000,0.0000,0.0000,0.0000,0.0000,0.0000,0.0000,0.0000,0.0000,0.0000,0.0000,0.0000,0.0000,0.0000,0.0000,0.0000,0.0000,0.0000,0.0000,0.0000,0.0000,0.0000,0.0000,0.0000,0.0000,0.0000,0.0000,0.0000,0.0000,0.0000,0.0000,0.0000,0.0000,0.0000,0.0000,0.0000,0.0000,0.0000,0.0000,0.0000,0.0000,0.0000,0.0000,0.0000,0.0000,0.0000,0.0000,0.0000,0.0000,0.0000,0.0000,0.0000,0.0000,0.0000,0.0000,0.0000,0.0000,0.0000,0.0000,0.0000,0.0000,0.0000,0.0000,0.0000,0.0000,0.0000,0.0000,0.0000,0.0000,0.0000,0.0000,0.0000,0.0000,0.0000,0.0000,0.0000,0.0000,0.0000,0.0000,0.0000,0.0000,0.0000,0.0000,0.0000,0.0000,0.0000,0.0000,0.0000,0.0000,0.0000,0.0000,
2.2005,RLFSMStatePassive,0.0000,0.0000,0.0000,0.0000,0.0000,0.0000,0.0000,0.0000,0.0000,0.0000,0.0000,0.0000,0.0000,0.0000,0.0000,0.0000,0.0000,0.0000,0.0000,0.0000,0.0000,0.0000,0.0000,0.0000,0.0000,0.0000,0.0000,0.0000,0.0000,0.0000,0.0000,0.0000,0.0000,0.0000,0.0000,0.0000,0.0000,0.0000,0.0000,0.0000,0.0000,0.0000,0.0000,0.0000,0.0000,0.0000,0.0000,0.0000,0.0000,0.0000,0.0000,0.0000,0.0000,0.0000,0.0000,0.0000,0.0000,0.0000,0.0000,0.0000,0.0000,0.0000,0.0000,0.0000,0.0000,0.0000,0.0000,0.0000,0.0000,0.0000,0.0000,0.0000,0.0000,0.0000,0.0000,0.0000,0.0000,0.0000,0.0000,0.0000,0.0000,0.0000,0.0000,0.0000,0.0000,0.0000,0.0000,0.0000,0.0000,0.0000,0.0000,0.0000,0.0000,0.0000,0.0000,0.0000,0.0000,0.0000,0.0000,0.0000,0.0000,0.0000,0.0000,0.0000,0.0000,0.0000,0.0000,0.0000,0.0000,0.0000,0.0000,0.0000,0.0000,0.0000,0.0000,0.0000,0.0000,0.0000,0.0000,0.0000,0.0000,0.0000,0.0000,0.0000,0.0000,0.0000,
2.2207,RLFSMStatePassive,0.0000,0.0000,0.0000,0.0000,0.0000,0.0000,0.0000,0.0000,0.0000,0.0000,0.0000,0.0000,0.0000,0.0000,0.0000,0.0000,0.0000,0.0000,0.0000,0.0000,0.0000,0.0000,0.0000,0.0000,0.0000,0.0000,0.0000,0.0000,0.0000,0.0000,0.0000,0.0000,0.0000,0.0000,0.0000,0.0000,0.0000,0.0000,0.0000,0.0000,0.0000,0.0000,0.0000,0.0000,0.0000,0.0000,0.0000,0.0000,0.0000,0.0000,0.0000,0.0000,0.0000,0.0000,0.0000,0.0000,0.0000,0.0000,0.0000,0.0000,0.0000,0.0000,0.0000,0.0000,0.0000,0.0000,0.0000,0.0000,0.0000,0.0000,0.0000,0.0000,0.0000,0.0000,0.0000,0.0000,0.0000,0.0000,0.0000,0.0000,0.0000,0.0000,0.0000,0.0000,0.0000,0.0000,0.0000,0.0000,0.0000,0.0000,0.0000,0.0000,0.0000,0.0000,0.0000,0.0000,0.0000,0.0000,0.0000,0.0000,0.0000,0.0000,0.0000,0.0000,0.0000,0.0000,0.0000,0.0000,0.0000,0.0000,0.0000,0.0000,0.0000,0.0000,0.0000,0.0000,0.0000,0.0000,0.0000,0.0000,0.0000,0.0000,0.0000,0.0000,0.0000,0.0000,
2.2408,RLFSMStatePassive,0.0000,0.0000,0.0000,0.0000,0.0000,0.0000,0.0000,0.0000,0.0000,0.0000,0.0000,0.0000,0.0000,0.0000,0.0000,0.0000,0.0000,0.0000,0.0000,0.0000,0.0000,0.0000,0.0000,0.0000,0.0000,0.0000,0.0000,0.0000,0.0000,0.0000,0.0000,0.0000,0.0000,0.0000,0.0000,0.0000,0.0000,0.0000,0.0000,0.0000,0.0000,0.0000,0.0000,0.0000,0.0000,0.0000,0.0000,0.0000,0.0000,0.0000,0.0000,0.0000,0.0000,0.0000,0.0000,0.0000,0.0000,0.0000,0.0000,0.0000,0.0000,0.0000,0.0000,0.0000,0.0000,0.0000,0.0000,0.0000,0.0000,0.0000,0.0000,0.0000,0.0000,0.0000,0.0000,0.0000,0.0000,0.0000,0.0000,0.0000,0.0000,0.0000,0.0000,0.0000,0.0000,0.0000,0.0000,0.0000,0.0000,0.0000,0.0000,0.0000,0.0000,0.0000,0.0000,0.0000,0.0000,0.0000,0.0000,0.0000,0.0000,0.0000,0.0000,0.0000,0.0000,0.0000,0.0000,0.0000,0.0000,0.0000,0.0000,0.0000,0.0000,0.0000,0.0000,0.0000,0.0000,0.0000,0.0000,0.0000,0.0000,0.0000,0.0000,0.0000,0.0000,0.0000,
2.2609,RLFSMStatePassive,0.0000,0.0000,0.0000,0.0000,0.0000,0.0000,0.0000,0.0000,0.0000,0.0000,0.0000,0.0000,0.0000,0.0000,0.0000,0.0000,0.0000,0.0000,0.0000,0.0000,0.0000,0.0000,0.0000,0.0000,0.0000,0.0000,0.0000,0.0000,0.0000,0.0000,0.0000,0.0000,0.0000,0.0000,0.0000,0.0000,0.0000,0.0000,0.0000,0.0000,0.0000,0.0000,0.0000,0.0000,0.0000,0.0000,0.0000,0.0000,0.0000,0.0000,0.0000,0.0000,0.0000,0.0000,0.0000,0.0000,0.0000,0.0000,0.0000,0.0000,0.0000,0.0000,0.0000,0.0000,0.0000,0.0000,0.0000,0.0000,0.0000,0.0000,0.0000,0.0000,0.0000,0.0000,0.0000,0.0000,0.0000,0.0000,0.0000,0.0000,0.0000,0.0000,0.0000,0.0000,0.0000,0.0000,0.0000,0.0000,0.0000,0.0000,0.0000,0.0000,0.0000,0.0000,0.0000,0.0000,0.0000,0.0000,0.0000,0.0000,0.0000,0.0000,0.0000,0.0000,0.0000,0.0000,0.0000,0.0000,0.0000,0.0000,0.0000,0.0000,0.0000,0.0000,0.0000,0.0000,0.0000,0.0000,0.0000,0.0000,0.0000,0.0000,0.0000,0.0000,0.0000,0.0000,
2.2811,RLFSMStatePassive,0.0000,0.0000,0.0000,0.0000,0.0000,0.0000,0.0000,0.0000,0.0000,0.0000,0.0000,0.0000,0.0000,0.0000,0.0000,0.0000,0.0000,0.0000,0.0000,0.0000,0.0000,0.0000,0.0000,0.0000,0.0000,0.0000,0.0000,0.0000,0.0000,0.0000,0.0000,0.0000,0.0000,0.0000,0.0000,0.0000,0.0000,0.0000,0.0000,0.0000,0.0000,0.0000,0.0000,0.0000,0.0000,0.0000,0.0000,0.0000,0.0000,0.0000,0.0000,0.0000,0.0000,0.0000,0.0000,0.0000,0.0000,0.0000,0.0000,0.0000,0.0000,0.0000,0.0000,0.0000,0.0000,0.0000,0.0000,0.0000,0.0000,0.0000,0.0000,0.0000,0.0000,0.0000,0.0000,0.0000,0.0000,0.0000,0.0000,0.0000,0.0000,0.0000,0.0000,0.0000,0.0000,0.0000,0.0000,0.0000,0.0000,0.0000,0.0000,0.0000,0.0000,0.0000,0.0000,0.0000,0.0000,0.0000,0.0000,0.0000,0.0000,0.0000,0.0000,0.0000,0.0000,0.0000,0.0000,0.0000,0.0000,0.0000,0.0000,0.0000,0.0000,0.0000,0.0000,0.0000,0.0000,0.0000,0.0000,0.0000,0.0000,0.0000,0.0000,0.0000,0.0000,0.0000,
2.3012,RLFSMStatePassive,0.0000,0.0000,0.0000,0.0000,0.0000,0.0000,0.0000,0.0000,0.0000,0.0000,0.0000,0.0000,0.0000,0.0000,0.0000,0.0000,0.0000,0.0000,0.0000,0.0000,0.0000,0.0000,0.0000,0.0000,0.0000,0.0000,0.0000,0.0000,0.0000,0.0000,0.0000,0.0000,0.0000,0.0000,0.0000,0.0000,0.0000,0.0000,0.0000,0.0000,0.0000,0.0000,0.0000,0.0000,0.0000,0.0000,0.0000,0.0000,0.0000,0.0000,0.0000,0.0000,0.0000,0.0000,0.0000,0.0000,0.0000,0.0000,0.0000,0.0000,0.0000,0.0000,0.0000,0.0000,0.0000,0.0000,0.0000,0.0000,0.0000,0.0000,0.0000,0.0000,0.0000,0.0000,0.0000,0.0000,0.0000,0.0000,0.0000,0.0000,0.0000,0.0000,0.0000,0.0000,0.0000,0.0000,0.0000,0.0000,0.0000,0.0000,0.0000,0.0000,0.0000,0.0000,0.0000,0.0000,0.0000,0.0000,0.0000,0.0000,0.0000,0.0000,0.0000,0.0000,0.0000,0.0000,0.0000,0.0000,0.0000,0.0000,0.0000,0.0000,0.0000,0.0000,0.0000,0.0000,0.0000,0.0000,0.0000,0.0000,0.0000,0.0000,0.0000,0.0000,0.0000,0.0000,
2.3214,RLFSMStatePassive,0.0000,0.0000,0.0000,0.0000,0.0000,0.0000,0.0000,0.0000,0.0000,0.0000,0.0000,0.0000,0.0000,0.0000,0.0000,0.0000,0.0000,0.0000,0.0000,0.0000,0.0000,0.0000,0.0000,0.0000,0.0000,0.0000,0.0000,0.0000,0.0000,0.0000,0.0000,0.0000,0.0000,0.0000,0.0000,0.0000,0.0000,0.0000,0.0000,0.0000,0.0000,0.0000,0.0000,0.0000,0.0000,0.0000,0.0000,0.0000,0.0000,0.0000,0.0000,0.0000,0.0000,0.0000,0.0000,0.0000,0.0000,0.0000,0.0000,0.0000,0.0000,0.0000,0.0000,0.0000,0.0000,0.0000,0.0000,0.0000,0.0000,0.0000,0.0000,0.0000,0.0000,0.0000,0.0000,0.0000,0.0000,0.0000,0.0000,0.0000,0.0000,0.0000,0.0000,0.0000,0.0000,0.0000,0.0000,0.0000,0.0000,0.0000,0.0000,0.0000,0.0000,0.0000,0.0000,0.0000,0.0000,0.0000,0.0000,0.0000,0.0000,0.0000,0.0000,0.0000,0.0000,0.0000,0.0000,0.0000,0.0000,0.0000,0.0000,0.0000,0.0000,0.0000,0.0000,0.0000,0.0000,0.0000,0.0000,0.0000,0.0000,0.0000,0.0000,0.0000,0.0000,0.0000,
2.3416,RLFSMStatePassive,0.0000,0.0000,0.0000,0.0000,0.0000,0.0000,0.0000,0.0000,0.0000,0.0000,0.0000,0.0000,0.0000,0.0000,0.0000,0.0000,0.0000,0.0000,0.0000,0.0000,0.0000,0.0000,0.0000,0.0000,0.0000,0.0000,0.0000,0.0000,0.0000,0.0000,0.0000,0.0000,0.0000,0.0000,0.0000,0.0000,0.0000,0.0000,0.0000,0.0000,0.0000,0.0000,0.0000,0.0000,0.0000,0.0000,0.0000,0.0000,0.0000,0.0000,0.0000,0.0000,0.0000,0.0000,0.0000,0.0000,0.0000,0.0000,0.0000,0.0000,0.0000,0.0000,0.0000,0.0000,0.0000,0.0000,0.0000,0.0000,0.0000,0.0000,0.0000,0.0000,0.0000,0.0000,0.0000,0.0000,0.0000,0.0000,0.0000,0.0000,0.0000,0.0000,0.0000,0.0000,0.0000,0.0000,0.0000,0.0000,0.0000,0.0000,0.0000,0.0000,0.0000,0.0000,0.0000,0.0000,0.0000,0.0000,0.0000,0.0000,0.0000,0.0000,0.0000,0.0000,0.0000,0.0000,0.0000,0.0000,0.0000,0.0000,0.0000,0.0000,0.0000,0.0000,0.0000,0.0000,0.0000,0.0000,0.0000,0.0000,0.0000,0.0000,0.0000,0.0000,0.0000,0.0000,
2.3618,RLFSMStatePassive,0.0000,0.0000,0.0000,0.0000,0.0000,0.0000,0.0000,0.0000,0.0000,0.0000,0.0000,0.0000,0.0000,0.0000,0.0000,0.0000,0.0000,0.0000,0.0000,0.0000,0.0000,0.0000,0.0000,0.0000,0.0000,0.0000,0.0000,0.0000,0.0000,0.0000,0.0000,0.0000,0.0000,0.0000,0.0000,0.0000,0.0000,0.0000,0.0000,0.0000,0.0000,0.0000,0.0000,0.0000,0.0000,0.0000,0.0000,0.0000,0.0000,0.0000,0.0000,0.0000,0.0000,0.0000,0.0000,0.0000,0.0000,0.0000,0.0000,0.0000,0.0000,0.0000,0.0000,0.0000,0.0000,0.0000,0.0000,0.0000,0.0000,0.0000,0.0000,0.0000,0.0000,0.0000,0.0000,0.0000,0.0000,0.0000,0.0000,0.0000,0.0000,0.0000,0.0000,0.0000,0.0000,0.0000,0.0000,0.0000,0.0000,0.0000,0.0000,0.0000,0.0000,0.0000,0.0000,0.0000,0.0000,0.0000,0.0000,0.0000,0.0000,0.0000,0.0000,0.0000,0.0000,0.0000,0.0000,0.0000,0.0000,0.0000,0.0000,0.0000,0.0000,0.0000,0.0000,0.0000,0.0000,0.0000,0.0000,0.0000,0.0000,0.0000,0.0000,0.0000,0.0000,0.0000,
2.3820,RLFSMStatePassive,0.0000,0.0000,0.0000,0.0000,0.0000,0.0000,0.0000,0.0000,0.0000,0.0000,0.0000,0.0000,0.0000,0.0000,0.0000,0.0000,0.0000,0.0000,0.0000,0.0000,0.0000,0.0000,0.0000,0.0000,0.0000,0.0000,0.0000,0.0000,0.0000,0.0000,0.0000,0.0000,0.0000,0.0000,0.0000,0.0000,0.0000,0.0000,0.0000,0.0000,0.0000,0.0000,0.0000,0.0000,0.0000,0.0000,0.0000,0.0000,0.0000,0.0000,0.0000,0.0000,0.0000,0.0000,0.0000,0.0000,0.0000,0.0000,0.0000,0.0000,0.0000,0.0000,0.0000,0.0000,0.0000,0.0000,0.0000,0.0000,0.0000,0.0000,0.0000,0.0000,0.0000,0.0000,0.0000,0.0000,0.0000,0.0000,0.0000,0.0000,0.0000,0.0000,0.0000,0.0000,0.0000,0.0000,0.0000,0.0000,0.0000,0.0000,0.0000,0.0000,0.0000,0.0000,0.0000,0.0000,0.0000,0.0000,0.0000,0.0000,0.0000,0.0000,0.0000,0.0000,0.0000,0.0000,0.0000,0.0000,0.0000,0.0000,0.0000,0.0000,0.0000,0.0000,0.0000,0.0000,0.0000,0.0000,0.0000,0.0000,0.0000,0.0000,0.0000,0.0000,0.0000,0.0000,
2.4021,RLFSMStatePassive,0.0000,0.0000,0.0000,0.0000,0.0000,0.0000,0.0000,0.0000,0.0000,0.0000,0.0000,0.0000,0.0000,0.0000,0.0000,0.0000,0.0000,0.0000,0.0000,0.0000,0.0000,0.0000,0.0000,0.0000,0.0000,0.0000,0.0000,0.0000,0.0000,0.0000,0.0000,0.0000,0.0000,0.0000,0.0000,0.0000,0.0000,0.0000,0.0000,0.0000,0.0000,0.0000,0.0000,0.0000,0.0000,0.0000,0.0000,0.0000,0.0000,0.0000,0.0000,0.0000,0.0000,0.0000,0.0000,0.0000,0.0000,0.0000,0.0000,0.0000,0.0000,0.0000,0.0000,0.0000,0.0000,0.0000,0.0000,0.0000,0.0000,0.0000,0.0000,0.0000,0.0000,0.0000,0.0000,0.0000,0.0000,0.0000,0.0000,0.0000,0.0000,0.0000,0.0000,0.0000,0.0000,0.0000,0.0000,0.0000,0.0000,0.0000,0.0000,0.0000,0.0000,0.0000,0.0000,0.0000,0.0000,0.0000,0.0000,0.0000,0.0000,0.0000,0.0000,0.0000,0.0000,0.0000,0.0000,0.0000,0.0000,0.0000,0.0000,0.0000,0.0000,0.0000,0.0000,0.0000,0.0000,0.0000,0.0000,0.0000,0.0000,0.0000,0.0000,0.0000,0.0000,0.0000,
2.4224,RLFSMStatePassive,0.0000,0.0000,0.0000,0.0000,0.0000,0.0000,0.0000,0.0000,0.0000,0.0000,0.0000,0.0000,0.0000,0.0000,0.0000,0.0000,0.0000,0.0000,0.0000,0.0000,0.0000,0.0000,0.0000,0.0000,0.0000,0.0000,0.0000,0.0000,0.0000,0.0000,0.0000,0.0000,0.0000,0.0000,0.0000,0.0000,0.0000,0.0000,0.0000,0.0000,0.0000,0.0000,0.0000,0.0000,0.0000,0.0000,0.0000,0.0000,0.0000,0.0000,0.0000,0.0000,0.0000,0.0000,0.0000,0.0000,0.0000,0.0000,0.0000,0.0000,0.0000,0.0000,0.0000,0.0000,0.0000,0.0000,0.0000,0.0000,0.0000,0.0000,0.0000,0.0000,0.0000,0.0000,0.0000,0.0000,0.0000,0.0000,0.0000,0.0000,0.0000,0.0000,0.0000,0.0000,0.0000,0.0000,0.0000,0.0000,0.0000,0.0000,0.0000,0.0000,0.0000,0.0000,0.0000,0.0000,0.0000,0.0000,0.0000,0.0000,0.0000,0.0000,0.0000,0.0000,0.0000,0.0000,0.0000,0.0000,0.0000,0.0000,0.0000,0.0000,0.0000,0.0000,0.0000,0.0000,0.0000,0.0000,0.0000,0.0000,0.0000,0.0000,0.0000,0.0000,0.0000,0.0000,
2.4427,RLFSMStatePassive,0.0000,0.0000,0.0000,0.0000,0.0000,0.0000,0.0000,0.0000,0.0000,0.0000,0.0000,0.0000,0.0000,0.0000,0.0000,0.0000,0.0000,0.0000,0.0000,0.0000,0.0000,0.0000,0.0000,0.0000,0.0000,0.0000,0.0000,0.0000,0.0000,0.0000,0.0000,0.0000,0.0000,0.0000,0.0000,0.0000,0.0000,0.0000,0.0000,0.0000,0.0000,0.0000,0.0000,0.0000,0.0000,0.0000,0.0000,0.0000,0.0000,0.0000,0.0000,0.0000,0.0000,0.0000,0.0000,0.0000,0.0000,0.0000,0.0000,0.0000,0.0000,0.0000,0.0000,0.0000,0.0000,0.0000,0.0000,0.0000,0.0000,0.0000,0.0000,0.0000,0.0000,0.0000,0.0000,0.0000,0.0000,0.0000,0.0000,0.0000,0.0000,0.0000,0.0000,0.0000,0.0000,0.0000,0.0000,0.0000,0.0000,0.0000,0.0000,0.0000,0.0000,0.0000,0.0000,0.0000,0.0000,0.0000,0.0000,0.0000,0.0000,0.0000,0.0000,0.0000,0.0000,0.0000,0.0000,0.0000,0.0000,0.0000,0.0000,0.0000,0.0000,0.0000,0.0000,0.0000,0.0000,0.0000,0.0000,0.0000,0.0000,0.0000,0.0000,0.0000,0.0000,0.0000,
2.4629,RLFSMStatePassive,0.0000,0.0000,0.0000,0.0000,0.0000,0.0000,0.0000,0.0000,0.0000,0.0000,0.0000,0.0000,0.0000,0.0000,0.0000,0.0000,0.0000,0.0000,0.0000,0.0000,0.0000,0.0000,0.0000,0.0000,0.0000,0.0000,0.0000,0.0000,0.0000,0.0000,0.0000,0.0000,0.0000,0.0000,0.0000,0.0000,0.0000,0.0000,0.0000,0.0000,0.0000,0.0000,0.0000,0.0000,0.0000,0.0000,0.0000,0.0000,0.0000,0.0000,0.0000,0.0000,0.0000,0.0000,0.0000,0.0000,0.0000,0.0000,0.0000,0.0000,0.0000,0.0000,0.0000,0.0000,0.0000,0.0000,0.0000,0.0000,0.0000,0.0000,0.0000,0.0000,0.0000,0.0000,0.0000,0.0000,0.0000,0.0000,0.0000,0.0000,0.0000,0.0000,0.0000,0.0000,0.0000,0.0000,0.0000,0.0000,0.0000,0.0000,0.0000,0.0000,0.0000,0.0000,0.0000,0.0000,0.0000,0.0000,0.0000,0.0000,0.0000,0.0000,0.0000,0.0000,0.0000,0.0000,0.0000,0.0000,0.0000,0.0000,0.0000,0.0000,0.0000,0.0000,0.0000,0.0000,0.0000,0.0000,0.0000,0.0000,0.0000,0.0000,0.0000,0.0000,0.0000,0.0000,
2.4830,RLFSMStatePassive,0.0000,0.0000,0.0000,0.0000,0.0000,0.0000,0.0000,0.0000,0.0000,0.0000,0.0000,0.0000,0.0000,0.0000,0.0000,0.0000,0.0000,0.0000,0.0000,0.0000,0.0000,0.0000,0.0000,0.0000,0.0000,0.0000,0.0000,0.0000,0.0000,0.0000,0.0000,0.0000,0.0000,0.0000,0.0000,0.0000,0.0000,0.0000,0.0000,0.0000,0.0000,0.0000,0.0000,0.0000,0.0000,0.0000,0.0000,0.0000,0.0000,0.0000,0.0000,0.0000,0.0000,0.0000,0.0000,0.0000,0.0000,0.0000,0.0000,0.0000,0.0000,0.0000,0.0000,0.0000,0.0000,0.0000,0.0000,0.0000,0.0000,0.0000,0.0000,0.0000,0.0000,0.0000,0.0000,0.0000,0.0000,0.0000,0.0000,0.0000,0.0000,0.0000,0.0000,0.0000,0.0000,0.0000,0.0000,0.0000,0.0000,0.0000,0.0000,0.0000,0.0000,0.0000,0.0000,0.0000,0.0000,0.0000,0.0000,0.0000,0.0000,0.0000,0.0000,0.0000,0.0000,0.0000,0.0000,0.0000,0.0000,0.0000,0.0000,0.0000,0.0000,0.0000,0.0000,0.0000,0.0000,0.0000,0.0000,0.0000,0.0000,0.0000,0.0000,0.0000,0.0000,0.0000,
2.5032,RLFSMStatePassive,0.0000,0.0000,0.0000,0.0000,0.0000,0.0000,0.0000,0.0000,0.0000,0.0000,0.0000,0.0000,0.0000,0.0000,0.0000,0.0000,0.0000,0.0000,0.0000,0.0000,0.0000,0.0000,0.0000,0.0000,0.0000,0.0000,0.0000,0.0000,0.0000,0.0000,0.0000,0.0000,0.0000,0.0000,0.0000,0.0000,0.0000,0.0000,0.0000,0.0000,0.0000,0.0000,0.0000,0.0000,0.0000,0.0000,0.0000,0.0000,0.0000,0.0000,0.0000,0.0000,0.0000,0.0000,0.0000,0.0000,0.0000,0.0000,0.0000,0.0000,0.0000,0.0000,0.0000,0.0000,0.0000,0.0000,0.0000,0.0000,0.0000,0.0000,0.0000,0.0000,0.0000,0.0000,0.0000,0.0000,0.0000,0.0000,0.0000,0.0000,0.0000,0.0000,0.0000,0.0000,0.0000,0.0000,0.0000,0.0000,0.0000,0.0000,0.0000,0.0000,0.0000,0.0000,0.0000,0.0000,0.0000,0.0000,0.0000,0.0000,0.0000,0.0000,0.0000,0.0000,0.0000,0.0000,0.0000,0.0000,0.0000,0.0000,0.0000,0.0000,0.0000,0.0000,0.0000,0.0000,0.0000,0.0000,0.0000,0.0000,0.0000,0.0000,0.0000,0.0000,0.0000,0.0000,
2.5234,RLFSMStatePassive,0.0000,0.0000,0.0000,0.0000,0.0000,0.0000,0.0000,0.0000,0.0000,0.0000,0.0000,0.0000,0.0000,0.0000,0.0000,0.0000,0.0000,0.0000,0.0000,0.0000,0.0000,0.0000,0.0000,0.0000,0.0000,0.0000,0.0000,0.0000,0.0000,0.0000,0.0000,0.0000,0.0000,0.0000,0.0000,0.0000,0.0000,0.0000,0.0000,0.0000,0.0000,0.0000,0.0000,0.0000,0.0000,0.0000,0.0000,0.0000,0.0000,0.0000,0.0000,0.0000,0.0000,0.0000,0.0000,0.0000,0.0000,0.0000,0.0000,0.0000,0.0000,0.0000,0.0000,0.0000,0.0000,0.0000,0.0000,0.0000,0.0000,0.0000,0.0000,0.0000,0.0000,0.0000,0.0000,0.0000,0.0000,0.0000,0.0000,0.0000,0.0000,0.0000,0.0000,0.0000,0.0000,0.0000,0.0000,0.0000,0.0000,0.0000,0.0000,0.0000,0.0000,0.0000,0.0000,0.0000,0.0000,0.0000,0.0000,0.0000,0.0000,0.0000,0.0000,0.0000,0.0000,0.0000,0.0000,0.0000,0.0000,0.0000,0.0000,0.0000,0.0000,0.0000,0.0000,0.0000,0.0000,0.0000,0.0000,0.0000,0.0000,0.0000,0.0000,0.0000,0.0000,0.0000,
2.5435,RLFSMStatePassive,0.0000,0.0000,0.0000,0.0000,0.0000,0.0000,0.0000,0.0000,0.0000,0.0000,0.0000,0.0000,0.0000,0.0000,0.0000,0.0000,0.0000,0.0000,0.0000,0.0000,0.0000,0.0000,0.0000,0.0000,0.0000,0.0000,0.0000,0.0000,0.0000,0.0000,0.0000,0.0000,0.0000,0.0000,0.0000,0.0000,0.0000,0.0000,0.0000,0.0000,0.0000,0.0000,0.0000,0.0000,0.0000,0.0000,0.0000,0.0000,0.0000,0.0000,0.0000,0.0000,0.0000,0.0000,0.0000,0.0000,0.0000,0.0000,0.0000,0.0000,0.0000,0.0000,0.0000,0.0000,0.0000,0.0000,0.0000,0.0000,0.0000,0.0000,0.0000,0.0000,0.0000,0.0000,0.0000,0.0000,0.0000,0.0000,0.0000,0.0000,0.0000,0.0000,0.0000,0.0000,0.0000,0.0000,0.0000,0.0000,0.0000,0.0000,0.0000,0.0000,0.0000,0.0000,0.0000,0.0000,0.0000,0.0000,0.0000,0.0000,0.0000,0.0000,0.0000,0.0000,0.0000,0.0000,0.0000,0.0000,0.0000,0.0000,0.0000,0.0000,0.0000,0.0000,0.0000,0.0000,0.0000,0.0000,0.0000,0.0000,0.0000,0.0000,0.0000,0.0000,0.0000,0.0000,
2.5637,RLFSMStatePassive,0.0000,0.0000,0.0000,0.0000,0.0000,0.0000,0.0000,0.0000,0.0000,0.0000,0.0000,0.0000,0.0000,0.0000,0.0000,0.0000,0.0000,0.0000,0.0000,0.0000,0.0000,0.0000,0.0000,0.0000,0.0000,0.0000,0.0000,0.0000,0.0000,0.0000,0.0000,0.0000,0.0000,0.0000,0.0000,0.0000,0.0000,0.0000,0.0000,0.0000,0.0000,0.0000,0.0000,0.0000,0.0000,0.0000,0.0000,0.0000,0.0000,0.0000,0.0000,0.0000,0.0000,0.0000,0.0000,0.0000,0.0000,0.0000,0.0000,0.0000,0.0000,0.0000,0.0000,0.0000,0.0000,0.0000,0.0000,0.0000,0.0000,0.0000,0.0000,0.0000,0.0000,0.0000,0.0000,0.0000,0.0000,0.0000,0.0000,0.0000,0.0000,0.0000,0.0000,0.0000,0.0000,0.0000,0.0000,0.0000,0.0000,0.0000,0.0000,0.0000,0.0000,0.0000,0.0000,0.0000,0.0000,0.0000,0.0000,0.0000,0.0000,0.0000,0.0000,0.0000,0.0000,0.0000,0.0000,0.0000,0.0000,0.0000,0.0000,0.0000,0.0000,0.0000,0.0000,0.0000,0.0000,0.0000,0.0000,0.0000,0.0000,0.0000,0.0000,0.0000,0.0000,0.0000,
2.5839,RLFSMStatePassive,0.0000,0.0000,0.0000,0.0000,0.0000,0.0000,0.0000,0.0000,0.0000,0.0000,0.0000,0.0000,0.0000,0.0000,0.0000,0.0000,0.0000,0.0000,0.0000,0.0000,0.0000,0.0000,0.0000,0.0000,0.0000,0.0000,0.0000,0.0000,0.0000,0.0000,0.0000,0.0000,0.0000,0.0000,0.0000,0.0000,0.0000,0.0000,0.0000,0.0000,0.0000,0.0000,0.0000,0.0000,0.0000,0.0000,0.0000,0.0000,0.0000,0.0000,0.0000,0.0000,0.0000,0.0000,0.0000,0.0000,0.0000,0.0000,0.0000,0.0000,0.0000,0.0000,0.0000,0.0000,0.0000,0.0000,0.0000,0.0000,0.0000,0.0000,0.0000,0.0000,0.0000,0.0000,0.0000,0.0000,0.0000,0.0000,0.0000,0.0000,0.0000,0.0000,0.0000,0.0000,0.0000,0.0000,0.0000,0.0000,0.0000,0.0000,0.0000,0.0000,0.0000,0.0000,0.0000,0.0000,0.0000,0.0000,0.0000,0.0000,0.0000,0.0000,0.0000,0.0000,0.0000,0.0000,0.0000,0.0000,0.0000,0.0000,0.0000,0.0000,0.0000,0.0000,0.0000,0.0000,0.0000,0.0000,0.0000,0.0000,0.0000,0.0000,0.0000,0.0000,0.0000,0.0000,
2.6041,RLFSMStatePassive,0.0000,0.0000,0.0000,0.0000,0.0000,0.0000,0.0000,0.0000,0.0000,0.0000,0.0000,0.0000,0.0000,0.0000,0.0000,0.0000,0.0000,0.0000,0.0000,0.0000,0.0000,0.0000,0.0000,0.0000,0.0000,0.0000,0.0000,0.0000,0.0000,0.0000,0.0000,0.0000,0.0000,0.0000,0.0000,0.0000,0.0000,0.0000,0.0000,0.0000,0.0000,0.0000,0.0000,0.0000,0.0000,0.0000,0.0000,0.0000,0.0000,0.0000,0.0000,0.0000,0.0000,0.0000,0.0000,0.0000,0.0000,0.0000,0.0000,0.0000,0.0000,0.0000,0.0000,0.0000,0.0000,0.0000,0.0000,0.0000,0.0000,0.0000,0.0000,0.0000,0.0000,0.0000,0.0000,0.0000,0.0000,0.0000,0.0000,0.0000,0.0000,0.0000,0.0000,0.0000,0.0000,0.0000,0.0000,0.0000,0.0000,0.0000,0.0000,0.0000,0.0000,0.0000,0.0000,0.0000,0.0000,0.0000,0.0000,0.0000,0.0000,0.0000,0.0000,0.0000,0.0000,0.0000,0.0000,0.0000,0.0000,0.0000,0.0000,0.0000,0.0000,0.0000,0.0000,0.0000,0.0000,0.0000,0.0000,0.0000,0.0000,0.0000,0.0000,0.0000,0.0000,0.0000,
2.6243,RLFSMStatePassive,0.0000,0.0000,0.0000,0.0000,0.0000,0.0000,0.0000,0.0000,0.0000,0.0000,0.0000,0.0000,0.0000,0.0000,0.0000,0.0000,0.0000,0.0000,0.0000,0.0000,0.0000,0.0000,0.0000,0.0000,0.0000,0.0000,0.0000,0.0000,0.0000,0.0000,0.0000,0.0000,0.0000,0.0000,0.0000,0.0000,0.0000,0.0000,0.0000,0.0000,0.0000,0.0000,0.0000,0.0000,0.0000,0.0000,0.0000,0.0000,0.0000,0.0000,0.0000,0.0000,0.0000,0.0000,0.0000,0.0000,0.0000,0.0000,0.0000,0.0000,0.0000,0.0000,0.0000,0.0000,0.0000,0.0000,0.0000,0.0000,0.0000,0.0000,0.0000,0.0000,0.0000,0.0000,0.0000,0.0000,0.0000,0.0000,0.0000,0.0000,0.0000,0.0000,0.0000,0.0000,0.0000,0.0000,0.0000,0.0000,0.0000,0.0000,0.0000,0.0000,0.0000,0.0000,0.0000,0.0000,0.0000,0.0000,0.0000,0.0000,0.0000,0.0000,0.0000,0.0000,0.0000,0.0000,0.0000,0.0000,0.0000,0.0000,0.0000,0.0000,0.0000,0.0000,0.0000,0.0000,0.0000,0.0000,0.0000,0.0000,0.0000,0.0000,0.0000,0.0000,0.0000,0.0000,
2.6445,RLFSMStatePassive,0.0000,0.0000,0.0000,0.0000,0.0000,0.0000,0.0000,0.0000,0.0000,0.0000,0.0000,0.0000,0.0000,0.0000,0.0000,0.0000,0.0000,0.0000,0.0000,0.0000,0.0000,0.0000,0.0000,0.0000,0.0000,0.0000,0.0000,0.0000,0.0000,0.0000,0.0000,0.0000,0.0000,0.0000,0.0000,0.0000,0.0000,0.0000,0.0000,0.0000,0.0000,0.0000,0.0000,0.0000,0.0000,0.0000,0.0000,0.0000,0.0000,0.0000,0.0000,0.0000,0.0000,0.0000,0.0000,0.0000,0.0000,0.0000,0.0000,0.0000,0.0000,0.0000,0.0000,0.0000,0.0000,0.0000,0.0000,0.0000,0.0000,0.0000,0.0000,0.0000,0.0000,0.0000,0.0000,0.0000,0.0000,0.0000,0.0000,0.0000,0.0000,0.0000,0.0000,0.0000,0.0000,0.0000,0.0000,0.0000,0.0000,0.0000,0.0000,0.0000,0.0000,0.0000,0.0000,0.0000,0.0000,0.0000,0.0000,0.0000,0.0000,0.0000,0.0000,0.0000,0.0000,0.0000,0.0000,0.0000,0.0000,0.0000,0.0000,0.0000,0.0000,0.0000,0.0000,0.0000,0.0000,0.0000,0.0000,0.0000,0.0000,0.0000,0.0000,0.0000,0.0000,0.0000,
2.6648,RLFSMStatePassive,0.0000,0.0000,0.0000,0.0000,0.0000,0.0000,0.0000,0.0000,0.0000,0.0000,0.0000,0.0000,0.0000,0.0000,0.0000,0.0000,0.0000,0.0000,0.0000,0.0000,0.0000,0.0000,0.0000,0.0000,0.0000,0.0000,0.0000,0.0000,0.0000,0.0000,0.0000,0.0000,0.0000,0.0000,0.0000,0.0000,0.0000,0.0000,0.0000,0.0000,0.0000,0.0000,0.0000,0.0000,0.0000,0.0000,0.0000,0.0000,0.0000,0.0000,0.0000,0.0000,0.0000,0.0000,0.0000,0.0000,0.0000,0.0000,0.0000,0.0000,0.0000,0.0000,0.0000,0.0000,0.0000,0.0000,0.0000,0.0000,0.0000,0.0000,0.0000,0.0000,0.0000,0.0000,0.0000,0.0000,0.0000,0.0000,0.0000,0.0000,0.0000,0.0000,0.0000,0.0000,0.0000,0.0000,0.0000,0.0000,0.0000,0.0000,0.0000,0.0000,0.0000,0.0000,0.0000,0.0000,0.0000,0.0000,0.0000,0.0000,0.0000,0.0000,0.0000,0.0000,0.0000,0.0000,0.0000,0.0000,0.0000,0.0000,0.0000,0.0000,0.0000,0.0000,0.0000,0.0000,0.0000,0.0000,0.0000,0.0000,0.0000,0.0000,0.0000,0.0000,0.0000,0.0000,
2.6849,RLFSMStatePassive,0.0000,0.0000,0.0000,0.0000,0.0000,0.0000,0.0000,0.0000,0.0000,0.0000,0.0000,0.0000,0.0000,0.0000,0.0000,0.0000,0.0000,0.0000,0.0000,0.0000,0.0000,0.0000,0.0000,0.0000,0.0000,0.0000,0.0000,0.0000,0.0000,0.0000,0.0000,0.0000,0.0000,0.0000,0.0000,0.0000,0.0000,0.0000,0.0000,0.0000,0.0000,0.0000,0.0000,0.0000,0.0000,0.0000,0.0000,0.0000,0.0000,0.0000,0.0000,0.0000,0.0000,0.0000,0.0000,0.0000,0.0000,0.0000,0.0000,0.0000,0.0000,0.0000,0.0000,0.0000,0.0000,0.0000,0.0000,0.0000,0.0000,0.0000,0.0000,0.0000,0.0000,0.0000,0.0000,0.0000,0.0000,0.0000,0.0000,0.0000,0.0000,0.0000,0.0000,0.0000,0.0000,0.0000,0.0000,0.0000,0.0000,0.0000,0.0000,0.0000,0.0000,0.0000,0.0000,0.0000,0.0000,0.0000,0.0000,0.0000,0.0000,0.0000,0.0000,0.0000,0.0000,0.0000,0.0000,0.0000,0.0000,0.0000,0.0000,0.0000,0.0000,0.0000,0.0000,0.0000,0.0000,0.0000,0.0000,0.0000,0.0000,0.0000,0.0000,0.0000,0.0000,0.0000,
2.7052,RLFSMStatePassive,0.0000,0.0000,0.0000,0.0000,0.0000,0.0000,0.0000,0.0000,0.0000,0.0000,0.0000,0.0000,0.0000,0.0000,0.0000,0.0000,0.0000,0.0000,0.0000,0.0000,0.0000,0.0000,0.0000,0.0000,0.0000,0.0000,0.0000,0.0000,0.0000,0.0000,0.0000,0.0000,0.0000,0.0000,0.0000,0.0000,0.0000,0.0000,0.0000,0.0000,0.0000,0.0000,0.0000,0.0000,0.0000,0.0000,0.0000,0.0000,0.0000,0.0000,0.0000,0.0000,0.0000,0.0000,0.0000,0.0000,0.0000,0.0000,0.0000,0.0000,0.0000,0.0000,0.0000,0.0000,0.0000,0.0000,0.0000,0.0000,0.0000,0.0000,0.0000,0.0000,0.0000,0.0000,0.0000,0.0000,0.0000,0.0000,0.0000,0.0000,0.0000,0.0000,0.0000,0.0000,0.0000,0.0000,0.0000,0.0000,0.0000,0.0000,0.0000,0.0000,0.0000,0.0000,0.0000,0.0000,0.0000,0.0000,0.0000,0.0000,0.0000,0.0000,0.0000,0.0000,0.0000,0.0000,0.0000,0.0000,0.0000,0.0000,0.0000,0.0000,0.0000,0.0000,0.0000,0.0000,0.0000,0.0000,0.0000,0.0000,0.0000,0.0000,0.0000,0.0000,0.0000,0.0000,
2.7254,RLFSMStatePassive,0.0000,0.0000,0.0000,0.0000,0.0000,0.0000,0.0000,0.0000,0.0000,0.0000,0.0000,0.0000,0.0000,0.0000,0.0000,0.0000,0.0000,0.0000,0.0000,0.0000,0.0000,0.0000,0.0000,0.0000,0.0000,0.0000,0.0000,0.0000,0.0000,0.0000,0.0000,0.0000,0.0000,0.0000,0.0000,0.0000,0.0000,0.0000,0.0000,0.0000,0.0000,0.0000,0.0000,0.0000,0.0000,0.0000,0.0000,0.0000,0.0000,0.0000,0.0000,0.0000,0.0000,0.0000,0.0000,0.0000,0.0000,0.0000,0.0000,0.0000,0.0000,0.0000,0.0000,0.0000,0.0000,0.0000,0.0000,0.0000,0.0000,0.0000,0.0000,0.0000,0.0000,0.0000,0.0000,0.0000,0.0000,0.0000,0.0000,0.0000,0.0000,0.0000,0.0000,0.0000,0.0000,0.0000,0.0000,0.0000,0.0000,0.0000,0.0000,0.0000,0.0000,0.0000,0.0000,0.0000,0.0000,0.0000,0.0000,0.0000,0.0000,0.0000,0.0000,0.0000,0.0000,0.0000,0.0000,0.0000,0.0000,0.0000,0.0000,0.0000,0.0000,0.0000,0.0000,0.0000,0.0000,0.0000,0.0000,0.0000,0.0000,0.0000,0.0000,0.0000,0.0000,0.0000,
2.7457,RLFSMStatePassive,0.0000,0.0000,0.0000,0.0000,0.0000,0.0000,0.0000,0.0000,0.0000,0.0000,0.0000,0.0000,0.0000,0.0000,0.0000,0.0000,0.0000,0.0000,0.0000,0.0000,0.0000,0.0000,0.0000,0.0000,0.0000,0.0000,0.0000,0.0000,0.0000,0.0000,0.0000,0.0000,0.0000,0.0000,0.0000,0.0000,0.0000,0.0000,0.0000,0.0000,0.0000,0.0000,0.0000,0.0000,0.0000,0.0000,0.0000,0.0000,0.0000,0.0000,0.0000,0.0000,0.0000,0.0000,0.0000,0.0000,0.0000,0.0000,0.0000,0.0000,0.0000,0.0000,0.0000,0.0000,0.0000,0.0000,0.0000,0.0000,0.0000,0.0000,0.0000,0.0000,0.0000,0.0000,0.0000,0.0000,0.0000,0.0000,0.0000,0.0000,0.0000,0.0000,0.0000,0.0000,0.0000,0.0000,0.0000,0.0000,0.0000,0.0000,0.0000,0.0000,0.0000,0.0000,0.0000,0.0000,0.0000,0.0000,0.0000,0.0000,0.0000,0.0000,0.0000,0.0000,0.0000,0.0000,0.0000,0.0000,0.0000,0.0000,0.0000,0.0000,0.0000,0.0000,0.0000,0.0000,0.0000,0.0000,0.0000,0.0000,0.0000,0.0000,0.0000,0.0000,0.0000,0.0000,
2.7659,RLFSMStatePassive,0.0000,0.0000,0.0000,0.0000,0.0000,0.0000,0.0000,0.0000,0.0000,0.0000,0.0000,0.0000,0.0000,0.0000,0.0000,0.0000,0.0000,0.0000,0.0000,0.0000,0.0000,0.0000,0.0000,0.0000,0.0000,0.0000,0.0000,0.0000,0.0000,0.0000,0.0000,0.0000,0.0000,0.0000,0.0000,0.0000,0.0000,0.0000,0.0000,0.0000,0.0000,0.0000,0.0000,0.0000,0.0000,0.0000,0.0000,0.0000,0.0000,0.0000,0.0000,0.0000,0.0000,0.0000,0.0000,0.0000,0.0000,0.0000,0.0000,0.0000,0.0000,0.0000,0.0000,0.0000,0.0000,0.0000,0.0000,0.0000,0.0000,0.0000,0.0000,0.0000,0.0000,0.0000,0.0000,0.0000,0.0000,0.0000,0.0000,0.0000,0.0000,0.0000,0.0000,0.0000,0.0000,0.0000,0.0000,0.0000,0.0000,0.0000,0.0000,0.0000,0.0000,0.0000,0.0000,0.0000,0.0000,0.0000,0.0000,0.0000,0.0000,0.0000,0.0000,0.0000,0.0000,0.0000,0.0000,0.0000,0.0000,0.0000,0.0000,0.0000,0.0000,0.0000,0.0000,0.0000,0.0000,0.0000,0.0000,0.0000,0.0000,0.0000,0.0000,0.0000,0.0000,0.0000,
2.7860,RLFSMStatePassive,0.0000,0.0000,0.0000,0.0000,0.0000,0.0000,0.0000,0.0000,0.0000,0.0000,0.0000,0.0000,0.0000,0.0000,0.0000,0.0000,0.0000,0.0000,0.0000,0.0000,0.0000,0.0000,0.0000,0.0000,0.0000,0.0000,0.0000,0.0000,0.0000,0.0000,0.0000,0.0000,0.0000,0.0000,0.0000,0.0000,0.0000,0.0000,0.0000,0.0000,0.0000,0.0000,0.0000,0.0000,0.0000,0.0000,0.0000,0.0000,0.0000,0.0000,0.0000,0.0000,0.0000,0.0000,0.0000,0.0000,0.0000,0.0000,0.0000,0.0000,0.0000,0.0000,0.0000,0.0000,0.0000,0.0000,0.0000,0.0000,0.0000,0.0000,0.0000,0.0000,0.0000,0.0000,0.0000,0.0000,0.0000,0.0000,0.0000,0.0000,0.0000,0.0000,0.0000,0.0000,0.0000,0.0000,0.0000,0.0000,0.0000,0.0000,0.0000,0.0000,0.0000,0.0000,0.0000,0.0000,0.0000,0.0000,0.0000,0.0000,0.0000,0.0000,0.0000,0.0000,0.0000,0.0000,0.0000,0.0000,0.0000,0.0000,0.0000,0.0000,0.0000,0.0000,0.0000,0.0000,0.0000,0.0000,0.0000,0.0000,0.0000,0.0000,0.0000,0.0000,0.0000,0.0000,
2.8062,RLFSMStatePassive,0.0000,0.0000,0.0000,0.0000,0.0000,0.0000,0.0000,0.0000,0.0000,0.0000,0.0000,0.0000,0.0000,0.0000,0.0000,0.0000,0.0000,0.0000,0.0000,0.0000,0.0000,0.0000,0.0000,0.0000,0.0000,0.0000,0.0000,0.0000,0.0000,0.0000,0.0000,0.0000,0.0000,0.0000,0.0000,0.0000,0.0000,0.0000,0.0000,0.0000,0.0000,0.0000,0.0000,0.0000,0.0000,0.0000,0.0000,0.0000,0.0000,0.0000,0.0000,0.0000,0.0000,0.0000,0.0000,0.0000,0.0000,0.0000,0.0000,0.0000,0.0000,0.0000,0.0000,0.0000,0.0000,0.0000,0.0000,0.0000,0.0000,0.0000,0.0000,0.0000,0.0000,0.0000,0.0000,0.0000,0.0000,0.0000,0.0000,0.0000,0.0000,0.0000,0.0000,0.0000,0.0000,0.0000,0.0000,0.0000,0.0000,0.0000,0.0000,0.0000,0.0000,0.0000,0.0000,0.0000,0.0000,0.0000,0.0000,0.0000,0.0000,0.0000,0.0000,0.0000,0.0000,0.0000,0.0000,0.0000,0.0000,0.0000,0.0000,0.0000,0.0000,0.0000,0.0000,0.0000,0.0000,0.0000,0.0000,0.0000,0.0000,0.0000,0.0000,0.0000,0.0000,0.0000,
2.8263,RLFSMStatePassive,0.0000,0.0000,0.0000,0.0000,0.0000,0.0000,0.0000,0.0000,0.0000,0.0000,0.0000,0.0000,0.0000,0.0000,0.0000,0.0000,0.0000,0.0000,0.0000,0.0000,0.0000,0.0000,0.0000,0.0000,0.0000,0.0000,0.0000,0.0000,0.0000,0.0000,0.0000,0.0000,0.0000,0.0000,0.0000,0.0000,0.0000,0.0000,0.0000,0.0000,0.0000,0.0000,0.0000,0.0000,0.0000,0.0000,0.0000,0.0000,0.0000,0.0000,0.0000,0.0000,0.0000,0.0000,0.0000,0.0000,0.0000,0.0000,0.0000,0.0000,0.0000,0.0000,0.0000,0.0000,0.0000,0.0000,0.0000,0.0000,0.0000,0.0000,0.0000,0.0000,0.0000,0.0000,0.0000,0.0000,0.0000,0.0000,0.0000,0.0000,0.0000,0.0000,0.0000,0.0000,0.0000,0.0000,0.0000,0.0000,0.0000,0.0000,0.0000,0.0000,0.0000,0.0000,0.0000,0.0000,0.0000,0.0000,0.0000,0.0000,0.0000,0.0000,0.0000,0.0000,0.0000,0.0000,0.0000,0.0000,0.0000,0.0000,0.0000,0.0000,0.0000,0.0000,0.0000,0.0000,0.0000,0.0000,0.0000,0.0000,0.0000,0.0000,0.0000,0.0000,0.0000,0.0000,
2.8466,RLFSMStatePassive,0.0000,0.0000,0.0000,0.0000,0.0000,0.0000,0.0000,0.0000,0.0000,0.0000,0.0000,0.0000,0.0000,0.0000,0.0000,0.0000,0.0000,0.0000,0.0000,0.0000,0.0000,0.0000,0.0000,0.0000,0.0000,0.0000,0.0000,0.0000,0.0000,0.0000,0.0000,0.0000,0.0000,0.0000,0.0000,0.0000,0.0000,0.0000,0.0000,0.0000,0.0000,0.0000,0.0000,0.0000,0.0000,0.0000,0.0000,0.0000,0.0000,0.0000,0.0000,0.0000,0.0000,0.0000,0.0000,0.0000,0.0000,0.0000,0.0000,0.0000,0.0000,0.0000,0.0000,0.0000,0.0000,0.0000,0.0000,0.0000,0.0000,0.0000,0.0000,0.0000,0.0000,0.0000,0.0000,0.0000,0.0000,0.0000,0.0000,0.0000,0.0000,0.0000,0.0000,0.0000,0.0000,0.0000,0.0000,0.0000,0.0000,0.0000,0.0000,0.0000,0.0000,0.0000,0.0000,0.0000,0.0000,0.0000,0.0000,0.0000,0.0000,0.0000,0.0000,0.0000,0.0000,0.0000,0.0000,0.0000,0.0000,0.0000,0.0000,0.0000,0.0000,0.0000,0.0000,0.0000,0.0000,0.0000,0.0000,0.0000,0.0000,0.0000,0.0000,0.0000,0.0000,0.0000,
2.8669,RLFSMStatePassive,0.0000,0.0000,0.0000,0.0000,0.0000,0.0000,0.0000,0.0000,0.0000,0.0000,0.0000,0.0000,0.0000,0.0000,0.0000,0.0000,0.0000,0.0000,0.0000,0.0000,0.0000,0.0000,0.0000,0.0000,0.0000,0.0000,0.0000,0.0000,0.0000,0.0000,0.0000,0.0000,0.0000,0.0000,0.0000,0.0000,0.0000,0.0000,0.0000,0.0000,0.0000,0.0000,0.0000,0.0000,0.0000,0.0000,0.0000,0.0000,0.0000,0.0000,0.0000,0.0000,0.0000,0.0000,0.0000,0.0000,0.0000,0.0000,0.0000,0.0000,0.0000,0.0000,0.0000,0.0000,0.0000,0.0000,0.0000,0.0000,0.0000,0.0000,0.0000,0.0000,0.0000,0.0000,0.0000,0.0000,0.0000,0.0000,0.0000,0.0000,0.0000,0.0000,0.0000,0.0000,0.0000,0.0000,0.0000,0.0000,0.0000,0.0000,0.0000,0.0000,0.0000,0.0000,0.0000,0.0000,0.0000,0.0000,0.0000,0.0000,0.0000,0.0000,0.0000,0.0000,0.0000,0.0000,0.0000,0.0000,0.0000,0.0000,0.0000,0.0000,0.0000,0.0000,0.0000,0.0000,0.0000,0.0000,0.0000,0.0000,0.0000,0.0000,0.0000,0.0000,0.0000,0.0000,
2.8870,RLFSMStatePassive,0.0000,0.0000,0.0000,0.0000,0.0000,0.0000,0.0000,0.0000,0.0000,0.0000,0.0000,0.0000,0.0000,0.0000,0.0000,0.0000,0.0000,0.0000,0.0000,0.0000,0.0000,0.0000,0.0000,0.0000,0.0000,0.0000,0.0000,0.0000,0.0000,0.0000,0.0000,0.0000,0.0000,0.0000,0.0000,0.0000,0.0000,0.0000,0.0000,0.0000,0.0000,0.0000,0.0000,0.0000,0.0000,0.0000,0.0000,0.0000,0.0000,0.0000,0.0000,0.0000,0.0000,0.0000,0.0000,0.0000,0.0000,0.0000,0.0000,0.0000,0.0000,0.0000,0.0000,0.0000,0.0000,0.0000,0.0000,0.0000,0.0000,0.0000,0.0000,0.0000,0.0000,0.0000,0.0000,0.0000,0.0000,0.0000,0.0000,0.0000,0.0000,0.0000,0.0000,0.0000,0.0000,0.0000,0.0000,0.0000,0.0000,0.0000,0.0000,0.0000,0.0000,0.0000,0.0000,0.0000,0.0000,0.0000,0.0000,0.0000,0.0000,0.0000,0.0000,0.0000,0.0000,0.0000,0.0000,0.0000,0.0000,0.0000,0.0000,0.0000,0.0000,0.0000,0.0000,0.0000,0.0000,0.0000,0.0000,0.0000,0.0000,0.0000,0.0000,0.0000,0.0000,0.0000,
2.9073,RLFSMStatePassive,0.0000,0.0000,0.0000,0.0000,0.0000,0.0000,0.0000,0.0000,0.0000,0.0000,0.0000,0.0000,0.0000,0.0000,0.0000,0.0000,0.0000,0.0000,0.0000,0.0000,0.0000,0.0000,0.0000,0.0000,0.0000,0.0000,0.0000,0.0000,0.0000,0.0000,0.0000,0.0000,0.0000,0.0000,0.0000,0.0000,0.0000,0.0000,0.0000,0.0000,0.0000,0.0000,0.0000,0.0000,0.0000,0.0000,0.0000,0.0000,0.0000,0.0000,0.0000,0.0000,0.0000,0.0000,0.0000,0.0000,0.0000,0.0000,0.0000,0.0000,0.0000,0.0000,0.0000,0.0000,0.0000,0.0000,0.0000,0.0000,0.0000,0.0000,0.0000,0.0000,0.0000,0.0000,0.0000,0.0000,0.0000,0.0000,0.0000,0.0000,0.0000,0.0000,0.0000,0.0000,0.0000,0.0000,0.0000,0.0000,0.0000,0.0000,0.0000,0.0000,0.0000,0.0000,0.0000,0.0000,0.0000,0.0000,0.0000,0.0000,0.0000,0.0000,0.0000,0.0000,0.0000,0.0000,0.0000,0.0000,0.0000,0.0000,0.0000,0.0000,0.0000,0.0000,0.0000,0.0000,0.0000,0.0000,0.0000,0.0000,0.0000,0.0000,0.0000,0.0000,0.0000,0.0000,
2.9276,RLFSMStatePassive,0.0000,0.0000,0.0000,0.0000,0.0000,0.0000,0.0000,0.0000,0.0000,0.0000,0.0000,0.0000,0.0000,0.0000,0.0000,0.0000,0.0000,0.0000,0.0000,0.0000,0.0000,0.0000,0.0000,0.0000,0.0000,0.0000,0.0000,0.0000,0.0000,0.0000,0.0000,0.0000,0.0000,0.0000,0.0000,0.0000,0.0000,0.0000,0.0000,0.0000,0.0000,0.0000,0.0000,0.0000,0.0000,0.0000,0.0000,0.0000,0.0000,0.0000,0.0000,0.0000,0.0000,0.0000,0.0000,0.0000,0.0000,0.0000,0.0000,0.0000,0.0000,0.0000,0.0000,0.0000,0.0000,0.0000,0.0000,0.0000,0.0000,0.0000,0.0000,0.0000,0.0000,0.0000,0.0000,0.0000,0.0000,0.0000,0.0000,0.0000,0.0000,0.0000,0.0000,0.0000,0.0000,0.0000,0.0000,0.0000,0.0000,0.0000,0.0000,0.0000,0.0000,0.0000,0.0000,0.0000,0.0000,0.0000,0.0000,0.0000,0.0000,0.0000,0.0000,0.0000,0.0000,0.0000,0.0000,0.0000,0.0000,0.0000,0.0000,0.0000,0.0000,0.0000,0.0000,0.0000,0.0000,0.0000,0.0000,0.0000,0.0000,0.0000,0.0000,0.0000,0.0000,0.0000,
2.9479,RLFSMStatePassive,0.0000,0.0000,0.0000,0.0000,0.0000,0.0000,0.0000,0.0000,0.0000,0.0000,0.0000,0.0000,0.0000,0.0000,0.0000,0.0000,0.0000,0.0000,0.0000,0.0000,0.0000,0.0000,0.0000,0.0000,0.0000,0.0000,0.0000,0.0000,0.0000,0.0000,0.0000,0.0000,0.0000,0.0000,0.0000,0.0000,0.0000,0.0000,0.0000,0.0000,0.0000,0.0000,0.0000,0.0000,0.0000,0.0000,0.0000,0.0000,0.0000,0.0000,0.0000,0.0000,0.0000,0.0000,0.0000,0.0000,0.0000,0.0000,0.0000,0.0000,0.0000,0.0000,0.0000,0.0000,0.0000,0.0000,0.0000,0.0000,0.0000,0.0000,0.0000,0.0000,0.0000,0.0000,0.0000,0.0000,0.0000,0.0000,0.0000,0.0000,0.0000,0.0000,0.0000,0.0000,0.0000,0.0000,0.0000,0.0000,0.0000,0.0000,0.0000,0.0000,0.0000,0.0000,0.0000,0.0000,0.0000,0.0000,0.0000,0.0000,0.0000,0.0000,0.0000,0.0000,0.0000,0.0000,0.0000,0.0000,0.0000,0.0000,0.0000,0.0000,0.0000,0.0000,0.0000,0.0000,0.0000,0.0000,0.0000,0.0000,0.0000,0.0000,0.0000,0.0000,0.0000,0.0000,
2.9682,RLFSMStatePassive,0.0000,0.0000,0.0000,0.0000,0.0000,0.0000,0.0000,0.0000,0.0000,0.0000,0.0000,0.0000,0.0000,0.0000,0.0000,0.0000,0.0000,0.0000,0.0000,0.0000,0.0000,0.0000,0.0000,0.0000,0.0000,0.0000,0.0000,0.0000,0.0000,0.0000,0.0000,0.0000,0.0000,0.0000,0.0000,0.0000,0.0000,0.0000,0.0000,0.0000,0.0000,0.0000,0.0000,0.0000,0.0000,0.0000,0.0000,0.0000,0.0000,0.0000,0.0000,0.0000,0.0000,0.0000,0.0000,0.0000,0.0000,0.0000,0.0000,0.0000,0.0000,0.0000,0.0000,0.0000,0.0000,0.0000,0.0000,0.0000,0.0000,0.0000,0.0000,0.0000,0.0000,0.0000,0.0000,0.0000,0.0000,0.0000,0.0000,0.0000,0.0000,0.0000,0.0000,0.0000,0.0000,0.0000,0.0000,0.0000,0.0000,0.0000,0.0000,0.0000,0.0000,0.0000,0.0000,0.0000,0.0000,0.0000,0.0000,0.0000,0.0000,0.0000,0.0000,0.0000,0.0000,0.0000,0.0000,0.0000,0.0000,0.0000,0.0000,0.0000,0.0000,0.0000,0.0000,0.0000,0.0000,0.0000,0.0000,0.0000,0.0000,0.0000,0.0000,0.0000,0.0000,0.0000,
2.9884,RLFSMStatePassive,0.0000,0.0000,0.0000,0.0000,0.0000,0.0000,0.0000,0.0000,0.0000,0.0000,0.0000,0.0000,0.0000,0.0000,0.0000,0.0000,0.0000,0.0000,0.0000,0.0000,0.0000,0.0000,0.0000,0.0000,0.0000,0.0000,0.0000,0.0000,0.0000,0.0000,0.0000,0.0000,0.0000,0.0000,0.0000,0.0000,0.0000,0.0000,0.0000,0.0000,0.0000,0.0000,0.0000,0.0000,0.0000,0.0000,0.0000,0.0000,0.0000,0.0000,0.0000,0.0000,0.0000,0.0000,0.0000,0.0000,0.0000,0.0000,0.0000,0.0000,0.0000,0.0000,0.0000,0.0000,0.0000,0.0000,0.0000,0.0000,0.0000,0.0000,0.0000,0.0000,0.0000,0.0000,0.0000,0.0000,0.0000,0.0000,0.0000,0.0000,0.0000,0.0000,0.0000,0.0000,0.0000,0.0000,0.0000,0.0000,0.0000,0.0000,0.0000,0.0000,0.0000,0.0000,0.0000,0.0000,0.0000,0.0000,0.0000,0.0000,0.0000,0.0000,0.0000,0.0000,0.0000,0.0000,0.0000,0.0000,0.0000,0.0000,0.0000,0.0000,0.0000,0.0000,0.0000,0.0000,0.0000,0.0000,0.0000,0.0000,0.0000,0.0000,0.0000,0.0000,0.0000,0.0000,
3.0087,RLFSMStatePassive,0.0000,0.0000,0.0000,0.0000,0.0000,0.0000,0.0000,0.0000,0.0000,0.0000,0.0000,0.0000,0.0000,0.0000,0.0000,0.0000,0.0000,0.0000,0.0000,0.0000,0.0000,0.0000,0.0000,0.0000,0.0000,0.0000,0.0000,0.0000,0.0000,0.0000,0.0000,0.0000,0.0000,0.0000,0.0000,0.0000,0.0000,0.0000,0.0000,0.0000,0.0000,0.0000,0.0000,0.0000,0.0000,0.0000,0.0000,0.0000,0.0000,0.0000,0.0000,0.0000,0.0000,0.0000,0.0000,0.0000,0.0000,0.0000,0.0000,0.0000,0.0000,0.0000,0.0000,0.0000,0.0000,0.0000,0.0000,0.0000,0.0000,0.0000,0.0000,0.0000,0.0000,0.0000,0.0000,0.0000,0.0000,0.0000,0.0000,0.0000,0.0000,0.0000,0.0000,0.0000,0.0000,0.0000,0.0000,0.0000,0.0000,0.0000,0.0000,0.0000,0.0000,0.0000,0.0000,0.0000,0.0000,0.0000,0.0000,0.0000,0.0000,0.0000,0.0000,0.0000,0.0000,0.0000,0.0000,0.0000,0.0000,0.0000,0.0000,0.0000,0.0000,0.0000,0.0000,0.0000,0.0000,0.0000,0.0000,0.0000,0.0000,0.0000,0.0000,0.0000,0.0000,0.0000,
3.0289,RLFSMStatePassive,0.0000,0.0000,0.0000,0.0000,0.0000,0.0000,0.0000,0.0000,0.0000,0.0000,0.0000,0.0000,0.0000,0.0000,0.0000,0.0000,0.0000,0.0000,0.0000,0.0000,0.0000,0.0000,0.0000,0.0000,0.0000,0.0000,0.0000,0.0000,0.0000,0.0000,0.0000,0.0000,0.0000,0.0000,0.0000,0.0000,0.0000,0.0000,0.0000,0.0000,0.0000,0.0000,0.0000,0.0000,0.0000,0.0000,0.0000,0.0000,0.0000,0.0000,0.0000,0.0000,0.0000,0.0000,0.0000,0.0000,0.0000,0.0000,0.0000,0.0000,0.0000,0.0000,0.0000,0.0000,0.0000,0.0000,0.0000,0.0000,0.0000,0.0000,0.0000,0.0000,0.0000,0.0000,0.0000,0.0000,0.0000,0.0000,0.0000,0.0000,0.0000,0.0000,0.0000,0.0000,0.0000,0.0000,0.0000,0.0000,0.0000,0.0000,0.0000,0.0000,0.0000,0.0000,0.0000,0.0000,0.0000,0.0000,0.0000,0.0000,0.0000,0.0000,0.0000,0.0000,0.0000,0.0000,0.0000,0.0000,0.0000,0.0000,0.0000,0.0000,0.0000,0.0000,0.0000,0.0000,0.0000,0.0000,0.0000,0.0000,0.0000,0.0000,0.0000,0.0000,0.0000,0.0000,
3.0492,RLFSMStatePassive,0.0000,0.0000,0.0000,0.0000,0.0000,0.0000,0.0000,0.0000,0.0000,0.0000,0.0000,0.0000,0.0000,0.0000,0.0000,0.0000,0.0000,0.0000,0.0000,0.0000,0.0000,0.0000,0.0000,0.0000,0.0000,0.0000,0.0000,0.0000,0.0000,0.0000,0.0000,0.0000,0.0000,0.0000,0.0000,0.0000,0.0000,0.0000,0.0000,0.0000,0.0000,0.0000,0.0000,0.0000,0.0000,0.0000,0.0000,0.0000,0.0000,0.0000,0.0000,0.0000,0.0000,0.0000,0.0000,0.0000,0.0000,0.0000,0.0000,0.0000,0.0000,0.0000,0.0000,0.0000,0.0000,0.0000,0.0000,0.0000,0.0000,0.0000,0.0000,0.0000,0.0000,0.0000,0.0000,0.0000,0.0000,0.0000,0.0000,0.0000,0.0000,0.0000,0.0000,0.0000,0.0000,0.0000,0.0000,0.0000,0.0000,0.0000,0.0000,0.0000,0.0000,0.0000,0.0000,0.0000,0.0000,0.0000,0.0000,0.0000,0.0000,0.0000,0.0000,0.0000,0.0000,0.0000,0.0000,0.0000,0.0000,0.0000,0.0000,0.0000,0.0000,0.0000,0.0000,0.0000,0.0000,0.0000,0.0000,0.0000,0.0000,0.0000,0.0000,0.0000,0.0000,0.0000,
3.0694,RLFSMStatePassive,0.0000,0.0000,0.0000,0.0000,0.0000,0.0000,0.0000,0.0000,0.0000,0.0000,0.0000,0.0000,0.0000,0.0000,0.0000,0.0000,0.0000,0.0000,0.0000,0.0000,0.0000,0.0000,0.0000,0.0000,0.0000,0.0000,0.0000,0.0000,0.0000,0.0000,0.0000,0.0000,0.0000,0.0000,0.0000,0.0000,0.0000,0.0000,0.0000,0.0000,0.0000,0.0000,0.0000,0.0000,0.0000,0.0000,0.0000,0.0000,0.0000,0.0000,0.0000,0.0000,0.0000,0.0000,0.0000,0.0000,0.0000,0.0000,0.0000,0.0000,0.0000,0.0000,0.0000,0.0000,0.0000,0.0000,0.0000,0.0000,0.0000,0.0000,0.0000,0.0000,0.0000,0.0000,0.0000,0.0000,0.0000,0.0000,0.0000,0.0000,0.0000,0.0000,0.0000,0.0000,0.0000,0.0000,0.0000,0.0000,0.0000,0.0000,0.0000,0.0000,0.0000,0.0000,0.0000,0.0000,0.0000,0.0000,0.0000,0.0000,0.0000,0.0000,0.0000,0.0000,0.0000,0.0000,0.0000,0.0000,0.0000,0.0000,0.0000,0.0000,0.0000,0.0000,0.0000,0.0000,0.0000,0.0000,0.0000,0.0000,0.0000,0.0000,0.0000,0.0000,0.0000,0.0000,
3.0897,RLFSMStatePassive,0.0000,0.0000,0.0000,0.0000,0.0000,0.0000,0.0000,0.0000,0.0000,0.0000,0.0000,0.0000,0.0000,0.0000,0.0000,0.0000,0.0000,0.0000,0.0000,0.0000,0.0000,0.0000,0.0000,0.0000,0.0000,0.0000,0.0000,0.0000,0.0000,0.0000,0.0000,0.0000,0.0000,0.0000,0.0000,0.0000,0.0000,0.0000,0.0000,0.0000,0.0000,0.0000,0.0000,0.0000,0.0000,0.0000,0.0000,0.0000,0.0000,0.0000,0.0000,0.0000,0.0000,0.0000,0.0000,0.0000,0.0000,0.0000,0.0000,0.0000,0.0000,0.0000,0.0000,0.0000,0.0000,0.0000,0.0000,0.0000,0.0000,0.0000,0.0000,0.0000,0.0000,0.0000,0.0000,0.0000,0.0000,0.0000,0.0000,0.0000,0.0000,0.0000,0.0000,0.0000,0.0000,0.0000,0.0000,0.0000,0.0000,0.0000,0.0000,0.0000,0.0000,0.0000,0.0000,0.0000,0.0000,0.0000,0.0000,0.0000,0.0000,0.0000,0.0000,0.0000,0.0000,0.0000,0.0000,0.0000,0.0000,0.0000,0.0000,0.0000,0.0000,0.0000,0.0000,0.0000,0.0000,0.0000,0.0000,0.0000,0.0000,0.0000,0.0000,0.0000,0.0000,0.0000,
3.1099,RLFSMStatePassive,0.0000,0.0000,0.0000,0.0000,0.0000,0.0000,0.0000,0.0000,0.0000,0.0000,0.0000,0.0000,0.0000,0.0000,0.0000,0.0000,0.0000,0.0000,0.0000,0.0000,0.0000,0.0000,0.0000,0.0000,0.0000,0.0000,0.0000,0.0000,0.0000,0.0000,0.0000,0.0000,0.0000,0.0000,0.0000,0.0000,0.0000,0.0000,0.0000,0.0000,0.0000,0.0000,0.0000,0.0000,0.0000,0.0000,0.0000,0.0000,0.0000,0.0000,0.0000,0.0000,0.0000,0.0000,0.0000,0.0000,0.0000,0.0000,0.0000,0.0000,0.0000,0.0000,0.0000,0.0000,0.0000,0.0000,0.0000,0.0000,0.0000,0.0000,0.0000,0.0000,0.0000,0.0000,0.0000,0.0000,0.0000,0.0000,0.0000,0.0000,0.0000,0.0000,0.0000,0.0000,0.0000,0.0000,0.0000,0.0000,0.0000,0.0000,0.0000,0.0000,0.0000,0.0000,0.0000,0.0000,0.0000,0.0000,0.0000,0.0000,0.0000,0.0000,0.0000,0.0000,0.0000,0.0000,0.0000,0.0000,0.0000,0.0000,0.0000,0.0000,0.0000,0.0000,0.0000,0.0000,0.0000,0.0000,0.0000,0.0000,0.0000,0.0000,0.0000,0.0000,0.0000,0.0000,
3.1302,RLFSMStatePassive,0.0000,0.0000,0.0000,0.0000,0.0000,0.0000,0.0000,0.0000,0.0000,0.0000,0.0000,0.0000,0.0000,0.0000,0.0000,0.0000,0.0000,0.0000,0.0000,0.0000,0.0000,0.0000,0.0000,0.0000,0.0000,0.0000,0.0000,0.0000,0.0000,0.0000,0.0000,0.0000,0.0000,0.0000,0.0000,0.0000,0.0000,0.0000,0.0000,0.0000,0.0000,0.0000,0.0000,0.0000,0.0000,0.0000,0.0000,0.0000,0.0000,0.0000,0.0000,0.0000,0.0000,0.0000,0.0000,0.0000,0.0000,0.0000,0.0000,0.0000,0.0000,0.0000,0.0000,0.0000,0.0000,0.0000,0.0000,0.0000,0.0000,0.0000,0.0000,0.0000,0.0000,0.0000,0.0000,0.0000,0.0000,0.0000,0.0000,0.0000,0.0000,0.0000,0.0000,0.0000,0.0000,0.0000,0.0000,0.0000,0.0000,0.0000,0.0000,0.0000,0.0000,0.0000,0.0000,0.0000,0.0000,0.0000,0.0000,0.0000,0.0000,0.0000,0.0000,0.0000,0.0000,0.0000,0.0000,0.0000,0.0000,0.0000,0.0000,0.0000,0.0000,0.0000,0.0000,0.0000,0.0000,0.0000,0.0000,0.0000,0.0000,0.0000,0.0000,0.0000,0.0000,0.0000,
3.1503,RLFSMStatePassive,0.0000,0.0000,0.0000,0.0000,0.0000,0.0000,0.0000,0.0000,0.0000,0.0000,0.0000,0.0000,0.0000,0.0000,0.0000,0.0000,0.0000,0.0000,0.0000,0.0000,0.0000,0.0000,0.0000,0.0000,0.0000,0.0000,0.0000,0.0000,0.0000,0.0000,0.0000,0.0000,0.0000,0.0000,0.0000,0.0000,0.0000,0.0000,0.0000,0.0000,0.0000,0.0000,0.0000,0.0000,0.0000,0.0000,0.0000,0.0000,0.0000,0.0000,0.0000,0.0000,0.0000,0.0000,0.0000,0.0000,0.0000,0.0000,0.0000,0.0000,0.0000,0.0000,0.0000,0.0000,0.0000,0.0000,0.0000,0.0000,0.0000,0.0000,0.0000,0.0000,0.0000,0.0000,0.0000,0.0000,0.0000,0.0000,0.0000,0.0000,0.0000,0.0000,0.0000,0.0000,0.0000,0.0000,0.0000,0.0000,0.0000,0.0000,0.0000,0.0000,0.0000,0.0000,0.0000,0.0000,0.0000,0.0000,0.0000,0.0000,0.0000,0.0000,0.0000,0.0000,0.0000,0.0000,0.0000,0.0000,0.0000,0.0000,0.0000,0.0000,0.0000,0.0000,0.0000,0.0000,0.0000,0.0000,0.0000,0.0000,0.0000,0.0000,0.0000,0.0000,0.0000,0.0000,
3.1705,RLFSMStatePassive,0.0000,0.0000,0.0000,0.0000,0.0000,0.0000,0.0000,0.0000,0.0000,0.0000,0.0000,0.0000,0.0000,0.0000,0.0000,0.0000,0.0000,0.0000,0.0000,0.0000,0.0000,0.0000,0.0000,0.0000,0.0000,0.0000,0.0000,0.0000,0.0000,0.0000,0.0000,0.0000,0.0000,0.0000,0.0000,0.0000,0.0000,0.0000,0.0000,0.0000,0.0000,0.0000,0.0000,0.0000,0.0000,0.0000,0.0000,0.0000,0.0000,0.0000,0.0000,0.0000,0.0000,0.0000,0.0000,0.0000,0.0000,0.0000,0.0000,0.0000,0.0000,0.0000,0.0000,0.0000,0.0000,0.0000,0.0000,0.0000,0.0000,0.0000,0.0000,0.0000,0.0000,0.0000,0.0000,0.0000,0.0000,0.0000,0.0000,0.0000,0.0000,0.0000,0.0000,0.0000,0.0000,0.0000,0.0000,0.0000,0.0000,0.0000,0.0000,0.0000,0.0000,0.0000,0.0000,0.0000,0.0000,0.0000,0.0000,0.0000,0.0000,0.0000,0.0000,0.0000,0.0000,0.0000,0.0000,0.0000,0.0000,0.0000,0.0000,0.0000,0.0000,0.0000,0.0000,0.0000,0.0000,0.0000,0.0000,0.0000,0.0000,0.0000,0.0000,0.0000,0.0000,0.0000,
3.1908,RLFSMStatePassive,0.0000,0.0000,0.0000,0.0000,0.0000,0.0000,0.0000,0.0000,0.0000,0.0000,0.0000,0.0000,0.0000,0.0000,0.0000,0.0000,0.0000,0.0000,0.0000,0.0000,0.0000,0.0000,0.0000,0.0000,0.0000,0.0000,0.0000,0.0000,0.0000,0.0000,0.0000,0.0000,0.0000,0.0000,0.0000,0.0000,0.0000,0.0000,0.0000,0.0000,0.0000,0.0000,0.0000,0.0000,0.0000,0.0000,0.0000,0.0000,0.0000,0.0000,0.0000,0.0000,0.0000,0.0000,0.0000,0.0000,0.0000,0.0000,0.0000,0.0000,0.0000,0.0000,0.0000,0.0000,0.0000,0.0000,0.0000,0.0000,0.0000,0.0000,0.0000,0.0000,0.0000,0.0000,0.0000,0.0000,0.0000,0.0000,0.0000,0.0000,0.0000,0.0000,0.0000,0.0000,0.0000,0.0000,0.0000,0.0000,0.0000,0.0000,0.0000,0.0000,0.0000,0.0000,0.0000,0.0000,0.0000,0.0000,0.0000,0.0000,0.0000,0.0000,0.0000,0.0000,0.0000,0.0000,0.0000,0.0000,0.0000,0.0000,0.0000,0.0000,0.0000,0.0000,0.0000,0.0000,0.0000,0.0000,0.0000,0.0000,0.0000,0.0000,0.0000,0.0000,0.0000,0.0000,
3.2109,RLFSMStatePassive,0.0000,0.0000,0.0000,0.0000,0.0000,0.0000,0.0000,0.0000,0.0000,0.0000,0.0000,0.0000,0.0000,0.0000,0.0000,0.0000,0.0000,0.0000,0.0000,0.0000,0.0000,0.0000,0.0000,0.0000,0.0000,0.0000,0.0000,0.0000,0.0000,0.0000,0.0000,0.0000,0.0000,0.0000,0.0000,0.0000,0.0000,0.0000,0.0000,0.0000,0.0000,0.0000,0.0000,0.0000,0.0000,0.0000,0.0000,0.0000,0.0000,0.0000,0.0000,0.0000,0.0000,0.0000,0.0000,0.0000,0.0000,0.0000,0.0000,0.0000,0.0000,0.0000,0.0000,0.0000,0.0000,0.0000,0.0000,0.0000,0.0000,0.0000,0.0000,0.0000,0.0000,0.0000,0.0000,0.0000,0.0000,0.0000,0.0000,0.0000,0.0000,0.0000,0.0000,0.0000,0.0000,0.0000,0.0000,0.0000,0.0000,0.0000,0.0000,0.0000,0.0000,0.0000,0.0000,0.0000,0.0000,0.0000,0.0000,0.0000,0.0000,0.0000,0.0000,0.0000,0.0000,0.0000,0.0000,0.0000,0.0000,0.0000,0.0000,0.0000,0.0000,0.0000,0.0000,0.0000,0.0000,0.0000,0.0000,0.0000,0.0000,0.0000,0.0000,0.0000,0.0000,0.0000,
3.2311,RLFSMStatePassive,0.0000,0.0000,0.0000,0.0000,0.0000,0.0000,0.0000,0.0000,0.0000,0.0000,0.0000,0.0000,0.0000,0.0000,0.0000,0.0000,0.0000,0.0000,0.0000,0.0000,0.0000,0.0000,0.0000,0.0000,0.0000,0.0000,0.0000,0.0000,0.0000,0.0000,0.0000,0.0000,0.0000,0.0000,0.0000,0.0000,0.0000,0.0000,0.0000,0.0000,0.0000,0.0000,0.0000,0.0000,0.0000,0.0000,0.0000,0.0000,0.0000,0.0000,0.0000,0.0000,0.0000,0.0000,0.0000,0.0000,0.0000,0.0000,0.0000,0.0000,0.0000,0.0000,0.0000,0.0000,0.0000,0.0000,0.0000,0.0000,0.0000,0.0000,0.0000,0.0000,0.0000,0.0000,0.0000,0.0000,0.0000,0.0000,0.0000,0.0000,0.0000,0.0000,0.0000,0.0000,0.0000,0.0000,0.0000,0.0000,0.0000,0.0000,0.0000,0.0000,0.0000,0.0000,0.0000,0.0000,0.0000,0.0000,0.0000,0.0000,0.0000,0.0000,0.0000,0.0000,0.0000,0.0000,0.0000,0.0000,0.0000,0.0000,0.0000,0.0000,0.0000,0.0000,0.0000,0.0000,0.0000,0.0000,0.0000,0.0000,0.0000,0.0000,0.0000,0.0000,0.0000,0.0000,
3.2512,RLFSMStatePassive,0.0000,0.0000,0.0000,0.0000,0.0000,0.0000,0.0000,0.0000,0.0000,0.0000,0.0000,0.0000,0.0000,0.0000,0.0000,0.0000,0.0000,0.0000,0.0000,0.0000,0.0000,0.0000,0.0000,0.0000,0.0000,0.0000,0.0000,0.0000,0.0000,0.0000,0.0000,0.0000,0.0000,0.0000,0.0000,0.0000,0.0000,0.0000,0.0000,0.0000,0.0000,0.0000,0.0000,0.0000,0.0000,0.0000,0.0000,0.0000,0.0000,0.0000,0.0000,0.0000,0.0000,0.0000,0.0000,0.0000,0.0000,0.0000,0.0000,0.0000,0.0000,0.0000,0.0000,0.0000,0.0000,0.0000,0.0000,0.0000,0.0000,0.0000,0.0000,0.0000,0.0000,0.0000,0.0000,0.0000,0.0000,0.0000,0.0000,0.0000,0.0000,0.0000,0.0000,0.0000,0.0000,0.0000,0.0000,0.0000,0.0000,0.0000,0.0000,0.0000,0.0000,0.0000,0.0000,0.0000,0.0000,0.0000,0.0000,0.0000,0.0000,0.0000,0.0000,0.0000,0.0000,0.0000,0.0000,0.0000,0.0000,0.0000,0.0000,0.0000,0.0000,0.0000,0.0000,0.0000,0.0000,0.0000,0.0000,0.0000,0.0000,0.0000,0.0000,0.0000,0.0000,0.0000,
3.2715,RLFSMStatePassive,0.0000,0.0000,0.0000,0.0000,0.0000,0.0000,0.0000,0.0000,0.0000,0.0000,0.0000,0.0000,0.0000,0.0000,0.0000,0.0000,0.0000,0.0000,0.0000,0.0000,0.0000,0.0000,0.0000,0.0000,0.0000,0.0000,0.0000,0.0000,0.0000,0.0000,0.0000,0.0000,0.0000,0.0000,0.0000,0.0000,0.0000,0.0000,0.0000,0.0000,0.0000,0.0000,0.0000,0.0000,0.0000,0.0000,0.0000,0.0000,0.0000,0.0000,0.0000,0.0000,0.0000,0.0000,0.0000,0.0000,0.0000,0.0000,0.0000,0.0000,0.0000,0.0000,0.0000,0.0000,0.0000,0.0000,0.0000,0.0000,0.0000,0.0000,0.0000,0.0000,0.0000,0.0000,0.0000,0.0000,0.0000,0.0000,0.0000,0.0000,0.0000,0.0000,0.0000,0.0000,0.0000,0.0000,0.0000,0.0000,0.0000,0.0000,0.0000,0.0000,0.0000,0.0000,0.0000,0.0000,0.0000,0.0000,0.0000,0.0000,0.0000,0.0000,0.0000,0.0000,0.0000,0.0000,0.0000,0.0000,0.0000,0.0000,0.0000,0.0000,0.0000,0.0000,0.0000,0.0000,0.0000,0.0000,0.0000,0.0000,0.0000,0.0000,0.0000,0.0000,0.0000,0.0000,
3.2917,RLFSMStatePassive,0.0000,0.0000,0.0000,0.0000,0.0000,0.0000,0.0000,0.0000,0.0000,0.0000,0.0000,0.0000,0.0000,0.0000,0.0000,0.0000,0.0000,0.0000,0.0000,0.0000,0.0000,0.0000,0.0000,0.0000,0.0000,0.0000,0.0000,0.0000,0.0000,0.0000,0.0000,0.0000,0.0000,0.0000,0.0000,0.0000,0.0000,0.0000,0.0000,0.0000,0.0000,0.0000,0.0000,0.0000,0.0000,0.0000,0.0000,0.0000,0.0000,0.0000,0.0000,0.0000,0.0000,0.0000,0.0000,0.0000,0.0000,0.0000,0.0000,0.0000,0.0000,0.0000,0.0000,0.0000,0.0000,0.0000,0.0000,0.0000,0.0000,0.0000,0.0000,0.0000,0.0000,0.0000,0.0000,0.0000,0.0000,0.0000,0.0000,0.0000,0.0000,0.0000,0.0000,0.0000,0.0000,0.0000,0.0000,0.0000,0.0000,0.0000,0.0000,0.0000,0.0000,0.0000,0.0000,0.0000,0.0000,0.0000,0.0000,0.0000,0.0000,0.0000,0.0000,0.0000,0.0000,0.0000,0.0000,0.0000,0.0000,0.0000,0.0000,0.0000,0.0000,0.0000,0.0000,0.0000,0.0000,0.0000,0.0000,0.0000,0.0000,0.0000,0.0000,0.0000,0.0000,0.0000,
3.3119,RLFSMStatePassive,0.0000,0.0000,0.0000,0.0000,0.0000,0.0000,0.0000,0.0000,0.0000,0.0000,0.0000,0.0000,0.0000,0.0000,0.0000,0.0000,0.0000,0.0000,0.0000,0.0000,0.0000,0.0000,0.0000,0.0000,0.0000,0.0000,0.0000,0.0000,0.0000,0.0000,0.0000,0.0000,0.0000,0.0000,0.0000,0.0000,0.0000,0.0000,0.0000,0.0000,0.0000,0.0000,0.0000,0.0000,0.0000,0.0000,0.0000,0.0000,0.0000,0.0000,0.0000,0.0000,0.0000,0.0000,0.0000,0.0000,0.0000,0.0000,0.0000,0.0000,0.0000,0.0000,0.0000,0.0000,0.0000,0.0000,0.0000,0.0000,0.0000,0.0000,0.0000,0.0000,0.0000,0.0000,0.0000,0.0000,0.0000,0.0000,0.0000,0.0000,0.0000,0.0000,0.0000,0.0000,0.0000,0.0000,0.0000,0.0000,0.0000,0.0000,0.0000,0.0000,0.0000,0.0000,0.0000,0.0000,0.0000,0.0000,0.0000,0.0000,0.0000,0.0000,0.0000,0.0000,0.0000,0.0000,0.0000,0.0000,0.0000,0.0000,0.0000,0.0000,0.0000,0.0000,0.0000,0.0000,0.0000,0.0000,0.0000,0.0000,0.0000,0.0000,0.0000,0.0000,0.0000,0.0000,
3.3321,RLFSMStatePassive,0.0000,0.0000,0.0000,0.0000,0.0000,0.0000,0.0000,0.0000,0.0000,0.0000,0.0000,0.0000,0.0000,0.0000,0.0000,0.0000,0.0000,0.0000,0.0000,0.0000,0.0000,0.0000,0.0000,0.0000,0.0000,0.0000,0.0000,0.0000,0.0000,0.0000,0.0000,0.0000,0.0000,0.0000,0.0000,0.0000,0.0000,0.0000,0.0000,0.0000,0.0000,0.0000,0.0000,0.0000,0.0000,0.0000,0.0000,0.0000,0.0000,0.0000,0.0000,0.0000,0.0000,0.0000,0.0000,0.0000,0.0000,0.0000,0.0000,0.0000,0.0000,0.0000,0.0000,0.0000,0.0000,0.0000,0.0000,0.0000,0.0000,0.0000,0.0000,0.0000,0.0000,0.0000,0.0000,0.0000,0.0000,0.0000,0.0000,0.0000,0.0000,0.0000,0.0000,0.0000,0.0000,0.0000,0.0000,0.0000,0.0000,0.0000,0.0000,0.0000,0.0000,0.0000,0.0000,0.0000,0.0000,0.0000,0.0000,0.0000,0.0000,0.0000,0.0000,0.0000,0.0000,0.0000,0.0000,0.0000,0.0000,0.0000,0.0000,0.0000,0.0000,0.0000,0.0000,0.0000,0.0000,0.0000,0.0000,0.0000,0.0000,0.0000,0.0000,0.0000,0.0000,0.0000,
3.3524,RLFSMStatePassive,0.0000,0.0000,0.0000,0.0000,0.0000,0.0000,0.0000,0.0000,0.0000,0.0000,0.0000,0.0000,0.0000,0.0000,0.0000,0.0000,0.0000,0.0000,0.0000,0.0000,0.0000,0.0000,0.0000,0.0000,0.0000,0.0000,0.0000,0.0000,0.0000,0.0000,0.0000,0.0000,0.0000,0.0000,0.0000,0.0000,0.0000,0.0000,0.0000,0.0000,0.0000,0.0000,0.0000,0.0000,0.0000,0.0000,0.0000,0.0000,0.0000,0.0000,0.0000,0.0000,0.0000,0.0000,0.0000,0.0000,0.0000,0.0000,0.0000,0.0000,0.0000,0.0000,0.0000,0.0000,0.0000,0.0000,0.0000,0.0000,0.0000,0.0000,0.0000,0.0000,0.0000,0.0000,0.0000,0.0000,0.0000,0.0000,0.0000,0.0000,0.0000,0.0000,0.0000,0.0000,0.0000,0.0000,0.0000,0.0000,0.0000,0.0000,0.0000,0.0000,0.0000,0.0000,0.0000,0.0000,0.0000,0.0000,0.0000,0.0000,0.0000,0.0000,0.0000,0.0000,0.0000,0.0000,0.0000,0.0000,0.0000,0.0000,0.0000,0.0000,0.0000,0.0000,0.0000,0.0000,0.0000,0.0000,0.0000,0.0000,0.0000,0.0000,0.0000,0.0000,0.0000,0.0000,
3.3726,RLFSMStatePassive,0.0000,0.0000,0.0000,0.0000,0.0000,0.0000,0.0000,0.0000,0.0000,0.0000,0.0000,0.0000,0.0000,0.0000,0.0000,0.0000,0.0000,0.0000,0.0000,0.0000,0.0000,0.0000,0.0000,0.0000,0.0000,0.0000,0.0000,0.0000,0.0000,0.0000,0.0000,0.0000,0.0000,0.0000,0.0000,0.0000,0.0000,0.0000,0.0000,0.0000,0.0000,0.0000,0.0000,0.0000,0.0000,0.0000,0.0000,0.0000,0.0000,0.0000,0.0000,0.0000,0.0000,0.0000,0.0000,0.0000,0.0000,0.0000,0.0000,0.0000,0.0000,0.0000,0.0000,0.0000,0.0000,0.0000,0.0000,0.0000,0.0000,0.0000,0.0000,0.0000,0.0000,0.0000,0.0000,0.0000,0.0000,0.0000,0.0000,0.0000,0.0000,0.0000,0.0000,0.0000,0.0000,0.0000,0.0000,0.0000,0.0000,0.0000,0.0000,0.0000,0.0000,0.0000,0.0000,0.0000,0.0000,0.0000,0.0000,0.0000,0.0000,0.0000,0.0000,0.0000,0.0000,0.0000,0.0000,0.0000,0.0000,0.0000,0.0000,0.0000,0.0000,0.0000,0.0000,0.0000,0.0000,0.0000,0.0000,0.0000,0.0000,0.0000,0.0000,0.0000,0.0000,0.0000,
3.3928,RLFSMStatePassive,0.0000,0.0000,0.0000,0.0000,0.0000,0.0000,0.0000,0.0000,0.0000,0.0000,0.0000,0.0000,0.0000,0.0000,0.0000,0.0000,0.0000,0.0000,0.0000,0.0000,0.0000,0.0000,0.0000,0.0000,0.0000,0.0000,0.0000,0.0000,0.0000,0.0000,0.0000,0.0000,0.0000,0.0000,0.0000,0.0000,0.0000,0.0000,0.0000,0.0000,0.0000,0.0000,0.0000,0.0000,0.0000,0.0000,0.0000,0.0000,0.0000,0.0000,0.0000,0.0000,0.0000,0.0000,0.0000,0.0000,0.0000,0.0000,0.0000,0.0000,0.0000,0.0000,0.0000,0.0000,0.0000,0.0000,0.0000,0.0000,0.0000,0.0000,0.0000,0.0000,0.0000,0.0000,0.0000,0.0000,0.0000,0.0000,0.0000,0.0000,0.0000,0.0000,0.0000,0.0000,0.0000,0.0000,0.0000,0.0000,0.0000,0.0000,0.0000,0.0000,0.0000,0.0000,0.0000,0.0000,0.0000,0.0000,0.0000,0.0000,0.0000,0.0000,0.0000,0.0000,0.0000,0.0000,0.0000,0.0000,0.0000,0.0000,0.0000,0.0000,0.0000,0.0000,0.0000,0.0000,0.0000,0.0000,0.0000,0.0000,0.0000,0.0000,0.0000,0.0000,0.0000,0.0000,
3.4131,RLFSMStatePassive,0.0000,0.0000,0.0000,0.0000,0.0000,0.0000,0.0000,0.0000,0.0000,0.0000,0.0000,0.0000,0.0000,0.0000,0.0000,0.0000,0.0000,0.0000,0.0000,0.0000,0.0000,0.0000,0.0000,0.0000,0.0000,0.0000,0.0000,0.0000,0.0000,0.0000,0.0000,0.0000,0.0000,0.0000,0.0000,0.0000,0.0000,0.0000,0.0000,0.0000,0.0000,0.0000,0.0000,0.0000,0.0000,0.0000,0.0000,0.0000,0.0000,0.0000,0.0000,0.0000,0.0000,0.0000,0.0000,0.0000,0.0000,0.0000,0.0000,0.0000,0.0000,0.0000,0.0000,0.0000,0.0000,0.0000,0.0000,0.0000,0.0000,0.0000,0.0000,0.0000,0.0000,0.0000,0.0000,0.0000,0.0000,0.0000,0.0000,0.0000,0.0000,0.0000,0.0000,0.0000,0.0000,0.0000,0.0000,0.0000,0.0000,0.0000,0.0000,0.0000,0.0000,0.0000,0.0000,0.0000,0.0000,0.0000,0.0000,0.0000,0.0000,0.0000,0.0000,0.0000,0.0000,0.0000,0.0000,0.0000,0.0000,0.0000,0.0000,0.0000,0.0000,0.0000,0.0000,0.0000,0.0000,0.0000,0.0000,0.0000,0.0000,0.0000,0.0000,0.0000,0.0000,0.0000,
3.4334,RLFSMStatePassive,0.0000,0.0000,0.0000,0.0000,0.0000,0.0000,0.0000,0.0000,0.0000,0.0000,0.0000,0.0000,0.0000,0.0000,0.0000,0.0000,0.0000,0.0000,0.0000,0.0000,0.0000,0.0000,0.0000,0.0000,0.0000,0.0000,0.0000,0.0000,0.0000,0.0000,0.0000,0.0000,0.0000,0.0000,0.0000,0.0000,0.0000,0.0000,0.0000,0.0000,0.0000,0.0000,0.0000,0.0000,0.0000,0.0000,0.0000,0.0000,0.0000,0.0000,0.0000,0.0000,0.0000,0.0000,0.0000,0.0000,0.0000,0.0000,0.0000,0.0000,0.0000,0.0000,0.0000,0.0000,0.0000,0.0000,0.0000,0.0000,0.0000,0.0000,0.0000,0.0000,0.0000,0.0000,0.0000,0.0000,0.0000,0.0000,0.0000,0.0000,0.0000,0.0000,0.0000,0.0000,0.0000,0.0000,0.0000,0.0000,0.0000,0.0000,0.0000,0.0000,0.0000,0.0000,0.0000,0.0000,0.0000,0.0000,0.0000,0.0000,0.0000,0.0000,0.0000,0.0000,0.0000,0.0000,0.0000,0.0000,0.0000,0.0000,0.0000,0.0000,0.0000,0.0000,0.0000,0.0000,0.0000,0.0000,0.0000,0.0000,0.0000,0.0000,0.0000,0.0000,0.0000,0.0000,
3.4536,RLFSMStatePassive,0.0000,0.0000,0.0000,0.0000,0.0000,0.0000,0.0000,0.0000,0.0000,0.0000,0.0000,0.0000,0.0000,0.0000,0.0000,0.0000,0.0000,0.0000,0.0000,0.0000,0.0000,0.0000,0.0000,0.0000,0.0000,0.0000,0.0000,0.0000,0.0000,0.0000,0.0000,0.0000,0.0000,0.0000,0.0000,0.0000,0.0000,0.0000,0.0000,0.0000,0.0000,0.0000,0.0000,0.0000,0.0000,0.0000,0.0000,0.0000,0.0000,0.0000,0.0000,0.0000,0.0000,0.0000,0.0000,0.0000,0.0000,0.0000,0.0000,0.0000,0.0000,0.0000,0.0000,0.0000,0.0000,0.0000,0.0000,0.0000,0.0000,0.0000,0.0000,0.0000,0.0000,0.0000,0.0000,0.0000,0.0000,0.0000,0.0000,0.0000,0.0000,0.0000,0.0000,0.0000,0.0000,0.0000,0.0000,0.0000,0.0000,0.0000,0.0000,0.0000,0.0000,0.0000,0.0000,0.0000,0.0000,0.0000,0.0000,0.0000,0.0000,0.0000,0.0000,0.0000,0.0000,0.0000,0.0000,0.0000,0.0000,0.0000,0.0000,0.0000,0.0000,0.0000,0.0000,0.0000,0.0000,0.0000,0.0000,0.0000,0.0000,0.0000,0.0000,0.0000,0.0000,0.0000,
3.4737,RLFSMStatePassive,0.0000,0.0000,0.0000,0.0000,0.0000,0.0000,0.0000,0.0000,0.0000,0.0000,0.0000,0.0000,0.0000,0.0000,0.0000,0.0000,0.0000,0.0000,0.0000,0.0000,0.0000,0.0000,0.0000,0.0000,0.0000,0.0000,0.0000,0.0000,0.0000,0.0000,0.0000,0.0000,0.0000,0.0000,0.0000,0.0000,0.0000,0.0000,0.0000,0.0000,0.0000,0.0000,0.0000,0.0000,0.0000,0.0000,0.0000,0.0000,0.0000,0.0000,0.0000,0.0000,0.0000,0.0000,0.0000,0.0000,0.0000,0.0000,0.0000,0.0000,0.0000,0.0000,0.0000,0.0000,0.0000,0.0000,0.0000,0.0000,0.0000,0.0000,0.0000,0.0000,0.0000,0.0000,0.0000,0.0000,0.0000,0.0000,0.0000,0.0000,0.0000,0.0000,0.0000,0.0000,0.0000,0.0000,0.0000,0.0000,0.0000,0.0000,0.0000,0.0000,0.0000,0.0000,0.0000,0.0000,0.0000,0.0000,0.0000,0.0000,0.0000,0.0000,0.0000,0.0000,0.0000,0.0000,0.0000,0.0000,0.0000,0.0000,0.0000,0.0000,0.0000,0.0000,0.0000,0.0000,0.0000,0.0000,0.0000,0.0000,0.0000,0.0000,0.0000,0.0000,0.0000,0.0000,
3.4939,RLFSMStatePassive,0.0000,0.0000,0.0000,0.0000,0.0000,0.0000,0.0000,0.0000,0.0000,0.0000,0.0000,0.0000,0.0000,0.0000,0.0000,0.0000,0.0000,0.0000,0.0000,0.0000,0.0000,0.0000,0.0000,0.0000,0.0000,0.0000,0.0000,0.0000,0.0000,0.0000,0.0000,0.0000,0.0000,0.0000,0.0000,0.0000,0.0000,0.0000,0.0000,0.0000,0.0000,0.0000,0.0000,0.0000,0.0000,0.0000,0.0000,0.0000,0.0000,0.0000,0.0000,0.0000,0.0000,0.0000,0.0000,0.0000,0.0000,0.0000,0.0000,0.0000,0.0000,0.0000,0.0000,0.0000,0.0000,0.0000,0.0000,0.0000,0.0000,0.0000,0.0000,0.0000,0.0000,0.0000,0.0000,0.0000,0.0000,0.0000,0.0000,0.0000,0.0000,0.0000,0.0000,0.0000,0.0000,0.0000,0.0000,0.0000,0.0000,0.0000,0.0000,0.0000,0.0000,0.0000,0.0000,0.0000,0.0000,0.0000,0.0000,0.0000,0.0000,0.0000,0.0000,0.0000,0.0000,0.0000,0.0000,0.0000,0.0000,0.0000,0.0000,0.0000,0.0000,0.0000,0.0000,0.0000,0.0000,0.0000,0.0000,0.0000,0.0000,0.0000,0.0000,0.0000,0.0000,0.0000,
3.5142,RLFSMStatePassive,0.0000,0.0000,0.0000,0.0000,0.0000,0.0000,0.0000,0.0000,0.0000,0.0000,0.0000,0.0000,0.0000,0.0000,0.0000,0.0000,0.0000,0.0000,0.0000,0.0000,0.0000,0.0000,0.0000,0.0000,0.0000,0.0000,0.0000,0.0000,0.0000,0.0000,0.0000,0.0000,0.0000,0.0000,0.0000,0.0000,0.0000,0.0000,0.0000,0.0000,0.0000,0.0000,0.0000,0.0000,0.0000,0.0000,0.0000,0.0000,0.0000,0.0000,0.0000,0.0000,0.0000,0.0000,0.0000,0.0000,0.0000,0.0000,0.0000,0.0000,0.0000,0.0000,0.0000,0.0000,0.0000,0.0000,0.0000,0.0000,0.0000,0.0000,0.0000,0.0000,0.0000,0.0000,0.0000,0.0000,0.0000,0.0000,0.0000,0.0000,0.0000,0.0000,0.0000,0.0000,0.0000,0.0000,0.0000,0.0000,0.0000,0.0000,0.0000,0.0000,0.0000,0.0000,0.0000,0.0000,0.0000,0.0000,0.0000,0.0000,0.0000,0.0000,0.0000,0.0000,0.0000,0.0000,0.0000,0.0000,0.0000,0.0000,0.0000,0.0000,0.0000,0.0000,0.0000,0.0000,0.0000,0.0000,0.0000,0.0000,0.0000,0.0000,0.0000,0.0000,0.0000,0.0000,
3.5345,RLFSMStatePassive,0.0000,0.0000,0.0000,0.0000,0.0000,0.0000,0.0000,0.0000,0.0000,0.0000,0.0000,0.0000,0.0000,0.0000,0.0000,0.0000,0.0000,0.0000,0.0000,0.0000,0.0000,0.0000,0.0000,0.0000,0.0000,0.0000,0.0000,0.0000,0.0000,0.0000,0.0000,0.0000,0.0000,0.0000,0.0000,0.0000,0.0000,0.0000,0.0000,0.0000,0.0000,0.0000,0.0000,0.0000,0.0000,0.0000,0.0000,0.0000,0.0000,0.0000,0.0000,0.0000,0.0000,0.0000,0.0000,0.0000,0.0000,0.0000,0.0000,0.0000,0.0000,0.0000,0.0000,0.0000,0.0000,0.0000,0.0000,0.0000,0.0000,0.0000,0.0000,0.0000,0.0000,0.0000,0.0000,0.0000,0.0000,0.0000,0.0000,0.0000,0.0000,0.0000,0.0000,0.0000,0.0000,0.0000,0.0000,0.0000,0.0000,0.0000,0.0000,0.0000,0.0000,0.0000,0.0000,0.0000,0.0000,0.0000,0.0000,0.0000,0.0000,0.0000,0.0000,0.0000,0.0000,0.0000,0.0000,0.0000,0.0000,0.0000,0.0000,0.0000,0.0000,0.0000,0.0000,0.0000,0.0000,0.0000,0.0000,0.0000,0.0000,0.0000,0.0000,0.0000,0.0000,0.0000,
3.5547,RLFSMStatePassive,0.0000,0.0000,0.0000,0.0000,0.0000,0.0000,0.0000,0.0000,0.0000,0.0000,0.0000,0.0000,0.0000,0.0000,0.0000,0.0000,0.0000,0.0000,0.0000,0.0000,0.0000,0.0000,0.0000,0.0000,0.0000,0.0000,0.0000,0.0000,0.0000,0.0000,0.0000,0.0000,0.0000,0.0000,0.0000,0.0000,0.0000,0.0000,0.0000,0.0000,0.0000,0.0000,0.0000,0.0000,0.0000,0.0000,0.0000,0.0000,0.0000,0.0000,0.0000,0.0000,0.0000,0.0000,0.0000,0.0000,0.0000,0.0000,0.0000,0.0000,0.0000,0.0000,0.0000,0.0000,0.0000,0.0000,0.0000,0.0000,0.0000,0.0000,0.0000,0.0000,0.0000,0.0000,0.0000,0.0000,0.0000,0.0000,0.0000,0.0000,0.0000,0.0000,0.0000,0.0000,0.0000,0.0000,0.0000,0.0000,0.0000,0.0000,0.0000,0.0000,0.0000,0.0000,0.0000,0.0000,0.0000,0.0000,0.0000,0.0000,0.0000,0.0000,0.0000,0.0000,0.0000,0.0000,0.0000,0.0000,0.0000,0.0000,0.0000,0.0000,0.0000,0.0000,0.0000,0.0000,0.0000,0.0000,0.0000,0.0000,0.0000,0.0000,0.0000,0.0000,0.0000,0.0000,
3.5749,RLFSMStatePassive,0.0000,0.0000,0.0000,0.0000,0.0000,0.0000,0.0000,0.0000,0.0000,0.0000,0.0000,0.0000,0.0000,0.0000,0.0000,0.0000,0.0000,0.0000,0.0000,0.0000,0.0000,0.0000,0.0000,0.0000,0.0000,0.0000,0.0000,0.0000,0.0000,0.0000,0.0000,0.0000,0.0000,0.0000,0.0000,0.0000,0.0000,0.0000,0.0000,0.0000,0.0000,0.0000,0.0000,0.0000,0.0000,0.0000,0.0000,0.0000,0.0000,0.0000,0.0000,0.0000,0.0000,0.0000,0.0000,0.0000,0.0000,0.0000,0.0000,0.0000,0.0000,0.0000,0.0000,0.0000,0.0000,0.0000,0.0000,0.0000,0.0000,0.0000,0.0000,0.0000,0.0000,0.0000,0.0000,0.0000,0.0000,0.0000,0.0000,0.0000,0.0000,0.0000,0.0000,0.0000,0.0000,0.0000,0.0000,0.0000,0.0000,0.0000,0.0000,0.0000,0.0000,0.0000,0.0000,0.0000,0.0000,0.0000,0.0000,0.0000,0.0000,0.0000,0.0000,0.0000,0.0000,0.0000,0.0000,0.0000,0.0000,0.0000,0.0000,0.0000,0.0000,0.0000,0.0000,0.0000,0.0000,0.0000,0.0000,0.0000,0.0000,0.0000,0.0000,0.0000,0.0000,0.0000,
3.5951,RLFSMStatePassive,0.0000,0.0000,0.0000,0.0000,0.0000,0.0000,0.0000,0.0000,0.0000,0.0000,0.0000,0.0000,0.0000,0.0000,0.0000,0.0000,0.0000,0.0000,0.0000,0.0000,0.0000,0.0000,0.0000,0.0000,0.0000,0.0000,0.0000,0.0000,0.0000,0.0000,0.0000,0.0000,0.0000,0.0000,0.0000,0.0000,0.0000,0.0000,0.0000,0.0000,0.0000,0.0000,0.0000,0.0000,0.0000,0.0000,0.0000,0.0000,0.0000,0.0000,0.0000,0.0000,0.0000,0.0000,0.0000,0.0000,0.0000,0.0000,0.0000,0.0000,0.0000,0.0000,0.0000,0.0000,0.0000,0.0000,0.0000,0.0000,0.0000,0.0000,0.0000,0.0000,0.0000,0.0000,0.0000,0.0000,0.0000,0.0000,0.0000,0.0000,0.0000,0.0000,0.0000,0.0000,0.0000,0.0000,0.0000,0.0000,0.0000,0.0000,0.0000,0.0000,0.0000,0.0000,0.0000,0.0000,0.0000,0.0000,0.0000,0.0000,0.0000,0.0000,0.0000,0.0000,0.0000,0.0000,0.0000,0.0000,0.0000,0.0000,0.0000,0.0000,0.0000,0.0000,0.0000,0.0000,0.0000,0.0000,0.0000,0.0000,0.0000,0.0000,0.0000,0.0000,0.0000,0.0000,
3.6154,RLFSMStatePassive,0.0000,0.0000,0.0000,0.0000,0.0000,0.0000,0.0000,0.0000,0.0000,0.0000,0.0000,0.0000,0.0000,0.0000,0.0000,0.0000,0.0000,0.0000,0.0000,0.0000,0.0000,0.0000,0.0000,0.0000,0.0000,0.0000,0.0000,0.0000,0.0000,0.0000,0.0000,0.0000,0.0000,0.0000,0.0000,0.0000,0.0000,0.0000,0.0000,0.0000,0.0000,0.0000,0.0000,0.0000,0.0000,0.0000,0.0000,0.0000,0.0000,0.0000,0.0000,0.0000,0.0000,0.0000,0.0000,0.0000,0.0000,0.0000,0.0000,0.0000,0.0000,0.0000,0.0000,0.0000,0.0000,0.0000,0.0000,0.0000,0.0000,0.0000,0.0000,0.0000,0.0000,0.0000,0.0000,0.0000,0.0000,0.0000,0.0000,0.0000,0.0000,0.0000,0.0000,0.0000,0.0000,0.0000,0.0000,0.0000,0.0000,0.0000,0.0000,0.0000,0.0000,0.0000,0.0000,0.0000,0.0000,0.0000,0.0000,0.0000,0.0000,0.0000,0.0000,0.0000,0.0000,0.0000,0.0000,0.0000,0.0000,0.0000,0.0000,0.0000,0.0000,0.0000,0.0000,0.0000,0.0000,0.0000,0.0000,0.0000,0.0000,0.0000,0.0000,0.0000,0.0000,0.0000,
3.6357,RLFSMStatePassive,0.0000,0.0000,0.0000,0.0000,0.0000,0.0000,0.0000,0.0000,0.0000,0.0000,0.0000,0.0000,0.0000,0.0000,0.0000,0.0000,0.0000,0.0000,0.0000,0.0000,0.0000,0.0000,0.0000,0.0000,0.0000,0.0000,0.0000,0.0000,0.0000,0.0000,0.0000,0.0000,0.0000,0.0000,0.0000,0.0000,0.0000,0.0000,0.0000,0.0000,0.0000,0.0000,0.0000,0.0000,0.0000,0.0000,0.0000,0.0000,0.0000,0.0000,0.0000,0.0000,0.0000,0.0000,0.0000,0.0000,0.0000,0.0000,0.0000,0.0000,0.0000,0.0000,0.0000,0.0000,0.0000,0.0000,0.0000,0.0000,0.0000,0.0000,0.0000,0.0000,0.0000,0.0000,0.0000,0.0000,0.0000,0.0000,0.0000,0.0000,0.0000,0.0000,0.0000,0.0000,0.0000,0.0000,0.0000,0.0000,0.0000,0.0000,0.0000,0.0000,0.0000,0.0000,0.0000,0.0000,0.0000,0.0000,0.0000,0.0000,0.0000,0.0000,0.0000,0.0000,0.0000,0.0000,0.0000,0.0000,0.0000,0.0000,0.0000,0.0000,0.0000,0.0000,0.0000,0.0000,0.0000,0.0000,0.0000,0.0000,0.0000,0.0000,0.0000,0.0000,0.0000,0.0000,
3.6559,RLFSMStatePassive,0.0000,0.0000,0.0000,0.0000,0.0000,0.0000,0.0000,0.0000,0.0000,0.0000,0.0000,0.0000,0.0000,0.0000,0.0000,0.0000,0.0000,0.0000,0.0000,0.0000,0.0000,0.0000,0.0000,0.0000,0.0000,0.0000,0.0000,0.0000,0.0000,0.0000,0.0000,0.0000,0.0000,0.0000,0.0000,0.0000,0.0000,0.0000,0.0000,0.0000,0.0000,0.0000,0.0000,0.0000,0.0000,0.0000,0.0000,0.0000,0.0000,0.0000,0.0000,0.0000,0.0000,0.0000,0.0000,0.0000,0.0000,0.0000,0.0000,0.0000,0.0000,0.0000,0.0000,0.0000,0.0000,0.0000,0.0000,0.0000,0.0000,0.0000,0.0000,0.0000,0.0000,0.0000,0.0000,0.0000,0.0000,0.0000,0.0000,0.0000,0.0000,0.0000,0.0000,0.0000,0.0000,0.0000,0.0000,0.0000,0.0000,0.0000,0.0000,0.0000,0.0000,0.0000,0.0000,0.0000,0.0000,0.0000,0.0000,0.0000,0.0000,0.0000,0.0000,0.0000,0.0000,0.0000,0.0000,0.0000,0.0000,0.0000,0.0000,0.0000,0.0000,0.0000,0.0000,0.0000,0.0000,0.0000,0.0000,0.0000,0.0000,0.0000,0.0000,0.0000,0.0000,0.0000,
3.6762,RLFSMStatePassive,0.0000,0.0000,0.0000,0.0000,0.0000,0.0000,0.0000,0.0000,0.0000,0.0000,0.0000,0.0000,0.0000,0.0000,0.0000,0.0000,0.0000,0.0000,0.0000,0.0000,0.0000,0.0000,0.0000,0.0000,0.0000,0.0000,0.0000,0.0000,0.0000,0.0000,0.0000,0.0000,0.0000,0.0000,0.0000,0.0000,0.0000,0.0000,0.0000,0.0000,0.0000,0.0000,0.0000,0.0000,0.0000,0.0000,0.0000,0.0000,0.0000,0.0000,0.0000,0.0000,0.0000,0.0000,0.0000,0.0000,0.0000,0.0000,0.0000,0.0000,0.0000,0.0000,0.0000,0.0000,0.0000,0.0000,0.0000,0.0000,0.0000,0.0000,0.0000,0.0000,0.0000,0.0000,0.0000,0.0000,0.0000,0.0000,0.0000,0.0000,0.0000,0.0000,0.0000,0.0000,0.0000,0.0000,0.0000,0.0000,0.0000,0.0000,0.0000,0.0000,0.0000,0.0000,0.0000,0.0000,0.0000,0.0000,0.0000,0.0000,0.0000,0.0000,0.0000,0.0000,0.0000,0.0000,0.0000,0.0000,0.0000,0.0000,0.0000,0.0000,0.0000,0.0000,0.0000,0.0000,0.0000,0.0000,0.0000,0.0000,0.0000,0.0000,0.0000,0.0000,0.0000,0.0000,
3.6964,RLFSMStatePassive,0.0000,0.0000,0.0000,0.0000,0.0000,0.0000,0.0000,0.0000,0.0000,0.0000,0.0000,0.0000,0.0000,0.0000,0.0000,0.0000,0.0000,0.0000,0.0000,0.0000,0.0000,0.0000,0.0000,0.0000,0.0000,0.0000,0.0000,0.0000,0.0000,0.0000,0.0000,0.0000,0.0000,0.0000,0.0000,0.0000,0.0000,0.0000,0.0000,0.0000,0.0000,0.0000,0.0000,0.0000,0.0000,0.0000,0.0000,0.0000,0.0000,0.0000,0.0000,0.0000,0.0000,0.0000,0.0000,0.0000,0.0000,0.0000,0.0000,0.0000,0.0000,0.0000,0.0000,0.0000,0.0000,0.0000,0.0000,0.0000,0.0000,0.0000,0.0000,0.0000,0.0000,0.0000,0.0000,0.0000,0.0000,0.0000,0.0000,0.0000,0.0000,0.0000,0.0000,0.0000,0.0000,0.0000,0.0000,0.0000,0.0000,0.0000,0.0000,0.0000,0.0000,0.0000,0.0000,0.0000,0.0000,0.0000,0.0000,0.0000,0.0000,0.0000,0.0000,0.0000,0.0000,0.0000,0.0000,0.0000,0.0000,0.0000,0.0000,0.0000,0.0000,0.0000,0.0000,0.0000,0.0000,0.0000,0.0000,0.0000,0.0000,0.0000,0.0000,0.0000,0.0000,0.0000,
3.7167,RLFSMStatePassive,0.0000,0.0000,0.0000,0.0000,0.0000,0.0000,0.0000,0.0000,0.0000,0.0000,0.0000,0.0000,0.0000,0.0000,0.0000,0.0000,0.0000,0.0000,0.0000,0.0000,0.0000,0.0000,0.0000,0.0000,0.0000,0.0000,0.0000,0.0000,0.0000,0.0000,0.0000,0.0000,0.0000,0.0000,0.0000,0.0000,0.0000,0.0000,0.0000,0.0000,0.0000,0.0000,0.0000,0.0000,0.0000,0.0000,0.0000,0.0000,0.0000,0.0000,0.0000,0.0000,0.0000,0.0000,0.0000,0.0000,0.0000,0.0000,0.0000,0.0000,0.0000,0.0000,0.0000,0.0000,0.0000,0.0000,0.0000,0.0000,0.0000,0.0000,0.0000,0.0000,0.0000,0.0000,0.0000,0.0000,0.0000,0.0000,0.0000,0.0000,0.0000,0.0000,0.0000,0.0000,0.0000,0.0000,0.0000,0.0000,0.0000,0.0000,0.0000,0.0000,0.0000,0.0000,0.0000,0.0000,0.0000,0.0000,0.0000,0.0000,0.0000,0.0000,0.0000,0.0000,0.0000,0.0000,0.0000,0.0000,0.0000,0.0000,0.0000,0.0000,0.0000,0.0000,0.0000,0.0000,0.0000,0.0000,0.0000,0.0000,0.0000,0.0000,0.0000,0.0000,0.0000,0.0000,
3.7369,RLFSMStatePassive,0.0000,0.0000,0.0000,0.0000,0.0000,0.0000,0.0000,0.0000,0.0000,0.0000,0.0000,0.0000,0.0000,0.0000,0.0000,0.0000,0.0000,0.0000,0.0000,0.0000,0.0000,0.0000,0.0000,0.0000,0.0000,0.0000,0.0000,0.0000,0.0000,0.0000,0.0000,0.0000,0.0000,0.0000,0.0000,0.0000,0.0000,0.0000,0.0000,0.0000,0.0000,0.0000,0.0000,0.0000,0.0000,0.0000,0.0000,0.0000,0.0000,0.0000,0.0000,0.0000,0.0000,0.0000,0.0000,0.0000,0.0000,0.0000,0.0000,0.0000,0.0000,0.0000,0.0000,0.0000,0.0000,0.0000,0.0000,0.0000,0.0000,0.0000,0.0000,0.0000,0.0000,0.0000,0.0000,0.0000,0.0000,0.0000,0.0000,0.0000,0.0000,0.0000,0.0000,0.0000,0.0000,0.0000,0.0000,0.0000,0.0000,0.0000,0.0000,0.0000,0.0000,0.0000,0.0000,0.0000,0.0000,0.0000,0.0000,0.0000,0.0000,0.0000,0.0000,0.0000,0.0000,0.0000,0.0000,0.0000,0.0000,0.0000,0.0000,0.0000,0.0000,0.0000,0.0000,0.0000,0.0000,0.0000,0.0000,0.0000,0.0000,0.0000,0.0000,0.0000,0.0000,0.0000,
3.7572,RLFSMStatePassive,0.0000,0.0000,0.0000,0.0000,0.0000,0.0000,0.0000,0.0000,0.0000,0.0000,0.0000,0.0000,0.0000,0.0000,0.0000,0.0000,0.0000,0.0000,0.0000,0.0000,0.0000,0.0000,0.0000,0.0000,0.0000,0.0000,0.0000,0.0000,0.0000,0.0000,0.0000,0.0000,0.0000,0.0000,0.0000,0.0000,0.0000,0.0000,0.0000,0.0000,0.0000,0.0000,0.0000,0.0000,0.0000,0.0000,0.0000,0.0000,0.0000,0.0000,0.0000,0.0000,0.0000,0.0000,0.0000,0.0000,0.0000,0.0000,0.0000,0.0000,0.0000,0.0000,0.0000,0.0000,0.0000,0.0000,0.0000,0.0000,0.0000,0.0000,0.0000,0.0000,0.0000,0.0000,0.0000,0.0000,0.0000,0.0000,0.0000,0.0000,0.0000,0.0000,0.0000,0.0000,0.0000,0.0000,0.0000,0.0000,0.0000,0.0000,0.0000,0.0000,0.0000,0.0000,0.0000,0.0000,0.0000,0.0000,0.0000,0.0000,0.0000,0.0000,0.0000,0.0000,0.0000,0.0000,0.0000,0.0000,0.0000,0.0000,0.0000,0.0000,0.0000,0.0000,0.0000,0.0000,0.0000,0.0000,0.0000,0.0000,0.0000,0.0000,0.0000,0.0000,0.0000,0.0000,
3.7774,RLFSMStatePassive,0.0000,0.0000,0.0000,0.0000,0.0000,0.0000,0.0000,0.0000,0.0000,0.0000,0.0000,0.0000,0.0000,0.0000,0.0000,0.0000,0.0000,0.0000,0.0000,0.0000,0.0000,0.0000,0.0000,0.0000,0.0000,0.0000,0.0000,0.0000,0.0000,0.0000,0.0000,0.0000,0.0000,0.0000,0.0000,0.0000,0.0000,0.0000,0.0000,0.0000,0.0000,0.0000,0.0000,0.0000,0.0000,0.0000,0.0000,0.0000,0.0000,0.0000,0.0000,0.0000,0.0000,0.0000,0.0000,0.0000,0.0000,0.0000,0.0000,0.0000,0.0000,0.0000,0.0000,0.0000,0.0000,0.0000,0.0000,0.0000,0.0000,0.0000,0.0000,0.0000,0.0000,0.0000,0.0000,0.0000,0.0000,0.0000,0.0000,0.0000,0.0000,0.0000,0.0000,0.0000,0.0000,0.0000,0.0000,0.0000,0.0000,0.0000,0.0000,0.0000,0.0000,0.0000,0.0000,0.0000,0.0000,0.0000,0.0000,0.0000,0.0000,0.0000,0.0000,0.0000,0.0000,0.0000,0.0000,0.0000,0.0000,0.0000,0.0000,0.0000,0.0000,0.0000,0.0000,0.0000,0.0000,0.0000,0.0000,0.0000,0.0000,0.0000,0.0000,0.0000,0.0000,0.0000,
3.7977,RLFSMStatePassive,0.0000,0.0000,0.0000,0.0000,0.0000,0.0000,0.0000,0.0000,0.0000,0.0000,0.0000,0.0000,0.0000,0.0000,0.0000,0.0000,0.0000,0.0000,0.0000,0.0000,0.0000,0.0000,0.0000,0.0000,0.0000,0.0000,0.0000,0.0000,0.0000,0.0000,0.0000,0.0000,0.0000,0.0000,0.0000,0.0000,0.0000,0.0000,0.0000,0.0000,0.0000,0.0000,0.0000,0.0000,0.0000,0.0000,0.0000,0.0000,0.0000,0.0000,0.0000,0.0000,0.0000,0.0000,0.0000,0.0000,0.0000,0.0000,0.0000,0.0000,0.0000,0.0000,0.0000,0.0000,0.0000,0.0000,0.0000,0.0000,0.0000,0.0000,0.0000,0.0000,0.0000,0.0000,0.0000,0.0000,0.0000,0.0000,0.0000,0.0000,0.0000,0.0000,0.0000,0.0000,0.0000,0.0000,0.0000,0.0000,0.0000,0.0000,0.0000,0.0000,0.0000,0.0000,0.0000,0.0000,0.0000,0.0000,0.0000,0.0000,0.0000,0.0000,0.0000,0.0000,0.0000,0.0000,0.0000,0.0000,0.0000,0.0000,0.0000,0.0000,0.0000,0.0000,0.0000,0.0000,0.0000,0.0000,0.0000,0.0000,0.0000,0.0000,0.0000,0.0000,0.0000,0.0000,
3.8180,RLFSMStatePassive,0.0000,0.0000,0.0000,0.0000,0.0000,0.0000,0.0000,0.0000,0.0000,0.0000,0.0000,0.0000,0.0000,0.0000,0.0000,0.0000,0.0000,0.0000,0.0000,0.0000,0.0000,0.0000,0.0000,0.0000,0.0000,0.0000,0.0000,0.0000,0.0000,0.0000,0.0000,0.0000,0.0000,0.0000,0.0000,0.0000,0.0000,0.0000,0.0000,0.0000,0.0000,0.0000,0.0000,0.0000,0.0000,0.0000,0.0000,0.0000,0.0000,0.0000,0.0000,0.0000,0.0000,0.0000,0.0000,0.0000,0.0000,0.0000,0.0000,0.0000,0.0000,0.0000,0.0000,0.0000,0.0000,0.0000,0.0000,0.0000,0.0000,0.0000,0.0000,0.0000,0.0000,0.0000,0.0000,0.0000,0.0000,0.0000,0.0000,0.0000,0.0000,0.0000,0.0000,0.0000,0.0000,0.0000,0.0000,0.0000,0.0000,0.0000,0.0000,0.0000,0.0000,0.0000,0.0000,0.0000,0.0000,0.0000,0.0000,0.0000,0.0000,0.0000,0.0000,0.0000,0.0000,0.0000,0.0000,0.0000,0.0000,0.0000,0.0000,0.0000,0.0000,0.0000,0.0000,0.0000,0.0000,0.0000,0.0000,0.0000,0.0000,0.0000,0.0000,0.0000,0.0000,0.0000,
3.8382,RLFSMStatePassive,0.0000,0.0000,0.0000,0.0000,0.0000,0.0000,0.0000,0.0000,0.0000,0.0000,0.0000,0.0000,0.0000,0.0000,0.0000,0.0000,0.0000,0.0000,0.0000,0.0000,0.0000,0.0000,0.0000,0.0000,0.0000,0.0000,0.0000,0.0000,0.0000,0.0000,0.0000,0.0000,0.0000,0.0000,0.0000,0.0000,0.0000,0.0000,0.0000,0.0000,0.0000,0.0000,0.0000,0.0000,0.0000,0.0000,0.0000,0.0000,0.0000,0.0000,0.0000,0.0000,0.0000,0.0000,0.0000,0.0000,0.0000,0.0000,0.0000,0.0000,0.0000,0.0000,0.0000,0.0000,0.0000,0.0000,0.0000,0.0000,0.0000,0.0000,0.0000,0.0000,0.0000,0.0000,0.0000,0.0000,0.0000,0.0000,0.0000,0.0000,0.0000,0.0000,0.0000,0.0000,0.0000,0.0000,0.0000,0.0000,0.0000,0.0000,0.0000,0.0000,0.0000,0.0000,0.0000,0.0000,0.0000,0.0000,0.0000,0.0000,0.0000,0.0000,0.0000,0.0000,0.0000,0.0000,0.0000,0.0000,0.0000,0.0000,0.0000,0.0000,0.0000,0.0000,0.0000,0.0000,0.0000,0.0000,0.0000,0.0000,0.0000,0.0000,0.0000,0.0000,0.0000,0.0000,
3.8584,RLFSMStatePassive,0.0000,0.0000,0.0000,0.0000,0.0000,0.0000,0.0000,0.0000,0.0000,0.0000,0.0000,0.0000,0.0000,0.0000,0.0000,0.0000,0.0000,0.0000,0.0000,0.0000,0.0000,0.0000,0.0000,0.0000,0.0000,0.0000,0.0000,0.0000,0.0000,0.0000,0.0000,0.0000,0.0000,0.0000,0.0000,0.0000,0.0000,0.0000,0.0000,0.0000,0.0000,0.0000,0.0000,0.0000,0.0000,0.0000,0.0000,0.0000,0.0000,0.0000,0.0000,0.0000,0.0000,0.0000,0.0000,0.0000,0.0000,0.0000,0.0000,0.0000,0.0000,0.0000,0.0000,0.0000,0.0000,0.0000,0.0000,0.0000,0.0000,0.0000,0.0000,0.0000,0.0000,0.0000,0.0000,0.0000,0.0000,0.0000,0.0000,0.0000,0.0000,0.0000,0.0000,0.0000,0.0000,0.0000,0.0000,0.0000,0.0000,0.0000,0.0000,0.0000,0.0000,0.0000,0.0000,0.0000,0.0000,0.0000,0.0000,0.0000,0.0000,0.0000,0.0000,0.0000,0.0000,0.0000,0.0000,0.0000,0.0000,0.0000,0.0000,0.0000,0.0000,0.0000,0.0000,0.0000,0.0000,0.0000,0.0000,0.0000,0.0000,0.0000,0.0000,0.0000,0.0000,0.0000,
3.8786,RLFSMStatePassive,0.0000,0.0000,0.0000,0.0000,0.0000,0.0000,0.0000,0.0000,0.0000,0.0000,0.0000,0.0000,0.0000,0.0000,0.0000,0.0000,0.0000,0.0000,0.0000,0.0000,0.0000,0.0000,0.0000,0.0000,0.0000,0.0000,0.0000,0.0000,0.0000,0.0000,0.0000,0.0000,0.0000,0.0000,0.0000,0.0000,0.0000,0.0000,0.0000,0.0000,0.0000,0.0000,0.0000,0.0000,0.0000,0.0000,0.0000,0.0000,0.0000,0.0000,0.0000,0.0000,0.0000,0.0000,0.0000,0.0000,0.0000,0.0000,0.0000,0.0000,0.0000,0.0000,0.0000,0.0000,0.0000,0.0000,0.0000,0.0000,0.0000,0.0000,0.0000,0.0000,0.0000,0.0000,0.0000,0.0000,0.0000,0.0000,0.0000,0.0000,0.0000,0.0000,0.0000,0.0000,0.0000,0.0000,0.0000,0.0000,0.0000,0.0000,0.0000,0.0000,0.0000,0.0000,0.0000,0.0000,0.0000,0.0000,0.0000,0.0000,0.0000,0.0000,0.0000,0.0000,0.0000,0.0000,0.0000,0.0000,0.0000,0.0000,0.0000,0.0000,0.0000,0.0000,0.0000,0.0000,0.0000,0.0000,0.0000,0.0000,0.0000,0.0000,0.0000,0.0000,0.0000,0.0000,
3.8987,RLFSMStatePassive,0.0000,0.0000,0.0000,0.0000,0.0000,0.0000,0.0000,0.0000,0.0000,0.0000,0.0000,0.0000,0.0000,0.0000,0.0000,0.0000,0.0000,0.0000,0.0000,0.0000,0.0000,0.0000,0.0000,0.0000,0.0000,0.0000,0.0000,0.0000,0.0000,0.0000,0.0000,0.0000,0.0000,0.0000,0.0000,0.0000,0.0000,0.0000,0.0000,0.0000,0.0000,0.0000,0.0000,0.0000,0.0000,0.0000,0.0000,0.0000,0.0000,0.0000,0.0000,0.0000,0.0000,0.0000,0.0000,0.0000,0.0000,0.0000,0.0000,0.0000,0.0000,0.0000,0.0000,0.0000,0.0000,0.0000,0.0000,0.0000,0.0000,0.0000,0.0000,0.0000,0.0000,0.0000,0.0000,0.0000,0.0000,0.0000,0.0000,0.0000,0.0000,0.0000,0.0000,0.0000,0.0000,0.0000,0.0000,0.0000,0.0000,0.0000,0.0000,0.0000,0.0000,0.0000,0.0000,0.0000,0.0000,0.0000,0.0000,0.0000,0.0000,0.0000,0.0000,0.0000,0.0000,0.0000,0.0000,0.0000,0.0000,0.0000,0.0000,0.0000,0.0000,0.0000,0.0000,0.0000,0.0000,0.0000,0.0000,0.0000,0.0000,0.0000,0.0000,0.0000,0.0000,0.0000,
3.9189,RLFSMStatePassive,0.0000,0.0000,0.0000,0.0000,0.0000,0.0000,0.0000,0.0000,0.0000,0.0000,0.0000,0.0000,0.0000,0.0000,0.0000,0.0000,0.0000,0.0000,0.0000,0.0000,0.0000,0.0000,0.0000,0.0000,0.0000,0.0000,0.0000,0.0000,0.0000,0.0000,0.0000,0.0000,0.0000,0.0000,0.0000,0.0000,0.0000,0.0000,0.0000,0.0000,0.0000,0.0000,0.0000,0.0000,0.0000,0.0000,0.0000,0.0000,0.0000,0.0000,0.0000,0.0000,0.0000,0.0000,0.0000,0.0000,0.0000,0.0000,0.0000,0.0000,0.0000,0.0000,0.0000,0.0000,0.0000,0.0000,0.0000,0.0000,0.0000,0.0000,0.0000,0.0000,0.0000,0.0000,0.0000,0.0000,0.0000,0.0000,0.0000,0.0000,0.0000,0.0000,0.0000,0.0000,0.0000,0.0000,0.0000,0.0000,0.0000,0.0000,0.0000,0.0000,0.0000,0.0000,0.0000,0.0000,0.0000,0.0000,0.0000,0.0000,0.0000,0.0000,0.0000,0.0000,0.0000,0.0000,0.0000,0.0000,0.0000,0.0000,0.0000,0.0000,0.0000,0.0000,0.0000,0.0000,0.0000,0.0000,0.0000,0.0000,0.0000,0.0000,0.0000,0.0000,0.0000,0.0000,
3.9390,RLFSMStatePassive,0.0000,0.0000,0.0000,0.0000,0.0000,0.0000,0.0000,0.0000,0.0000,0.0000,0.0000,0.0000,0.0000,0.0000,0.0000,0.0000,0.0000,0.0000,0.0000,0.0000,0.0000,0.0000,0.0000,0.0000,0.0000,0.0000,0.0000,0.0000,0.0000,0.0000,0.0000,0.0000,0.0000,0.0000,0.0000,0.0000,0.0000,0.0000,0.0000,0.0000,0.0000,0.0000,0.0000,0.0000,0.0000,0.0000,0.0000,0.0000,0.0000,0.0000,0.0000,0.0000,0.0000,0.0000,0.0000,0.0000,0.0000,0.0000,0.0000,0.0000,0.0000,0.0000,0.0000,0.0000,0.0000,0.0000,0.0000,0.0000,0.0000,0.0000,0.0000,0.0000,0.0000,0.0000,0.0000,0.0000,0.0000,0.0000,0.0000,0.0000,0.0000,0.0000,0.0000,0.0000,0.0000,0.0000,0.0000,0.0000,0.0000,0.0000,0.0000,0.0000,0.0000,0.0000,0.0000,0.0000,0.0000,0.0000,0.0000,0.0000,0.0000,0.0000,0.0000,0.0000,0.0000,0.0000,0.0000,0.0000,0.0000,0.0000,0.0000,0.0000,0.0000,0.0000,0.0000,0.0000,0.0000,0.0000,0.0000,0.0000,0.0000,0.0000,0.0000,0.0000,0.0000,0.0000,
3.9592,RLFSMStatePassive,0.0000,0.0000,0.0000,0.0000,0.0000,0.0000,0.0000,0.0000,0.0000,0.0000,0.0000,0.0000,0.0000,0.0000,0.0000,0.0000,0.0000,0.0000,0.0000,0.0000,0.0000,0.0000,0.0000,0.0000,0.0000,0.0000,0.0000,0.0000,0.0000,0.0000,0.0000,0.0000,0.0000,0.0000,0.0000,0.0000,0.0000,0.0000,0.0000,0.0000,0.0000,0.0000,0.0000,0.0000,0.0000,0.0000,0.0000,0.0000,0.0000,0.0000,0.0000,0.0000,0.0000,0.0000,0.0000,0.0000,0.0000,0.0000,0.0000,0.0000,0.0000,0.0000,0.0000,0.0000,0.0000,0.0000,0.0000,0.0000,0.0000,0.0000,0.0000,0.0000,0.0000,0.0000,0.0000,0.0000,0.0000,0.0000,0.0000,0.0000,0.0000,0.0000,0.0000,0.0000,0.0000,0.0000,0.0000,0.0000,0.0000,0.0000,0.0000,0.0000,0.0000,0.0000,0.0000,0.0000,0.0000,0.0000,0.0000,0.0000,0.0000,0.0000,0.0000,0.0000,0.0000,0.0000,0.0000,0.0000,0.0000,0.0000,0.0000,0.0000,0.0000,0.0000,0.0000,0.0000,0.0000,0.0000,0.0000,0.0000,0.0000,0.0000,0.0000,0.0000,0.0000,0.0000,
3.9793,RLFSMStatePassive,0.0000,0.0000,0.0000,0.0000,0.0000,0.0000,0.0000,0.0000,0.0000,0.0000,0.0000,0.0000,0.0000,0.0000,0.0000,0.0000,0.0000,0.0000,0.0000,0.0000,0.0000,0.0000,0.0000,0.0000,0.0000,0.0000,0.0000,0.0000,0.0000,0.0000,0.0000,0.0000,0.0000,0.0000,0.0000,0.0000,0.0000,0.0000,0.0000,0.0000,0.0000,0.0000,0.0000,0.0000,0.0000,0.0000,0.0000,0.0000,0.0000,0.0000,0.0000,0.0000,0.0000,0.0000,0.0000,0.0000,0.0000,0.0000,0.0000,0.0000,0.0000,0.0000,0.0000,0.0000,0.0000,0.0000,0.0000,0.0000,0.0000,0.0000,0.0000,0.0000,0.0000,0.0000,0.0000,0.0000,0.0000,0.0000,0.0000,0.0000,0.0000,0.0000,0.0000,0.0000,0.0000,0.0000,0.0000,0.0000,0.0000,0.0000,0.0000,0.0000,0.0000,0.0000,0.0000,0.0000,0.0000,0.0000,0.0000,0.0000,0.0000,0.0000,0.0000,0.0000,0.0000,0.0000,0.0000,0.0000,0.0000,0.0000,0.0000,0.0000,0.0000,0.0000,0.0000,0.0000,0.0000,0.0000,0.0000,0.0000,0.0000,0.0000,0.0000,0.0000,0.0000,0.0000,
3.9995,RLFSMStatePassive,0.0000,0.0000,0.0000,0.0000,0.0000,0.0000,0.0000,0.0000,0.0000,0.0000,0.0000,0.0000,0.0000,0.0000,0.0000,0.0000,0.0000,0.0000,0.0000,0.0000,0.0000,0.0000,0.0000,0.0000,0.0000,0.0000,0.0000,0.0000,0.0000,0.0000,0.0000,0.0000,0.0000,0.0000,0.0000,0.0000,0.0000,0.0000,0.0000,0.0000,0.0000,0.0000,0.0000,0.0000,0.0000,0.0000,0.0000,0.0000,0.0000,0.0000,0.0000,0.0000,0.0000,0.0000,0.0000,0.0000,0.0000,0.0000,0.0000,0.0000,0.0000,0.0000,0.0000,0.0000,0.0000,0.0000,0.0000,0.0000,0.0000,0.0000,0.0000,0.0000,0.0000,0.0000,0.0000,0.0000,0.0000,0.0000,0.0000,0.0000,0.0000,0.0000,0.0000,0.0000,0.0000,0.0000,0.0000,0.0000,0.0000,0.0000,0.0000,0.0000,0.0000,0.0000,0.0000,0.0000,0.0000,0.0000,0.0000,0.0000,0.0000,0.0000,0.0000,0.0000,0.0000,0.0000,0.0000,0.0000,0.0000,0.0000,0.0000,0.0000,0.0000,0.0000,0.0000,0.0000,0.0000,0.0000,0.0000,0.0000,0.0000,0.0000,0.0000,0.0000,0.0000,0.0000,
4.0196,RLFSMStatePassive,0.0000,0.0000,0.0000,0.0000,0.0000,0.0000,0.0000,0.0000,0.0000,0.0000,0.0000,0.0000,0.0000,0.0000,0.0000,0.0000,0.0000,0.0000,0.0000,0.0000,0.0000,0.0000,0.0000,0.0000,0.0000,0.0000,0.0000,0.0000,0.0000,0.0000,0.0000,0.0000,0.0000,0.0000,0.0000,0.0000,0.0000,0.0000,0.0000,0.0000,0.0000,0.0000,0.0000,0.0000,0.0000,0.0000,0.0000,0.0000,0.0000,0.0000,0.0000,0.0000,0.0000,0.0000,0.0000,0.0000,0.0000,0.0000,0.0000,0.0000,0.0000,0.0000,0.0000,0.0000,0.0000,0.0000,0.0000,0.0000,0.0000,0.0000,0.0000,0.0000,0.0000,0.0000,0.0000,0.0000,0.0000,0.0000,0.0000,0.0000,0.0000,0.0000,0.0000,0.0000,0.0000,0.0000,0.0000,0.0000,0.0000,0.0000,0.0000,0.0000,0.0000,0.0000,0.0000,0.0000,0.0000,0.0000,0.0000,0.0000,0.0000,0.0000,0.0000,0.0000,0.0000,0.0000,0.0000,0.0000,0.0000,0.0000,0.0000,0.0000,0.0000,0.0000,0.0000,0.0000,0.0000,0.0000,0.0000,0.0000,0.0000,0.0000,0.0000,0.0000,0.0000,0.0000,
4.0398,RLFSMStatePassive,0.0000,0.0000,0.0000,0.0000,0.0000,0.0000,0.0000,0.0000,0.0000,0.0000,0.0000,0.0000,0.0000,0.0000,0.0000,0.0000,0.0000,0.0000,0.0000,0.0000,0.0000,0.0000,0.0000,0.0000,0.0000,0.0000,0.0000,0.0000,0.0000,0.0000,0.0000,0.0000,0.0000,0.0000,0.0000,0.0000,0.0000,0.0000,0.0000,0.0000,0.0000,0.0000,0.0000,0.0000,0.0000,0.0000,0.0000,0.0000,0.0000,0.0000,0.0000,0.0000,0.0000,0.0000,0.0000,0.0000,0.0000,0.0000,0.0000,0.0000,0.0000,0.0000,0.0000,0.0000,0.0000,0.0000,0.0000,0.0000,0.0000,0.0000,0.0000,0.0000,0.0000,0.0000,0.0000,0.0000,0.0000,0.0000,0.0000,0.0000,0.0000,0.0000,0.0000,0.0000,0.0000,0.0000,0.0000,0.0000,0.0000,0.0000,0.0000,0.0000,0.0000,0.0000,0.0000,0.0000,0.0000,0.0000,0.0000,0.0000,0.0000,0.0000,0.0000,0.0000,0.0000,0.0000,0.0000,0.0000,0.0000,0.0000,0.0000,0.0000,0.0000,0.0000,0.0000,0.0000,0.0000,0.0000,0.0000,0.0000,0.0000,0.0000,0.0000,0.0000,0.0000,0.0000,
4.0599,RLFSMStatePassive,0.0000,0.0000,0.0000,0.0000,0.0000,0.0000,0.0000,0.0000,0.0000,0.0000,0.0000,0.0000,0.0000,0.0000,0.0000,0.0000,0.0000,0.0000,0.0000,0.0000,0.0000,0.0000,0.0000,0.0000,0.0000,0.0000,0.0000,0.0000,0.0000,0.0000,0.0000,0.0000,0.0000,0.0000,0.0000,0.0000,0.0000,0.0000,0.0000,0.0000,0.0000,0.0000,0.0000,0.0000,0.0000,0.0000,0.0000,0.0000,0.0000,0.0000,0.0000,0.0000,0.0000,0.0000,0.0000,0.0000,0.0000,0.0000,0.0000,0.0000,0.0000,0.0000,0.0000,0.0000,0.0000,0.0000,0.0000,0.0000,0.0000,0.0000,0.0000,0.0000,0.0000,0.0000,0.0000,0.0000,0.0000,0.0000,0.0000,0.0000,0.0000,0.0000,0.0000,0.0000,0.0000,0.0000,0.0000,0.0000,0.0000,0.0000,0.0000,0.0000,0.0000,0.0000,0.0000,0.0000,0.0000,0.0000,0.0000,0.0000,0.0000,0.0000,0.0000,0.0000,0.0000,0.0000,0.0000,0.0000,0.0000,0.0000,0.0000,0.0000,0.0000,0.0000,0.0000,0.0000,0.0000,0.0000,0.0000,0.0000,0.0000,0.0000,0.0000,0.0000,0.0000,0.0000,
4.0801,RLFSMStatePassive,0.0000,0.0000,0.0000,0.0000,0.0000,0.0000,0.0000,0.0000,0.0000,0.0000,0.0000,0.0000,0.0000,0.0000,0.0000,0.0000,0.0000,0.0000,0.0000,0.0000,0.0000,0.0000,0.0000,0.0000,0.0000,0.0000,0.0000,0.0000,0.0000,0.0000,0.0000,0.0000,0.0000,0.0000,0.0000,0.0000,0.0000,0.0000,0.0000,0.0000,0.0000,0.0000,0.0000,0.0000,0.0000,0.0000,0.0000,0.0000,0.0000,0.0000,0.0000,0.0000,0.0000,0.0000,0.0000,0.0000,0.0000,0.0000,0.0000,0.0000,0.0000,0.0000,0.0000,0.0000,0.0000,0.0000,0.0000,0.0000,0.0000,0.0000,0.0000,0.0000,0.0000,0.0000,0.0000,0.0000,0.0000,0.0000,0.0000,0.0000,0.0000,0.0000,0.0000,0.0000,0.0000,0.0000,0.0000,0.0000,0.0000,0.0000,0.0000,0.0000,0.0000,0.0000,0.0000,0.0000,0.0000,0.0000,0.0000,0.0000,0.0000,0.0000,0.0000,0.0000,0.0000,0.0000,0.0000,0.0000,0.0000,0.0000,0.0000,0.0000,0.0000,0.0000,0.0000,0.0000,0.0000,0.0000,0.0000,0.0000,0.0000,0.0000,0.0000,0.0000,0.0000,0.0000,
4.1003,RLFSMStatePassive,0.0000,0.0000,0.0000,0.0000,0.0000,0.0000,0.0000,0.0000,0.0000,0.0000,0.0000,0.0000,0.0000,0.0000,0.0000,0.0000,0.0000,0.0000,0.0000,0.0000,0.0000,0.0000,0.0000,0.0000,0.0000,0.0000,0.0000,0.0000,0.0000,0.0000,0.0000,0.0000,0.0000,0.0000,0.0000,0.0000,0.0000,0.0000,0.0000,0.0000,0.0000,0.0000,0.0000,0.0000,0.0000,0.0000,0.0000,0.0000,0.0000,0.0000,0.0000,0.0000,0.0000,0.0000,0.0000,0.0000,0.0000,0.0000,0.0000,0.0000,0.0000,0.0000,0.0000,0.0000,0.0000,0.0000,0.0000,0.0000,0.0000,0.0000,0.0000,0.0000,0.0000,0.0000,0.0000,0.0000,0.0000,0.0000,0.0000,0.0000,0.0000,0.0000,0.0000,0.0000,0.0000,0.0000,0.0000,0.0000,0.0000,0.0000,0.0000,0.0000,0.0000,0.0000,0.0000,0.0000,0.0000,0.0000,0.0000,0.0000,0.0000,0.0000,0.0000,0.0000,0.0000,0.0000,0.0000,0.0000,0.0000,0.0000,0.0000,0.0000,0.0000,0.0000,0.0000,0.0000,0.0000,0.0000,0.0000,0.0000,0.0000,0.0000,0.0000,0.0000,0.0000,0.0000,
4.1204,RLFSMStatePassive,0.0000,0.0000,0.0000,-0.0000,-0.0000,0.0000,1.0000,0.0000,0.0000,0.0000,0.0000,0.0000,-0.0000,-0.0000,0.0000,-0.0000,0.0000,0.0000,-0.0000,-0.0000,0.0000,0.0000,-0.0000,0.0000,0.0000,-0.0000,-0.0000,0.0000,0.0000,-0.0000,-0.0000,0.0000,-0.0000,0.0000,-0.0000,0.0000,-0.0000,-0.0000,0.0000,0.0000,0.0000,0.0000,0.0000,0.0000,0.0000,0.0000,0.0000,0.0000,0.0000,0.0000,0.0000,0.0000,0.0000,0.0000,0.0000,0.0000,0.0000,0.0000,0.0000,0.0000,0.0000,0.0000,0.0000,0.0000,0.0000,0.0000,0.0000,0.0000,0.0000,0.0000,-0.0000,-0.0000,0.0000,-0.0000,0.0000,0.0000,-0.0000,-0.0000,0.0000,-0.0000,-0.0000,0.0000,0.0000,-0.0000,-0.0000,0.0000,0.0000,-0.0000,-0.0000,0.0000,-0.0000,0.0000,-0.0000,0.0000,-0.0000,-0.0000,-0.0000,0.0000,0.0000,0.0000,0.0000,0.0000,0.0000,0.0000,0.0000,0.0000,0.0000,0.0000,0.0000,0.0000,0.0000,0.0000,0.0000,0.0000,0.0000,0.0000,0.0000,0.0000,0.0000,0.0000,0.0000,0.0000,0.0000,0.0000,0.0000,0.0000,
4.1406,RLFSMStatePassive,0.0000,0.0000,0.0000,-0.0000,-0.0710,0.0001,1.0000,-0.0000,-0.0003,0.0000,0.0008,0.0000,-0.0000,-0.0004,-0.0004,-0.0000,0.0008,-0.0000,0.0000,-0.0004,-0.0004,0.0000,0.0000,-0.0000,0.0010,0.0003,-0.0001,-0.0000,0.0025,0.0000,0.0001,-0.0000,0.0003,0.0001,0.0000,0.0025,-0.0000,0.0001,0.0000,0.0000,0.0000,0.0000,0.0000,0.0000,0.0000,0.0000,0.0000,0.0000,0.0000,0.0000,0.0000,0.0000,0.0000,0.0000,0.0000,0.0000,0.0000,0.0000,0.0000,0.0000,0.0000,0.0000,0.0000,0.0000,0.0000,0.0000,0.0000,0.0000,0.1136,0.0003,-0.0002,-0.0594,-0.0600,-0.0013,0.1136,-0.0002,-0.0000,-0.0594,-0.0600,0.0013,0.0000,-0.0002,0.1636,0.0971,-0.0188,-0.0012,0.3885,0.0002,0.0529,-0.0006,0.0973,0.0187,0.0012,0.3886,-0.0002,0.0529,0.0006,0.0000,0.0000,0.0000,0.0000,0.0000,0.0000,0.0000,0.0000,0.0000,0.0000,0.0000,0.0000,0.0000,0.0000,0.0000,0.0000,0.0000,0.0000,0.0000,0.0000,0.0000,0.0000,0.0000,0.0000,0.0000,0.0000,0.0000,0.0000,0.0000,
4.1607,RLFSMStatePassive,0.0000,0.0000,0.0000,-0.0000,-0.0154,0.0001,1.0000,-0.0000,-0.0004,0.0000,0.0012,0.0000,-0.0000,-0.0011,-0.0011,-0.0000,0.0012,-0.0000,0.0000,-0.0011,-0.0011,0.0000,0.0000,-0.0000,0.0063,0.0060,-0.0007,-0.0001,0.0074,0.0000,0.0017,-0.0000,0.0060,0.0006,0.0001,0.0074,-0.0000,0.0017,0.0000,0.0000,0.0000,0.0000,0.0000,0.0000,0.0000,0.0000,0.0000,0.0000,0.0000,0.0000,0.0000,0.0000,0.0000,0.0000,0.0000,0.0000,0.0000,0.0000,0.0000,0.0000,0.0000,0.0000,0.0000,0.0000,0.0000,0.0000,0.0000,0.0000,0.0004,0.0002,-0.0002,-0.0179,-0.0012,-0.0008,0.0004,-0.0001,0.0001,-0.0179,-0.0012,0.0008,0.0000,-0.0002,0.3473,0.2359,-0.0106,-0.0010,0.1732,0.0002,0.2373,0.0001,0.2359,0.0106,0.0010,0.1732,-0.0002,0.2374,-0.0001,0.0000,0.0000,0.0000,0.0000,0.0000,0.0000,0.0000,0.0000,0.0000,0.0000,0.0000,0.0000,0.0000,0.0000,0.0000,0.0000,0.0000,0.0000,0.0000,0.0000,0.0000,0.0000,0.0000,0.0000,0.0000,0.0000,0.0000,0.0000,0.0000,
4.1809,RLFSMStatePassive,0.0000,0.0000,0.0000,-0.0000,0.0359,0.0001,1.0000,-0.0000,-0.0002,0.0000,0.0004,0.0000,-0.0000,-0.0016,-0.0005,-0.0000,0.0004,-0.0000,0.0000,-0.0016,-0.0005,0.0000,0.0000,-0.0000,0.0142,0.0110,-0.0008,-0.0001,0.0121,0.0000,0.0038,-0.0000,0.0110,0.0008,0.0001,0.0121,-0.0000,0.0038,0.0000,0.0000,0.0000,0.0000,0.0000,0.0000,0.0000,0.0000,0.0000,0.0000,0.0000,0.0000,0.0000,0.0000,0.0000,0.0000,0.0000,0.0000,0.0000,0.0000,0.0000,0.0000,0.0000,0.0000,0.0000,0.0000,0.0000,0.0000,0.0000,0.0000,-0.0602,0.0001,-0.0002,-0.0280,0.0448,-0.0005,-0.0602,-0.0001,0.0001,-0.0280,0.0448,0.0005,0.0000,-0.0002,0.3716,0.2108,-0.0033,0.0003,0.4346,0.0003,-0.6013,0.0001,0.2108,0.0033,-0.0003,0.4348,-0.0003,-0.6019,-0.0001,0.0000,0.0000,0.0000,0.0000,0.0000,0.0000,0.0000,0.0000,0.0000,0.0000,0.0000,0.0000,0.0000,0.0000,0.0000,0.0000,0.0000,0.0000,0.0000,0.0000,0.0000,0.0000,0.0000,0.0000,0.0000,0.0000,0.0000,0.0000,0.0000,
4.2010,RLFSMStatePassive,0.0000,0.0000,0.0000,-0.0000,0.0778,0.0000,1.0000,-0.0000,0.0003,0.0000,-0.0012,0.0000,-0.0000,-0.0022,0.0006,-0.0001,-0.0012,-0.0000,0.0000,-0.0022,0.0006,0.0001,0.0000,-0.0000,0.0216,0.0148,-0.0009,-0.0001,0.0166,0.0000,0.0122,-0.0000,0.0143,0.0008,0.0001,0.0132,-0.0000,0.0148,0.0000,0.0000,0.0000,0.0000,0.0000,0.0000,0.0000,0.0000,0.0000,0.0000,0.0000,0.0000,0.0000,0.0000,0.0000,0.0000,0.0000,0.0000,0.0000,0.0000,0.0000,0.0000,0.0000,0.0000,0.0000,0.0000,0.0000,0.0000,0.0000,0.0000,-0.0992,0.0001,-0.0001,-0.0369,0.0648,-0.0004,-0.0992,-0.0001,0.0001,-0.0369,0.0648,0.0004,0.0000,-0.0002,0.3301,0.1491,-0.0063,0.0017,0.8242,0.0003,-0.8618,0.0005,0.1433,0.0024,-0.0025,0.4237,-0.0001,0.4603,-0.0008,0.0000,0.0000,0.0000,0.0000,0.0000,0.0000,0.0000,0.0000,0.0000,0.0000,0.0000,0.0000,0.0000,0.0000,0.0000,0.0000,0.0000,0.0000,0.0000,0.0000,0.0000,0.0000,0.0000,0.0000,0.0000,0.0000,0.0000,0.0000,0.0000,
4.2212,RLFSMStatePassive,0.0000,0.0000,0.0000,-0.0000,0.0903,0.0000,1.0000,-0.0000,0.0008,0.0000,-0.0025,0.0000,-0.0000,-0.0027,0.0016,-0.0001,-0.0025,-0.0000,0.0000,-0.0027,0.0016,0.0001,0.0000,-0.0000,0.0286,0.0191,-0.0013,-0.0001,0.0182,0.0000,0.0122,-0.0000,0.0191,0.0013,0.0001,0.0182,-0.0000,0.0121,0.0000,0.0000,0.0000,0.0000,0.0000,0.0000,0.0000,0.0000,0.0000,0.0000,0.0000,0.0000,0.0000,0.0000,0.0000,0.0000,0.0000,0.0000,0.0000,0.0000,0.0000,0.0000,0.0000,0.0000,0.0000,0.0000,0.0000,0.0000,0.0000,0.0000,-0.1226,0.0001,-0.0001,-0.0231,0.0634,-0.0003,-0.1226,-0.0002,0.0001,-0.0231,0.0633,0.0003,0.0000,-0.0002,0.3885,0.1769,-0.0134,0.0020,0.6025,0.0001,-0.7912,0.0009,0.1769,0.0135,-0.0020,0.6019,-0.0001,-0.7907,-0.0009,0.0000,0.0000,0.0000,0.0000,0.0000,0.0000,0.0000,0.0000,0.0000,0.0000,0.0000,0.0000,0.0000,0.0000,0.0000,0.0000,0.0000,0.0000,0.0000,0.0000,0.0000,0.0000,0.0000,0.0000,0.0000,0.0000,0.0000,0.0000,0.0000,
4.2414,RLFSMStatePassive,0.0000,0.0000,0.0000,-0.0000,0.0630,0.0001,1.0000,-0.0000,0.0016,0.0000,-0.0047,0.0000,-0.0000,-0.0036,0.0031,-0.0001,-0.0047,-0.0000,0.0000,-0.0036,0.0031,0.0001,0.0000,-0.0000,0.0385,0.0235,-0.0016,-0.0001,0.0230,0.0000,0.0165,-0.0000,0.0235,0.0016,0.0001,0.0230,-0.0000,0.0165,0.0000,0.0000,0.0000,0.0000,0.0000,0.0000,0.0000,0.0000,0.0000,0.0000,0.0000,0.0000,0.0000,0.0000,0.0000,0.0000,0.0000,0.0000,0.0000,0.0000,0.0000,0.0000,0.0000,0.0000,0.0000,0.0000,0.0000,0.0000,0.0000,0.0000,-0.0768,0.0002,-0.0001,-0.0517,0.0665,-0.0003,-0.0768,-0.0002,0.0000,-0.0517,0.0665,0.0003,0.0001,-0.0002,0.5170,0.2583,-0.0195,-0.0014,-0.1130,0.0003,0.5555,-0.0006,0.2586,0.0195,0.0014,-0.1129,-0.0003,0.5528,0.0006,0.0000,0.0000,0.0000,0.0000,0.0000,0.0000,0.0000,0.0000,0.0000,0.0000,0.0000,0.0000,0.0000,0.0000,0.0000,0.0000,0.0000,0.0000,0.0000,0.0000,0.0000,0.0000,0.0000,0.0000,0.0000,0.0000,0.0000,0.0000,0.0000,
4.2615,RLFSMStatePassive,0.0000,0.0000,0.0000,-0.0000,0.1174,0.0001,1.0000,-0.0000,0.0027,0.0000,-0.0071,0.0000,-0.0000,-0.0047,0.0046,-0.0001,-0.0071,-0.0000,0.0000,-0.0047,0.0045,0.0001,0.0000,-0.0000,0.0493,0.0280,-0.0018,-0.0000,0.0242,0.0000,0.0274,-0.0000,0.0280,0.0018,0.0000,0.0242,-0.0000,0.0274,0.0000,0.0000,0.0000,0.0000,0.0000,0.0000,0.0000,0.0000,0.0000,0.0000,0.0000,0.0000,0.0000,0.0000,0.0000,0.0000,0.0000,0.0000,0.0000,0.0000,0.0000,0.0000,0.0000,0.0000,0.0000,0.0000,0.0000,0.0000,0.0000,0.0000,-0.1301,0.0002,-0.0002,-0.0590,0.0713,-0.0003,-0.1300,-0.0002,0.0000,-0.0590,0.0713,0.0003,0.0001,-0.0002,0.4657,0.1617,-0.0076,0.0007,0.2507,0.0002,0.4089,0.0002,0.1623,0.0076,-0.0007,0.2503,-0.0002,0.4053,-0.0002,0.0000,0.0000,0.0000,0.0000,0.0000,0.0000,0.0000,0.0000,0.0000,0.0000,0.0000,0.0000,0.0000,0.0000,0.0000,0.0000,0.0000,0.0000,0.0000,0.0000,0.0000,0.0000,0.0000,0.0000,0.0000,0.0000,0.0000,0.0000,0.0000,
4.2817,RLFSMStatePassive,0.0000,0.0000,0.0000,-0.0000,0.1540,0.0001,1.0000,-0.0000,0.0039,0.0000,-0.0098,0.0000,-0.0000,-0.0059,0.0060,-0.0001,-0.0098,-0.0000,0.0000,-0.0059,0.0060,0.0001,0.0000,-0.0000,0.0594,0.0320,-0.0021,-0.0000,0.0294,0.0000,0.0245,-0.0000,0.0320,0.0021,0.0000,0.0294,-0.0000,0.0245,0.0000,0.0000,0.0000,0.0000,0.0000,0.0000,0.0000,0.0000,0.0000,0.0000,0.0000,0.0000,0.0000,0.0000,0.0000,0.0000,0.0000,0.0000,0.0000,0.0000,0.0000,0.0000,0.0000,0.0000,0.0000,0.0000,0.0000,0.0000,0.0000,0.0000,-0.1716,0.0002,-0.0002,-0.0541,0.0713,-0.0003,-0.1715,-0.0002,0.0001,-0.0541,0.0713,0.0003,0.0000,-0.0002,0.4802,0.1610,-0.0090,0.0013,0.5352,0.0002,-0.7271,0.0006,0.1608,0.0090,-0.0013,0.5365,-0.0002,-0.7281,-0.0006,0.0000,0.0000,0.0000,0.0000,0.0000,0.0000,0.0000,0.0000,0.0000,0.0000,0.0000,0.0000,0.0000,0.0000,0.0000,0.0000,0.0000,0.0000,0.0000,0.0000,0.0000,0.0000,0.0000,0.0000,0.0000,0.0000,0.0000,0.0000,0.0000,
4.3018,RLFSMStatePassive,0.0000,0.0000,0.0000,0.0000,0.1157,-0.0000,1.0000,-0.0000,0.0054,0.0000,-0.0130,0.0000,-0.0000,-0.0071,0.0072,-0.0001,-0.0121,-0.0000,0.0000,-0.0071,0.0072,0.0001,0.0000,-0.0000,0.0678,0.0346,-0.0022,-0.0000,0.0321,0.0000,0.0322,-0.0000,0.0346,0.0022,0.0000,0.0321,-0.0000,0.0322,0.0000,0.0000,0.0000,0.0000,0.0000,0.0000,0.0000,0.0000,0.0000,0.0000,0.0000,0.0000,0.0000,0.0000,0.0000,0.0000,0.0000,0.0000,0.0000,0.0000,0.0000,0.0000,0.0000,0.0000,0.0000,0.0000,0.0000,0.0000,0.0000,0.0000,-0.1127,0.0002,-0.0001,-0.0704,0.0781,-0.0003,-0.1872,-0.0002,0.0001,-0.0703,0.0780,0.0003,0.0000,-0.0002,0.4707,0.1333,-0.0064,0.0007,0.7190,0.0003,-0.8916,0.0003,0.1335,0.0065,-0.0007,0.7178,-0.0003,-0.8904,-0.0003,0.0000,0.0000,0.0000,0.0000,0.0000,0.0000,0.0000,0.0000,0.0000,0.0000,0.0000,0.0000,0.0000,0.0000,0.0000,0.0000,0.0000,0.0000,0.0000,0.0000,0.0000,0.0000,0.0000,0.0000,0.0000,0.0000,0.0000,0.0000,0.0000,
4.3219,RLFSMStatePassive,0.0000,0.0000,0.0000,0.0000,0.1678,0.0000,1.0000,-0.0000,0.0068,0.0000,-0.0157,0.0000,-0.0000,-0.0087,0.0090,-0.0001,-0.0157,-0.0000,0.0000,-0.0087,0.0090,0.0001,0.0000,-0.0000,0.0803,0.0386,-0.0025,-0.0000,0.0374,0.0000,0.0292,-0.0000,0.0386,0.0025,0.0000,0.0373,-0.0000,0.0292,0.0000,0.0000,0.0000,0.0000,0.0000,0.0000,0.0000,0.0000,0.0000,0.0000,0.0000,0.0000,0.0000,0.0000,0.0000,0.0000,0.0000,0.0000,0.0000,0.0000,0.0000,0.0000,0.0000,0.0000,0.0000,0.0000,0.0000,0.0000,0.0000,0.0000,-0.1686,0.0002,-0.0001,-0.0852,0.0855,-0.0002,-0.1686,-0.0002,0.0001,-0.0851,0.0854,0.0002,0.0000,-0.0002,0.5722,0.1300,-0.0099,0.0011,0.2547,0.0002,0.2110,0.0003,0.1301,0.0099,-0.0010,0.2480,-0.0002,0.2341,-0.0003,0.0000,0.0000,0.0000,0.0000,0.0000,0.0000,0.0000,0.0000,0.0000,0.0000,0.0000,0.0000,0.0000,0.0000,0.0000,0.0000,0.0000,0.0000,0.0000,0.0000,0.0000,0.0000,0.0000,0.0000,0.0000,0.0000,0.0000,0.0000,0.0000,
4.3421,RLFSMStatePassive,0.0000,0.0000,0.0000,0.0000,0.1428,0.0000,1.0000,-0.0000,0.0087,0.0000,-0.0195,0.0000,-0.0000,-0.0108,0.0109,-0.0001,-0.0195,-0.0000,0.0000,-0.0108,0.0109,0.0001,0.0000,-0.0000,0.0938,0.0424,-0.0028,-0.0000,0.0398,0.0001,0.0332,-0.0000,0.0424,0.0028,0.0000,0.0398,-0.0001,0.0326,0.0000,0.0000,0.0000,0.0000,0.0000,0.0000,0.0000,0.0000,0.0000,0.0000,0.0000,0.0000,0.0000,0.0000,0.0000,0.0000,0.0000,0.0000,0.0000,0.0000,0.0000,0.0000,0.0000,0.0000,0.0000,0.0000,0.0000,0.0000,0.0000,0.0000,-0.1315,0.0002,-0.0001,-0.1048,0.0919,-0.0002,-0.1316,-0.0002,0.0001,-0.1047,0.0918,0.0002,0.0000,-0.0001,0.7099,0.1992,-0.0153,-0.0005,-0.5597,0.0002,1.8731,-0.0003,0.2009,0.0155,0.0006,-0.5604,-0.0002,1.8305,0.0003,0.0000,0.0000,0.0000,0.0000,0.0000,0.0000,0.0000,0.0000,0.0000,0.0000,0.0000,0.0000,0.0000,0.0000,0.0000,0.0000,0.0000,0.0000,0.0000,0.0000,0.0000,0.0000,0.0000,0.0000,0.0000,0.0000,0.0000,0.0000,0.0000,
4.3622,RLFSMStatePassive,0.0000,0.0000,0.0000,0.0000,0.2186,-0.0000,0.9999,-0.0000,0.0109,0.0000,-0.0236,0.0000,-0.0000,-0.0131,0.0130,-0.0001,-0.0236,-0.0000,0.0000,-0.0131,0.0129,0.0001,0.0000,-0.0000,0.1078,0.0460,-0.0032,-0.0000,0.0416,0.0001,0.0453,-0.0000,0.0460,0.0032,0.0000,0.0416,-0.0001,0.0437,0.0000,0.0000,0.0000,0.0000,0.0000,0.0000,0.0000,0.0000,0.0000,0.0000,0.0000,0.0000,0.0000,0.0000,0.0000,0.0000,0.0000,0.0000,0.0000,0.0000,0.0000,0.0000,0.0000,0.0000,0.0000,0.0000,0.0000,0.0000,0.0000,0.0000,-0.2161,0.0002,-0.0002,-0.0920,0.0885,-0.0002,-0.2161,-0.0002,0.0002,-0.0920,0.0885,0.0002,-0.0000,-0.0002,0.6792,0.2293,-0.0286,-0.0002,-0.0027,0.0003,-0.0164,-0.0001,0.2295,0.0286,0.0002,-0.0031,-0.0003,-0.0548,0.0001,0.0000,0.0000,0.0000,0.0000,0.0000,0.0000,0.0000,0.0000,0.0000,0.0000,0.0000,0.0000,0.0000,0.0000,0.0000,0.0000,0.0000,0.0000,0.0000,0.0000,0.0000,0.0000,0.0000,0.0000,0.0000,0.0000,0.0000,0.0000,0.0000,
4.3823,RLFSMStatePassive,0.0000,0.0000,0.0000,-0.0000,0.2808,0.0002,0.9999,-0.0000,0.0133,0.0000,-0.0283,0.0000,-0.0000,-0.0153,0.0149,-0.0001,-0.0283,-0.0000,0.0000,-0.0153,0.0145,0.0001,0.0000,-0.0000,0.1182,0.0481,-0.0034,-0.0000,0.0445,0.0001,0.0502,-0.0000,0.0481,0.0034,0.0000,0.0444,-0.0001,0.0492,0.0000,0.0000,0.0000,0.0000,0.0000,0.0000,0.0000,0.0000,0.0000,0.0000,0.0000,0.0000,0.0000,0.0000,0.0000,0.0000,0.0000,0.0000,0.0000,0.0000,0.0000,0.0000,0.0000,0.0000,0.0000,0.0000,0.0000,0.0000,0.0000,0.0000,-0.2684,0.0002,-0.0003,-0.1150,0.1020,-0.0002,-0.2681,-0.0001,0.0000,-0.1154,0.1042,0.0002,-0.0003,-0.0004,0.6649,0.1110,-0.0078,0.0002,0.2023,0.0002,0.3912,0.0001,0.1038,0.0074,-0.0003,0.2086,-0.0002,0.4350,-0.0001,0.0000,0.0000,0.0000,0.0000,0.0000,0.0000,0.0000,0.0000,0.0000,0.0000,0.0000,0.0000,0.0000,0.0000,0.0000,0.0000,0.0000,0.0000,0.0000,0.0000,0.0000,0.0000,0.0000,0.0000,0.0000,0.0000,0.0000,0.0000,0.0000,
4.4025,RLFSMStatePassive,0.0000,0.0000,0.0000,0.0000,0.2986,-0.0002,0.9999,-0.0000,0.0154,0.0000,-0.0321,0.0000,-0.0000,-0.0174,0.0166,-0.0001,-0.0321,-0.0000,0.0000,-0.0173,0.0166,0.0001,0.0000,-0.0000,0.1321,0.0507,-0.0036,-0.0000,0.0495,0.0001,0.0472,-0.0000,0.0508,0.0036,0.0000,0.0493,-0.0001,0.0461,0.0000,0.0000,0.0000,0.0000,0.0000,0.0000,0.0000,0.0000,0.0000,0.0000,0.0000,0.0000,0.0000,0.0000,0.0000,0.0000,0.0000,0.0000,0.0000,0.0000,0.0000,0.0000,0.0000,0.0000,0.0000,0.0000,0.0000,0.0000,0.0000,0.0000,-0.2842,0.0002,-0.0000,-0.1217,0.1065,-0.0002,-0.2847,-0.0001,0.0003,-0.1208,0.1061,0.0002,-0.0001,-0.0002,0.6594,0.1005,-0.0070,0.0011,0.5099,0.0002,-0.7148,0.0005,0.1004,0.0073,-0.0010,0.5003,-0.0002,-0.6879,-0.0004,0.0000,0.0000,0.0000,0.0000,0.0000,0.0000,0.0000,0.0000,0.0000,0.0000,0.0000,0.0000,0.0000,0.0000,0.0000,0.0000,0.0000,0.0000,0.0000,0.0000,0.0000,0.0000,0.0000,0.0000,0.0000,0.0000,0.0000,0.0000,0.0000,
4.4227,RLFSMStatePassive,0.0000,0.0000,0.0000,0.0000,0.2492,-0.0002,0.9998,-0.0000,0.0185,0.0000,-0.0377,0.0000,-0.0000,-0.0205,0.0191,-0.0001,-0.0377,-0.0000,0.0000,-0.0205,0.0191,0.0001,0.0000,-0.0001,0.1480,0.0531,-0.0038,-0.0000,0.0539,0.0001,0.0522,-0.0000,0.0530,0.0038,0.0000,0.0538,-0.0001,0.0511,0.0000,0.0000,0.0000,0.0000,0.0000,0.0000,0.0000,0.0000,0.0000,0.0000,0.0000,0.0000,0.0000,0.0000,0.0000,0.0000,0.0000,0.0000,0.0000,0.0000,0.0000,0.0000,0.0000,0.0000,0.0000,0.0000,0.0000,0.0000,0.0000,0.0000,-0.2102,0.0002,-0.0000,-0.1583,0.1174,-0.0002,-0.2104,-0.0001,0.0003,-0.1581,0.1173,0.0002,-0.0002,-0.0002,0.8411,0.1671,-0.0181,-0.0012,-0.1699,0.0003,0.5510,-0.0006,0.1631,0.0180,0.0012,-0.1731,-0.0003,0.5696,0.0006,0.0000,0.0000,0.0000,0.0000,0.0000,0.0000,0.0000,0.0000,0.0000,0.0000,0.0000,0.0000,0.0000,0.0000,0.0000,0.0000,0.0000,0.0000,0.0000,0.0000,0.0000,0.0000,0.0000,0.0000,0.0000,0.0000,0.0000,0.0000,0.0000,
4.4428,RLFSMStatePassive,0.0000,0.0000,0.0000,0.0000,0.2700,-0.0000,0.9998,-0.0000,0.0220,0.0000,-0.0440,0.0001,-0.0001,-0.0239,0.0218,-0.0001,-0.0439,-0.0001,0.0000,-0.0239,0.0218,0.0001,0.0000,-0.0001,0.1654,0.0559,-0.0042,-0.0000,0.0565,0.0001,0.0502,-0.0000,0.0559,0.0042,0.0000,0.0564,-0.0001,0.0488,0.0000,0.0000,0.0000,0.0000,0.0000,0.0000,0.0000,0.0000,0.0000,0.0000,0.0000,0.0000,0.0000,0.0000,0.0000,0.0000,0.0000,0.0000,0.0000,0.0000,0.0000,0.0000,0.0000,0.0000,0.0000,0.0000,0.0000,0.0000,0.0000,0.0000,-0.2278,0.0002,-0.0001,-0.1733,0.1296,-0.0002,-0.2281,-0.0002,0.0002,-0.1728,0.1293,0.0002,-0.0000,-0.0002,0.9182,0.1357,-0.0223,0.0001,-0.5742,0.0002,1.6574,-0.0000,0.1360,0.0226,0.0000,-0.5866,-0.0002,1.6910,0.0001,0.0000,0.0000,0.0000,0.0000,0.0000,0.0000,0.0000,0.0000,0.0000,0.0000,0.0000,0.0000,0.0000,0.0000,0.0000,0.0000,0.0000,0.0000,0.0000,0.0000,0.0000,0.0000,0.0000,0.0000,0.0000,0.0000,0.0000,0.0000,0.0000,
4.4630,RLFSMStatePassive,0.0000,0.0000,0.0000,-0.0000,0.2893,0.0006,0.9997,-0.0000,0.0256,0.0000,-0.0502,0.0001,-0.0001,-0.0275,0.0244,-0.0001,-0.0502,-0.0001,0.0000,-0.0275,0.0244,0.0001,0.0000,-0.0001,0.1812,0.0576,-0.0045,0.0000,0.0612,0.0001,0.0522,-0.0000,0.0566,0.0044,-0.0000,0.0641,-0.0001,0.0472,0.0000,0.0000,0.0000,0.0000,0.0000,0.0000,0.0000,0.0000,0.0000,0.0000,0.0000,0.0000,0.0000,0.0000,0.0000,0.0000,0.0000,0.0000,0.0000,0.0000,0.0000,0.0000,0.0000,0.0000,0.0000,0.0000,0.0000,0.0000,0.0000,0.0000,-0.2387,0.0001,-0.0006,-0.1851,0.1319,-0.0003,-0.2383,-0.0002,-0.0002,-0.1853,0.1318,0.0002,0.0004,-0.0002,1.0027,0.2199,-0.0394,-0.0020,-0.6316,0.0004,0.9911,-0.0010,0.1731,0.0334,0.0018,-0.1411,-0.0005,0.1639,0.0011,0.0000,0.0000,0.0000,0.0000,0.0000,0.0000,0.0000,0.0000,0.0000,0.0000,0.0000,0.0000,0.0000,0.0000,0.0000,0.0000,0.0000,0.0000,0.0000,0.0000,0.0000,0.0000,0.0000,0.0000,0.0000,0.0000,0.0000,0.0000,0.0000,
4.4831,RLFSMStatePassive,0.0000,0.0000,0.0000,0.0000,0.2941,-0.0001,0.9996,-0.0000,0.0289,0.0000,-0.0562,0.0001,-0.0001,-0.0303,0.0266,-0.0001,-0.0562,-0.0001,0.0000,-0.0303,0.0266,0.0001,0.0000,-0.0001,0.1939,0.0583,-0.0047,0.0000,0.0673,0.0001,0.0495,-0.0000,0.0583,0.0047,-0.0000,0.0672,-0.0001,0.0486,0.0000,0.0000,0.0000,0.0000,0.0000,0.0000,0.0000,0.0000,0.0000,0.0000,0.0000,0.0000,0.0000,0.0000,0.0000,0.0000,0.0000,0.0000,0.0000,0.0000,0.0000,0.0000,0.0000,0.0000,0.0000,0.0000,0.0000,0.0000,0.0000,0.0000,-0.2225,0.0002,-0.0001,-0.2245,0.1514,-0.0002,-0.2227,-0.0002,0.0002,-0.2241,0.1512,0.0002,-0.0001,-0.0001,1.0423,0.0977,-0.0199,-0.0010,-0.3818,0.0003,1.0788,-0.0006,0.1002,0.0205,0.0011,-0.3899,-0.0003,1.0858,0.0006,0.0000,0.0000,0.0000,0.0000,0.0000,0.0000,0.0000,0.0000,0.0000,0.0000,0.0000,0.0000,0.0000,0.0000,0.0000,0.0000,0.0000,0.0000,0.0000,0.0000,0.0000,0.0000,0.0000,0.0000,0.0000,0.0000,0.0000,0.0000,0.0000,
4.5032,RLFSMStatePassive,0.0000,0.0000,0.0000,-0.0000,0.4767,0.0004,0.9994,-0.0000,0.0336,0.0000,-0.0644,0.0001,-0.0001,-0.0348,0.0298,-0.0001,-0.0644,-0.0001,0.0000,-0.0348,0.0298,0.0001,0.0000,-0.0001,0.2130,0.0594,-0.0049,0.0000,0.0728,0.0001,0.0498,-0.0000,0.0595,0.0049,-0.0000,0.0727,-0.0001,0.0491,0.0000,0.0000,0.0000,0.0000,0.0000,0.0000,0.0000,0.0000,0.0000,0.0000,0.0000,0.0000,0.0000,0.0000,0.0000,0.0000,0.0000,0.0000,0.0000,0.0000,0.0000,0.0000,0.0000,0.0000,0.0000,0.0000,0.0000,0.0000,0.0000,0.0000,-0.4214,0.0001,-0.0005,-0.2045,0.1476,-0.0002,-0.4212,-0.0002,-0.0000,-0.2047,0.1476,0.0002,0.0003,-0.0001,0.8508,0.0414,-0.0057,-0.0005,0.5838,0.0002,-1.0257,-0.0001,0.0458,0.0059,0.0006,0.5833,-0.0002,-1.0555,0.0001,0.0000,0.0000,0.0000,0.0000,0.0000,0.0000,0.0000,0.0000,0.0000,0.0000,0.0000,0.0000,0.0000,0.0000,0.0000,0.0000,0.0000,0.0000,0.0000,0.0000,0.0000,0.0000,0.0000,0.0000,0.0000,0.0000,0.0000,0.0000,0.0000,
4.5234,RLFSMStatePassive,0.0000,0.0000,0.0000,-0.0000,0.4824,-0.0001,0.9992,-0.0000,0.0389,0.0000,-0.0736,0.0001,-0.0001,-0.0398,0.0333,-0.0001,-0.0736,-0.0001,0.0000,-0.0398,0.0333,0.0001,0.0000,-0.0001,0.2329,0.0602,-0.0051,0.0000,0.0797,0.0001,0.0439,-0.0000,0.0603,0.0051,-0.0000,0.0795,-0.0001,0.0434,0.0000,0.0000,0.0000,0.0000,0.0000,0.0000,0.0000,0.0000,0.0000,0.0000,0.0000,0.0000,0.0000,0.0000,0.0000,0.0000,0.0000,0.0000,0.0000,0.0000,0.0000,0.0000,0.0000,0.0000,0.0000,0.0000,0.0000,0.0000,0.0000,0.0000,-0.4024,0.0002,-0.0002,-0.2472,0.1652,-0.0002,-0.4026,-0.0001,0.0003,-0.2470,0.1651,0.0002,-0.0001,-0.0003,0.9559,0.0300,-0.0129,0.0003,0.1452,0.0002,0.2284,-0.0000,0.0279,0.0127,-0.0003,0.1467,-0.0002,0.2623,0.0000,0.0000,0.0000,0.0000,0.0000,0.0000,0.0000,0.0000,0.0000,0.0000,0.0000,0.0000,0.0000,0.0000,0.0000,0.0000,0.0000,0.0000,0.0000,0.0000,0.0000,0.0000,0.0000,0.0000,0.0000,0.0000,0.0000,0.0000,0.0000,0.0000,
4.5436,RLFSMStatePassive,0.0000,0.0000,0.0000,-0.0001,0.5070,0.0006,0.9990,-0.0000,0.0445,0.0000,-0.0830,0.0001,-0.0001,-0.0454,0.0370,-0.0001,-0.0830,-0.0001,0.0000,-0.0454,0.0370,0.0001,0.0000,-0.0001,0.2546,0.0608,-0.0053,0.0000,0.0819,0.0001,0.0495,-0.0000,0.0609,0.0053,0.0000,0.0813,-0.0001,0.0451,0.0000,0.0000,0.0000,0.0000,0.0000,0.0000,0.0000,0.0000,0.0000,0.0000,0.0000,0.0000,0.0000,0.0000,0.0000,0.0000,0.0000,0.0000,0.0000,0.0000,0.0000,0.0000,0.0000,0.0000,0.0000,0.0000,0.0000,0.0000,0.0000,0.0000,-0.4072,0.0002,-0.0006,-0.2805,0.1789,-0.0002,-0.4069,-0.0001,-0.0002,-0.2806,0.1788,0.0002,0.0002,-0.0008,1.0386,0.0057,-0.0043,-0.0002,-0.0427,0.0002,0.8463,0.0000,0.0153,0.0051,0.0001,0.2725,-0.0001,0.0356,-0.0001,0.0000,0.0000,0.0000,0.0000,0.0000,0.0000,0.0000,0.0000,0.0000,0.0000,0.0000,0.0000,0.0000,0.0000,0.0000,0.0000,0.0000,0.0000,0.0000,0.0000,0.0000,0.0000,0.0000,0.0000,0.0000,0.0000,0.0000,0.0000,0.0000,
4.5638,RLFSMStatePassive,0.0000,0.0000,0.0000,0.0007,0.5550,-0.0018,0.9987,-0.0000,0.0501,0.0000,-0.0921,0.0001,-0.0001,-0.0498,0.0398,-0.0001,-0.0904,-0.0001,0.0001,-0.0498,0.0398,0.0001,-0.0000,-0.0001,0.2710,0.0610,-0.0054,-0.0000,0.0861,0.0001,0.0450,-0.0000,0.0611,0.0054,0.0000,0.0847,-0.0001,0.0486,0.0000,0.0000,0.0000,0.0000,0.0000,0.0000,0.0000,0.0000,0.0000,0.0000,0.0000,0.0000,0.0000,0.0000,0.0000,0.0000,0.0000,0.0000,0.0000,0.0000,0.0000,0.0000,0.0000,0.0000,0.0000,0.0000,0.0000,0.0000,0.0000,0.0000,-0.4455,0.0008,0.0014,-0.2818,0.1813,-0.0004,-0.4592,0.0002,0.0019,-0.2810,0.1816,-0.0000,-0.0059,-0.0074,1.0800,0.0426,-0.0054,-0.0000,-0.1566,0.0003,0.5568,-0.0000,0.0022,0.0062,0.0009,-0.1867,-0.0001,1.1032,0.0003,0.0000,0.0000,0.0000,0.0000,0.0000,0.0000,0.0000,0.0000,0.0000,0.0000,0.0000,0.0000,0.0000,0.0000,0.0000,0.0000,0.0000,0.0000,0.0000,0.0000,0.0000,0.0000,0.0000,0.0000,0.0000,0.0000,0.0000,0.0000,0.0000,
4.5839,RLFSMStatePassive,0.0000,0.0000,0.0000,-0.0001,0.5519,0.0002,0.9985,-0.0000,0.0549,0.0000,-0.1000,0.0001,-0.0001,-0.0559,0.0436,-0.0001,-0.1000,-0.0001,0.0001,-0.0559,0.0436,0.0001,0.0001,-0.0001,0.2928,0.0611,-0.0056,-0.0000,0.0892,0.0001,0.0391,-0.0000,0.0613,0.0056,-0.0000,0.0882,-0.0001,0.0463,0.0000,0.0000,0.0000,0.0000,0.0000,0.0000,0.0000,0.0000,0.0000,0.0000,0.0000,0.0000,0.0000,0.0000,0.0000,0.0000,0.0000,0.0000,0.0000,0.0000,0.0000,0.0000,0.0000,0.0000,0.0000,0.0000,0.0000,0.0000,0.0000,0.0000,-0.4311,0.0005,-0.0005,-0.3189,0.1956,-0.0002,-0.4316,0.0001,0.0000,-0.3176,0.1948,0.0002,0.0059,0.0002,1.2407,0.0646,-0.0244,-0.0007,-0.5965,0.0002,1.1278,-0.0004,0.0729,0.0262,0.0007,-0.5334,-0.0003,1.0308,0.0005,0.0000,0.0000,0.0000,0.0000,0.0000,0.0000,0.0000,0.0000,0.0000,0.0000,0.0000,0.0000,0.0000,0.0000,0.0000,0.0000,0.0000,0.0000,0.0000,0.0000,0.0000,0.0000,0.0000,0.0000,0.0000,0.0000,0.0000,0.0000,0.0000,
4.6041,RLFSMStatePassive,0.0000,0.0000,0.0000,0.0005,0.7581,-0.0010,0.9981,0.0000,0.0623,0.0000,-0.1119,0.0001,-0.0001,-0.0631,0.0480,-0.0002,-0.1119,-0.0001,0.0001,-0.0631,0.0480,0.0001,0.0001,-0.0002,0.3167,0.0600,-0.0058,0.0000,0.0945,0.0001,0.0420,0.0000,0.0601,0.0059,-0.0000,0.0943,-0.0001,0.0470,-0.0000,0.0000,0.0000,0.0000,0.0000,0.0000,0.0000,0.0000,0.0000,0.0000,0.0000,0.0000,0.0000,0.0000,0.0000,0.0000,0.0000,0.0000,0.0000,0.0000,0.0000,0.0000,0.0000,0.0000,0.0000,0.0000,0.0000,0.0000,0.0000,0.0000,-0.6426,0.0007,0.0002,-0.3113,0.1930,-0.0005,-0.6422,0.0004,0.0009,-0.3129,0.1942,-0.0001,-0.0009,-0.0088,1.0414,0.0124,-0.0124,-0.0012,0.3218,0.0002,-0.6655,-0.0004,-0.0257,0.0132,0.0016,0.6201,-0.0002,-1.2963,0.0004,0.0000,0.0000,0.0000,0.0000,0.0000,0.0000,0.0000,0.0000,0.0000,0.0000,0.0000,0.0000,0.0000,0.0000,0.0000,0.0000,0.0000,0.0000,0.0000,0.0000,0.0000,0.0000,0.0000,0.0000,0.0000,0.0000,0.0000,0.0000,0.0000,
4.6243,RLFSMStatePassive,0.0000,0.0000,0.0000,0.0005,0.7581,-0.0010,0.9981,0.0000,0.0623,0.0000,-0.1119,0.0001,-0.0001,-0.0631,0.0480,-0.0002,-0.1119,-0.0001,0.0001,-0.0631,0.0480,0.0001,0.0001,-0.0002,0.3167,0.0600,-0.0058,0.0000,0.0945,0.0001,0.0420,0.0000,0.0601,0.0059,-0.0000,0.0943,-0.0001,0.0470,-0.0000,0.0000,0.0000,0.0000,0.0000,0.0000,0.0000,0.0000,0.0000,0.0000,0.0000,0.0000,0.0000,0.0000,0.0000,0.0000,0.0000,0.0000,0.0000,0.0000,0.0000,0.0000,0.0000,0.0000,0.0000,0.0000,0.0000,0.0000,0.0000,0.0000,-0.6426,0.0007,0.0002,-0.3113,0.1930,-0.0005,-0.6422,0.0004,0.0009,-0.3129,0.1942,-0.0001,-0.0009,-0.0088,1.0414,0.0124,-0.0124,-0.0012,0.3218,0.0002,-0.6655,-0.0004,-0.0257,0.0132,0.0016,0.6201,-0.0002,-1.2963,0.0004,0.0000,0.0000,0.0000,0.0000,0.0000,0.0000,0.0000,0.0000,0.0000,0.0000,0.0000,0.0000,0.0000,0.0000,0.0000,0.0000,0.0000,0.0000,0.0000,0.0000,0.0000,0.0000,0.0000,0.0000,0.0000,0.0000,0.0000,0.0000,0.0000,
4.6444,RLFSMStatePassive,0.0000,0.0000,0.0000,0.0005,0.7581,-0.0010,0.9981,0.0000,0.0623,0.0000,-0.1119,0.0001,-0.0001,-0.0631,0.0480,-0.0002,-0.1119,-0.0001,0.0001,-0.0631,0.0480,0.0001,0.0001,-0.0002,0.3167,0.0600,-0.0058,0.0000,0.0945,0.0001,0.0420,0.0000,0.0601,0.0059,-0.0000,0.0943,-0.0001,0.0470,-0.0000,0.0000,0.0000,0.0000,0.0000,0.0000,0.0000,0.0000,0.0000,0.0000,0.0000,0.0000,0.0000,0.0000,0.0000,0.0000,0.0000,0.0000,0.0000,0.0000,0.0000,0.0000,0.0000,0.0000,0.0000,0.0000,0.0000,0.0000,0.0000,0.0000,-0.6426,0.0007,0.0002,-0.3113,0.1930,-0.0005,-0.6422,0.0004,0.0009,-0.3129,0.1942,-0.0001,-0.0009,-0.0088,1.0414,0.0124,-0.0124,-0.0012,0.3218,0.0002,-0.6655,-0.0004,-0.0257,0.0132,0.0016,0.6201,-0.0002,-1.2963,0.0004,0.0000,0.0000,0.0000,0.0000,0.0000,0.0000,0.0000,0.0000,0.0000,0.0000,0.0000,0.0000,0.0000,0.0000,0.0000,0.0000,0.0000,0.0000,0.0000,0.0000,0.0000,0.0000,0.0000,0.0000,0.0000,0.0000,0.0000,0.0000,0.0000,
4.6646,RLFSMStatePassive,0.0000,0.0000,0.0000,0.0005,0.7581,-0.0010,0.9981,0.0000,0.0623,0.0000,-0.1119,0.0001,-0.0001,-0.0631,0.0480,-0.0002,-0.1119,-0.0001,0.0001,-0.0631,0.0480,0.0001,0.0001,-0.0002,0.3167,0.0600,-0.0058,0.0000,0.0945,0.0001,0.0420,0.0000,0.0601,0.0059,-0.0000,0.0943,-0.0001,0.0470,-0.0000,0.0000,0.0000,0.0000,0.0000,0.0000,0.0000,0.0000,0.0000,0.0000,0.0000,0.0000,0.0000,0.0000,0.0000,0.0000,0.0000,0.0000,0.0000,0.0000,0.0000,0.0000,0.0000,0.0000,0.0000,0.0000,0.0000,0.0000,0.0000,0.0000,-0.6426,0.0007,0.0002,-0.3113,0.1930,-0.0005,-0.6422,0.0004,0.0009,-0.3129,0.1942,-0.0001,-0.0009,-0.0088,1.0414,0.0124,-0.0124,-0.0012,0.3218,0.0002,-0.6655,-0.0004,-0.0257,0.0132,0.0016,0.6201,-0.0002,-1.2963,0.0004,0.0000,0.0000,0.0000,0.0000,0.0000,0.0000,0.0000,0.0000,0.0000,0.0000,0.0000,0.0000,0.0000,0.0000,0.0000,0.0000,0.0000,0.0000,0.0000,0.0000,0.0000,0.0000,0.0000,0.0000,0.0000,0.0000,0.0000,0.0000,0.0000,
4.6847,RLFSMStatePassive,0.0000,0.0000,0.0000,0.0005,0.7581,-0.0010,0.9981,0.0000,0.0623,0.0000,-0.1119,0.0001,-0.0001,-0.0631,0.0480,-0.0002,-0.1119,-0.0001,0.0001,-0.0631,0.0480,0.0001,0.0001,-0.0002,0.3167,0.0600,-0.0058,0.0000,0.0945,0.0001,0.0420,0.0000,0.0601,0.0059,-0.0000,0.0943,-0.0001,0.0470,-0.0000,0.0000,0.0000,0.0000,0.0000,0.0000,0.0000,0.0000,0.0000,0.0000,0.0000,0.0000,0.0000,0.0000,0.0000,0.0000,0.0000,0.0000,0.0000,0.0000,0.0000,0.0000,0.0000,0.0000,0.0000,0.0000,0.0000,0.0000,0.0000,0.0000,-0.6426,0.0007,0.0002,-0.3113,0.1930,-0.0005,-0.6422,0.0004,0.0009,-0.3129,0.1942,-0.0001,-0.0009,-0.0088,1.0414,0.0124,-0.0124,-0.0012,0.3218,0.0002,-0.6655,-0.0004,-0.0257,0.0132,0.0016,0.6201,-0.0002,-1.2963,0.0004,0.0000,0.0000,0.0000,0.0000,0.0000,0.0000,0.0000,0.0000,0.0000,0.0000,0.0000,0.0000,0.0000,0.0000,0.0000,0.0000,0.0000,0.0000,0.0000,0.0000,0.0000,0.0000,0.0000,0.0000,0.0000,0.0000,0.0000,0.0000,0.0000,
4.7049,RLFSMStatePassive,0.0000,0.0000,0.0000,0.0005,0.7581,-0.0010,0.9981,0.0000,0.0623,0.0000,-0.1119,0.0001,-0.0001,-0.0631,0.0480,-0.0002,-0.1119,-0.0001,0.0001,-0.0631,0.0480,0.0001,0.0001,-0.0002,0.3167,0.0600,-0.0058,0.0000,0.0945,0.0001,0.0420,0.0000,0.0601,0.0059,-0.0000,0.0943,-0.0001,0.0470,-0.0000,0.0000,0.0000,0.0000,0.0000,0.0000,0.0000,0.0000,0.0000,0.0000,0.0000,0.0000,0.0000,0.0000,0.0000,0.0000,0.0000,0.0000,0.0000,0.0000,0.0000,0.0000,0.0000,0.0000,0.0000,0.0000,0.0000,0.0000,0.0000,0.0000,-0.6426,0.0007,0.0002,-0.3113,0.1930,-0.0005,-0.6422,0.0004,0.0009,-0.3129,0.1942,-0.0001,-0.0009,-0.0088,1.0414,0.0124,-0.0124,-0.0012,0.3218,0.0002,-0.6655,-0.0004,-0.0257,0.0132,0.0016,0.6201,-0.0002,-1.2963,0.0004,0.0000,0.0000,0.0000,0.0000,0.0000,0.0000,0.0000,0.0000,0.0000,0.0000,0.0000,0.0000,0.0000,0.0000,0.0000,0.0000,0.0000,0.0000,0.0000,0.0000,0.0000,0.0000,0.0000,0.0000,0.0000,0.0000,0.0000,0.0000,0.0000,
4.7251,RLFSMStatePassive,0.0000,0.0000,0.0000,0.0005,0.7581,-0.0010,0.9981,0.0000,0.0623,0.0000,-0.1119,0.0001,-0.0001,-0.0631,0.0480,-0.0002,-0.1119,-0.0001,0.0001,-0.0631,0.0480,0.0001,0.0001,-0.0002,0.3167,0.0600,-0.0058,0.0000,0.0945,0.0001,0.0420,0.0000,0.0601,0.0059,-0.0000,0.0943,-0.0001,0.0470,-0.0000,0.0000,0.0000,0.0000,0.0000,0.0000,0.0000,0.0000,0.0000,0.0000,0.0000,0.0000,0.0000,0.0000,0.0000,0.0000,0.0000,0.0000,0.0000,0.0000,0.0000,0.0000,0.0000,0.0000,0.0000,0.0000,0.0000,0.0000,0.0000,0.0000,-0.6426,0.0007,0.0002,-0.3113,0.1930,-0.0005,-0.6422,0.0004,0.0009,-0.3129,0.1942,-0.0001,-0.0009,-0.0088,1.0414,0.0124,-0.0124,-0.0012,0.3218,0.0002,-0.6655,-0.0004,-0.0257,0.0132,0.0016,0.6201,-0.0002,-1.2963,0.0004,0.0000,0.0000,0.0000,0.0000,0.0000,0.0000,0.0000,0.0000,0.0000,0.0000,0.0000,0.0000,0.0000,0.0000,0.0000,0.0000,0.0000,0.0000,0.0000,0.0000,0.0000,0.0000,0.0000,0.0000,0.0000,0.0000,0.0000,0.0000,0.0000,
4.7452,RLFSMStatePassive,0.0000,0.0000,0.0000,0.0005,0.7581,-0.0010,0.9981,0.0000,0.0623,0.0000,-0.1119,0.0001,-0.0001,-0.0631,0.0480,-0.0002,-0.1119,-0.0001,0.0001,-0.0631,0.0480,0.0001,0.0001,-0.0002,0.3167,0.0600,-0.0058,0.0000,0.0945,0.0001,0.0420,0.0000,0.0601,0.0059,-0.0000,0.0943,-0.0001,0.0470,-0.0000,0.0000,0.0000,0.0000,0.0000,0.0000,0.0000,0.0000,0.0000,0.0000,0.0000,0.0000,0.0000,0.0000,0.0000,0.0000,0.0000,0.0000,0.0000,0.0000,0.0000,0.0000,0.0000,0.0000,0.0000,0.0000,0.0000,0.0000,0.0000,0.0000,-0.6426,0.0007,0.0002,-0.3113,0.1930,-0.0005,-0.6422,0.0004,0.0009,-0.3129,0.1942,-0.0001,-0.0009,-0.0088,1.0414,0.0124,-0.0124,-0.0012,0.3218,0.0002,-0.6655,-0.0004,-0.0257,0.0132,0.0016,0.6201,-0.0002,-1.2963,0.0004,0.0000,0.0000,0.0000,0.0000,0.0000,0.0000,0.0000,0.0000,0.0000,0.0000,0.0000,0.0000,0.0000,0.0000,0.0000,0.0000,0.0000,0.0000,0.0000,0.0000,0.0000,0.0000,0.0000,0.0000,0.0000,0.0000,0.0000,0.0000,0.0000,
4.7654,RLFSMStatePassive,0.0000,0.0000,0.0000,0.0005,0.7581,-0.0010,0.9981,0.0000,0.0623,0.0000,-0.1119,0.0001,-0.0001,-0.0631,0.0480,-0.0002,-0.1119,-0.0001,0.0001,-0.0631,0.0480,0.0001,0.0001,-0.0002,0.3167,0.0600,-0.0058,0.0000,0.0945,0.0001,0.0420,0.0000,0.0601,0.0059,-0.0000,0.0943,-0.0001,0.0470,-0.0000,0.0000,0.0000,0.0000,0.0000,0.0000,0.0000,0.0000,0.0000,0.0000,0.0000,0.0000,0.0000,0.0000,0.0000,0.0000,0.0000,0.0000,0.0000,0.0000,0.0000,0.0000,0.0000,0.0000,0.0000,0.0000,0.0000,0.0000,0.0000,0.0000,-0.6426,0.0007,0.0002,-0.3113,0.1930,-0.0005,-0.6422,0.0004,0.0009,-0.3129,0.1942,-0.0001,-0.0009,-0.0088,1.0414,0.0124,-0.0124,-0.0012,0.3218,0.0002,-0.6655,-0.0004,-0.0257,0.0132,0.0016,0.6201,-0.0002,-1.2963,0.0004,0.0000,0.0000,0.0000,0.0000,0.0000,0.0000,0.0000,0.0000,0.0000,0.0000,0.0000,0.0000,0.0000,0.0000,0.0000,0.0000,0.0000,0.0000,0.0000,0.0000,0.0000,0.0000,0.0000,0.0000,0.0000,0.0000,0.0000,0.0000,0.0000,
4.7857,RLFSMStatePassive,0.0000,0.0000,0.0000,0.0005,0.7581,-0.0010,0.9981,0.0000,0.0623,0.0000,-0.1119,0.0001,-0.0001,-0.0631,0.0480,-0.0002,-0.1119,-0.0001,0.0001,-0.0631,0.0480,0.0001,0.0001,-0.0002,0.3167,0.0600,-0.0058,0.0000,0.0945,0.0001,0.0420,0.0000,0.0601,0.0059,-0.0000,0.0943,-0.0001,0.0470,-0.0000,0.0000,0.0000,0.0000,0.0000,0.0000,0.0000,0.0000,0.0000,0.0000,0.0000,0.0000,0.0000,0.0000,0.0000,0.0000,0.0000,0.0000,0.0000,0.0000,0.0000,0.0000,0.0000,0.0000,0.0000,0.0000,0.0000,0.0000,0.0000,0.0000,-0.6426,0.0007,0.0002,-0.3113,0.1930,-0.0005,-0.6422,0.0004,0.0009,-0.3129,0.1942,-0.0001,-0.0009,-0.0088,1.0414,0.0124,-0.0124,-0.0012,0.3218,0.0002,-0.6655,-0.0004,-0.0257,0.0132,0.0016,0.6201,-0.0002,-1.2963,0.0004,0.0000,0.0000,0.0000,0.0000,0.0000,0.0000,0.0000,0.0000,0.0000,0.0000,0.0000,0.0000,0.0000,0.0000,0.0000,0.0000,0.0000,0.0000,0.0000,0.0000,0.0000,0.0000,0.0000,0.0000,0.0000,0.0000,0.0000,0.0000,0.0000,
4.8058,RLFSMStatePassive,0.0000,0.0000,0.0000,0.0005,0.7581,-0.0010,0.9981,0.0000,0.0623,0.0000,-0.1119,0.0001,-0.0001,-0.0631,0.0480,-0.0002,-0.1119,-0.0001,0.0001,-0.0631,0.0480,0.0001,0.0001,-0.0002,0.3167,0.0600,-0.0058,0.0000,0.0945,0.0001,0.0420,0.0000,0.0601,0.0059,-0.0000,0.0943,-0.0001,0.0470,-0.0000,0.0000,0.0000,0.0000,0.0000,0.0000,0.0000,0.0000,0.0000,0.0000,0.0000,0.0000,0.0000,0.0000,0.0000,0.0000,0.0000,0.0000,0.0000,0.0000,0.0000,0.0000,0.0000,0.0000,0.0000,0.0000,0.0000,0.0000,0.0000,0.0000,-0.6426,0.0007,0.0002,-0.3113,0.1930,-0.0005,-0.6422,0.0004,0.0009,-0.3129,0.1942,-0.0001,-0.0009,-0.0088,1.0414,0.0124,-0.0124,-0.0012,0.3218,0.0002,-0.6655,-0.0004,-0.0257,0.0132,0.0016,0.6201,-0.0002,-1.2963,0.0004,0.0000,0.0000,0.0000,0.0000,0.0000,0.0000,0.0000,0.0000,0.0000,0.0000,0.0000,0.0000,0.0000,0.0000,0.0000,0.0000,0.0000,0.0000,0.0000,0.0000,0.0000,0.0000,0.0000,0.0000,0.0000,0.0000,0.0000,0.0000,0.0000,
4.8261,RLFSMStatePassive,0.0000,0.0000,0.0000,0.0005,0.7581,-0.0010,0.9981,0.0000,0.0623,0.0000,-0.1119,0.0001,-0.0001,-0.0631,0.0480,-0.0002,-0.1119,-0.0001,0.0001,-0.0631,0.0480,0.0001,0.0001,-0.0002,0.3167,0.0600,-0.0058,0.0000,0.0945,0.0001,0.0420,0.0000,0.0601,0.0059,-0.0000,0.0943,-0.0001,0.0470,-0.0000,0.0000,0.0000,0.0000,0.0000,0.0000,0.0000,0.0000,0.0000,0.0000,0.0000,0.0000,0.0000,0.0000,0.0000,0.0000,0.0000,0.0000,0.0000,0.0000,0.0000,0.0000,0.0000,0.0000,0.0000,0.0000,0.0000,0.0000,0.0000,0.0000,-0.6426,0.0007,0.0002,-0.3113,0.1930,-0.0005,-0.6422,0.0004,0.0009,-0.3129,0.1942,-0.0001,-0.0009,-0.0088,1.0414,0.0124,-0.0124,-0.0012,0.3218,0.0002,-0.6655,-0.0004,-0.0257,0.0132,0.0016,0.6201,-0.0002,-1.2963,0.0004,0.0000,0.0000,0.0000,0.0000,0.0000,0.0000,0.0000,0.0000,0.0000,0.0000,0.0000,0.0000,0.0000,0.0000,0.0000,0.0000,0.0000,0.0000,0.0000,0.0000,0.0000,0.0000,0.0000,0.0000,0.0000,0.0000,0.0000,0.0000,0.0000,
4.8463,RLFSMStatePassive,0.0000,0.0000,0.0000,0.0005,0.7581,-0.0010,0.9981,0.0000,0.0623,0.0000,-0.1119,0.0001,-0.0001,-0.0631,0.0480,-0.0002,-0.1119,-0.0001,0.0001,-0.0631,0.0480,0.0001,0.0001,-0.0002,0.3167,0.0600,-0.0058,0.0000,0.0945,0.0001,0.0420,0.0000,0.0601,0.0059,-0.0000,0.0943,-0.0001,0.0470,-0.0000,0.0000,0.0000,0.0000,0.0000,0.0000,0.0000,0.0000,0.0000,0.0000,0.0000,0.0000,0.0000,0.0000,0.0000,0.0000,0.0000,0.0000,0.0000,0.0000,0.0000,0.0000,0.0000,0.0000,0.0000,0.0000,0.0000,0.0000,0.0000,0.0000,-0.6426,0.0007,0.0002,-0.3113,0.1930,-0.0005,-0.6422,0.0004,0.0009,-0.3129,0.1942,-0.0001,-0.0009,-0.0088,1.0414,0.0124,-0.0124,-0.0012,0.3218,0.0002,-0.6655,-0.0004,-0.0257,0.0132,0.0016,0.6201,-0.0002,-1.2963,0.0004,0.0000,0.0000,0.0000,0.0000,0.0000,0.0000,0.0000,0.0000,0.0000,0.0000,0.0000,0.0000,0.0000,0.0000,0.0000,0.0000,0.0000,0.0000,0.0000,0.0000,0.0000,0.0000,0.0000,0.0000,0.0000,0.0000,0.0000,0.0000,0.0000,
4.8666,RLFSMStatePassive,0.0000,0.0000,0.0000,0.0005,0.7581,-0.0010,0.9981,0.0000,0.0623,0.0000,-0.1119,0.0001,-0.0001,-0.0631,0.0480,-0.0002,-0.1119,-0.0001,0.0001,-0.0631,0.0480,0.0001,0.0001,-0.0002,0.3167,0.0600,-0.0058,0.0000,0.0945,0.0001,0.0420,0.0000,0.0601,0.0059,-0.0000,0.0943,-0.0001,0.0470,-0.0000,0.0000,0.0000,0.0000,0.0000,0.0000,0.0000,0.0000,0.0000,0.0000,0.0000,0.0000,0.0000,0.0000,0.0000,0.0000,0.0000,0.0000,0.0000,0.0000,0.0000,0.0000,0.0000,0.0000,0.0000,0.0000,0.0000,0.0000,0.0000,0.0000,-0.6426,0.0007,0.0002,-0.3113,0.1930,-0.0005,-0.6422,0.0004,0.0009,-0.3129,0.1942,-0.0001,-0.0009,-0.0088,1.0414,0.0124,-0.0124,-0.0012,0.3218,0.0002,-0.6655,-0.0004,-0.0257,0.0132,0.0016,0.6201,-0.0002,-1.2963,0.0004,0.0000,0.0000,0.0000,0.0000,0.0000,0.0000,0.0000,0.0000,0.0000,0.0000,0.0000,0.0000,0.0000,0.0000,0.0000,0.0000,0.0000,0.0000,0.0000,0.0000,0.0000,0.0000,0.0000,0.0000,0.0000,0.0000,0.0000,0.0000,0.0000,
4.8868,RLFSMStatePassive,0.0000,0.0000,0.0000,0.0005,0.7581,-0.0010,0.9981,0.0000,0.0623,0.0000,-0.1119,0.0001,-0.0001,-0.0631,0.0480,-0.0002,-0.1119,-0.0001,0.0001,-0.0631,0.0480,0.0001,0.0001,-0.0002,0.3167,0.0600,-0.0058,0.0000,0.0945,0.0001,0.0420,0.0000,0.0601,0.0059,-0.0000,0.0943,-0.0001,0.0470,-0.0000,0.0000,0.0000,0.0000,0.0000,0.0000,0.0000,0.0000,0.0000,0.0000,0.0000,0.0000,0.0000,0.0000,0.0000,0.0000,0.0000,0.0000,0.0000,0.0000,0.0000,0.0000,0.0000,0.0000,0.0000,0.0000,0.0000,0.0000,0.0000,0.0000,-0.6426,0.0007,0.0002,-0.3113,0.1930,-0.0005,-0.6422,0.0004,0.0009,-0.3129,0.1942,-0.0001,-0.0009,-0.0088,1.0414,0.0124,-0.0124,-0.0012,0.3218,0.0002,-0.6655,-0.0004,-0.0257,0.0132,0.0016,0.6201,-0.0002,-1.2963,0.0004,0.0000,0.0000,0.0000,0.0000,0.0000,0.0000,0.0000,0.0000,0.0000,0.0000,0.0000,0.0000,0.0000,0.0000,0.0000,0.0000,0.0000,0.0000,0.0000,0.0000,0.0000,0.0000,0.0000,0.0000,0.0000,0.0000,0.0000,0.0000,0.0000,
4.9069,RLFSMStatePassive,0.0000,0.0000,0.0000,0.0005,0.7581,-0.0010,0.9981,0.0000,0.0623,0.0000,-0.1119,0.0001,-0.0001,-0.0631,0.0480,-0.0002,-0.1119,-0.0001,0.0001,-0.0631,0.0480,0.0001,0.0001,-0.0002,0.3167,0.0600,-0.0058,0.0000,0.0945,0.0001,0.0420,0.0000,0.0601,0.0059,-0.0000,0.0943,-0.0001,0.0470,-0.0000,0.0000,0.0000,0.0000,0.0000,0.0000,0.0000,0.0000,0.0000,0.0000,0.0000,0.0000,0.0000,0.0000,0.0000,0.0000,0.0000,0.0000,0.0000,0.0000,0.0000,0.0000,0.0000,0.0000,0.0000,0.0000,0.0000,0.0000,0.0000,0.0000,-0.6426,0.0007,0.0002,-0.3113,0.1930,-0.0005,-0.6422,0.0004,0.0009,-0.3129,0.1942,-0.0001,-0.0009,-0.0088,1.0414,0.0124,-0.0124,-0.0012,0.3218,0.0002,-0.6655,-0.0004,-0.0257,0.0132,0.0016,0.6201,-0.0002,-1.2963,0.0004,0.0000,0.0000,0.0000,0.0000,0.0000,0.0000,0.0000,0.0000,0.0000,0.0000,0.0000,0.0000,0.0000,0.0000,0.0000,0.0000,0.0000,0.0000,0.0000,0.0000,0.0000,0.0000,0.0000,0.0000,0.0000,0.0000,0.0000,0.0000,0.0000,
4.9271,RLFSMStatePassive,0.0000,0.0000,0.0000,0.0005,0.7581,-0.0010,0.9981,0.0000,0.0623,0.0000,-0.1119,0.0001,-0.0001,-0.0631,0.0480,-0.0002,-0.1119,-0.0001,0.0001,-0.0631,0.0480,0.0001,0.0001,-0.0002,0.3167,0.0600,-0.0058,0.0000,0.0945,0.0001,0.0420,0.0000,0.0601,0.0059,-0.0000,0.0943,-0.0001,0.0470,-0.0000,0.0000,0.0000,0.0000,0.0000,0.0000,0.0000,0.0000,0.0000,0.0000,0.0000,0.0000,0.0000,0.0000,0.0000,0.0000,0.0000,0.0000,0.0000,0.0000,0.0000,0.0000,0.0000,0.0000,0.0000,0.0000,0.0000,0.0000,0.0000,0.0000,-0.6426,0.0007,0.0002,-0.3113,0.1930,-0.0005,-0.6422,0.0004,0.0009,-0.3129,0.1942,-0.0001,-0.0009,-0.0088,1.0414,0.0124,-0.0124,-0.0012,0.3218,0.0002,-0.6655,-0.0004,-0.0257,0.0132,0.0016,0.6201,-0.0002,-1.2963,0.0004,0.0000,0.0000,0.0000,0.0000,0.0000,0.0000,0.0000,0.0000,0.0000,0.0000,0.0000,0.0000,0.0000,0.0000,0.0000,0.0000,0.0000,0.0000,0.0000,0.0000,0.0000,0.0000,0.0000,0.0000,0.0000,0.0000,0.0000,0.0000,0.0000,
4.9472,RLFSMStatePassive,0.0000,0.0000,0.0000,0.0005,0.7581,-0.0010,0.9981,0.0000,0.0623,0.0000,-0.1119,0.0001,-0.0001,-0.0631,0.0480,-0.0002,-0.1119,-0.0001,0.0001,-0.0631,0.0480,0.0001,0.0001,-0.0002,0.3167,0.0600,-0.0058,0.0000,0.0945,0.0001,0.0420,0.0000,0.0601,0.0059,-0.0000,0.0943,-0.0001,0.0470,-0.0000,0.0000,0.0000,0.0000,0.0000,0.0000,0.0000,0.0000,0.0000,0.0000,0.0000,0.0000,0.0000,0.0000,0.0000,0.0000,0.0000,0.0000,0.0000,0.0000,0.0000,0.0000,0.0000,0.0000,0.0000,0.0000,0.0000,0.0000,0.0000,0.0000,-0.6426,0.0007,0.0002,-0.3113,0.1930,-0.0005,-0.6422,0.0004,0.0009,-0.3129,0.1942,-0.0001,-0.0009,-0.0088,1.0414,0.0124,-0.0124,-0.0012,0.3218,0.0002,-0.6655,-0.0004,-0.0257,0.0132,0.0016,0.6201,-0.0002,-1.2963,0.0004,0.0000,0.0000,0.0000,0.0000,0.0000,0.0000,0.0000,0.0000,0.0000,0.0000,0.0000,0.0000,0.0000,0.0000,0.0000,0.0000,0.0000,0.0000,0.0000,0.0000,0.0000,0.0000,0.0000,0.0000,0.0000,0.0000,0.0000,0.0000,0.0000,
4.9675,RLFSMStatePassive,0.0000,0.0000,0.0000,0.0005,0.7581,-0.0010,0.9981,0.0000,0.0623,0.0000,-0.1119,0.0001,-0.0001,-0.0631,0.0480,-0.0002,-0.1119,-0.0001,0.0001,-0.0631,0.0480,0.0001,0.0001,-0.0002,0.3167,0.0600,-0.0058,0.0000,0.0945,0.0001,0.0420,0.0000,0.0601,0.0059,-0.0000,0.0943,-0.0001,0.0470,-0.0000,0.0000,0.0000,0.0000,0.0000,0.0000,0.0000,0.0000,0.0000,0.0000,0.0000,0.0000,0.0000,0.0000,0.0000,0.0000,0.0000,0.0000,0.0000,0.0000,0.0000,0.0000,0.0000,0.0000,0.0000,0.0000,0.0000,0.0000,0.0000,0.0000,-0.6426,0.0007,0.0002,-0.3113,0.1930,-0.0005,-0.6422,0.0004,0.0009,-0.3129,0.1942,-0.0001,-0.0009,-0.0088,1.0414,0.0124,-0.0124,-0.0012,0.3218,0.0002,-0.6655,-0.0004,-0.0257,0.0132,0.0016,0.6201,-0.0002,-1.2963,0.0004,0.0000,0.0000,0.0000,0.0000,0.0000,0.0000,0.0000,0.0000,0.0000,0.0000,0.0000,0.0000,0.0000,0.0000,0.0000,0.0000,0.0000,0.0000,0.0000,0.0000,0.0000,0.0000,0.0000,0.0000,0.0000,0.0000,0.0000,0.0000,0.0000,
4.9877,RLFSMStatePassive,0.0000,0.0000,0.0000,0.0005,0.7581,-0.0010,0.9981,0.0000,0.0623,0.0000,-0.1119,0.0001,-0.0001,-0.0631,0.0480,-0.0002,-0.1119,-0.0001,0.0001,-0.0631,0.0480,0.0001,0.0001,-0.0002,0.3167,0.0600,-0.0058,0.0000,0.0945,0.0001,0.0420,0.0000,0.0601,0.0059,-0.0000,0.0943,-0.0001,0.0470,-0.0000,0.0000,0.0000,0.0000,0.0000,0.0000,0.0000,0.0000,0.0000,0.0000,0.0000,0.0000,0.0000,0.0000,0.0000,0.0000,0.0000,0.0000,0.0000,0.0000,0.0000,0.0000,0.0000,0.0000,0.0000,0.0000,0.0000,0.0000,0.0000,0.0000,-0.6426,0.0007,0.0002,-0.3113,0.1930,-0.0005,-0.6422,0.0004,0.0009,-0.3129,0.1942,-0.0001,-0.0009,-0.0088,1.0414,0.0124,-0.0124,-0.0012,0.3218,0.0002,-0.6655,-0.0004,-0.0257,0.0132,0.0016,0.6201,-0.0002,-1.2963,0.0004,0.0000,0.0000,0.0000,0.0000,0.0000,0.0000,0.0000,0.0000,0.0000,0.0000,0.0000,0.0000,0.0000,0.0000,0.0000,0.0000,0.0000,0.0000,0.0000,0.0000,0.0000,0.0000,0.0000,0.0000,0.0000,0.0000,0.0000,0.0000,0.0000,
5.0080,RLFSMStatePassive,0.0000,0.0000,0.0000,0.0005,0.7581,-0.0010,0.9981,0.0000,0.0623,0.0000,-0.1119,0.0001,-0.0001,-0.0631,0.0480,-0.0002,-0.1119,-0.0001,0.0001,-0.0631,0.0480,0.0001,0.0001,-0.0002,0.3167,0.0600,-0.0058,0.0000,0.0945,0.0001,0.0420,0.0000,0.0601,0.0059,-0.0000,0.0943,-0.0001,0.0470,-0.0000,0.0000,0.0000,0.0000,0.0000,0.0000,0.0000,0.0000,0.0000,0.0000,0.0000,0.0000,0.0000,0.0000,0.0000,0.0000,0.0000,0.0000,0.0000,0.0000,0.0000,0.0000,0.0000,0.0000,0.0000,0.0000,0.0000,0.0000,0.0000,0.0000,-0.6426,0.0007,0.0002,-0.3113,0.1930,-0.0005,-0.6422,0.0004,0.0009,-0.3129,0.1942,-0.0001,-0.0009,-0.0088,1.0414,0.0124,-0.0124,-0.0012,0.3218,0.0002,-0.6655,-0.0004,-0.0257,0.0132,0.0016,0.6201,-0.0002,-1.2963,0.0004,0.0000,0.0000,0.0000,0.0000,0.0000,0.0000,0.0000,0.0000,0.0000,0.0000,0.0000,0.0000,0.0000,0.0000,0.0000,0.0000,0.0000,0.0000,0.0000,0.0000,0.0000,0.0000,0.0000,0.0000,0.0000,0.0000,0.0000,0.0000,0.0000,
5.0283,RLFSMStatePassive,0.0000,0.0000,0.0000,0.0005,0.7581,-0.0010,0.9981,0.0000,0.0623,0.0000,-0.1119,0.0001,-0.0001,-0.0631,0.0480,-0.0002,-0.1119,-0.0001,0.0001,-0.0631,0.0480,0.0001,0.0001,-0.0002,0.3167,0.0600,-0.0058,0.0000,0.0945,0.0001,0.0420,0.0000,0.0601,0.0059,-0.0000,0.0943,-0.0001,0.0470,-0.0000,0.0000,0.0000,0.0000,0.0000,0.0000,0.0000,0.0000,0.0000,0.0000,0.0000,0.0000,0.0000,0.0000,0.0000,0.0000,0.0000,0.0000,0.0000,0.0000,0.0000,0.0000,0.0000,0.0000,0.0000,0.0000,0.0000,0.0000,0.0000,0.0000,-0.6426,0.0007,0.0002,-0.3113,0.1930,-0.0005,-0.6422,0.0004,0.0009,-0.3129,0.1942,-0.0001,-0.0009,-0.0088,1.0414,0.0124,-0.0124,-0.0012,0.3218,0.0002,-0.6655,-0.0004,-0.0257,0.0132,0.0016,0.6201,-0.0002,-1.2963,0.0004,0.0000,0.0000,0.0000,0.0000,0.0000,0.0000,0.0000,0.0000,0.0000,0.0000,0.0000,0.0000,0.0000,0.0000,0.0000,0.0000,0.0000,0.0000,0.0000,0.0000,0.0000,0.0000,0.0000,0.0000,0.0000,0.0000,0.0000,0.0000,0.0000,
5.0484,RLFSMStatePassive,0.0000,0.0000,0.0000,0.0005,0.7581,-0.0010,0.9981,0.0000,0.0623,0.0000,-0.1119,0.0001,-0.0001,-0.0631,0.0480,-0.0002,-0.1119,-0.0001,0.0001,-0.0631,0.0480,0.0001,0.0001,-0.0002,0.3167,0.0600,-0.0058,0.0000,0.0945,0.0001,0.0420,0.0000,0.0601,0.0059,-0.0000,0.0943,-0.0001,0.0470,-0.0000,0.0000,0.0000,0.0000,0.0000,0.0000,0.0000,0.0000,0.0000,0.0000,0.0000,0.0000,0.0000,0.0000,0.0000,0.0000,0.0000,0.0000,0.0000,0.0000,0.0000,0.0000,0.0000,0.0000,0.0000,0.0000,0.0000,0.0000,0.0000,0.0000,-0.6426,0.0007,0.0002,-0.3113,0.1930,-0.0005,-0.6422,0.0004,0.0009,-0.3129,0.1942,-0.0001,-0.0009,-0.0088,1.0414,0.0124,-0.0124,-0.0012,0.3218,0.0002,-0.6655,-0.0004,-0.0257,0.0132,0.0016,0.6201,-0.0002,-1.2963,0.0004,0.0000,0.0000,0.0000,0.0000,0.0000,0.0000,0.0000,0.0000,0.0000,0.0000,0.0000,0.0000,0.0000,0.0000,0.0000,0.0000,0.0000,0.0000,0.0000,0.0000,0.0000,0.0000,0.0000,0.0000,0.0000,0.0000,0.0000,0.0000,0.0000,
5.0686,RLFSMStatePassive,0.0000,0.0000,0.0000,0.0005,0.7581,-0.0010,0.9981,0.0000,0.0623,0.0000,-0.1119,0.0001,-0.0001,-0.0631,0.0480,-0.0002,-0.1119,-0.0001,0.0001,-0.0631,0.0480,0.0001,0.0001,-0.0002,0.3167,0.0600,-0.0058,0.0000,0.0945,0.0001,0.0420,0.0000,0.0601,0.0059,-0.0000,0.0943,-0.0001,0.0470,-0.0000,0.0000,0.0000,0.0000,0.0000,0.0000,0.0000,0.0000,0.0000,0.0000,0.0000,0.0000,0.0000,0.0000,0.0000,0.0000,0.0000,0.0000,0.0000,0.0000,0.0000,0.0000,0.0000,0.0000,0.0000,0.0000,0.0000,0.0000,0.0000,0.0000,-0.6426,0.0007,0.0002,-0.3113,0.1930,-0.0005,-0.6422,0.0004,0.0009,-0.3129,0.1942,-0.0001,-0.0009,-0.0088,1.0414,0.0124,-0.0124,-0.0012,0.3218,0.0002,-0.6655,-0.0004,-0.0257,0.0132,0.0016,0.6201,-0.0002,-1.2963,0.0004,0.0000,0.0000,0.0000,0.0000,0.0000,0.0000,0.0000,0.0000,0.0000,0.0000,0.0000,0.0000,0.0000,0.0000,0.0000,0.0000,0.0000,0.0000,0.0000,0.0000,0.0000,0.0000,0.0000,0.0000,0.0000,0.0000,0.0000,0.0000,0.0000,
5.0888,RLFSMStatePassive,0.0000,0.0000,0.0000,0.0005,0.7581,-0.0010,0.9981,0.0000,0.0623,0.0000,-0.1119,0.0001,-0.0001,-0.0631,0.0480,-0.0002,-0.1119,-0.0001,0.0001,-0.0631,0.0480,0.0001,0.0001,-0.0002,0.3167,0.0600,-0.0058,0.0000,0.0945,0.0001,0.0420,0.0000,0.0601,0.0059,-0.0000,0.0943,-0.0001,0.0470,-0.0000,0.0000,0.0000,0.0000,0.0000,0.0000,0.0000,0.0000,0.0000,0.0000,0.0000,0.0000,0.0000,0.0000,0.0000,0.0000,0.0000,0.0000,0.0000,0.0000,0.0000,0.0000,0.0000,0.0000,0.0000,0.0000,0.0000,0.0000,0.0000,0.0000,-0.6426,0.0007,0.0002,-0.3113,0.1930,-0.0005,-0.6422,0.0004,0.0009,-0.3129,0.1942,-0.0001,-0.0009,-0.0088,1.0414,0.0124,-0.0124,-0.0012,0.3218,0.0002,-0.6655,-0.0004,-0.0257,0.0132,0.0016,0.6201,-0.0002,-1.2963,0.0004,0.0000,0.0000,0.0000,0.0000,0.0000,0.0000,0.0000,0.0000,0.0000,0.0000,0.0000,0.0000,0.0000,0.0000,0.0000,0.0000,0.0000,0.0000,0.0000,0.0000,0.0000,0.0000,0.0000,0.0000,0.0000,0.0000,0.0000,0.0000,0.0000,
5.1090,RLFSMStatePassive,0.0000,0.0000,0.0000,0.0005,0.7581,-0.0010,0.9981,0.0000,0.0623,0.0000,-0.1119,0.0001,-0.0001,-0.0631,0.0480,-0.0002,-0.1119,-0.0001,0.0001,-0.0631,0.0480,0.0001,0.0001,-0.0002,0.3167,0.0600,-0.0058,0.0000,0.0945,0.0001,0.0420,0.0000,0.0601,0.0059,-0.0000,0.0943,-0.0001,0.0470,-0.0000,0.0000,0.0000,0.0000,0.0000,0.0000,0.0000,0.0000,0.0000,0.0000,0.0000,0.0000,0.0000,0.0000,0.0000,0.0000,0.0000,0.0000,0.0000,0.0000,0.0000,0.0000,0.0000,0.0000,0.0000,0.0000,0.0000,0.0000,0.0000,0.0000,-0.6426,0.0007,0.0002,-0.3113,0.1930,-0.0005,-0.6422,0.0004,0.0009,-0.3129,0.1942,-0.0001,-0.0009,-0.0088,1.0414,0.0124,-0.0124,-0.0012,0.3218,0.0002,-0.6655,-0.0004,-0.0257,0.0132,0.0016,0.6201,-0.0002,-1.2963,0.0004,0.0000,0.0000,0.0000,0.0000,0.0000,0.0000,0.0000,0.0000,0.0000,0.0000,0.0000,0.0000,0.0000,0.0000,0.0000,0.0000,0.0000,0.0000,0.0000,0.0000,0.0000,0.0000,0.0000,0.0000,0.0000,0.0000,0.0000,0.0000,0.0000,
5.1293,RLFSMStatePassive,0.0000,0.0000,0.0000,0.0005,0.7581,-0.0010,0.9981,0.0000,0.0623,0.0000,-0.1119,0.0001,-0.0001,-0.0631,0.0480,-0.0002,-0.1119,-0.0001,0.0001,-0.0631,0.0480,0.0001,0.0001,-0.0002,0.3167,0.0600,-0.0058,0.0000,0.0945,0.0001,0.0420,0.0000,0.0601,0.0059,-0.0000,0.0943,-0.0001,0.0470,-0.0000,0.0000,0.0000,0.0000,0.0000,0.0000,0.0000,0.0000,0.0000,0.0000,0.0000,0.0000,0.0000,0.0000,0.0000,0.0000,0.0000,0.0000,0.0000,0.0000,0.0000,0.0000,0.0000,0.0000,0.0000,0.0000,0.0000,0.0000,0.0000,0.0000,-0.6426,0.0007,0.0002,-0.3113,0.1930,-0.0005,-0.6422,0.0004,0.0009,-0.3129,0.1942,-0.0001,-0.0009,-0.0088,1.0414,0.0124,-0.0124,-0.0012,0.3218,0.0002,-0.6655,-0.0004,-0.0257,0.0132,0.0016,0.6201,-0.0002,-1.2963,0.0004,0.0000,0.0000,0.0000,0.0000,0.0000,0.0000,0.0000,0.0000,0.0000,0.0000,0.0000,0.0000,0.0000,0.0000,0.0000,0.0000,0.0000,0.0000,0.0000,0.0000,0.0000,0.0000,0.0000,0.0000,0.0000,0.0000,0.0000,0.0000,0.0000,
5.1495,RLFSMStatePassive,0.0000,0.0000,0.0000,0.0005,0.7581,-0.0010,0.9981,0.0000,0.0623,0.0000,-0.1119,0.0001,-0.0001,-0.0631,0.0480,-0.0002,-0.1119,-0.0001,0.0001,-0.0631,0.0480,0.0001,0.0001,-0.0002,0.3167,0.0600,-0.0058,0.0000,0.0945,0.0001,0.0420,0.0000,0.0601,0.0059,-0.0000,0.0943,-0.0001,0.0470,-0.0000,0.0000,0.0000,0.0000,0.0000,0.0000,0.0000,0.0000,0.0000,0.0000,0.0000,0.0000,0.0000,0.0000,0.0000,0.0000,0.0000,0.0000,0.0000,0.0000,0.0000,0.0000,0.0000,0.0000,0.0000,0.0000,0.0000,0.0000,0.0000,0.0000,-0.6426,0.0007,0.0002,-0.3113,0.1930,-0.0005,-0.6422,0.0004,0.0009,-0.3129,0.1942,-0.0001,-0.0009,-0.0088,1.0414,0.0124,-0.0124,-0.0012,0.3218,0.0002,-0.6655,-0.0004,-0.0257,0.0132,0.0016,0.6201,-0.0002,-1.2963,0.0004,0.0000,0.0000,0.0000,0.0000,0.0000,0.0000,0.0000,0.0000,0.0000,0.0000,0.0000,0.0000,0.0000,0.0000,0.0000,0.0000,0.0000,0.0000,0.0000,0.0000,0.0000,0.0000,0.0000,0.0000,0.0000,0.0000,0.0000,0.0000,0.0000,
5.1697,RLFSMStatePassive,0.0000,0.0000,0.0000,0.0005,0.7581,-0.0010,0.9981,0.0000,0.0623,0.0000,-0.1119,0.0001,-0.0001,-0.0631,0.0480,-0.0002,-0.1119,-0.0001,0.0001,-0.0631,0.0480,0.0001,0.0001,-0.0002,0.3167,0.0600,-0.0058,0.0000,0.0945,0.0001,0.0420,0.0000,0.0601,0.0059,-0.0000,0.0943,-0.0001,0.0470,-0.0000,0.0000,0.0000,0.0000,0.0000,0.0000,0.0000,0.0000,0.0000,0.0000,0.0000,0.0000,0.0000,0.0000,0.0000,0.0000,0.0000,0.0000,0.0000,0.0000,0.0000,0.0000,0.0000,0.0000,0.0000,0.0000,0.0000,0.0000,0.0000,0.0000,-0.6426,0.0007,0.0002,-0.3113,0.1930,-0.0005,-0.6422,0.0004,0.0009,-0.3129,0.1942,-0.0001,-0.0009,-0.0088,1.0414,0.0124,-0.0124,-0.0012,0.3218,0.0002,-0.6655,-0.0004,-0.0257,0.0132,0.0016,0.6201,-0.0002,-1.2963,0.0004,0.0000,0.0000,0.0000,0.0000,0.0000,0.0000,0.0000,0.0000,0.0000,0.0000,0.0000,0.0000,0.0000,0.0000,0.0000,0.0000,0.0000,0.0000,0.0000,0.0000,0.0000,0.0000,0.0000,0.0000,0.0000,0.0000,0.0000,0.0000,0.0000,
5.1899,RLFSMStatePassive,0.0000,0.0000,0.0000,0.0005,0.7581,-0.0010,0.9981,0.0000,0.0623,0.0000,-0.1119,0.0001,-0.0001,-0.0631,0.0480,-0.0002,-0.1119,-0.0001,0.0001,-0.0631,0.0480,0.0001,0.0001,-0.0002,0.3167,0.0600,-0.0058,0.0000,0.0945,0.0001,0.0420,0.0000,0.0601,0.0059,-0.0000,0.0943,-0.0001,0.0470,-0.0000,0.0000,0.0000,0.0000,0.0000,0.0000,0.0000,0.0000,0.0000,0.0000,0.0000,0.0000,0.0000,0.0000,0.0000,0.0000,0.0000,0.0000,0.0000,0.0000,0.0000,0.0000,0.0000,0.0000,0.0000,0.0000,0.0000,0.0000,0.0000,0.0000,-0.6426,0.0007,0.0002,-0.3113,0.1930,-0.0005,-0.6422,0.0004,0.0009,-0.3129,0.1942,-0.0001,-0.0009,-0.0088,1.0414,0.0124,-0.0124,-0.0012,0.3218,0.0002,-0.6655,-0.0004,-0.0257,0.0132,0.0016,0.6201,-0.0002,-1.2963,0.0004,0.0000,0.0000,0.0000,0.0000,0.0000,0.0000,0.0000,0.0000,0.0000,0.0000,0.0000,0.0000,0.0000,0.0000,0.0000,0.0000,0.0000,0.0000,0.0000,0.0000,0.0000,0.0000,0.0000,0.0000,0.0000,0.0000,0.0000,0.0000,0.0000,
5.2102,RLFSMStatePassive,0.0000,0.0000,0.0000,0.0005,0.7581,-0.0010,0.9981,0.0000,0.0623,0.0000,-0.1119,0.0001,-0.0001,-0.0631,0.0480,-0.0002,-0.1119,-0.0001,0.0001,-0.0631,0.0480,0.0001,0.0001,-0.0002,0.3167,0.0600,-0.0058,0.0000,0.0945,0.0001,0.0420,0.0000,0.0601,0.0059,-0.0000,0.0943,-0.0001,0.0470,-0.0000,0.0000,0.0000,0.0000,0.0000,0.0000,0.0000,0.0000,0.0000,0.0000,0.0000,0.0000,0.0000,0.0000,0.0000,0.0000,0.0000,0.0000,0.0000,0.0000,0.0000,0.0000,0.0000,0.0000,0.0000,0.0000,0.0000,0.0000,0.0000,0.0000,-0.6426,0.0007,0.0002,-0.3113,0.1930,-0.0005,-0.6422,0.0004,0.0009,-0.3129,0.1942,-0.0001,-0.0009,-0.0088,1.0414,0.0124,-0.0124,-0.0012,0.3218,0.0002,-0.6655,-0.0004,-0.0257,0.0132,0.0016,0.6201,-0.0002,-1.2963,0.0004,0.0000,0.0000,0.0000,0.0000,0.0000,0.0000,0.0000,0.0000,0.0000,0.0000,0.0000,0.0000,0.0000,0.0000,0.0000,0.0000,0.0000,0.0000,0.0000,0.0000,0.0000,0.0000,0.0000,0.0000,0.0000,0.0000,0.0000,0.0000,0.0000,
5.2304,RLFSMStatePassive,0.0000,0.0000,0.0000,0.0005,0.7581,-0.0010,0.9981,0.0000,0.0623,0.0000,-0.1119,0.0001,-0.0001,-0.0631,0.0480,-0.0002,-0.1119,-0.0001,0.0001,-0.0631,0.0480,0.0001,0.0001,-0.0002,0.3167,0.0600,-0.0058,0.0000,0.0945,0.0001,0.0420,0.0000,0.0601,0.0059,-0.0000,0.0943,-0.0001,0.0470,-0.0000,0.0000,0.0000,0.0000,0.0000,0.0000,0.0000,0.0000,0.0000,0.0000,0.0000,0.0000,0.0000,0.0000,0.0000,0.0000,0.0000,0.0000,0.0000,0.0000,0.0000,0.0000,0.0000,0.0000,0.0000,0.0000,0.0000,0.0000,0.0000,0.0000,-0.6426,0.0007,0.0002,-0.3113,0.1930,-0.0005,-0.6422,0.0004,0.0009,-0.3129,0.1942,-0.0001,-0.0009,-0.0088,1.0414,0.0124,-0.0124,-0.0012,0.3218,0.0002,-0.6655,-0.0004,-0.0257,0.0132,0.0016,0.6201,-0.0002,-1.2963,0.0004,0.0000,0.0000,0.0000,0.0000,0.0000,0.0000,0.0000,0.0000,0.0000,0.0000,0.0000,0.0000,0.0000,0.0000,0.0000,0.0000,0.0000,0.0000,0.0000,0.0000,0.0000,0.0000,0.0000,0.0000,0.0000,0.0000,0.0000,0.0000,0.0000,
5.2506,RLFSMStatePassive,0.0000,0.0000,0.0000,0.0005,0.7581,-0.0010,0.9981,0.0000,0.0623,0.0000,-0.1119,0.0001,-0.0001,-0.0631,0.0480,-0.0002,-0.1119,-0.0001,0.0001,-0.0631,0.0480,0.0001,0.0001,-0.0002,0.3167,0.0600,-0.0058,0.0000,0.0945,0.0001,0.0420,0.0000,0.0601,0.0059,-0.0000,0.0943,-0.0001,0.0470,-0.0000,0.0000,0.0000,0.0000,0.0000,0.0000,0.0000,0.0000,0.0000,0.0000,0.0000,0.0000,0.0000,0.0000,0.0000,0.0000,0.0000,0.0000,0.0000,0.0000,0.0000,0.0000,0.0000,0.0000,0.0000,0.0000,0.0000,0.0000,0.0000,0.0000,-0.6426,0.0007,0.0002,-0.3113,0.1930,-0.0005,-0.6422,0.0004,0.0009,-0.3129,0.1942,-0.0001,-0.0009,-0.0088,1.0414,0.0124,-0.0124,-0.0012,0.3218,0.0002,-0.6655,-0.0004,-0.0257,0.0132,0.0016,0.6201,-0.0002,-1.2963,0.0004,0.0000,0.0000,0.0000,0.0000,0.0000,0.0000,0.0000,0.0000,0.0000,0.0000,0.0000,0.0000,0.0000,0.0000,0.0000,0.0000,0.0000,0.0000,0.0000,0.0000,0.0000,0.0000,0.0000,0.0000,0.0000,0.0000,0.0000,0.0000,0.0000,
5.2708,RLFSMStatePassive,0.0000,0.0000,0.0000,0.0005,0.7581,-0.0010,0.9981,0.0000,0.0623,0.0000,-0.1119,0.0001,-0.0001,-0.0631,0.0480,-0.0002,-0.1119,-0.0001,0.0001,-0.0631,0.0480,0.0001,0.0001,-0.0002,0.3167,0.0600,-0.0058,0.0000,0.0945,0.0001,0.0420,0.0000,0.0601,0.0059,-0.0000,0.0943,-0.0001,0.0470,-0.0000,0.0000,0.0000,0.0000,0.0000,0.0000,0.0000,0.0000,0.0000,0.0000,0.0000,0.0000,0.0000,0.0000,0.0000,0.0000,0.0000,0.0000,0.0000,0.0000,0.0000,0.0000,0.0000,0.0000,0.0000,0.0000,0.0000,0.0000,0.0000,0.0000,-0.6426,0.0007,0.0002,-0.3113,0.1930,-0.0005,-0.6422,0.0004,0.0009,-0.3129,0.1942,-0.0001,-0.0009,-0.0088,1.0414,0.0124,-0.0124,-0.0012,0.3218,0.0002,-0.6655,-0.0004,-0.0257,0.0132,0.0016,0.6201,-0.0002,-1.2963,0.0004,0.0000,0.0000,0.0000,0.0000,0.0000,0.0000,0.0000,0.0000,0.0000,0.0000,0.0000,0.0000,0.0000,0.0000,0.0000,0.0000,0.0000,0.0000,0.0000,0.0000,0.0000,0.0000,0.0000,0.0000,0.0000,0.0000,0.0000,0.0000,0.0000,
5.2909,RLFSMStatePassive,0.0000,0.0000,0.0000,0.0005,0.7581,-0.0010,0.9981,0.0000,0.0623,0.0000,-0.1119,0.0001,-0.0001,-0.0631,0.0480,-0.0002,-0.1119,-0.0001,0.0001,-0.0631,0.0480,0.0001,0.0001,-0.0002,0.3167,0.0600,-0.0058,0.0000,0.0945,0.0001,0.0420,0.0000,0.0601,0.0059,-0.0000,0.0943,-0.0001,0.0470,-0.0000,0.0000,0.0000,0.0000,0.0000,0.0000,0.0000,0.0000,0.0000,0.0000,0.0000,0.0000,0.0000,0.0000,0.0000,0.0000,0.0000,0.0000,0.0000,0.0000,0.0000,0.0000,0.0000,0.0000,0.0000,0.0000,0.0000,0.0000,0.0000,0.0000,-0.6426,0.0007,0.0002,-0.3113,0.1930,-0.0005,-0.6422,0.0004,0.0009,-0.3129,0.1942,-0.0001,-0.0009,-0.0088,1.0414,0.0124,-0.0124,-0.0012,0.3218,0.0002,-0.6655,-0.0004,-0.0257,0.0132,0.0016,0.6201,-0.0002,-1.2963,0.0004,0.0000,0.0000,0.0000,0.0000,0.0000,0.0000,0.0000,0.0000,0.0000,0.0000,0.0000,0.0000,0.0000,0.0000,0.0000,0.0000,0.0000,0.0000,0.0000,0.0000,0.0000,0.0000,0.0000,0.0000,0.0000,0.0000,0.0000,0.0000,0.0000,
5.3111,RLFSMStatePassive,0.0000,0.0000,0.0000,0.0005,0.7581,-0.0010,0.9981,0.0000,0.0623,0.0000,-0.1119,0.0001,-0.0001,-0.0631,0.0480,-0.0002,-0.1119,-0.0001,0.0001,-0.0631,0.0480,0.0001,0.0001,-0.0002,0.3167,0.0600,-0.0058,0.0000,0.0945,0.0001,0.0420,0.0000,0.0601,0.0059,-0.0000,0.0943,-0.0001,0.0470,-0.0000,0.0000,0.0000,0.0000,0.0000,0.0000,0.0000,0.0000,0.0000,0.0000,0.0000,0.0000,0.0000,0.0000,0.0000,0.0000,0.0000,0.0000,0.0000,0.0000,0.0000,0.0000,0.0000,0.0000,0.0000,0.0000,0.0000,0.0000,0.0000,0.0000,-0.6426,0.0007,0.0002,-0.3113,0.1930,-0.0005,-0.6422,0.0004,0.0009,-0.3129,0.1942,-0.0001,-0.0009,-0.0088,1.0414,0.0124,-0.0124,-0.0012,0.3218,0.0002,-0.6655,-0.0004,-0.0257,0.0132,0.0016,0.6201,-0.0002,-1.2963,0.0004,0.0000,0.0000,0.0000,0.0000,0.0000,0.0000,0.0000,0.0000,0.0000,0.0000,0.0000,0.0000,0.0000,0.0000,0.0000,0.0000,0.0000,0.0000,0.0000,0.0000,0.0000,0.0000,0.0000,0.0000,0.0000,0.0000,0.0000,0.0000,0.0000,
5.3313,RLFSMStatePassive,0.0000,0.0000,0.0000,0.0005,0.7581,-0.0010,0.9981,0.0000,0.0623,0.0000,-0.1119,0.0001,-0.0001,-0.0631,0.0480,-0.0002,-0.1119,-0.0001,0.0001,-0.0631,0.0480,0.0001,0.0001,-0.0002,0.3167,0.0600,-0.0058,0.0000,0.0945,0.0001,0.0420,0.0000,0.0601,0.0059,-0.0000,0.0943,-0.0001,0.0470,-0.0000,0.0000,0.0000,0.0000,0.0000,0.0000,0.0000,0.0000,0.0000,0.0000,0.0000,0.0000,0.0000,0.0000,0.0000,0.0000,0.0000,0.0000,0.0000,0.0000,0.0000,0.0000,0.0000,0.0000,0.0000,0.0000,0.0000,0.0000,0.0000,0.0000,-0.6426,0.0007,0.0002,-0.3113,0.1930,-0.0005,-0.6422,0.0004,0.0009,-0.3129,0.1942,-0.0001,-0.0009,-0.0088,1.0414,0.0124,-0.0124,-0.0012,0.3218,0.0002,-0.6655,-0.0004,-0.0257,0.0132,0.0016,0.6201,-0.0002,-1.2963,0.0004,0.0000,0.0000,0.0000,0.0000,0.0000,0.0000,0.0000,0.0000,0.0000,0.0000,0.0000,0.0000,0.0000,0.0000,0.0000,0.0000,0.0000,0.0000,0.0000,0.0000,0.0000,0.0000,0.0000,0.0000,0.0000,0.0000,0.0000,0.0000,0.0000,
5.3514,RLFSMStatePassive,0.0000,0.0000,0.0000,0.0005,0.7581,-0.0010,0.9981,0.0000,0.0623,0.0000,-0.1119,0.0001,-0.0001,-0.0631,0.0480,-0.0002,-0.1119,-0.0001,0.0001,-0.0631,0.0480,0.0001,0.0001,-0.0002,0.3167,0.0600,-0.0058,0.0000,0.0945,0.0001,0.0420,0.0000,0.0601,0.0059,-0.0000,0.0943,-0.0001,0.0470,-0.0000,0.0000,0.0000,0.0000,0.0000,0.0000,0.0000,0.0000,0.0000,0.0000,0.0000,0.0000,0.0000,0.0000,0.0000,0.0000,0.0000,0.0000,0.0000,0.0000,0.0000,0.0000,0.0000,0.0000,0.0000,0.0000,0.0000,0.0000,0.0000,0.0000,-0.6426,0.0007,0.0002,-0.3113,0.1930,-0.0005,-0.6422,0.0004,0.0009,-0.3129,0.1942,-0.0001,-0.0009,-0.0088,1.0414,0.0124,-0.0124,-0.0012,0.3218,0.0002,-0.6655,-0.0004,-0.0257,0.0132,0.0016,0.6201,-0.0002,-1.2963,0.0004,0.0000,0.0000,0.0000,0.0000,0.0000,0.0000,0.0000,0.0000,0.0000,0.0000,0.0000,0.0000,0.0000,0.0000,0.0000,0.0000,0.0000,0.0000,0.0000,0.0000,0.0000,0.0000,0.0000,0.0000,0.0000,0.0000,0.0000,0.0000,0.0000,
5.3716,RLFSMStatePassive,0.0000,0.0000,0.0000,0.0005,0.7581,-0.0010,0.9981,0.0000,0.0623,0.0000,-0.1119,0.0001,-0.0001,-0.0631,0.0480,-0.0002,-0.1119,-0.0001,0.0001,-0.0631,0.0480,0.0001,0.0001,-0.0002,0.3167,0.0600,-0.0058,0.0000,0.0945,0.0001,0.0420,0.0000,0.0601,0.0059,-0.0000,0.0943,-0.0001,0.0470,-0.0000,0.0000,0.0000,0.0000,0.0000,0.0000,0.0000,0.0000,0.0000,0.0000,0.0000,0.0000,0.0000,0.0000,0.0000,0.0000,0.0000,0.0000,0.0000,0.0000,0.0000,0.0000,0.0000,0.0000,0.0000,0.0000,0.0000,0.0000,0.0000,0.0000,-0.6426,0.0007,0.0002,-0.3113,0.1930,-0.0005,-0.6422,0.0004,0.0009,-0.3129,0.1942,-0.0001,-0.0009,-0.0088,1.0414,0.0124,-0.0124,-0.0012,0.3218,0.0002,-0.6655,-0.0004,-0.0257,0.0132,0.0016,0.6201,-0.0002,-1.2963,0.0004,0.0000,0.0000,0.0000,0.0000,0.0000,0.0000,0.0000,0.0000,0.0000,0.0000,0.0000,0.0000,0.0000,0.0000,0.0000,0.0000,0.0000,0.0000,0.0000,0.0000,0.0000,0.0000,0.0000,0.0000,0.0000,0.0000,0.0000,0.0000,0.0000,
5.3918,RLFSMStatePassive,0.0000,0.0000,0.0000,0.0005,0.7581,-0.0010,0.9981,0.0000,0.0623,0.0000,-0.1119,0.0001,-0.0001,-0.0631,0.0480,-0.0002,-0.1119,-0.0001,0.0001,-0.0631,0.0480,0.0001,0.0001,-0.0002,0.3167,0.0600,-0.0058,0.0000,0.0945,0.0001,0.0420,0.0000,0.0601,0.0059,-0.0000,0.0943,-0.0001,0.0470,-0.0000,0.0000,0.0000,0.0000,0.0000,0.0000,0.0000,0.0000,0.0000,0.0000,0.0000,0.0000,0.0000,0.0000,0.0000,0.0000,0.0000,0.0000,0.0000,0.0000,0.0000,0.0000,0.0000,0.0000,0.0000,0.0000,0.0000,0.0000,0.0000,0.0000,-0.6426,0.0007,0.0002,-0.3113,0.1930,-0.0005,-0.6422,0.0004,0.0009,-0.3129,0.1942,-0.0001,-0.0009,-0.0088,1.0414,0.0124,-0.0124,-0.0012,0.3218,0.0002,-0.6655,-0.0004,-0.0257,0.0132,0.0016,0.6201,-0.0002,-1.2963,0.0004,0.0000,0.0000,0.0000,0.0000,0.0000,0.0000,0.0000,0.0000,0.0000,0.0000,0.0000,0.0000,0.0000,0.0000,0.0000,0.0000,0.0000,0.0000,0.0000,0.0000,0.0000,0.0000,0.0000,0.0000,0.0000,0.0000,0.0000,0.0000,0.0000,
5.4120,RLFSMStatePassive,0.0000,0.0000,0.0000,0.0005,0.7581,-0.0010,0.9981,0.0000,0.0623,0.0000,-0.1119,0.0001,-0.0001,-0.0631,0.0480,-0.0002,-0.1119,-0.0001,0.0001,-0.0631,0.0480,0.0001,0.0001,-0.0002,0.3167,0.0600,-0.0058,0.0000,0.0945,0.0001,0.0420,0.0000,0.0601,0.0059,-0.0000,0.0943,-0.0001,0.0470,-0.0000,0.0000,0.0000,0.0000,0.0000,0.0000,0.0000,0.0000,0.0000,0.0000,0.0000,0.0000,0.0000,0.0000,0.0000,0.0000,0.0000,0.0000,0.0000,0.0000,0.0000,0.0000,0.0000,0.0000,0.0000,0.0000,0.0000,0.0000,0.0000,0.0000,-0.6426,0.0007,0.0002,-0.3113,0.1930,-0.0005,-0.6422,0.0004,0.0009,-0.3129,0.1942,-0.0001,-0.0009,-0.0088,1.0414,0.0124,-0.0124,-0.0012,0.3218,0.0002,-0.6655,-0.0004,-0.0257,0.0132,0.0016,0.6201,-0.0002,-1.2963,0.0004,0.0000,0.0000,0.0000,0.0000,0.0000,0.0000,0.0000,0.0000,0.0000,0.0000,0.0000,0.0000,0.0000,0.0000,0.0000,0.0000,0.0000,0.0000,0.0000,0.0000,0.0000,0.0000,0.0000,0.0000,0.0000,0.0000,0.0000,0.0000,0.0000,
5.4323,RLFSMStatePassive,0.0000,0.0000,0.0000,0.0005,0.7581,-0.0010,0.9981,0.0000,0.0623,0.0000,-0.1119,0.0001,-0.0001,-0.0631,0.0480,-0.0002,-0.1119,-0.0001,0.0001,-0.0631,0.0480,0.0001,0.0001,-0.0002,0.3167,0.0600,-0.0058,0.0000,0.0945,0.0001,0.0420,0.0000,0.0601,0.0059,-0.0000,0.0943,-0.0001,0.0470,-0.0000,0.0000,0.0000,0.0000,0.0000,0.0000,0.0000,0.0000,0.0000,0.0000,0.0000,0.0000,0.0000,0.0000,0.0000,0.0000,0.0000,0.0000,0.0000,0.0000,0.0000,0.0000,0.0000,0.0000,0.0000,0.0000,0.0000,0.0000,0.0000,0.0000,-0.6426,0.0007,0.0002,-0.3113,0.1930,-0.0005,-0.6422,0.0004,0.0009,-0.3129,0.1942,-0.0001,-0.0009,-0.0088,1.0414,0.0124,-0.0124,-0.0012,0.3218,0.0002,-0.6655,-0.0004,-0.0257,0.0132,0.0016,0.6201,-0.0002,-1.2963,0.0004,0.0000,0.0000,0.0000,0.0000,0.0000,0.0000,0.0000,0.0000,0.0000,0.0000,0.0000,0.0000,0.0000,0.0000,0.0000,0.0000,0.0000,0.0000,0.0000,0.0000,0.0000,0.0000,0.0000,0.0000,0.0000,0.0000,0.0000,0.0000,0.0000,
5.4524,RLFSMStatePassive,0.0000,0.0000,0.0000,0.0005,0.7581,-0.0010,0.9981,0.0000,0.0623,0.0000,-0.1119,0.0001,-0.0001,-0.0631,0.0480,-0.0002,-0.1119,-0.0001,0.0001,-0.0631,0.0480,0.0001,0.0001,-0.0002,0.3167,0.0600,-0.0058,0.0000,0.0945,0.0001,0.0420,0.0000,0.0601,0.0059,-0.0000,0.0943,-0.0001,0.0470,-0.0000,0.0000,0.0000,0.0000,0.0000,0.0000,0.0000,0.0000,0.0000,0.0000,0.0000,0.0000,0.0000,0.0000,0.0000,0.0000,0.0000,0.0000,0.0000,0.0000,0.0000,0.0000,0.0000,0.0000,0.0000,0.0000,0.0000,0.0000,0.0000,0.0000,-0.6426,0.0007,0.0002,-0.3113,0.1930,-0.0005,-0.6422,0.0004,0.0009,-0.3129,0.1942,-0.0001,-0.0009,-0.0088,1.0414,0.0124,-0.0124,-0.0012,0.3218,0.0002,-0.6655,-0.0004,-0.0257,0.0132,0.0016,0.6201,-0.0002,-1.2963,0.0004,0.0000,0.0000,0.0000,0.0000,0.0000,0.0000,0.0000,0.0000,0.0000,0.0000,0.0000,0.0000,0.0000,0.0000,0.0000,0.0000,0.0000,0.0000,0.0000,0.0000,0.0000,0.0000,0.0000,0.0000,0.0000,0.0000,0.0000,0.0000,0.0000,
5.4727,RLFSMStatePassive,0.0000,0.0000,0.0000,0.0005,0.7581,-0.0010,0.9981,0.0000,0.0623,0.0000,-0.1119,0.0001,-0.0001,-0.0631,0.0480,-0.0002,-0.1119,-0.0001,0.0001,-0.0631,0.0480,0.0001,0.0001,-0.0002,0.3167,0.0600,-0.0058,0.0000,0.0945,0.0001,0.0420,0.0000,0.0601,0.0059,-0.0000,0.0943,-0.0001,0.0470,-0.0000,0.0000,0.0000,0.0000,0.0000,0.0000,0.0000,0.0000,0.0000,0.0000,0.0000,0.0000,0.0000,0.0000,0.0000,0.0000,0.0000,0.0000,0.0000,0.0000,0.0000,0.0000,0.0000,0.0000,0.0000,0.0000,0.0000,0.0000,0.0000,0.0000,-0.6426,0.0007,0.0002,-0.3113,0.1930,-0.0005,-0.6422,0.0004,0.0009,-0.3129,0.1942,-0.0001,-0.0009,-0.0088,1.0414,0.0124,-0.0124,-0.0012,0.3218,0.0002,-0.6655,-0.0004,-0.0257,0.0132,0.0016,0.6201,-0.0002,-1.2963,0.0004,0.0000,0.0000,0.0000,0.0000,0.0000,0.0000,0.0000,0.0000,0.0000,0.0000,0.0000,0.0000,0.0000,0.0000,0.0000,0.0000,0.0000,0.0000,0.0000,0.0000,0.0000,0.0000,0.0000,0.0000,0.0000,0.0000,0.0000,0.0000,0.0000,
5.4929,RLFSMStatePassive,0.0000,0.0000,0.0000,0.0005,0.7581,-0.0010,0.9981,0.0000,0.0623,0.0000,-0.1119,0.0001,-0.0001,-0.0631,0.0480,-0.0002,-0.1119,-0.0001,0.0001,-0.0631,0.0480,0.0001,0.0001,-0.0002,0.3167,0.0600,-0.0058,0.0000,0.0945,0.0001,0.0420,0.0000,0.0601,0.0059,-0.0000,0.0943,-0.0001,0.0470,-0.0000,0.0000,0.0000,0.0000,0.0000,0.0000,0.0000,0.0000,0.0000,0.0000,0.0000,0.0000,0.0000,0.0000,0.0000,0.0000,0.0000,0.0000,0.0000,0.0000,0.0000,0.0000,0.0000,0.0000,0.0000,0.0000,0.0000,0.0000,0.0000,0.0000,-0.6426,0.0007,0.0002,-0.3113,0.1930,-0.0005,-0.6422,0.0004,0.0009,-0.3129,0.1942,-0.0001,-0.0009,-0.0088,1.0414,0.0124,-0.0124,-0.0012,0.3218,0.0002,-0.6655,-0.0004,-0.0257,0.0132,0.0016,0.6201,-0.0002,-1.2963,0.0004,0.0000,0.0000,0.0000,0.0000,0.0000,0.0000,0.0000,0.0000,0.0000,0.0000,0.0000,0.0000,0.0000,0.0000,0.0000,0.0000,0.0000,0.0000,0.0000,0.0000,0.0000,0.0000,0.0000,0.0000,0.0000,0.0000,0.0000,0.0000,0.0000,
5.5131,RLFSMStatePassive,0.0000,0.0000,0.0000,0.0005,0.7581,-0.0010,0.9981,0.0000,0.0623,0.0000,-0.1119,0.0001,-0.0001,-0.0631,0.0480,-0.0002,-0.1119,-0.0001,0.0001,-0.0631,0.0480,0.0001,0.0001,-0.0002,0.3167,0.0600,-0.0058,0.0000,0.0945,0.0001,0.0420,0.0000,0.0601,0.0059,-0.0000,0.0943,-0.0001,0.0470,-0.0000,0.0000,0.0000,0.0000,0.0000,0.0000,0.0000,0.0000,0.0000,0.0000,0.0000,0.0000,0.0000,0.0000,0.0000,0.0000,0.0000,0.0000,0.0000,0.0000,0.0000,0.0000,0.0000,0.0000,0.0000,0.0000,0.0000,0.0000,0.0000,0.0000,-0.6426,0.0007,0.0002,-0.3113,0.1930,-0.0005,-0.6422,0.0004,0.0009,-0.3129,0.1942,-0.0001,-0.0009,-0.0088,1.0414,0.0124,-0.0124,-0.0012,0.3218,0.0002,-0.6655,-0.0004,-0.0257,0.0132,0.0016,0.6201,-0.0002,-1.2963,0.0004,0.0000,0.0000,0.0000,0.0000,0.0000,0.0000,0.0000,0.0000,0.0000,0.0000,0.0000,0.0000,0.0000,0.0000,0.0000,0.0000,0.0000,0.0000,0.0000,0.0000,0.0000,0.0000,0.0000,0.0000,0.0000,0.0000,0.0000,0.0000,0.0000,
5.5333,RLFSMStatePassive,0.0000,0.0000,0.0000,0.0005,0.7581,-0.0010,0.9981,0.0000,0.0623,0.0000,-0.1119,0.0001,-0.0001,-0.0631,0.0480,-0.0002,-0.1119,-0.0001,0.0001,-0.0631,0.0480,0.0001,0.0001,-0.0002,0.3167,0.0600,-0.0058,0.0000,0.0945,0.0001,0.0420,0.0000,0.0601,0.0059,-0.0000,0.0943,-0.0001,0.0470,-0.0000,0.0000,0.0000,0.0000,0.0000,0.0000,0.0000,0.0000,0.0000,0.0000,0.0000,0.0000,0.0000,0.0000,0.0000,0.0000,0.0000,0.0000,0.0000,0.0000,0.0000,0.0000,0.0000,0.0000,0.0000,0.0000,0.0000,0.0000,0.0000,0.0000,-0.6426,0.0007,0.0002,-0.3113,0.1930,-0.0005,-0.6422,0.0004,0.0009,-0.3129,0.1942,-0.0001,-0.0009,-0.0088,1.0414,0.0124,-0.0124,-0.0012,0.3218,0.0002,-0.6655,-0.0004,-0.0257,0.0132,0.0016,0.6201,-0.0002,-1.2963,0.0004,0.0000,0.0000,0.0000,0.0000,0.0000,0.0000,0.0000,0.0000,0.0000,0.0000,0.0000,0.0000,0.0000,0.0000,0.0000,0.0000,0.0000,0.0000,0.0000,0.0000,0.0000,0.0000,0.0000,0.0000,0.0000,0.0000,0.0000,0.0000,0.0000,
5.5536,RLFSMStatePassive,0.0000,0.0000,0.0000,0.0005,0.7581,-0.0010,0.9981,0.0000,0.0623,0.0000,-0.1119,0.0001,-0.0001,-0.0631,0.0480,-0.0002,-0.1119,-0.0001,0.0001,-0.0631,0.0480,0.0001,0.0001,-0.0002,0.3167,0.0600,-0.0058,0.0000,0.0945,0.0001,0.0420,0.0000,0.0601,0.0059,-0.0000,0.0943,-0.0001,0.0470,-0.0000,0.0000,0.0000,0.0000,0.0000,0.0000,0.0000,0.0000,0.0000,0.0000,0.0000,0.0000,0.0000,0.0000,0.0000,0.0000,0.0000,0.0000,0.0000,0.0000,0.0000,0.0000,0.0000,0.0000,0.0000,0.0000,0.0000,0.0000,0.0000,0.0000,-0.6426,0.0007,0.0002,-0.3113,0.1930,-0.0005,-0.6422,0.0004,0.0009,-0.3129,0.1942,-0.0001,-0.0009,-0.0088,1.0414,0.0124,-0.0124,-0.0012,0.3218,0.0002,-0.6655,-0.0004,-0.0257,0.0132,0.0016,0.6201,-0.0002,-1.2963,0.0004,0.0000,0.0000,0.0000,0.0000,0.0000,0.0000,0.0000,0.0000,0.0000,0.0000,0.0000,0.0000,0.0000,0.0000,0.0000,0.0000,0.0000,0.0000,0.0000,0.0000,0.0000,0.0000,0.0000,0.0000,0.0000,0.0000,0.0000,0.0000,0.0000,
5.5738,RLFSMStatePassive,0.0000,0.0000,0.0000,0.0005,0.7581,-0.0010,0.9981,0.0000,0.0623,0.0000,-0.1119,0.0001,-0.0001,-0.0631,0.0480,-0.0002,-0.1119,-0.0001,0.0001,-0.0631,0.0480,0.0001,0.0001,-0.0002,0.3167,0.0600,-0.0058,0.0000,0.0945,0.0001,0.0420,0.0000,0.0601,0.0059,-0.0000,0.0943,-0.0001,0.0470,-0.0000,0.0000,0.0000,0.0000,0.0000,0.0000,0.0000,0.0000,0.0000,0.0000,0.0000,0.0000,0.0000,0.0000,0.0000,0.0000,0.0000,0.0000,0.0000,0.0000,0.0000,0.0000,0.0000,0.0000,0.0000,0.0000,0.0000,0.0000,0.0000,0.0000,-0.6426,0.0007,0.0002,-0.3113,0.1930,-0.0005,-0.6422,0.0004,0.0009,-0.3129,0.1942,-0.0001,-0.0009,-0.0088,1.0414,0.0124,-0.0124,-0.0012,0.3218,0.0002,-0.6655,-0.0004,-0.0257,0.0132,0.0016,0.6201,-0.0002,-1.2963,0.0004,0.0000,0.0000,0.0000,0.0000,0.0000,0.0000,0.0000,0.0000,0.0000,0.0000,0.0000,0.0000,0.0000,0.0000,0.0000,0.0000,0.0000,0.0000,0.0000,0.0000,0.0000,0.0000,0.0000,0.0000,0.0000,0.0000,0.0000,0.0000,0.0000,
5.5941,RLFSMStatePassive,0.0000,0.0000,0.0000,0.0005,0.7581,-0.0010,0.9981,0.0000,0.0623,0.0000,-0.1119,0.0001,-0.0001,-0.0631,0.0480,-0.0002,-0.1119,-0.0001,0.0001,-0.0631,0.0480,0.0001,0.0001,-0.0002,0.3167,0.0600,-0.0058,0.0000,0.0945,0.0001,0.0420,0.0000,0.0601,0.0059,-0.0000,0.0943,-0.0001,0.0470,-0.0000,0.0000,0.0000,0.0000,0.0000,0.0000,0.0000,0.0000,0.0000,0.0000,0.0000,0.0000,0.0000,0.0000,0.0000,0.0000,0.0000,0.0000,0.0000,0.0000,0.0000,0.0000,0.0000,0.0000,0.0000,0.0000,0.0000,0.0000,0.0000,0.0000,-0.6426,0.0007,0.0002,-0.3113,0.1930,-0.0005,-0.6422,0.0004,0.0009,-0.3129,0.1942,-0.0001,-0.0009,-0.0088,1.0414,0.0124,-0.0124,-0.0012,0.3218,0.0002,-0.6655,-0.0004,-0.0257,0.0132,0.0016,0.6201,-0.0002,-1.2963,0.0004,0.0000,0.0000,0.0000,0.0000,0.0000,0.0000,0.0000,0.0000,0.0000,0.0000,0.0000,0.0000,0.0000,0.0000,0.0000,0.0000,0.0000,0.0000,0.0000,0.0000,0.0000,0.0000,0.0000,0.0000,0.0000,0.0000,0.0000,0.0000,0.0000,
5.6144,RLFSMStatePassive,0.0000,0.0000,0.0000,0.0005,0.7581,-0.0010,0.9981,0.0000,0.0623,0.0000,-0.1119,0.0001,-0.0001,-0.0631,0.0480,-0.0002,-0.1119,-0.0001,0.0001,-0.0631,0.0480,0.0001,0.0001,-0.0002,0.3167,0.0600,-0.0058,0.0000,0.0945,0.0001,0.0420,0.0000,0.0601,0.0059,-0.0000,0.0943,-0.0001,0.0470,-0.0000,0.0000,0.0000,0.0000,0.0000,0.0000,0.0000,0.0000,0.0000,0.0000,0.0000,0.0000,0.0000,0.0000,0.0000,0.0000,0.0000,0.0000,0.0000,0.0000,0.0000,0.0000,0.0000,0.0000,0.0000,0.0000,0.0000,0.0000,0.0000,0.0000,-0.6426,0.0007,0.0002,-0.3113,0.1930,-0.0005,-0.6422,0.0004,0.0009,-0.3129,0.1942,-0.0001,-0.0009,-0.0088,1.0414,0.0124,-0.0124,-0.0012,0.3218,0.0002,-0.6655,-0.0004,-0.0257,0.0132,0.0016,0.6201,-0.0002,-1.2963,0.0004,0.0000,0.0000,0.0000,0.0000,0.0000,0.0000,0.0000,0.0000,0.0000,0.0000,0.0000,0.0000,0.0000,0.0000,0.0000,0.0000,0.0000,0.0000,0.0000,0.0000,0.0000,0.0000,0.0000,0.0000,0.0000,0.0000,0.0000,0.0000,0.0000,
5.6346,RLFSMStatePassive,0.0000,0.0000,0.0000,0.0005,0.7581,-0.0010,0.9981,0.0000,0.0623,0.0000,-0.1119,0.0001,-0.0001,-0.0631,0.0480,-0.0002,-0.1119,-0.0001,0.0001,-0.0631,0.0480,0.0001,0.0001,-0.0002,0.3167,0.0600,-0.0058,0.0000,0.0945,0.0001,0.0420,0.0000,0.0601,0.0059,-0.0000,0.0943,-0.0001,0.0470,-0.0000,0.0000,0.0000,0.0000,0.0000,0.0000,0.0000,0.0000,0.0000,0.0000,0.0000,0.0000,0.0000,0.0000,0.0000,0.0000,0.0000,0.0000,0.0000,0.0000,0.0000,0.0000,0.0000,0.0000,0.0000,0.0000,0.0000,0.0000,0.0000,0.0000,-0.6426,0.0007,0.0002,-0.3113,0.1930,-0.0005,-0.6422,0.0004,0.0009,-0.3129,0.1942,-0.0001,-0.0009,-0.0088,1.0414,0.0124,-0.0124,-0.0012,0.3218,0.0002,-0.6655,-0.0004,-0.0257,0.0132,0.0016,0.6201,-0.0002,-1.2963,0.0004,0.0000,0.0000,0.0000,0.0000,0.0000,0.0000,0.0000,0.0000,0.0000,0.0000,0.0000,0.0000,0.0000,0.0000,0.0000,0.0000,0.0000,0.0000,0.0000,0.0000,0.0000,0.0000,0.0000,0.0000,0.0000,0.0000,0.0000,0.0000,0.0000,
5.6548,RLFSMStatePassive,0.0000,0.0000,0.0000,0.0005,0.7581,-0.0010,0.9981,0.0000,0.0623,0.0000,-0.1119,0.0001,-0.0001,-0.0631,0.0480,-0.0002,-0.1119,-0.0001,0.0001,-0.0631,0.0480,0.0001,0.0001,-0.0002,0.3167,0.0600,-0.0058,0.0000,0.0945,0.0001,0.0420,0.0000,0.0601,0.0059,-0.0000,0.0943,-0.0001,0.0470,-0.0000,0.0000,0.0000,0.0000,0.0000,0.0000,0.0000,0.0000,0.0000,0.0000,0.0000,0.0000,0.0000,0.0000,0.0000,0.0000,0.0000,0.0000,0.0000,0.0000,0.0000,0.0000,0.0000,0.0000,0.0000,0.0000,0.0000,0.0000,0.0000,0.0000,-0.6426,0.0007,0.0002,-0.3113,0.1930,-0.0005,-0.6422,0.0004,0.0009,-0.3129,0.1942,-0.0001,-0.0009,-0.0088,1.0414,0.0124,-0.0124,-0.0012,0.3218,0.0002,-0.6655,-0.0004,-0.0257,0.0132,0.0016,0.6201,-0.0002,-1.2963,0.0004,0.0000,0.0000,0.0000,0.0000,0.0000,0.0000,0.0000,0.0000,0.0000,0.0000,0.0000,0.0000,0.0000,0.0000,0.0000,0.0000,0.0000,0.0000,0.0000,0.0000,0.0000,0.0000,0.0000,0.0000,0.0000,0.0000,0.0000,0.0000,0.0000,
5.6750,RLFSMStatePassive,0.0000,0.0000,0.0000,0.0005,0.7581,-0.0010,0.9981,0.0000,0.0623,0.0000,-0.1119,0.0001,-0.0001,-0.0631,0.0480,-0.0002,-0.1119,-0.0001,0.0001,-0.0631,0.0480,0.0001,0.0001,-0.0002,0.3167,0.0600,-0.0058,0.0000,0.0945,0.0001,0.0420,0.0000,0.0601,0.0059,-0.0000,0.0943,-0.0001,0.0470,-0.0000,0.0000,0.0000,0.0000,0.0000,0.0000,0.0000,0.0000,0.0000,0.0000,0.0000,0.0000,0.0000,0.0000,0.0000,0.0000,0.0000,0.0000,0.0000,0.0000,0.0000,0.0000,0.0000,0.0000,0.0000,0.0000,0.0000,0.0000,0.0000,0.0000,-0.6426,0.0007,0.0002,-0.3113,0.1930,-0.0005,-0.6422,0.0004,0.0009,-0.3129,0.1942,-0.0001,-0.0009,-0.0088,1.0414,0.0124,-0.0124,-0.0012,0.3218,0.0002,-0.6655,-0.0004,-0.0257,0.0132,0.0016,0.6201,-0.0002,-1.2963,0.0004,0.0000,0.0000,0.0000,0.0000,0.0000,0.0000,0.0000,0.0000,0.0000,0.0000,0.0000,0.0000,0.0000,0.0000,0.0000,0.0000,0.0000,0.0000,0.0000,0.0000,0.0000,0.0000,0.0000,0.0000,0.0000,0.0000,0.0000,0.0000,0.0000,
5.6951,RLFSMStatePassive,0.0000,0.0000,0.0000,0.0005,0.7581,-0.0010,0.9981,0.0000,0.0623,0.0000,-0.1119,0.0001,-0.0001,-0.0631,0.0480,-0.0002,-0.1119,-0.0001,0.0001,-0.0631,0.0480,0.0001,0.0001,-0.0002,0.3167,0.0600,-0.0058,0.0000,0.0945,0.0001,0.0420,0.0000,0.0601,0.0059,-0.0000,0.0943,-0.0001,0.0470,-0.0000,0.0000,0.0000,0.0000,0.0000,0.0000,0.0000,0.0000,0.0000,0.0000,0.0000,0.0000,0.0000,0.0000,0.0000,0.0000,0.0000,0.0000,0.0000,0.0000,0.0000,0.0000,0.0000,0.0000,0.0000,0.0000,0.0000,0.0000,0.0000,0.0000,-0.6426,0.0007,0.0002,-0.3113,0.1930,-0.0005,-0.6422,0.0004,0.0009,-0.3129,0.1942,-0.0001,-0.0009,-0.0088,1.0414,0.0124,-0.0124,-0.0012,0.3218,0.0002,-0.6655,-0.0004,-0.0257,0.0132,0.0016,0.6201,-0.0002,-1.2963,0.0004,0.0000,0.0000,0.0000,0.0000,0.0000,0.0000,0.0000,0.0000,0.0000,0.0000,0.0000,0.0000,0.0000,0.0000,0.0000,0.0000,0.0000,0.0000,0.0000,0.0000,0.0000,0.0000,0.0000,0.0000,0.0000,0.0000,0.0000,0.0000,0.0000,
5.7153,RLFSMStatePassive,0.0000,0.0000,0.0000,0.0005,0.7581,-0.0010,0.9981,0.0000,0.0623,0.0000,-0.1119,0.0001,-0.0001,-0.0631,0.0480,-0.0002,-0.1119,-0.0001,0.0001,-0.0631,0.0480,0.0001,0.0001,-0.0002,0.3167,0.0600,-0.0058,0.0000,0.0945,0.0001,0.0420,0.0000,0.0601,0.0059,-0.0000,0.0943,-0.0001,0.0470,-0.0000,0.0000,0.0000,0.0000,0.0000,0.0000,0.0000,0.0000,0.0000,0.0000,0.0000,0.0000,0.0000,0.0000,0.0000,0.0000,0.0000,0.0000,0.0000,0.0000,0.0000,0.0000,0.0000,0.0000,0.0000,0.0000,0.0000,0.0000,0.0000,0.0000,-0.6426,0.0007,0.0002,-0.3113,0.1930,-0.0005,-0.6422,0.0004,0.0009,-0.3129,0.1942,-0.0001,-0.0009,-0.0088,1.0414,0.0124,-0.0124,-0.0012,0.3218,0.0002,-0.6655,-0.0004,-0.0257,0.0132,0.0016,0.6201,-0.0002,-1.2963,0.0004,0.0000,0.0000,0.0000,0.0000,0.0000,0.0000,0.0000,0.0000,0.0000,0.0000,0.0000,0.0000,0.0000,0.0000,0.0000,0.0000,0.0000,0.0000,0.0000,0.0000,0.0000,0.0000,0.0000,0.0000,0.0000,0.0000,0.0000,0.0000,0.0000,
5.7354,RLFSMStatePassive,0.0000,0.0000,0.0000,0.0005,0.7581,-0.0010,0.9981,0.0000,0.0623,0.0000,-0.1119,0.0001,-0.0001,-0.0631,0.0480,-0.0002,-0.1119,-0.0001,0.0001,-0.0631,0.0480,0.0001,0.0001,-0.0002,0.3167,0.0600,-0.0058,0.0000,0.0945,0.0001,0.0420,0.0000,0.0601,0.0059,-0.0000,0.0943,-0.0001,0.0470,-0.0000,0.0000,0.0000,0.0000,0.0000,0.0000,0.0000,0.0000,0.0000,0.0000,0.0000,0.0000,0.0000,0.0000,0.0000,0.0000,0.0000,0.0000,0.0000,0.0000,0.0000,0.0000,0.0000,0.0000,0.0000,0.0000,0.0000,0.0000,0.0000,0.0000,-0.6426,0.0007,0.0002,-0.3113,0.1930,-0.0005,-0.6422,0.0004,0.0009,-0.3129,0.1942,-0.0001,-0.0009,-0.0088,1.0414,0.0124,-0.0124,-0.0012,0.3218,0.0002,-0.6655,-0.0004,-0.0257,0.0132,0.0016,0.6201,-0.0002,-1.2963,0.0004,0.0000,0.0000,0.0000,0.0000,0.0000,0.0000,0.0000,0.0000,0.0000,0.0000,0.0000,0.0000,0.0000,0.0000,0.0000,0.0000,0.0000,0.0000,0.0000,0.0000,0.0000,0.0000,0.0000,0.0000,0.0000,0.0000,0.0000,0.0000,0.0000,
5.7557,RLFSMStatePassive,0.0000,0.0000,0.0000,0.0005,0.7581,-0.0010,0.9981,0.0000,0.0623,0.0000,-0.1119,0.0001,-0.0001,-0.0631,0.0480,-0.0002,-0.1119,-0.0001,0.0001,-0.0631,0.0480,0.0001,0.0001,-0.0002,0.3167,0.0600,-0.0058,0.0000,0.0945,0.0001,0.0420,0.0000,0.0601,0.0059,-0.0000,0.0943,-0.0001,0.0470,-0.0000,0.0000,0.0000,0.0000,0.0000,0.0000,0.0000,0.0000,0.0000,0.0000,0.0000,0.0000,0.0000,0.0000,0.0000,0.0000,0.0000,0.0000,0.0000,0.0000,0.0000,0.0000,0.0000,0.0000,0.0000,0.0000,0.0000,0.0000,0.0000,0.0000,-0.6426,0.0007,0.0002,-0.3113,0.1930,-0.0005,-0.6422,0.0004,0.0009,-0.3129,0.1942,-0.0001,-0.0009,-0.0088,1.0414,0.0124,-0.0124,-0.0012,0.3218,0.0002,-0.6655,-0.0004,-0.0257,0.0132,0.0016,0.6201,-0.0002,-1.2963,0.0004,0.0000,0.0000,0.0000,0.0000,0.0000,0.0000,0.0000,0.0000,0.0000,0.0000,0.0000,0.0000,0.0000,0.0000,0.0000,0.0000,0.0000,0.0000,0.0000,0.0000,0.0000,0.0000,0.0000,0.0000,0.0000,0.0000,0.0000,0.0000,0.0000,
5.7759,RLFSMStatePassive,0.0000,0.0000,0.0000,0.0005,0.7581,-0.0010,0.9981,0.0000,0.0623,0.0000,-0.1119,0.0001,-0.0001,-0.0631,0.0480,-0.0002,-0.1119,-0.0001,0.0001,-0.0631,0.0480,0.0001,0.0001,-0.0002,0.3167,0.0600,-0.0058,0.0000,0.0945,0.0001,0.0420,0.0000,0.0601,0.0059,-0.0000,0.0943,-0.0001,0.0470,-0.0000,0.0000,0.0000,0.0000,0.0000,0.0000,0.0000,0.0000,0.0000,0.0000,0.0000,0.0000,0.0000,0.0000,0.0000,0.0000,0.0000,0.0000,0.0000,0.0000,0.0000,0.0000,0.0000,0.0000,0.0000,0.0000,0.0000,0.0000,0.0000,0.0000,-0.6426,0.0007,0.0002,-0.3113,0.1930,-0.0005,-0.6422,0.0004,0.0009,-0.3129,0.1942,-0.0001,-0.0009,-0.0088,1.0414,0.0124,-0.0124,-0.0012,0.3218,0.0002,-0.6655,-0.0004,-0.0257,0.0132,0.0016,0.6201,-0.0002,-1.2963,0.0004,0.0000,0.0000,0.0000,0.0000,0.0000,0.0000,0.0000,0.0000,0.0000,0.0000,0.0000,0.0000,0.0000,0.0000,0.0000,0.0000,0.0000,0.0000,0.0000,0.0000,0.0000,0.0000,0.0000,0.0000,0.0000,0.0000,0.0000,0.0000,0.0000,
5.7961,RLFSMStatePassive,0.0000,0.0000,0.0000,0.0005,0.7581,-0.0010,0.9981,0.0000,0.0623,0.0000,-0.1119,0.0001,-0.0001,-0.0631,0.0480,-0.0002,-0.1119,-0.0001,0.0001,-0.0631,0.0480,0.0001,0.0001,-0.0002,0.3167,0.0600,-0.0058,0.0000,0.0945,0.0001,0.0420,0.0000,0.0601,0.0059,-0.0000,0.0943,-0.0001,0.0470,-0.0000,0.0000,0.0000,0.0000,0.0000,0.0000,0.0000,0.0000,0.0000,0.0000,0.0000,0.0000,0.0000,0.0000,0.0000,0.0000,0.0000,0.0000,0.0000,0.0000,0.0000,0.0000,0.0000,0.0000,0.0000,0.0000,0.0000,0.0000,0.0000,0.0000,-0.6426,0.0007,0.0002,-0.3113,0.1930,-0.0005,-0.6422,0.0004,0.0009,-0.3129,0.1942,-0.0001,-0.0009,-0.0088,1.0414,0.0124,-0.0124,-0.0012,0.3218,0.0002,-0.6655,-0.0004,-0.0257,0.0132,0.0016,0.6201,-0.0002,-1.2963,0.0004,0.0000,0.0000,0.0000,0.0000,0.0000,0.0000,0.0000,0.0000,0.0000,0.0000,0.0000,0.0000,0.0000,0.0000,0.0000,0.0000,0.0000,0.0000,0.0000,0.0000,0.0000,0.0000,0.0000,0.0000,0.0000,0.0000,0.0000,0.0000,0.0000,
5.8164,RLFSMStatePassive,0.0000,0.0000,0.0000,0.0005,0.7581,-0.0010,0.9981,0.0000,0.0623,0.0000,-0.1119,0.0001,-0.0001,-0.0631,0.0480,-0.0002,-0.1119,-0.0001,0.0001,-0.0631,0.0480,0.0001,0.0001,-0.0002,0.3167,0.0600,-0.0058,0.0000,0.0945,0.0001,0.0420,0.0000,0.0601,0.0059,-0.0000,0.0943,-0.0001,0.0470,-0.0000,0.0000,0.0000,0.0000,0.0000,0.0000,0.0000,0.0000,0.0000,0.0000,0.0000,0.0000,0.0000,0.0000,0.0000,0.0000,0.0000,0.0000,0.0000,0.0000,0.0000,0.0000,0.0000,0.0000,0.0000,0.0000,0.0000,0.0000,0.0000,0.0000,-0.6426,0.0007,0.0002,-0.3113,0.1930,-0.0005,-0.6422,0.0004,0.0009,-0.3129,0.1942,-0.0001,-0.0009,-0.0088,1.0414,0.0124,-0.0124,-0.0012,0.3218,0.0002,-0.6655,-0.0004,-0.0257,0.0132,0.0016,0.6201,-0.0002,-1.2963,0.0004,0.0000,0.0000,0.0000,0.0000,0.0000,0.0000,0.0000,0.0000,0.0000,0.0000,0.0000,0.0000,0.0000,0.0000,0.0000,0.0000,0.0000,0.0000,0.0000,0.0000,0.0000,0.0000,0.0000,0.0000,0.0000,0.0000,0.0000,0.0000,0.0000,
5.8366,RLFSMStatePassive,0.0000,0.0000,0.0000,0.0005,0.7581,-0.0010,0.9981,0.0000,0.0623,0.0000,-0.1119,0.0001,-0.0001,-0.0631,0.0480,-0.0002,-0.1119,-0.0001,0.0001,-0.0631,0.0480,0.0001,0.0001,-0.0002,0.3167,0.0600,-0.0058,0.0000,0.0945,0.0001,0.0420,0.0000,0.0601,0.0059,-0.0000,0.0943,-0.0001,0.0470,-0.0000,0.0000,0.0000,0.0000,0.0000,0.0000,0.0000,0.0000,0.0000,0.0000,0.0000,0.0000,0.0000,0.0000,0.0000,0.0000,0.0000,0.0000,0.0000,0.0000,0.0000,0.0000,0.0000,0.0000,0.0000,0.0000,0.0000,0.0000,0.0000,0.0000,-0.6426,0.0007,0.0002,-0.3113,0.1930,-0.0005,-0.6422,0.0004,0.0009,-0.3129,0.1942,-0.0001,-0.0009,-0.0088,1.0414,0.0124,-0.0124,-0.0012,0.3218,0.0002,-0.6655,-0.0004,-0.0257,0.0132,0.0016,0.6201,-0.0002,-1.2963,0.0004,0.0000,0.0000,0.0000,0.0000,0.0000,0.0000,0.0000,0.0000,0.0000,0.0000,0.0000,0.0000,0.0000,0.0000,0.0000,0.0000,0.0000,0.0000,0.0000,0.0000,0.0000,0.0000,0.0000,0.0000,0.0000,0.0000,0.0000,0.0000,0.0000,
5.8568,RLFSMStatePassive,0.0000,0.0000,0.0000,0.0005,0.7581,-0.0010,0.9981,0.0000,0.0623,0.0000,-0.1119,0.0001,-0.0001,-0.0631,0.0480,-0.0002,-0.1119,-0.0001,0.0001,-0.0631,0.0480,0.0001,0.0001,-0.0002,0.3167,0.0600,-0.0058,0.0000,0.0945,0.0001,0.0420,0.0000,0.0601,0.0059,-0.0000,0.0943,-0.0001,0.0470,-0.0000,0.0000,0.0000,0.0000,0.0000,0.0000,0.0000,0.0000,0.0000,0.0000,0.0000,0.0000,0.0000,0.0000,0.0000,0.0000,0.0000,0.0000,0.0000,0.0000,0.0000,0.0000,0.0000,0.0000,0.0000,0.0000,0.0000,0.0000,0.0000,0.0000,-0.6426,0.0007,0.0002,-0.3113,0.1930,-0.0005,-0.6422,0.0004,0.0009,-0.3129,0.1942,-0.0001,-0.0009,-0.0088,1.0414,0.0124,-0.0124,-0.0012,0.3218,0.0002,-0.6655,-0.0004,-0.0257,0.0132,0.0016,0.6201,-0.0002,-1.2963,0.0004,0.0000,0.0000,0.0000,0.0000,0.0000,0.0000,0.0000,0.0000,0.0000,0.0000,0.0000,0.0000,0.0000,0.0000,0.0000,0.0000,0.0000,0.0000,0.0000,0.0000,0.0000,0.0000,0.0000,0.0000,0.0000,0.0000,0.0000,0.0000,0.0000,
5.8771,RLFSMStatePassive,0.0000,0.0000,0.0000,0.0005,0.7581,-0.0010,0.9981,0.0000,0.0623,0.0000,-0.1119,0.0001,-0.0001,-0.0631,0.0480,-0.0002,-0.1119,-0.0001,0.0001,-0.0631,0.0480,0.0001,0.0001,-0.0002,0.3167,0.0600,-0.0058,0.0000,0.0945,0.0001,0.0420,0.0000,0.0601,0.0059,-0.0000,0.0943,-0.0001,0.0470,-0.0000,0.0000,0.0000,0.0000,0.0000,0.0000,0.0000,0.0000,0.0000,0.0000,0.0000,0.0000,0.0000,0.0000,0.0000,0.0000,0.0000,0.0000,0.0000,0.0000,0.0000,0.0000,0.0000,0.0000,0.0000,0.0000,0.0000,0.0000,0.0000,0.0000,-0.6426,0.0007,0.0002,-0.3113,0.1930,-0.0005,-0.6422,0.0004,0.0009,-0.3129,0.1942,-0.0001,-0.0009,-0.0088,1.0414,0.0124,-0.0124,-0.0012,0.3218,0.0002,-0.6655,-0.0004,-0.0257,0.0132,0.0016,0.6201,-0.0002,-1.2963,0.0004,0.0000,0.0000,0.0000,0.0000,0.0000,0.0000,0.0000,0.0000,0.0000,0.0000,0.0000,0.0000,0.0000,0.0000,0.0000,0.0000,0.0000,0.0000,0.0000,0.0000,0.0000,0.0000,0.0000,0.0000,0.0000,0.0000,0.0000,0.0000,0.0000,
5.8973,RLFSMStatePassive,0.0000,0.0000,0.0000,0.0005,0.7581,-0.0010,0.9981,0.0000,0.0623,0.0000,-0.1119,0.0001,-0.0001,-0.0631,0.0480,-0.0002,-0.1119,-0.0001,0.0001,-0.0631,0.0480,0.0001,0.0001,-0.0002,0.3167,0.0600,-0.0058,0.0000,0.0945,0.0001,0.0420,0.0000,0.0601,0.0059,-0.0000,0.0943,-0.0001,0.0470,-0.0000,0.0000,0.0000,0.0000,0.0000,0.0000,0.0000,0.0000,0.0000,0.0000,0.0000,0.0000,0.0000,0.0000,0.0000,0.0000,0.0000,0.0000,0.0000,0.0000,0.0000,0.0000,0.0000,0.0000,0.0000,0.0000,0.0000,0.0000,0.0000,0.0000,-0.6426,0.0007,0.0002,-0.3113,0.1930,-0.0005,-0.6422,0.0004,0.0009,-0.3129,0.1942,-0.0001,-0.0009,-0.0088,1.0414,0.0124,-0.0124,-0.0012,0.3218,0.0002,-0.6655,-0.0004,-0.0257,0.0132,0.0016,0.6201,-0.0002,-1.2963,0.0004,0.0000,0.0000,0.0000,0.0000,0.0000,0.0000,0.0000,0.0000,0.0000,0.0000,0.0000,0.0000,0.0000,0.0000,0.0000,0.0000,0.0000,0.0000,0.0000,0.0000,0.0000,0.0000,0.0000,0.0000,0.0000,0.0000,0.0000,0.0000,0.0000,
5.9176,RLFSMStatePassive,0.0000,0.0000,0.0000,0.0005,0.7581,-0.0010,0.9981,0.0000,0.0623,0.0000,-0.1119,0.0001,-0.0001,-0.0631,0.0480,-0.0002,-0.1119,-0.0001,0.0001,-0.0631,0.0480,0.0001,0.0001,-0.0002,0.3167,0.0600,-0.0058,0.0000,0.0945,0.0001,0.0420,0.0000,0.0601,0.0059,-0.0000,0.0943,-0.0001,0.0470,-0.0000,0.0000,0.0000,0.0000,0.0000,0.0000,0.0000,0.0000,0.0000,0.0000,0.0000,0.0000,0.0000,0.0000,0.0000,0.0000,0.0000,0.0000,0.0000,0.0000,0.0000,0.0000,0.0000,0.0000,0.0000,0.0000,0.0000,0.0000,0.0000,0.0000,-0.6426,0.0007,0.0002,-0.3113,0.1930,-0.0005,-0.6422,0.0004,0.0009,-0.3129,0.1942,-0.0001,-0.0009,-0.0088,1.0414,0.0124,-0.0124,-0.0012,0.3218,0.0002,-0.6655,-0.0004,-0.0257,0.0132,0.0016,0.6201,-0.0002,-1.2963,0.0004,0.0000,0.0000,0.0000,0.0000,0.0000,0.0000,0.0000,0.0000,0.0000,0.0000,0.0000,0.0000,0.0000,0.0000,0.0000,0.0000,0.0000,0.0000,0.0000,0.0000,0.0000,0.0000,0.0000,0.0000,0.0000,0.0000,0.0000,0.0000,0.0000,
5.9379,RLFSMStatePassive,0.0000,0.0000,0.0000,0.0005,0.7581,-0.0010,0.9981,0.0000,0.0623,0.0000,-0.1119,0.0001,-0.0001,-0.0631,0.0480,-0.0002,-0.1119,-0.0001,0.0001,-0.0631,0.0480,0.0001,0.0001,-0.0002,0.3167,0.0600,-0.0058,0.0000,0.0945,0.0001,0.0420,0.0000,0.0601,0.0059,-0.0000,0.0943,-0.0001,0.0470,-0.0000,0.0000,0.0000,0.0000,0.0000,0.0000,0.0000,0.0000,0.0000,0.0000,0.0000,0.0000,0.0000,0.0000,0.0000,0.0000,0.0000,0.0000,0.0000,0.0000,0.0000,0.0000,0.0000,0.0000,0.0000,0.0000,0.0000,0.0000,0.0000,0.0000,-0.6426,0.0007,0.0002,-0.3113,0.1930,-0.0005,-0.6422,0.0004,0.0009,-0.3129,0.1942,-0.0001,-0.0009,-0.0088,1.0414,0.0124,-0.0124,-0.0012,0.3218,0.0002,-0.6655,-0.0004,-0.0257,0.0132,0.0016,0.6201,-0.0002,-1.2963,0.0004,0.0000,0.0000,0.0000,0.0000,0.0000,0.0000,0.0000,0.0000,0.0000,0.0000,0.0000,0.0000,0.0000,0.0000,0.0000,0.0000,0.0000,0.0000,0.0000,0.0000,0.0000,0.0000,0.0000,0.0000,0.0000,0.0000,0.0000,0.0000,0.0000,
5.9580,RLFSMStatePassive,0.0000,0.0000,0.0000,0.0005,0.7581,-0.0010,0.9981,0.0000,0.0623,0.0000,-0.1119,0.0001,-0.0001,-0.0631,0.0480,-0.0002,-0.1119,-0.0001,0.0001,-0.0631,0.0480,0.0001,0.0001,-0.0002,0.3167,0.0600,-0.0058,0.0000,0.0945,0.0001,0.0420,0.0000,0.0601,0.0059,-0.0000,0.0943,-0.0001,0.0470,-0.0000,0.0000,0.0000,0.0000,0.0000,0.0000,0.0000,0.0000,0.0000,0.0000,0.0000,0.0000,0.0000,0.0000,0.0000,0.0000,0.0000,0.0000,0.0000,0.0000,0.0000,0.0000,0.0000,0.0000,0.0000,0.0000,0.0000,0.0000,0.0000,0.0000,-0.6426,0.0007,0.0002,-0.3113,0.1930,-0.0005,-0.6422,0.0004,0.0009,-0.3129,0.1942,-0.0001,-0.0009,-0.0088,1.0414,0.0124,-0.0124,-0.0012,0.3218,0.0002,-0.6655,-0.0004,-0.0257,0.0132,0.0016,0.6201,-0.0002,-1.2963,0.0004,0.0000,0.0000,0.0000,0.0000,0.0000,0.0000,0.0000,0.0000,0.0000,0.0000,0.0000,0.0000,0.0000,0.0000,0.0000,0.0000,0.0000,0.0000,0.0000,0.0000,0.0000,0.0000,0.0000,0.0000,0.0000,0.0000,0.0000,0.0000,0.0000,
5.9782,RLFSMStatePassive,0.0000,0.0000,0.0000,0.0005,0.7581,-0.0010,0.9981,0.0000,0.0623,0.0000,-0.1119,0.0001,-0.0001,-0.0631,0.0480,-0.0002,-0.1119,-0.0001,0.0001,-0.0631,0.0480,0.0001,0.0001,-0.0002,0.3167,0.0600,-0.0058,0.0000,0.0945,0.0001,0.0420,0.0000,0.0601,0.0059,-0.0000,0.0943,-0.0001,0.0470,-0.0000,0.0000,0.0000,0.0000,0.0000,0.0000,0.0000,0.0000,0.0000,0.0000,0.0000,0.0000,0.0000,0.0000,0.0000,0.0000,0.0000,0.0000,0.0000,0.0000,0.0000,0.0000,0.0000,0.0000,0.0000,0.0000,0.0000,0.0000,0.0000,0.0000,-0.6426,0.0007,0.0002,-0.3113,0.1930,-0.0005,-0.6422,0.0004,0.0009,-0.3129,0.1942,-0.0001,-0.0009,-0.0088,1.0414,0.0124,-0.0124,-0.0012,0.3218,0.0002,-0.6655,-0.0004,-0.0257,0.0132,0.0016,0.6201,-0.0002,-1.2963,0.0004,0.0000,0.0000,0.0000,0.0000,0.0000,0.0000,0.0000,0.0000,0.0000,0.0000,0.0000,0.0000,0.0000,0.0000,0.0000,0.0000,0.0000,0.0000,0.0000,0.0000,0.0000,0.0000,0.0000,0.0000,0.0000,0.0000,0.0000,0.0000,0.0000,
5.9984,RLFSMStatePassive,0.0000,0.0000,0.0000,0.0005,0.7581,-0.0010,0.9981,0.0000,0.0623,0.0000,-0.1119,0.0001,-0.0001,-0.0631,0.0480,-0.0002,-0.1119,-0.0001,0.0001,-0.0631,0.0480,0.0001,0.0001,-0.0002,0.3167,0.0600,-0.0058,0.0000,0.0945,0.0001,0.0420,0.0000,0.0601,0.0059,-0.0000,0.0943,-0.0001,0.0470,-0.0000,0.0000,0.0000,0.0000,0.0000,0.0000,0.0000,0.0000,0.0000,0.0000,0.0000,0.0000,0.0000,0.0000,0.0000,0.0000,0.0000,0.0000,0.0000,0.0000,0.0000,0.0000,0.0000,0.0000,0.0000,0.0000,0.0000,0.0000,0.0000,0.0000,-0.6426,0.0007,0.0002,-0.3113,0.1930,-0.0005,-0.6422,0.0004,0.0009,-0.3129,0.1942,-0.0001,-0.0009,-0.0088,1.0414,0.0124,-0.0124,-0.0012,0.3218,0.0002,-0.6655,-0.0004,-0.0257,0.0132,0.0016,0.6201,-0.0002,-1.2963,0.0004,0.0000,0.0000,0.0000,0.0000,0.0000,0.0000,0.0000,0.0000,0.0000,0.0000,0.0000,0.0000,0.0000,0.0000,0.0000,0.0000,0.0000,0.0000,0.0000,0.0000,0.0000,0.0000,0.0000,0.0000,0.0000,0.0000,0.0000,0.0000,0.0000,
6.0186,RLFSMStatePassive,0.0000,0.0000,0.0000,0.0005,0.7581,-0.0010,0.9981,0.0000,0.0623,0.0000,-0.1119,0.0001,-0.0001,-0.0631,0.0480,-0.0002,-0.1119,-0.0001,0.0001,-0.0631,0.0480,0.0001,0.0001,-0.0002,0.3167,0.0600,-0.0058,0.0000,0.0945,0.0001,0.0420,0.0000,0.0601,0.0059,-0.0000,0.0943,-0.0001,0.0470,-0.0000,0.0000,0.0000,0.0000,0.0000,0.0000,0.0000,0.0000,0.0000,0.0000,0.0000,0.0000,0.0000,0.0000,0.0000,0.0000,0.0000,0.0000,0.0000,0.0000,0.0000,0.0000,0.0000,0.0000,0.0000,0.0000,0.0000,0.0000,0.0000,0.0000,-0.6426,0.0007,0.0002,-0.3113,0.1930,-0.0005,-0.6422,0.0004,0.0009,-0.3129,0.1942,-0.0001,-0.0009,-0.0088,1.0414,0.0124,-0.0124,-0.0012,0.3218,0.0002,-0.6655,-0.0004,-0.0257,0.0132,0.0016,0.6201,-0.0002,-1.2963,0.0004,0.0000,0.0000,0.0000,0.0000,0.0000,0.0000,0.0000,0.0000,0.0000,0.0000,0.0000,0.0000,0.0000,0.0000,0.0000,0.0000,0.0000,0.0000,0.0000,0.0000,0.0000,0.0000,0.0000,0.0000,0.0000,0.0000,0.0000,0.0000,0.0000,
6.0389,RLFSMStatePassive,0.0000,0.0000,0.0000,0.0005,0.7581,-0.0010,0.9981,0.0000,0.0623,0.0000,-0.1119,0.0001,-0.0001,-0.0631,0.0480,-0.0002,-0.1119,-0.0001,0.0001,-0.0631,0.0480,0.0001,0.0001,-0.0002,0.3167,0.0600,-0.0058,0.0000,0.0945,0.0001,0.0420,0.0000,0.0601,0.0059,-0.0000,0.0943,-0.0001,0.0470,-0.0000,0.0000,0.0000,0.0000,0.0000,0.0000,0.0000,0.0000,0.0000,0.0000,0.0000,0.0000,0.0000,0.0000,0.0000,0.0000,0.0000,0.0000,0.0000,0.0000,0.0000,0.0000,0.0000,0.0000,0.0000,0.0000,0.0000,0.0000,0.0000,0.0000,-0.6426,0.0007,0.0002,-0.3113,0.1930,-0.0005,-0.6422,0.0004,0.0009,-0.3129,0.1942,-0.0001,-0.0009,-0.0088,1.0414,0.0124,-0.0124,-0.0012,0.3218,0.0002,-0.6655,-0.0004,-0.0257,0.0132,0.0016,0.6201,-0.0002,-1.2963,0.0004,0.0000,0.0000,0.0000,0.0000,0.0000,0.0000,0.0000,0.0000,0.0000,0.0000,0.0000,0.0000,0.0000,0.0000,0.0000,0.0000,0.0000,0.0000,0.0000,0.0000,0.0000,0.0000,0.0000,0.0000,0.0000,0.0000,0.0000,0.0000,0.0000,
6.0591,RLFSMStatePassive,0.0000,0.0000,0.0000,0.0005,0.7581,-0.0010,0.9981,0.0000,0.0623,0.0000,-0.1119,0.0001,-0.0001,-0.0631,0.0480,-0.0002,-0.1119,-0.0001,0.0001,-0.0631,0.0480,0.0001,0.0001,-0.0002,0.3167,0.0600,-0.0058,0.0000,0.0945,0.0001,0.0420,0.0000,0.0601,0.0059,-0.0000,0.0943,-0.0001,0.0470,-0.0000,0.0000,0.0000,0.0000,0.0000,0.0000,0.0000,0.0000,0.0000,0.0000,0.0000,0.0000,0.0000,0.0000,0.0000,0.0000,0.0000,0.0000,0.0000,0.0000,0.0000,0.0000,0.0000,0.0000,0.0000,0.0000,0.0000,0.0000,0.0000,0.0000,-0.6426,0.0007,0.0002,-0.3113,0.1930,-0.0005,-0.6422,0.0004,0.0009,-0.3129,0.1942,-0.0001,-0.0009,-0.0088,1.0414,0.0124,-0.0124,-0.0012,0.3218,0.0002,-0.6655,-0.0004,-0.0257,0.0132,0.0016,0.6201,-0.0002,-1.2963,0.0004,0.0000,0.0000,0.0000,0.0000,0.0000,0.0000,0.0000,0.0000,0.0000,0.0000,0.0000,0.0000,0.0000,0.0000,0.0000,0.0000,0.0000,0.0000,0.0000,0.0000,0.0000,0.0000,0.0000,0.0000,0.0000,0.0000,0.0000,0.0000,0.0000,
6.0794,RLFSMStatePassive,0.0000,0.0000,0.0000,0.0005,0.7581,-0.0010,0.9981,0.0000,0.0623,0.0000,-0.1119,0.0001,-0.0001,-0.0631,0.0480,-0.0002,-0.1119,-0.0001,0.0001,-0.0631,0.0480,0.0001,0.0001,-0.0002,0.3167,0.0600,-0.0058,0.0000,0.0945,0.0001,0.0420,0.0000,0.0601,0.0059,-0.0000,0.0943,-0.0001,0.0470,-0.0000,0.0000,0.0000,0.0000,0.0000,0.0000,0.0000,0.0000,0.0000,0.0000,0.0000,0.0000,0.0000,0.0000,0.0000,0.0000,0.0000,0.0000,0.0000,0.0000,0.0000,0.0000,0.0000,0.0000,0.0000,0.0000,0.0000,0.0000,0.0000,0.0000,-0.6426,0.0007,0.0002,-0.3113,0.1930,-0.0005,-0.6422,0.0004,0.0009,-0.3129,0.1942,-0.0001,-0.0009,-0.0088,1.0414,0.0124,-0.0124,-0.0012,0.3218,0.0002,-0.6655,-0.0004,-0.0257,0.0132,0.0016,0.6201,-0.0002,-1.2963,0.0004,0.0000,0.0000,0.0000,0.0000,0.0000,0.0000,0.0000,0.0000,0.0000,0.0000,0.0000,0.0000,0.0000,0.0000,0.0000,0.0000,0.0000,0.0000,0.0000,0.0000,0.0000,0.0000,0.0000,0.0000,0.0000,0.0000,0.0000,0.0000,0.0000,
6.0996,RLFSMStatePassive,0.0000,0.0000,0.0000,0.0005,0.7581,-0.0010,0.9981,0.0000,0.0623,0.0000,-0.1119,0.0001,-0.0001,-0.0631,0.0480,-0.0002,-0.1119,-0.0001,0.0001,-0.0631,0.0480,0.0001,0.0001,-0.0002,0.3167,0.0600,-0.0058,0.0000,0.0945,0.0001,0.0420,0.0000,0.0601,0.0059,-0.0000,0.0943,-0.0001,0.0470,-0.0000,0.0000,0.0000,0.0000,0.0000,0.0000,0.0000,0.0000,0.0000,0.0000,0.0000,0.0000,0.0000,0.0000,0.0000,0.0000,0.0000,0.0000,0.0000,0.0000,0.0000,0.0000,0.0000,0.0000,0.0000,0.0000,0.0000,0.0000,0.0000,0.0000,-0.6426,0.0007,0.0002,-0.3113,0.1930,-0.0005,-0.6422,0.0004,0.0009,-0.3129,0.1942,-0.0001,-0.0009,-0.0088,1.0414,0.0124,-0.0124,-0.0012,0.3218,0.0002,-0.6655,-0.0004,-0.0257,0.0132,0.0016,0.6201,-0.0002,-1.2963,0.0004,0.0000,0.0000,0.0000,0.0000,0.0000,0.0000,0.0000,0.0000,0.0000,0.0000,0.0000,0.0000,0.0000,0.0000,0.0000,0.0000,0.0000,0.0000,0.0000,0.0000,0.0000,0.0000,0.0000,0.0000,0.0000,0.0000,0.0000,0.0000,0.0000,
6.1198,RLFSMStatePassive,0.0000,0.0000,0.0000,0.0005,0.7581,-0.0010,0.9981,0.0000,0.0623,0.0000,-0.1119,0.0001,-0.0001,-0.0631,0.0480,-0.0002,-0.1119,-0.0001,0.0001,-0.0631,0.0480,0.0001,0.0001,-0.0002,0.3167,0.0600,-0.0058,0.0000,0.0945,0.0001,0.0420,0.0000,0.0601,0.0059,-0.0000,0.0943,-0.0001,0.0470,-0.0000,0.0000,0.0000,0.0000,0.0000,0.0000,0.0000,0.0000,0.0000,0.0000,0.0000,0.0000,0.0000,0.0000,0.0000,0.0000,0.0000,0.0000,0.0000,0.0000,0.0000,0.0000,0.0000,0.0000,0.0000,0.0000,0.0000,0.0000,0.0000,0.0000,-0.6426,0.0007,0.0002,-0.3113,0.1930,-0.0005,-0.6422,0.0004,0.0009,-0.3129,0.1942,-0.0001,-0.0009,-0.0088,1.0414,0.0124,-0.0124,-0.0012,0.3218,0.0002,-0.6655,-0.0004,-0.0257,0.0132,0.0016,0.6201,-0.0002,-1.2963,0.0004,0.0000,0.0000,0.0000,0.0000,0.0000,0.0000,0.0000,0.0000,0.0000,0.0000,0.0000,0.0000,0.0000,0.0000,0.0000,0.0000,0.0000,0.0000,0.0000,0.0000,0.0000,0.0000,0.0000,0.0000,0.0000,0.0000,0.0000,0.0000,0.0000,
6.1399,RLFSMStatePassive,0.0000,0.0000,0.0000,0.0005,0.7581,-0.0010,0.9981,0.0000,0.0623,0.0000,-0.1119,0.0001,-0.0001,-0.0631,0.0480,-0.0002,-0.1119,-0.0001,0.0001,-0.0631,0.0480,0.0001,0.0001,-0.0002,0.3167,0.0600,-0.0058,0.0000,0.0945,0.0001,0.0420,0.0000,0.0601,0.0059,-0.0000,0.0943,-0.0001,0.0470,-0.0000,0.0000,0.0000,0.0000,0.0000,0.0000,0.0000,0.0000,0.0000,0.0000,0.0000,0.0000,0.0000,0.0000,0.0000,0.0000,0.0000,0.0000,0.0000,0.0000,0.0000,0.0000,0.0000,0.0000,0.0000,0.0000,0.0000,0.0000,0.0000,0.0000,-0.6426,0.0007,0.0002,-0.3113,0.1930,-0.0005,-0.6422,0.0004,0.0009,-0.3129,0.1942,-0.0001,-0.0009,-0.0088,1.0414,0.0124,-0.0124,-0.0012,0.3218,0.0002,-0.6655,-0.0004,-0.0257,0.0132,0.0016,0.6201,-0.0002,-1.2963,0.0004,0.0000,0.0000,0.0000,0.0000,0.0000,0.0000,0.0000,0.0000,0.0000,0.0000,0.0000,0.0000,0.0000,0.0000,0.0000,0.0000,0.0000,0.0000,0.0000,0.0000,0.0000,0.0000,0.0000,0.0000,0.0000,0.0000,0.0000,0.0000,0.0000,
6.1600,RLFSMStatePassive,0.0000,0.0000,0.0000,0.0005,0.7581,-0.0010,0.9981,0.0000,0.0623,0.0000,-0.1119,0.0001,-0.0001,-0.0631,0.0480,-0.0002,-0.1119,-0.0001,0.0001,-0.0631,0.0480,0.0001,0.0001,-0.0002,0.3167,0.0600,-0.0058,0.0000,0.0945,0.0001,0.0420,0.0000,0.0601,0.0059,-0.0000,0.0943,-0.0001,0.0470,-0.0000,0.0000,0.0000,0.0000,0.0000,0.0000,0.0000,0.0000,0.0000,0.0000,0.0000,0.0000,0.0000,0.0000,0.0000,0.0000,0.0000,0.0000,0.0000,0.0000,0.0000,0.0000,0.0000,0.0000,0.0000,0.0000,0.0000,0.0000,0.0000,0.0000,-0.6426,0.0007,0.0002,-0.3113,0.1930,-0.0005,-0.6422,0.0004,0.0009,-0.3129,0.1942,-0.0001,-0.0009,-0.0088,1.0414,0.0124,-0.0124,-0.0012,0.3218,0.0002,-0.6655,-0.0004,-0.0257,0.0132,0.0016,0.6201,-0.0002,-1.2963,0.0004,0.0000,0.0000,0.0000,0.0000,0.0000,0.0000,0.0000,0.0000,0.0000,0.0000,0.0000,0.0000,0.0000,0.0000,0.0000,0.0000,0.0000,0.0000,0.0000,0.0000,0.0000,0.0000,0.0000,0.0000,0.0000,0.0000,0.0000,0.0000,0.0000,
6.1803,RLFSMStatePassive,0.0000,0.0000,0.0000,0.0005,0.7581,-0.0010,0.9981,0.0000,0.0623,0.0000,-0.1119,0.0001,-0.0001,-0.0631,0.0480,-0.0002,-0.1119,-0.0001,0.0001,-0.0631,0.0480,0.0001,0.0001,-0.0002,0.3167,0.0600,-0.0058,0.0000,0.0945,0.0001,0.0420,0.0000,0.0601,0.0059,-0.0000,0.0943,-0.0001,0.0470,-0.0000,0.0000,0.0000,0.0000,0.0000,0.0000,0.0000,0.0000,0.0000,0.0000,0.0000,0.0000,0.0000,0.0000,0.0000,0.0000,0.0000,0.0000,0.0000,0.0000,0.0000,0.0000,0.0000,0.0000,0.0000,0.0000,0.0000,0.0000,0.0000,0.0000,-0.6426,0.0007,0.0002,-0.3113,0.1930,-0.0005,-0.6422,0.0004,0.0009,-0.3129,0.1942,-0.0001,-0.0009,-0.0088,1.0414,0.0124,-0.0124,-0.0012,0.3218,0.0002,-0.6655,-0.0004,-0.0257,0.0132,0.0016,0.6201,-0.0002,-1.2963,0.0004,0.0000,0.0000,0.0000,0.0000,0.0000,0.0000,0.0000,0.0000,0.0000,0.0000,0.0000,0.0000,0.0000,0.0000,0.0000,0.0000,0.0000,0.0000,0.0000,0.0000,0.0000,0.0000,0.0000,0.0000,0.0000,0.0000,0.0000,0.0000,0.0000,
6.2006,RLFSMStatePassive,0.0000,0.0000,0.0000,0.0005,0.7581,-0.0010,0.9981,0.0000,0.0623,0.0000,-0.1119,0.0001,-0.0001,-0.0631,0.0480,-0.0002,-0.1119,-0.0001,0.0001,-0.0631,0.0480,0.0001,0.0001,-0.0002,0.3167,0.0600,-0.0058,0.0000,0.0945,0.0001,0.0420,0.0000,0.0601,0.0059,-0.0000,0.0943,-0.0001,0.0470,-0.0000,0.0000,0.0000,0.0000,0.0000,0.0000,0.0000,0.0000,0.0000,0.0000,0.0000,0.0000,0.0000,0.0000,0.0000,0.0000,0.0000,0.0000,0.0000,0.0000,0.0000,0.0000,0.0000,0.0000,0.0000,0.0000,0.0000,0.0000,0.0000,0.0000,-0.6426,0.0007,0.0002,-0.3113,0.1930,-0.0005,-0.6422,0.0004,0.0009,-0.3129,0.1942,-0.0001,-0.0009,-0.0088,1.0414,0.0124,-0.0124,-0.0012,0.3218,0.0002,-0.6655,-0.0004,-0.0257,0.0132,0.0016,0.6201,-0.0002,-1.2963,0.0004,0.0000,0.0000,0.0000,0.0000,0.0000,0.0000,0.0000,0.0000,0.0000,0.0000,0.0000,0.0000,0.0000,0.0000,0.0000,0.0000,0.0000,0.0000,0.0000,0.0000,0.0000,0.0000,0.0000,0.0000,0.0000,0.0000,0.0000,0.0000,0.0000,
6.2208,RLFSMStatePassive,0.0000,0.0000,0.0000,0.0005,0.7581,-0.0010,0.9981,0.0000,0.0623,0.0000,-0.1119,0.0001,-0.0001,-0.0631,0.0480,-0.0002,-0.1119,-0.0001,0.0001,-0.0631,0.0480,0.0001,0.0001,-0.0002,0.3167,0.0600,-0.0058,0.0000,0.0945,0.0001,0.0420,0.0000,0.0601,0.0059,-0.0000,0.0943,-0.0001,0.0470,-0.0000,0.0000,0.0000,0.0000,0.0000,0.0000,0.0000,0.0000,0.0000,0.0000,0.0000,0.0000,0.0000,0.0000,0.0000,0.0000,0.0000,0.0000,0.0000,0.0000,0.0000,0.0000,0.0000,0.0000,0.0000,0.0000,0.0000,0.0000,0.0000,0.0000,-0.6426,0.0007,0.0002,-0.3113,0.1930,-0.0005,-0.6422,0.0004,0.0009,-0.3129,0.1942,-0.0001,-0.0009,-0.0088,1.0414,0.0124,-0.0124,-0.0012,0.3218,0.0002,-0.6655,-0.0004,-0.0257,0.0132,0.0016,0.6201,-0.0002,-1.2963,0.0004,0.0000,0.0000,0.0000,0.0000,0.0000,0.0000,0.0000,0.0000,0.0000,0.0000,0.0000,0.0000,0.0000,0.0000,0.0000,0.0000,0.0000,0.0000,0.0000,0.0000,0.0000,0.0000,0.0000,0.0000,0.0000,0.0000,0.0000,0.0000,0.0000,
6.2410,RLFSMStatePassive,0.0000,0.0000,0.0000,0.0005,0.7581,-0.0010,0.9981,0.0000,0.0623,0.0000,-0.1119,0.0001,-0.0001,-0.0631,0.0480,-0.0002,-0.1119,-0.0001,0.0001,-0.0631,0.0480,0.0001,0.0001,-0.0002,0.3167,0.0600,-0.0058,0.0000,0.0945,0.0001,0.0420,0.0000,0.0601,0.0059,-0.0000,0.0943,-0.0001,0.0470,-0.0000,0.0000,0.0000,0.0000,0.0000,0.0000,0.0000,0.0000,0.0000,0.0000,0.0000,0.0000,0.0000,0.0000,0.0000,0.0000,0.0000,0.0000,0.0000,0.0000,0.0000,0.0000,0.0000,0.0000,0.0000,0.0000,0.0000,0.0000,0.0000,0.0000,-0.6426,0.0007,0.0002,-0.3113,0.1930,-0.0005,-0.6422,0.0004,0.0009,-0.3129,0.1942,-0.0001,-0.0009,-0.0088,1.0414,0.0124,-0.0124,-0.0012,0.3218,0.0002,-0.6655,-0.0004,-0.0257,0.0132,0.0016,0.6201,-0.0002,-1.2963,0.0004,0.0000,0.0000,0.0000,0.0000,0.0000,0.0000,0.0000,0.0000,0.0000,0.0000,0.0000,0.0000,0.0000,0.0000,0.0000,0.0000,0.0000,0.0000,0.0000,0.0000,0.0000,0.0000,0.0000,0.0000,0.0000,0.0000,0.0000,0.0000,0.0000,
6.2613,RLFSMStatePassive,0.0000,0.0000,0.0000,0.0005,0.7581,-0.0010,0.9981,0.0000,0.0623,0.0000,-0.1119,0.0001,-0.0001,-0.0631,0.0480,-0.0002,-0.1119,-0.0001,0.0001,-0.0631,0.0480,0.0001,0.0001,-0.0002,0.3167,0.0600,-0.0058,0.0000,0.0945,0.0001,0.0420,0.0000,0.0601,0.0059,-0.0000,0.0943,-0.0001,0.0470,-0.0000,0.0000,0.0000,0.0000,0.0000,0.0000,0.0000,0.0000,0.0000,0.0000,0.0000,0.0000,0.0000,0.0000,0.0000,0.0000,0.0000,0.0000,0.0000,0.0000,0.0000,0.0000,0.0000,0.0000,0.0000,0.0000,0.0000,0.0000,0.0000,0.0000,-0.6426,0.0007,0.0002,-0.3113,0.1930,-0.0005,-0.6422,0.0004,0.0009,-0.3129,0.1942,-0.0001,-0.0009,-0.0088,1.0414,0.0124,-0.0124,-0.0012,0.3218,0.0002,-0.6655,-0.0004,-0.0257,0.0132,0.0016,0.6201,-0.0002,-1.2963,0.0004,0.0000,0.0000,0.0000,0.0000,0.0000,0.0000,0.0000,0.0000,0.0000,0.0000,0.0000,0.0000,0.0000,0.0000,0.0000,0.0000,0.0000,0.0000,0.0000,0.0000,0.0000,0.0000,0.0000,0.0000,0.0000,0.0000,0.0000,0.0000,0.0000,
6.2816,RLFSMStatePassive,0.0000,0.0000,0.0000,0.0005,0.7581,-0.0010,0.9981,0.0000,0.0623,0.0000,-0.1119,0.0001,-0.0001,-0.0631,0.0480,-0.0002,-0.1119,-0.0001,0.0001,-0.0631,0.0480,0.0001,0.0001,-0.0002,0.3167,0.0600,-0.0058,0.0000,0.0945,0.0001,0.0420,0.0000,0.0601,0.0059,-0.0000,0.0943,-0.0001,0.0470,-0.0000,0.0000,0.0000,0.0000,0.0000,0.0000,0.0000,0.0000,0.0000,0.0000,0.0000,0.0000,0.0000,0.0000,0.0000,0.0000,0.0000,0.0000,0.0000,0.0000,0.0000,0.0000,0.0000,0.0000,0.0000,0.0000,0.0000,0.0000,0.0000,0.0000,-0.6426,0.0007,0.0002,-0.3113,0.1930,-0.0005,-0.6422,0.0004,0.0009,-0.3129,0.1942,-0.0001,-0.0009,-0.0088,1.0414,0.0124,-0.0124,-0.0012,0.3218,0.0002,-0.6655,-0.0004,-0.0257,0.0132,0.0016,0.6201,-0.0002,-1.2963,0.0004,0.0000,0.0000,0.0000,0.0000,0.0000,0.0000,0.0000,0.0000,0.0000,0.0000,0.0000,0.0000,0.0000,0.0000,0.0000,0.0000,0.0000,0.0000,0.0000,0.0000,0.0000,0.0000,0.0000,0.0000,0.0000,0.0000,0.0000,0.0000,0.0000,
6.3019,RLFSMStatePassive,0.0000,0.0000,0.0000,0.0005,0.7581,-0.0010,0.9981,0.0000,0.0623,0.0000,-0.1119,0.0001,-0.0001,-0.0631,0.0480,-0.0002,-0.1119,-0.0001,0.0001,-0.0631,0.0480,0.0001,0.0001,-0.0002,0.3167,0.0600,-0.0058,0.0000,0.0945,0.0001,0.0420,0.0000,0.0601,0.0059,-0.0000,0.0943,-0.0001,0.0470,-0.0000,0.0000,0.0000,0.0000,0.0000,0.0000,0.0000,0.0000,0.0000,0.0000,0.0000,0.0000,0.0000,0.0000,0.0000,0.0000,0.0000,0.0000,0.0000,0.0000,0.0000,0.0000,0.0000,0.0000,0.0000,0.0000,0.0000,0.0000,0.0000,0.0000,-0.6426,0.0007,0.0002,-0.3113,0.1930,-0.0005,-0.6422,0.0004,0.0009,-0.3129,0.1942,-0.0001,-0.0009,-0.0088,1.0414,0.0124,-0.0124,-0.0012,0.3218,0.0002,-0.6655,-0.0004,-0.0257,0.0132,0.0016,0.6201,-0.0002,-1.2963,0.0004,0.0000,0.0000,0.0000,0.0000,0.0000,0.0000,0.0000,0.0000,0.0000,0.0000,0.0000,0.0000,0.0000,0.0000,0.0000,0.0000,0.0000,0.0000,0.0000,0.0000,0.0000,0.0000,0.0000,0.0000,0.0000,0.0000,0.0000,0.0000,0.0000,
6.3220,RLFSMStatePassive,0.0000,0.0000,0.0000,0.0005,0.7581,-0.0010,0.9981,0.0000,0.0623,0.0000,-0.1119,0.0001,-0.0001,-0.0631,0.0480,-0.0002,-0.1119,-0.0001,0.0001,-0.0631,0.0480,0.0001,0.0001,-0.0002,0.3167,0.0600,-0.0058,0.0000,0.0945,0.0001,0.0420,0.0000,0.0601,0.0059,-0.0000,0.0943,-0.0001,0.0470,-0.0000,0.0000,0.0000,0.0000,0.0000,0.0000,0.0000,0.0000,0.0000,0.0000,0.0000,0.0000,0.0000,0.0000,0.0000,0.0000,0.0000,0.0000,0.0000,0.0000,0.0000,0.0000,0.0000,0.0000,0.0000,0.0000,0.0000,0.0000,0.0000,0.0000,-0.6426,0.0007,0.0002,-0.3113,0.1930,-0.0005,-0.6422,0.0004,0.0009,-0.3129,0.1942,-0.0001,-0.0009,-0.0088,1.0414,0.0124,-0.0124,-0.0012,0.3218,0.0002,-0.6655,-0.0004,-0.0257,0.0132,0.0016,0.6201,-0.0002,-1.2963,0.0004,0.0000,0.0000,0.0000,0.0000,0.0000,0.0000,0.0000,0.0000,0.0000,0.0000,0.0000,0.0000,0.0000,0.0000,0.0000,0.0000,0.0000,0.0000,0.0000,0.0000,0.0000,0.0000,0.0000,0.0000,0.0000,0.0000,0.0000,0.0000,0.0000,
6.3423,RLFSMStatePassive,0.0000,0.0000,0.0000,0.0005,0.7581,-0.0010,0.9981,0.0000,0.0623,0.0000,-0.1119,0.0001,-0.0001,-0.0631,0.0480,-0.0002,-0.1119,-0.0001,0.0001,-0.0631,0.0480,0.0001,0.0001,-0.0002,0.3167,0.0600,-0.0058,0.0000,0.0945,0.0001,0.0420,0.0000,0.0601,0.0059,-0.0000,0.0943,-0.0001,0.0470,-0.0000,0.0000,0.0000,0.0000,0.0000,0.0000,0.0000,0.0000,0.0000,0.0000,0.0000,0.0000,0.0000,0.0000,0.0000,0.0000,0.0000,0.0000,0.0000,0.0000,0.0000,0.0000,0.0000,0.0000,0.0000,0.0000,0.0000,0.0000,0.0000,0.0000,-0.6426,0.0007,0.0002,-0.3113,0.1930,-0.0005,-0.6422,0.0004,0.0009,-0.3129,0.1942,-0.0001,-0.0009,-0.0088,1.0414,0.0124,-0.0124,-0.0012,0.3218,0.0002,-0.6655,-0.0004,-0.0257,0.0132,0.0016,0.6201,-0.0002,-1.2963,0.0004,0.0000,0.0000,0.0000,0.0000,0.0000,0.0000,0.0000,0.0000,0.0000,0.0000,0.0000,0.0000,0.0000,0.0000,0.0000,0.0000,0.0000,0.0000,0.0000,0.0000,0.0000,0.0000,0.0000,0.0000,0.0000,0.0000,0.0000,0.0000,0.0000,
6.3626,RLFSMStatePassive,0.0000,0.0000,0.0000,0.0005,0.7581,-0.0010,0.9981,0.0000,0.0623,0.0000,-0.1119,0.0001,-0.0001,-0.0631,0.0480,-0.0002,-0.1119,-0.0001,0.0001,-0.0631,0.0480,0.0001,0.0001,-0.0002,0.3167,0.0600,-0.0058,0.0000,0.0945,0.0001,0.0420,0.0000,0.0601,0.0059,-0.0000,0.0943,-0.0001,0.0470,-0.0000,0.0000,0.0000,0.0000,0.0000,0.0000,0.0000,0.0000,0.0000,0.0000,0.0000,0.0000,0.0000,0.0000,0.0000,0.0000,0.0000,0.0000,0.0000,0.0000,0.0000,0.0000,0.0000,0.0000,0.0000,0.0000,0.0000,0.0000,0.0000,0.0000,-0.6426,0.0007,0.0002,-0.3113,0.1930,-0.0005,-0.6422,0.0004,0.0009,-0.3129,0.1942,-0.0001,-0.0009,-0.0088,1.0414,0.0124,-0.0124,-0.0012,0.3218,0.0002,-0.6655,-0.0004,-0.0257,0.0132,0.0016,0.6201,-0.0002,-1.2963,0.0004,0.0000,0.0000,0.0000,0.0000,0.0000,0.0000,0.0000,0.0000,0.0000,0.0000,0.0000,0.0000,0.0000,0.0000,0.0000,0.0000,0.0000,0.0000,0.0000,0.0000,0.0000,0.0000,0.0000,0.0000,0.0000,0.0000,0.0000,0.0000,0.0000,
6.3828,RLFSMStatePassive,0.0000,0.0000,0.0000,0.0005,0.7581,-0.0010,0.9981,0.0000,0.0623,0.0000,-0.1119,0.0001,-0.0001,-0.0631,0.0480,-0.0002,-0.1119,-0.0001,0.0001,-0.0631,0.0480,0.0001,0.0001,-0.0002,0.3167,0.0600,-0.0058,0.0000,0.0945,0.0001,0.0420,0.0000,0.0601,0.0059,-0.0000,0.0943,-0.0001,0.0470,-0.0000,0.0000,0.0000,0.0000,0.0000,0.0000,0.0000,0.0000,0.0000,0.0000,0.0000,0.0000,0.0000,0.0000,0.0000,0.0000,0.0000,0.0000,0.0000,0.0000,0.0000,0.0000,0.0000,0.0000,0.0000,0.0000,0.0000,0.0000,0.0000,0.0000,-0.6426,0.0007,0.0002,-0.3113,0.1930,-0.0005,-0.6422,0.0004,0.0009,-0.3129,0.1942,-0.0001,-0.0009,-0.0088,1.0414,0.0124,-0.0124,-0.0012,0.3218,0.0002,-0.6655,-0.0004,-0.0257,0.0132,0.0016,0.6201,-0.0002,-1.2963,0.0004,0.0000,0.0000,0.0000,0.0000,0.0000,0.0000,0.0000,0.0000,0.0000,0.0000,0.0000,0.0000,0.0000,0.0000,0.0000,0.0000,0.0000,0.0000,0.0000,0.0000,0.0000,0.0000,0.0000,0.0000,0.0000,0.0000,0.0000,0.0000,0.0000,
6.4031,RLFSMStatePassive,0.0000,0.0000,0.0000,0.0005,0.7581,-0.0010,0.9981,0.0000,0.0623,0.0000,-0.1119,0.0001,-0.0001,-0.0631,0.0480,-0.0002,-0.1119,-0.0001,0.0001,-0.0631,0.0480,0.0001,0.0001,-0.0002,0.3167,0.0600,-0.0058,0.0000,0.0945,0.0001,0.0420,0.0000,0.0601,0.0059,-0.0000,0.0943,-0.0001,0.0470,-0.0000,0.0000,0.0000,0.0000,0.0000,0.0000,0.0000,0.0000,0.0000,0.0000,0.0000,0.0000,0.0000,0.0000,0.0000,0.0000,0.0000,0.0000,0.0000,0.0000,0.0000,0.0000,0.0000,0.0000,0.0000,0.0000,0.0000,0.0000,0.0000,0.0000,-0.6426,0.0007,0.0002,-0.3113,0.1930,-0.0005,-0.6422,0.0004,0.0009,-0.3129,0.1942,-0.0001,-0.0009,-0.0088,1.0414,0.0124,-0.0124,-0.0012,0.3218,0.0002,-0.6655,-0.0004,-0.0257,0.0132,0.0016,0.6201,-0.0002,-1.2963,0.0004,0.0000,0.0000,0.0000,0.0000,0.0000,0.0000,0.0000,0.0000,0.0000,0.0000,0.0000,0.0000,0.0000,0.0000,0.0000,0.0000,0.0000,0.0000,0.0000,0.0000,0.0000,0.0000,0.0000,0.0000,0.0000,0.0000,0.0000,0.0000,0.0000,
6.4234,RLFSMStatePassive,0.0000,0.0000,0.0000,0.0005,0.7581,-0.0010,0.9981,0.0000,0.0623,0.0000,-0.1119,0.0001,-0.0001,-0.0631,0.0480,-0.0002,-0.1119,-0.0001,0.0001,-0.0631,0.0480,0.0001,0.0001,-0.0002,0.3167,0.0600,-0.0058,0.0000,0.0945,0.0001,0.0420,0.0000,0.0601,0.0059,-0.0000,0.0943,-0.0001,0.0470,-0.0000,0.0000,0.0000,0.0000,0.0000,0.0000,0.0000,0.0000,0.0000,0.0000,0.0000,0.0000,0.0000,0.0000,0.0000,0.0000,0.0000,0.0000,0.0000,0.0000,0.0000,0.0000,0.0000,0.0000,0.0000,0.0000,0.0000,0.0000,0.0000,0.0000,-0.6426,0.0007,0.0002,-0.3113,0.1930,-0.0005,-0.6422,0.0004,0.0009,-0.3129,0.1942,-0.0001,-0.0009,-0.0088,1.0414,0.0124,-0.0124,-0.0012,0.3218,0.0002,-0.6655,-0.0004,-0.0257,0.0132,0.0016,0.6201,-0.0002,-1.2963,0.0004,0.0000,0.0000,0.0000,0.0000,0.0000,0.0000,0.0000,0.0000,0.0000,0.0000,0.0000,0.0000,0.0000,0.0000,0.0000,0.0000,0.0000,0.0000,0.0000,0.0000,0.0000,0.0000,0.0000,0.0000,0.0000,0.0000,0.0000,0.0000,0.0000,
6.4436,RLFSMStatePassive,0.0000,0.0000,0.0000,0.0005,0.7581,-0.0010,0.9981,0.0000,0.0623,0.0000,-0.1119,0.0001,-0.0001,-0.0631,0.0480,-0.0002,-0.1119,-0.0001,0.0001,-0.0631,0.0480,0.0001,0.0001,-0.0002,0.3167,0.0600,-0.0058,0.0000,0.0945,0.0001,0.0420,0.0000,0.0601,0.0059,-0.0000,0.0943,-0.0001,0.0470,-0.0000,0.0000,0.0000,0.0000,0.0000,0.0000,0.0000,0.0000,0.0000,0.0000,0.0000,0.0000,0.0000,0.0000,0.0000,0.0000,0.0000,0.0000,0.0000,0.0000,0.0000,0.0000,0.0000,0.0000,0.0000,0.0000,0.0000,0.0000,0.0000,0.0000,-0.6426,0.0007,0.0002,-0.3113,0.1930,-0.0005,-0.6422,0.0004,0.0009,-0.3129,0.1942,-0.0001,-0.0009,-0.0088,1.0414,0.0124,-0.0124,-0.0012,0.3218,0.0002,-0.6655,-0.0004,-0.0257,0.0132,0.0016,0.6201,-0.0002,-1.2963,0.0004,0.0000,0.0000,0.0000,0.0000,0.0000,0.0000,0.0000,0.0000,0.0000,0.0000,0.0000,0.0000,0.0000,0.0000,0.0000,0.0000,0.0000,0.0000,0.0000,0.0000,0.0000,0.0000,0.0000,0.0000,0.0000,0.0000,0.0000,0.0000,0.0000,
6.4638,RLFSMStatePassive,0.0000,0.0000,0.0000,0.0005,0.7581,-0.0010,0.9981,0.0000,0.0623,0.0000,-0.1119,0.0001,-0.0001,-0.0631,0.0480,-0.0002,-0.1119,-0.0001,0.0001,-0.0631,0.0480,0.0001,0.0001,-0.0002,0.3167,0.0600,-0.0058,0.0000,0.0945,0.0001,0.0420,0.0000,0.0601,0.0059,-0.0000,0.0943,-0.0001,0.0470,-0.0000,0.0000,0.0000,0.0000,0.0000,0.0000,0.0000,0.0000,0.0000,0.0000,0.0000,0.0000,0.0000,0.0000,0.0000,0.0000,0.0000,0.0000,0.0000,0.0000,0.0000,0.0000,0.0000,0.0000,0.0000,0.0000,0.0000,0.0000,0.0000,0.0000,-0.6426,0.0007,0.0002,-0.3113,0.1930,-0.0005,-0.6422,0.0004,0.0009,-0.3129,0.1942,-0.0001,-0.0009,-0.0088,1.0414,0.0124,-0.0124,-0.0012,0.3218,0.0002,-0.6655,-0.0004,-0.0257,0.0132,0.0016,0.6201,-0.0002,-1.2963,0.0004,0.0000,0.0000,0.0000,0.0000,0.0000,0.0000,0.0000,0.0000,0.0000,0.0000,0.0000,0.0000,0.0000,0.0000,0.0000,0.0000,0.0000,0.0000,0.0000,0.0000,0.0000,0.0000,0.0000,0.0000,0.0000,0.0000,0.0000,0.0000,0.0000,
6.4841,RLFSMStatePassive,0.0000,0.0000,0.0000,0.0005,0.7581,-0.0010,0.9981,0.0000,0.0623,0.0000,-0.1119,0.0001,-0.0001,-0.0631,0.0480,-0.0002,-0.1119,-0.0001,0.0001,-0.0631,0.0480,0.0001,0.0001,-0.0002,0.3167,0.0600,-0.0058,0.0000,0.0945,0.0001,0.0420,0.0000,0.0601,0.0059,-0.0000,0.0943,-0.0001,0.0470,-0.0000,0.0000,0.0000,0.0000,0.0000,0.0000,0.0000,0.0000,0.0000,0.0000,0.0000,0.0000,0.0000,0.0000,0.0000,0.0000,0.0000,0.0000,0.0000,0.0000,0.0000,0.0000,0.0000,0.0000,0.0000,0.0000,0.0000,0.0000,0.0000,0.0000,-0.6426,0.0007,0.0002,-0.3113,0.1930,-0.0005,-0.6422,0.0004,0.0009,-0.3129,0.1942,-0.0001,-0.0009,-0.0088,1.0414,0.0124,-0.0124,-0.0012,0.3218,0.0002,-0.6655,-0.0004,-0.0257,0.0132,0.0016,0.6201,-0.0002,-1.2963,0.0004,0.0000,0.0000,0.0000,0.0000,0.0000,0.0000,0.0000,0.0000,0.0000,0.0000,0.0000,0.0000,0.0000,0.0000,0.0000,0.0000,0.0000,0.0000,0.0000,0.0000,0.0000,0.0000,0.0000,0.0000,0.0000,0.0000,0.0000,0.0000,0.0000,
6.5044,RLFSMStatePassive,0.0000,0.0000,0.0000,0.0005,0.7581,-0.0010,0.9981,0.0000,0.0623,0.0000,-0.1119,0.0001,-0.0001,-0.0631,0.0480,-0.0002,-0.1119,-0.0001,0.0001,-0.0631,0.0480,0.0001,0.0001,-0.0002,0.3167,0.0600,-0.0058,0.0000,0.0945,0.0001,0.0420,0.0000,0.0601,0.0059,-0.0000,0.0943,-0.0001,0.0470,-0.0000,0.0000,0.0000,0.0000,0.0000,0.0000,0.0000,0.0000,0.0000,0.0000,0.0000,0.0000,0.0000,0.0000,0.0000,0.0000,0.0000,0.0000,0.0000,0.0000,0.0000,0.0000,0.0000,0.0000,0.0000,0.0000,0.0000,0.0000,0.0000,0.0000,-0.6426,0.0007,0.0002,-0.3113,0.1930,-0.0005,-0.6422,0.0004,0.0009,-0.3129,0.1942,-0.0001,-0.0009,-0.0088,1.0414,0.0124,-0.0124,-0.0012,0.3218,0.0002,-0.6655,-0.0004,-0.0257,0.0132,0.0016,0.6201,-0.0002,-1.2963,0.0004,0.0000,0.0000,0.0000,0.0000,0.0000,0.0000,0.0000,0.0000,0.0000,0.0000,0.0000,0.0000,0.0000,0.0000,0.0000,0.0000,0.0000,0.0000,0.0000,0.0000,0.0000,0.0000,0.0000,0.0000,0.0000,0.0000,0.0000,0.0000,0.0000,
6.5246,RLFSMStatePassive,0.0000,0.0000,0.0000,0.0005,0.7581,-0.0010,0.9981,0.0000,0.0623,0.0000,-0.1119,0.0001,-0.0001,-0.0631,0.0480,-0.0002,-0.1119,-0.0001,0.0001,-0.0631,0.0480,0.0001,0.0001,-0.0002,0.3167,0.0600,-0.0058,0.0000,0.0945,0.0001,0.0420,0.0000,0.0601,0.0059,-0.0000,0.0943,-0.0001,0.0470,-0.0000,0.0000,0.0000,0.0000,0.0000,0.0000,0.0000,0.0000,0.0000,0.0000,0.0000,0.0000,0.0000,0.0000,0.0000,0.0000,0.0000,0.0000,0.0000,0.0000,0.0000,0.0000,0.0000,0.0000,0.0000,0.0000,0.0000,0.0000,0.0000,0.0000,-0.6426,0.0007,0.0002,-0.3113,0.1930,-0.0005,-0.6422,0.0004,0.0009,-0.3129,0.1942,-0.0001,-0.0009,-0.0088,1.0414,0.0124,-0.0124,-0.0012,0.3218,0.0002,-0.6655,-0.0004,-0.0257,0.0132,0.0016,0.6201,-0.0002,-1.2963,0.0004,0.0000,0.0000,0.0000,0.0000,0.0000,0.0000,0.0000,0.0000,0.0000,0.0000,0.0000,0.0000,0.0000,0.0000,0.0000,0.0000,0.0000,0.0000,0.0000,0.0000,0.0000,0.0000,0.0000,0.0000,0.0000,0.0000,0.0000,0.0000,0.0000,
6.5449,RLFSMStatePassive,0.0000,0.0000,0.0000,0.0005,0.7581,-0.0010,0.9981,0.0000,0.0623,0.0000,-0.1119,0.0001,-0.0001,-0.0631,0.0480,-0.0002,-0.1119,-0.0001,0.0001,-0.0631,0.0480,0.0001,0.0001,-0.0002,0.3167,0.0600,-0.0058,0.0000,0.0945,0.0001,0.0420,0.0000,0.0601,0.0059,-0.0000,0.0943,-0.0001,0.0470,-0.0000,0.0000,0.0000,0.0000,0.0000,0.0000,0.0000,0.0000,0.0000,0.0000,0.0000,0.0000,0.0000,0.0000,0.0000,0.0000,0.0000,0.0000,0.0000,0.0000,0.0000,0.0000,0.0000,0.0000,0.0000,0.0000,0.0000,0.0000,0.0000,0.0000,-0.6426,0.0007,0.0002,-0.3113,0.1930,-0.0005,-0.6422,0.0004,0.0009,-0.3129,0.1942,-0.0001,-0.0009,-0.0088,1.0414,0.0124,-0.0124,-0.0012,0.3218,0.0002,-0.6655,-0.0004,-0.0257,0.0132,0.0016,0.6201,-0.0002,-1.2963,0.0004,0.0000,0.0000,0.0000,0.0000,0.0000,0.0000,0.0000,0.0000,0.0000,0.0000,0.0000,0.0000,0.0000,0.0000,0.0000,0.0000,0.0000,0.0000,0.0000,0.0000,0.0000,0.0000,0.0000,0.0000,0.0000,0.0000,0.0000,0.0000,0.0000,
6.5652,RLFSMStatePassive,0.0000,0.0000,0.0000,0.0005,0.7581,-0.0010,0.9981,0.0000,0.0623,0.0000,-0.1119,0.0001,-0.0001,-0.0631,0.0480,-0.0002,-0.1119,-0.0001,0.0001,-0.0631,0.0480,0.0001,0.0001,-0.0002,0.3167,0.0600,-0.0058,0.0000,0.0945,0.0001,0.0420,0.0000,0.0601,0.0059,-0.0000,0.0943,-0.0001,0.0470,-0.0000,0.0000,0.0000,0.0000,0.0000,0.0000,0.0000,0.0000,0.0000,0.0000,0.0000,0.0000,0.0000,0.0000,0.0000,0.0000,0.0000,0.0000,0.0000,0.0000,0.0000,0.0000,0.0000,0.0000,0.0000,0.0000,0.0000,0.0000,0.0000,0.0000,-0.6426,0.0007,0.0002,-0.3113,0.1930,-0.0005,-0.6422,0.0004,0.0009,-0.3129,0.1942,-0.0001,-0.0009,-0.0088,1.0414,0.0124,-0.0124,-0.0012,0.3218,0.0002,-0.6655,-0.0004,-0.0257,0.0132,0.0016,0.6201,-0.0002,-1.2963,0.0004,0.0000,0.0000,0.0000,0.0000,0.0000,0.0000,0.0000,0.0000,0.0000,0.0000,0.0000,0.0000,0.0000,0.0000,0.0000,0.0000,0.0000,0.0000,0.0000,0.0000,0.0000,0.0000,0.0000,0.0000,0.0000,0.0000,0.0000,0.0000,0.0000,
6.5855,RLFSMStatePassive,0.0000,0.0000,0.0000,0.0005,0.7581,-0.0010,0.9981,0.0000,0.0623,0.0000,-0.1119,0.0001,-0.0001,-0.0631,0.0480,-0.0002,-0.1119,-0.0001,0.0001,-0.0631,0.0480,0.0001,0.0001,-0.0002,0.3167,0.0600,-0.0058,0.0000,0.0945,0.0001,0.0420,0.0000,0.0601,0.0059,-0.0000,0.0943,-0.0001,0.0470,-0.0000,0.0000,0.0000,0.0000,0.0000,0.0000,0.0000,0.0000,0.0000,0.0000,0.0000,0.0000,0.0000,0.0000,0.0000,0.0000,0.0000,0.0000,0.0000,0.0000,0.0000,0.0000,0.0000,0.0000,0.0000,0.0000,0.0000,0.0000,0.0000,0.0000,-0.6426,0.0007,0.0002,-0.3113,0.1930,-0.0005,-0.6422,0.0004,0.0009,-0.3129,0.1942,-0.0001,-0.0009,-0.0088,1.0414,0.0124,-0.0124,-0.0012,0.3218,0.0002,-0.6655,-0.0004,-0.0257,0.0132,0.0016,0.6201,-0.0002,-1.2963,0.0004,0.0000,0.0000,0.0000,0.0000,0.0000,0.0000,0.0000,0.0000,0.0000,0.0000,0.0000,0.0000,0.0000,0.0000,0.0000,0.0000,0.0000,0.0000,0.0000,0.0000,0.0000,0.0000,0.0000,0.0000,0.0000,0.0000,0.0000,0.0000,0.0000,
6.6058,RLFSMStatePassive,0.0000,0.0000,0.0000,0.0005,0.7581,-0.0010,0.9981,0.0000,0.0623,0.0000,-0.1119,0.0001,-0.0001,-0.0631,0.0480,-0.0002,-0.1119,-0.0001,0.0001,-0.0631,0.0480,0.0001,0.0001,-0.0002,0.3167,0.0600,-0.0058,0.0000,0.0945,0.0001,0.0420,0.0000,0.0601,0.0059,-0.0000,0.0943,-0.0001,0.0470,-0.0000,0.0000,0.0000,0.0000,0.0000,0.0000,0.0000,0.0000,0.0000,0.0000,0.0000,0.0000,0.0000,0.0000,0.0000,0.0000,0.0000,0.0000,0.0000,0.0000,0.0000,0.0000,0.0000,0.0000,0.0000,0.0000,0.0000,0.0000,0.0000,0.0000,-0.6426,0.0007,0.0002,-0.3113,0.1930,-0.0005,-0.6422,0.0004,0.0009,-0.3129,0.1942,-0.0001,-0.0009,-0.0088,1.0414,0.0124,-0.0124,-0.0012,0.3218,0.0002,-0.6655,-0.0004,-0.0257,0.0132,0.0016,0.6201,-0.0002,-1.2963,0.0004,0.0000,0.0000,0.0000,0.0000,0.0000,0.0000,0.0000,0.0000,0.0000,0.0000,0.0000,0.0000,0.0000,0.0000,0.0000,0.0000,0.0000,0.0000,0.0000,0.0000,0.0000,0.0000,0.0000,0.0000,0.0000,0.0000,0.0000,0.0000,0.0000,
6.6261,RLFSMStatePassive,0.0000,0.0000,0.0000,0.0005,0.7581,-0.0010,0.9981,0.0000,0.0623,0.0000,-0.1119,0.0001,-0.0001,-0.0631,0.0480,-0.0002,-0.1119,-0.0001,0.0001,-0.0631,0.0480,0.0001,0.0001,-0.0002,0.3167,0.0600,-0.0058,0.0000,0.0945,0.0001,0.0420,0.0000,0.0601,0.0059,-0.0000,0.0943,-0.0001,0.0470,-0.0000,0.0000,0.0000,0.0000,0.0000,0.0000,0.0000,0.0000,0.0000,0.0000,0.0000,0.0000,0.0000,0.0000,0.0000,0.0000,0.0000,0.0000,0.0000,0.0000,0.0000,0.0000,0.0000,0.0000,0.0000,0.0000,0.0000,0.0000,0.0000,0.0000,-0.6426,0.0007,0.0002,-0.3113,0.1930,-0.0005,-0.6422,0.0004,0.0009,-0.3129,0.1942,-0.0001,-0.0009,-0.0088,1.0414,0.0124,-0.0124,-0.0012,0.3218,0.0002,-0.6655,-0.0004,-0.0257,0.0132,0.0016,0.6201,-0.0002,-1.2963,0.0004,0.0000,0.0000,0.0000,0.0000,0.0000,0.0000,0.0000,0.0000,0.0000,0.0000,0.0000,0.0000,0.0000,0.0000,0.0000,0.0000,0.0000,0.0000,0.0000,0.0000,0.0000,0.0000,0.0000,0.0000,0.0000,0.0000,0.0000,0.0000,0.0000,
6.6464,RLFSMStatePassive,0.0000,0.0000,0.0000,0.0005,0.7581,-0.0010,0.9981,0.0000,0.0623,0.0000,-0.1119,0.0001,-0.0001,-0.0631,0.0480,-0.0002,-0.1119,-0.0001,0.0001,-0.0631,0.0480,0.0001,0.0001,-0.0002,0.3167,0.0600,-0.0058,0.0000,0.0945,0.0001,0.0420,0.0000,0.0601,0.0059,-0.0000,0.0943,-0.0001,0.0470,-0.0000,0.0000,0.0000,0.0000,0.0000,0.0000,0.0000,0.0000,0.0000,0.0000,0.0000,0.0000,0.0000,0.0000,0.0000,0.0000,0.0000,0.0000,0.0000,0.0000,0.0000,0.0000,0.0000,0.0000,0.0000,0.0000,0.0000,0.0000,0.0000,0.0000,-0.6426,0.0007,0.0002,-0.3113,0.1930,-0.0005,-0.6422,0.0004,0.0009,-0.3129,0.1942,-0.0001,-0.0009,-0.0088,1.0414,0.0124,-0.0124,-0.0012,0.3218,0.0002,-0.6655,-0.0004,-0.0257,0.0132,0.0016,0.6201,-0.0002,-1.2963,0.0004,0.0000,0.0000,0.0000,0.0000,0.0000,0.0000,0.0000,0.0000,0.0000,0.0000,0.0000,0.0000,0.0000,0.0000,0.0000,0.0000,0.0000,0.0000,0.0000,0.0000,0.0000,0.0000,0.0000,0.0000,0.0000,0.0000,0.0000,0.0000,0.0000,
6.6666,RLFSMStatePassive,0.0000,0.0000,0.0000,0.0005,0.7581,-0.0010,0.9981,0.0000,0.0623,0.0000,-0.1119,0.0001,-0.0001,-0.0631,0.0480,-0.0002,-0.1119,-0.0001,0.0001,-0.0631,0.0480,0.0001,0.0001,-0.0002,0.3167,0.0600,-0.0058,0.0000,0.0945,0.0001,0.0420,0.0000,0.0601,0.0059,-0.0000,0.0943,-0.0001,0.0470,-0.0000,0.0000,0.0000,0.0000,0.0000,0.0000,0.0000,0.0000,0.0000,0.0000,0.0000,0.0000,0.0000,0.0000,0.0000,0.0000,0.0000,0.0000,0.0000,0.0000,0.0000,0.0000,0.0000,0.0000,0.0000,0.0000,0.0000,0.0000,0.0000,0.0000,-0.6426,0.0007,0.0002,-0.3113,0.1930,-0.0005,-0.6422,0.0004,0.0009,-0.3129,0.1942,-0.0001,-0.0009,-0.0088,1.0414,0.0124,-0.0124,-0.0012,0.3218,0.0002,-0.6655,-0.0004,-0.0257,0.0132,0.0016,0.6201,-0.0002,-1.2963,0.0004,0.0000,0.0000,0.0000,0.0000,0.0000,0.0000,0.0000,0.0000,0.0000,0.0000,0.0000,0.0000,0.0000,0.0000,0.0000,0.0000,0.0000,0.0000,0.0000,0.0000,0.0000,0.0000,0.0000,0.0000,0.0000,0.0000,0.0000,0.0000,0.0000,
6.6869,RLFSMStatePassive,0.0000,0.0000,0.0000,0.0005,0.7581,-0.0010,0.9981,0.0000,0.0623,0.0000,-0.1119,0.0001,-0.0001,-0.0631,0.0480,-0.0002,-0.1119,-0.0001,0.0001,-0.0631,0.0480,0.0001,0.0001,-0.0002,0.3167,0.0600,-0.0058,0.0000,0.0945,0.0001,0.0420,0.0000,0.0601,0.0059,-0.0000,0.0943,-0.0001,0.0470,-0.0000,0.0000,0.0000,0.0000,0.0000,0.0000,0.0000,0.0000,0.0000,0.0000,0.0000,0.0000,0.0000,0.0000,0.0000,0.0000,0.0000,0.0000,0.0000,0.0000,0.0000,0.0000,0.0000,0.0000,0.0000,0.0000,0.0000,0.0000,0.0000,0.0000,-0.6426,0.0007,0.0002,-0.3113,0.1930,-0.0005,-0.6422,0.0004,0.0009,-0.3129,0.1942,-0.0001,-0.0009,-0.0088,1.0414,0.0124,-0.0124,-0.0012,0.3218,0.0002,-0.6655,-0.0004,-0.0257,0.0132,0.0016,0.6201,-0.0002,-1.2963,0.0004,0.0000,0.0000,0.0000,0.0000,0.0000,0.0000,0.0000,0.0000,0.0000,0.0000,0.0000,0.0000,0.0000,0.0000,0.0000,0.0000,0.0000,0.0000,0.0000,0.0000,0.0000,0.0000,0.0000,0.0000,0.0000,0.0000,0.0000,0.0000,0.0000,
6.7071,RLFSMStatePassive,0.0000,0.0000,0.0000,0.0005,0.7581,-0.0010,0.9981,0.0000,0.0623,0.0000,-0.1119,0.0001,-0.0001,-0.0631,0.0480,-0.0002,-0.1119,-0.0001,0.0001,-0.0631,0.0480,0.0001,0.0001,-0.0002,0.3167,0.0600,-0.0058,0.0000,0.0945,0.0001,0.0420,0.0000,0.0601,0.0059,-0.0000,0.0943,-0.0001,0.0470,-0.0000,0.0000,0.0000,0.0000,0.0000,0.0000,0.0000,0.0000,0.0000,0.0000,0.0000,0.0000,0.0000,0.0000,0.0000,0.0000,0.0000,0.0000,0.0000,0.0000,0.0000,0.0000,0.0000,0.0000,0.0000,0.0000,0.0000,0.0000,0.0000,0.0000,-0.6426,0.0007,0.0002,-0.3113,0.1930,-0.0005,-0.6422,0.0004,0.0009,-0.3129,0.1942,-0.0001,-0.0009,-0.0088,1.0414,0.0124,-0.0124,-0.0012,0.3218,0.0002,-0.6655,-0.0004,-0.0257,0.0132,0.0016,0.6201,-0.0002,-1.2963,0.0004,0.0000,0.0000,0.0000,0.0000,0.0000,0.0000,0.0000,0.0000,0.0000,0.0000,0.0000,0.0000,0.0000,0.0000,0.0000,0.0000,0.0000,0.0000,0.0000,0.0000,0.0000,0.0000,0.0000,0.0000,0.0000,0.0000,0.0000,0.0000,0.0000,
6.7273,RLFSMStatePassive,0.0000,0.0000,0.0000,0.0005,0.7581,-0.0010,0.9981,0.0000,0.0623,0.0000,-0.1119,0.0001,-0.0001,-0.0631,0.0480,-0.0002,-0.1119,-0.0001,0.0001,-0.0631,0.0480,0.0001,0.0001,-0.0002,0.3167,0.0600,-0.0058,0.0000,0.0945,0.0001,0.0420,0.0000,0.0601,0.0059,-0.0000,0.0943,-0.0001,0.0470,-0.0000,0.0000,0.0000,0.0000,0.0000,0.0000,0.0000,0.0000,0.0000,0.0000,0.0000,0.0000,0.0000,0.0000,0.0000,0.0000,0.0000,0.0000,0.0000,0.0000,0.0000,0.0000,0.0000,0.0000,0.0000,0.0000,0.0000,0.0000,0.0000,0.0000,-0.6426,0.0007,0.0002,-0.3113,0.1930,-0.0005,-0.6422,0.0004,0.0009,-0.3129,0.1942,-0.0001,-0.0009,-0.0088,1.0414,0.0124,-0.0124,-0.0012,0.3218,0.0002,-0.6655,-0.0004,-0.0257,0.0132,0.0016,0.6201,-0.0002,-1.2963,0.0004,0.0000,0.0000,0.0000,0.0000,0.0000,0.0000,0.0000,0.0000,0.0000,0.0000,0.0000,0.0000,0.0000,0.0000,0.0000,0.0000,0.0000,0.0000,0.0000,0.0000,0.0000,0.0000,0.0000,0.0000,0.0000,0.0000,0.0000,0.0000,0.0000,
6.7474,RLFSMStatePassive,0.0000,0.0000,0.0000,0.0005,0.7581,-0.0010,0.9981,0.0000,0.0623,0.0000,-0.1119,0.0001,-0.0001,-0.0631,0.0480,-0.0002,-0.1119,-0.0001,0.0001,-0.0631,0.0480,0.0001,0.0001,-0.0002,0.3167,0.0600,-0.0058,0.0000,0.0945,0.0001,0.0420,0.0000,0.0601,0.0059,-0.0000,0.0943,-0.0001,0.0470,-0.0000,0.0000,0.0000,0.0000,0.0000,0.0000,0.0000,0.0000,0.0000,0.0000,0.0000,0.0000,0.0000,0.0000,0.0000,0.0000,0.0000,0.0000,0.0000,0.0000,0.0000,0.0000,0.0000,0.0000,0.0000,0.0000,0.0000,0.0000,0.0000,0.0000,-0.6426,0.0007,0.0002,-0.3113,0.1930,-0.0005,-0.6422,0.0004,0.0009,-0.3129,0.1942,-0.0001,-0.0009,-0.0088,1.0414,0.0124,-0.0124,-0.0012,0.3218,0.0002,-0.6655,-0.0004,-0.0257,0.0132,0.0016,0.6201,-0.0002,-1.2963,0.0004,0.0000,0.0000,0.0000,0.0000,0.0000,0.0000,0.0000,0.0000,0.0000,0.0000,0.0000,0.0000,0.0000,0.0000,0.0000,0.0000,0.0000,0.0000,0.0000,0.0000,0.0000,0.0000,0.0000,0.0000,0.0000,0.0000,0.0000,0.0000,0.0000,
6.7676,RLFSMStatePassive,0.0000,0.0000,0.0000,0.0005,0.7581,-0.0010,0.9981,0.0000,0.0623,0.0000,-0.1119,0.0001,-0.0001,-0.0631,0.0480,-0.0002,-0.1119,-0.0001,0.0001,-0.0631,0.0480,0.0001,0.0001,-0.0002,0.3167,0.0600,-0.0058,0.0000,0.0945,0.0001,0.0420,0.0000,0.0601,0.0059,-0.0000,0.0943,-0.0001,0.0470,-0.0000,0.0000,0.0000,0.0000,0.0000,0.0000,0.0000,0.0000,0.0000,0.0000,0.0000,0.0000,0.0000,0.0000,0.0000,0.0000,0.0000,0.0000,0.0000,0.0000,0.0000,0.0000,0.0000,0.0000,0.0000,0.0000,0.0000,0.0000,0.0000,0.0000,-0.6426,0.0007,0.0002,-0.3113,0.1930,-0.0005,-0.6422,0.0004,0.0009,-0.3129,0.1942,-0.0001,-0.0009,-0.0088,1.0414,0.0124,-0.0124,-0.0012,0.3218,0.0002,-0.6655,-0.0004,-0.0257,0.0132,0.0016,0.6201,-0.0002,-1.2963,0.0004,0.0000,0.0000,0.0000,0.0000,0.0000,0.0000,0.0000,0.0000,0.0000,0.0000,0.0000,0.0000,0.0000,0.0000,0.0000,0.0000,0.0000,0.0000,0.0000,0.0000,0.0000,0.0000,0.0000,0.0000,0.0000,0.0000,0.0000,0.0000,0.0000,
6.7878,RLFSMStatePassive,0.0000,0.0000,0.0000,0.0005,0.7581,-0.0010,0.9981,0.0000,0.0623,0.0000,-0.1119,0.0001,-0.0001,-0.0631,0.0480,-0.0002,-0.1119,-0.0001,0.0001,-0.0631,0.0480,0.0001,0.0001,-0.0002,0.3167,0.0600,-0.0058,0.0000,0.0945,0.0001,0.0420,0.0000,0.0601,0.0059,-0.0000,0.0943,-0.0001,0.0470,-0.0000,0.0000,0.0000,0.0000,0.0000,0.0000,0.0000,0.0000,0.0000,0.0000,0.0000,0.0000,0.0000,0.0000,0.0000,0.0000,0.0000,0.0000,0.0000,0.0000,0.0000,0.0000,0.0000,0.0000,0.0000,0.0000,0.0000,0.0000,0.0000,0.0000,-0.6426,0.0007,0.0002,-0.3113,0.1930,-0.0005,-0.6422,0.0004,0.0009,-0.3129,0.1942,-0.0001,-0.0009,-0.0088,1.0414,0.0124,-0.0124,-0.0012,0.3218,0.0002,-0.6655,-0.0004,-0.0257,0.0132,0.0016,0.6201,-0.0002,-1.2963,0.0004,0.0000,0.0000,0.0000,0.0000,0.0000,0.0000,0.0000,0.0000,0.0000,0.0000,0.0000,0.0000,0.0000,0.0000,0.0000,0.0000,0.0000,0.0000,0.0000,0.0000,0.0000,0.0000,0.0000,0.0000,0.0000,0.0000,0.0000,0.0000,0.0000,
6.8081,RLFSMStatePassive,0.0000,0.0000,0.0000,0.0005,0.7581,-0.0010,0.9981,0.0000,0.0623,0.0000,-0.1119,0.0001,-0.0001,-0.0631,0.0480,-0.0002,-0.1119,-0.0001,0.0001,-0.0631,0.0480,0.0001,0.0001,-0.0002,0.3167,0.0600,-0.0058,0.0000,0.0945,0.0001,0.0420,0.0000,0.0601,0.0059,-0.0000,0.0943,-0.0001,0.0470,-0.0000,0.0000,0.0000,0.0000,0.0000,0.0000,0.0000,0.0000,0.0000,0.0000,0.0000,0.0000,0.0000,0.0000,0.0000,0.0000,0.0000,0.0000,0.0000,0.0000,0.0000,0.0000,0.0000,0.0000,0.0000,0.0000,0.0000,0.0000,0.0000,0.0000,-0.6426,0.0007,0.0002,-0.3113,0.1930,-0.0005,-0.6422,0.0004,0.0009,-0.3129,0.1942,-0.0001,-0.0009,-0.0088,1.0414,0.0124,-0.0124,-0.0012,0.3218,0.0002,-0.6655,-0.0004,-0.0257,0.0132,0.0016,0.6201,-0.0002,-1.2963,0.0004,0.0000,0.0000,0.0000,0.0000,0.0000,0.0000,0.0000,0.0000,0.0000,0.0000,0.0000,0.0000,0.0000,0.0000,0.0000,0.0000,0.0000,0.0000,0.0000,0.0000,0.0000,0.0000,0.0000,0.0000,0.0000,0.0000,0.0000,0.0000,0.0000,
6.8283,RLFSMStatePassive,0.0000,0.0000,0.0000,0.0005,0.7581,-0.0010,0.9981,0.0000,0.0623,0.0000,-0.1119,0.0001,-0.0001,-0.0631,0.0480,-0.0002,-0.1119,-0.0001,0.0001,-0.0631,0.0480,0.0001,0.0001,-0.0002,0.3167,0.0600,-0.0058,0.0000,0.0945,0.0001,0.0420,0.0000,0.0601,0.0059,-0.0000,0.0943,-0.0001,0.0470,-0.0000,0.0000,0.0000,0.0000,0.0000,0.0000,0.0000,0.0000,0.0000,0.0000,0.0000,0.0000,0.0000,0.0000,0.0000,0.0000,0.0000,0.0000,0.0000,0.0000,0.0000,0.0000,0.0000,0.0000,0.0000,0.0000,0.0000,0.0000,0.0000,0.0000,-0.6426,0.0007,0.0002,-0.3113,0.1930,-0.0005,-0.6422,0.0004,0.0009,-0.3129,0.1942,-0.0001,-0.0009,-0.0088,1.0414,0.0124,-0.0124,-0.0012,0.3218,0.0002,-0.6655,-0.0004,-0.0257,0.0132,0.0016,0.6201,-0.0002,-1.2963,0.0004,0.0000,0.0000,0.0000,0.0000,0.0000,0.0000,0.0000,0.0000,0.0000,0.0000,0.0000,0.0000,0.0000,0.0000,0.0000,0.0000,0.0000,0.0000,0.0000,0.0000,0.0000,0.0000,0.0000,0.0000,0.0000,0.0000,0.0000,0.0000,0.0000,
6.8485,RLFSMStatePassive,0.0000,0.0000,0.0000,0.0005,0.7581,-0.0010,0.9981,0.0000,0.0623,0.0000,-0.1119,0.0001,-0.0001,-0.0631,0.0480,-0.0002,-0.1119,-0.0001,0.0001,-0.0631,0.0480,0.0001,0.0001,-0.0002,0.3167,0.0600,-0.0058,0.0000,0.0945,0.0001,0.0420,0.0000,0.0601,0.0059,-0.0000,0.0943,-0.0001,0.0470,-0.0000,0.0000,0.0000,0.0000,0.0000,0.0000,0.0000,0.0000,0.0000,0.0000,0.0000,0.0000,0.0000,0.0000,0.0000,0.0000,0.0000,0.0000,0.0000,0.0000,0.0000,0.0000,0.0000,0.0000,0.0000,0.0000,0.0000,0.0000,0.0000,0.0000,-0.6426,0.0007,0.0002,-0.3113,0.1930,-0.0005,-0.6422,0.0004,0.0009,-0.3129,0.1942,-0.0001,-0.0009,-0.0088,1.0414,0.0124,-0.0124,-0.0012,0.3218,0.0002,-0.6655,-0.0004,-0.0257,0.0132,0.0016,0.6201,-0.0002,-1.2963,0.0004,0.0000,0.0000,0.0000,0.0000,0.0000,0.0000,0.0000,0.0000,0.0000,0.0000,0.0000,0.0000,0.0000,0.0000,0.0000,0.0000,0.0000,0.0000,0.0000,0.0000,0.0000,0.0000,0.0000,0.0000,0.0000,0.0000,0.0000,0.0000,0.0000,
6.8687,RLFSMStatePassive,0.0000,0.0000,0.0000,0.0005,0.7581,-0.0010,0.9981,0.0000,0.0623,0.0000,-0.1119,0.0001,-0.0001,-0.0631,0.0480,-0.0002,-0.1119,-0.0001,0.0001,-0.0631,0.0480,0.0001,0.0001,-0.0002,0.3167,0.0600,-0.0058,0.0000,0.0945,0.0001,0.0420,0.0000,0.0601,0.0059,-0.0000,0.0943,-0.0001,0.0470,-0.0000,0.0000,0.0000,0.0000,0.0000,0.0000,0.0000,0.0000,0.0000,0.0000,0.0000,0.0000,0.0000,0.0000,0.0000,0.0000,0.0000,0.0000,0.0000,0.0000,0.0000,0.0000,0.0000,0.0000,0.0000,0.0000,0.0000,0.0000,0.0000,0.0000,-0.6426,0.0007,0.0002,-0.3113,0.1930,-0.0005,-0.6422,0.0004,0.0009,-0.3129,0.1942,-0.0001,-0.0009,-0.0088,1.0414,0.0124,-0.0124,-0.0012,0.3218,0.0002,-0.6655,-0.0004,-0.0257,0.0132,0.0016,0.6201,-0.0002,-1.2963,0.0004,0.0000,0.0000,0.0000,0.0000,0.0000,0.0000,0.0000,0.0000,0.0000,0.0000,0.0000,0.0000,0.0000,0.0000,0.0000,0.0000,0.0000,0.0000,0.0000,0.0000,0.0000,0.0000,0.0000,0.0000,0.0000,0.0000,0.0000,0.0000,0.0000,
6.8889,RLFSMStatePassive,0.0000,0.0000,0.0000,0.0005,0.7581,-0.0010,0.9981,0.0000,0.0623,0.0000,-0.1119,0.0001,-0.0001,-0.0631,0.0480,-0.0002,-0.1119,-0.0001,0.0001,-0.0631,0.0480,0.0001,0.0001,-0.0002,0.3167,0.0600,-0.0058,0.0000,0.0945,0.0001,0.0420,0.0000,0.0601,0.0059,-0.0000,0.0943,-0.0001,0.0470,-0.0000,0.0000,0.0000,0.0000,0.0000,0.0000,0.0000,0.0000,0.0000,0.0000,0.0000,0.0000,0.0000,0.0000,0.0000,0.0000,0.0000,0.0000,0.0000,0.0000,0.0000,0.0000,0.0000,0.0000,0.0000,0.0000,0.0000,0.0000,0.0000,0.0000,-0.6426,0.0007,0.0002,-0.3113,0.1930,-0.0005,-0.6422,0.0004,0.0009,-0.3129,0.1942,-0.0001,-0.0009,-0.0088,1.0414,0.0124,-0.0124,-0.0012,0.3218,0.0002,-0.6655,-0.0004,-0.0257,0.0132,0.0016,0.6201,-0.0002,-1.2963,0.0004,0.0000,0.0000,0.0000,0.0000,0.0000,0.0000,0.0000,0.0000,0.0000,0.0000,0.0000,0.0000,0.0000,0.0000,0.0000,0.0000,0.0000,0.0000,0.0000,0.0000,0.0000,0.0000,0.0000,0.0000,0.0000,0.0000,0.0000,0.0000,0.0000,
6.9091,RLFSMStatePassive,0.0000,0.0000,0.0000,0.0005,0.7581,-0.0010,0.9981,0.0000,0.0623,0.0000,-0.1119,0.0001,-0.0001,-0.0631,0.0480,-0.0002,-0.1119,-0.0001,0.0001,-0.0631,0.0480,0.0001,0.0001,-0.0002,0.3167,0.0600,-0.0058,0.0000,0.0945,0.0001,0.0420,0.0000,0.0601,0.0059,-0.0000,0.0943,-0.0001,0.0470,-0.0000,0.0000,0.0000,0.0000,0.0000,0.0000,0.0000,0.0000,0.0000,0.0000,0.0000,0.0000,0.0000,0.0000,0.0000,0.0000,0.0000,0.0000,0.0000,0.0000,0.0000,0.0000,0.0000,0.0000,0.0000,0.0000,0.0000,0.0000,0.0000,0.0000,-0.6426,0.0007,0.0002,-0.3113,0.1930,-0.0005,-0.6422,0.0004,0.0009,-0.3129,0.1942,-0.0001,-0.0009,-0.0088,1.0414,0.0124,-0.0124,-0.0012,0.3218,0.0002,-0.6655,-0.0004,-0.0257,0.0132,0.0016,0.6201,-0.0002,-1.2963,0.0004,0.0000,0.0000,0.0000,0.0000,0.0000,0.0000,0.0000,0.0000,0.0000,0.0000,0.0000,0.0000,0.0000,0.0000,0.0000,0.0000,0.0000,0.0000,0.0000,0.0000,0.0000,0.0000,0.0000,0.0000,0.0000,0.0000,0.0000,0.0000,0.0000,
6.9293,RLFSMStatePassive,0.0000,0.0000,0.0000,0.0005,0.7581,-0.0010,0.9981,0.0000,0.0623,0.0000,-0.1119,0.0001,-0.0001,-0.0631,0.0480,-0.0002,-0.1119,-0.0001,0.0001,-0.0631,0.0480,0.0001,0.0001,-0.0002,0.3167,0.0600,-0.0058,0.0000,0.0945,0.0001,0.0420,0.0000,0.0601,0.0059,-0.0000,0.0943,-0.0001,0.0470,-0.0000,0.0000,0.0000,0.0000,0.0000,0.0000,0.0000,0.0000,0.0000,0.0000,0.0000,0.0000,0.0000,0.0000,0.0000,0.0000,0.0000,0.0000,0.0000,0.0000,0.0000,0.0000,0.0000,0.0000,0.0000,0.0000,0.0000,0.0000,0.0000,0.0000,-0.6426,0.0007,0.0002,-0.3113,0.1930,-0.0005,-0.6422,0.0004,0.0009,-0.3129,0.1942,-0.0001,-0.0009,-0.0088,1.0414,0.0124,-0.0124,-0.0012,0.3218,0.0002,-0.6655,-0.0004,-0.0257,0.0132,0.0016,0.6201,-0.0002,-1.2963,0.0004,0.0000,0.0000,0.0000,0.0000,0.0000,0.0000,0.0000,0.0000,0.0000,0.0000,0.0000,0.0000,0.0000,0.0000,0.0000,0.0000,0.0000,0.0000,0.0000,0.0000,0.0000,0.0000,0.0000,0.0000,0.0000,0.0000,0.0000,0.0000,0.0000,
6.9496,RLFSMStatePassive,0.0000,0.0000,0.0000,0.0005,0.7581,-0.0010,0.9981,0.0000,0.0623,0.0000,-0.1119,0.0001,-0.0001,-0.0631,0.0480,-0.0002,-0.1119,-0.0001,0.0001,-0.0631,0.0480,0.0001,0.0001,-0.0002,0.3167,0.0600,-0.0058,0.0000,0.0945,0.0001,0.0420,0.0000,0.0601,0.0059,-0.0000,0.0943,-0.0001,0.0470,-0.0000,0.0000,0.0000,0.0000,0.0000,0.0000,0.0000,0.0000,0.0000,0.0000,0.0000,0.0000,0.0000,0.0000,0.0000,0.0000,0.0000,0.0000,0.0000,0.0000,0.0000,0.0000,0.0000,0.0000,0.0000,0.0000,0.0000,0.0000,0.0000,0.0000,-0.6426,0.0007,0.0002,-0.3113,0.1930,-0.0005,-0.6422,0.0004,0.0009,-0.3129,0.1942,-0.0001,-0.0009,-0.0088,1.0414,0.0124,-0.0124,-0.0012,0.3218,0.0002,-0.6655,-0.0004,-0.0257,0.0132,0.0016,0.6201,-0.0002,-1.2963,0.0004,0.0000,0.0000,0.0000,0.0000,0.0000,0.0000,0.0000,0.0000,0.0000,0.0000,0.0000,0.0000,0.0000,0.0000,0.0000,0.0000,0.0000,0.0000,0.0000,0.0000,0.0000,0.0000,0.0000,0.0000,0.0000,0.0000,0.0000,0.0000,0.0000,
6.9699,RLFSMStatePassive,0.0000,0.0000,0.0000,0.0005,0.7581,-0.0010,0.9981,0.0000,0.0623,0.0000,-0.1119,0.0001,-0.0001,-0.0631,0.0480,-0.0002,-0.1119,-0.0001,0.0001,-0.0631,0.0480,0.0001,0.0001,-0.0002,0.3167,0.0600,-0.0058,0.0000,0.0945,0.0001,0.0420,0.0000,0.0601,0.0059,-0.0000,0.0943,-0.0001,0.0470,-0.0000,0.0000,0.0000,0.0000,0.0000,0.0000,0.0000,0.0000,0.0000,0.0000,0.0000,0.0000,0.0000,0.0000,0.0000,0.0000,0.0000,0.0000,0.0000,0.0000,0.0000,0.0000,0.0000,0.0000,0.0000,0.0000,0.0000,0.0000,0.0000,0.0000,-0.6426,0.0007,0.0002,-0.3113,0.1930,-0.0005,-0.6422,0.0004,0.0009,-0.3129,0.1942,-0.0001,-0.0009,-0.0088,1.0414,0.0124,-0.0124,-0.0012,0.3218,0.0002,-0.6655,-0.0004,-0.0257,0.0132,0.0016,0.6201,-0.0002,-1.2963,0.0004,0.0000,0.0000,0.0000,0.0000,0.0000,0.0000,0.0000,0.0000,0.0000,0.0000,0.0000,0.0000,0.0000,0.0000,0.0000,0.0000,0.0000,0.0000,0.0000,0.0000,0.0000,0.0000,0.0000,0.0000,0.0000,0.0000,0.0000,0.0000,0.0000,
6.9901,RLFSMStatePassive,0.0000,0.0000,0.0000,0.0005,0.7581,-0.0010,0.9981,0.0000,0.0623,0.0000,-0.1119,0.0001,-0.0001,-0.0631,0.0480,-0.0002,-0.1119,-0.0001,0.0001,-0.0631,0.0480,0.0001,0.0001,-0.0002,0.3167,0.0600,-0.0058,0.0000,0.0945,0.0001,0.0420,0.0000,0.0601,0.0059,-0.0000,0.0943,-0.0001,0.0470,-0.0000,0.0000,0.0000,0.0000,0.0000,0.0000,0.0000,0.0000,0.0000,0.0000,0.0000,0.0000,0.0000,0.0000,0.0000,0.0000,0.0000,0.0000,0.0000,0.0000,0.0000,0.0000,0.0000,0.0000,0.0000,0.0000,0.0000,0.0000,0.0000,0.0000,-0.6426,0.0007,0.0002,-0.3113,0.1930,-0.0005,-0.6422,0.0004,0.0009,-0.3129,0.1942,-0.0001,-0.0009,-0.0088,1.0414,0.0124,-0.0124,-0.0012,0.3218,0.0002,-0.6655,-0.0004,-0.0257,0.0132,0.0016,0.6201,-0.0002,-1.2963,0.0004,0.0000,0.0000,0.0000,0.0000,0.0000,0.0000,0.0000,0.0000,0.0000,0.0000,0.0000,0.0000,0.0000,0.0000,0.0000,0.0000,0.0000,0.0000,0.0000,0.0000,0.0000,0.0000,0.0000,0.0000,0.0000,0.0000,0.0000,0.0000,0.0000,
7.0103,RLFSMStatePassive,0.0000,0.0000,0.0000,0.0005,0.7581,-0.0010,0.9981,0.0000,0.0623,0.0000,-0.1119,0.0001,-0.0001,-0.0631,0.0480,-0.0002,-0.1119,-0.0001,0.0001,-0.0631,0.0480,0.0001,0.0001,-0.0002,0.3167,0.0600,-0.0058,0.0000,0.0945,0.0001,0.0420,0.0000,0.0601,0.0059,-0.0000,0.0943,-0.0001,0.0470,-0.0000,0.0000,0.0000,0.0000,0.0000,0.0000,0.0000,0.0000,0.0000,0.0000,0.0000,0.0000,0.0000,0.0000,0.0000,0.0000,0.0000,0.0000,0.0000,0.0000,0.0000,0.0000,0.0000,0.0000,0.0000,0.0000,0.0000,0.0000,0.0000,0.0000,-0.6426,0.0007,0.0002,-0.3113,0.1930,-0.0005,-0.6422,0.0004,0.0009,-0.3129,0.1942,-0.0001,-0.0009,-0.0088,1.0414,0.0124,-0.0124,-0.0012,0.3218,0.0002,-0.6655,-0.0004,-0.0257,0.0132,0.0016,0.6201,-0.0002,-1.2963,0.0004,0.0000,0.0000,0.0000,0.0000,0.0000,0.0000,0.0000,0.0000,0.0000,0.0000,0.0000,0.0000,0.0000,0.0000,0.0000,0.0000,0.0000,0.0000,0.0000,0.0000,0.0000,0.0000,0.0000,0.0000,0.0000,0.0000,0.0000,0.0000,0.0000,
7.0305,RLFSMStatePassive,0.0000,0.0000,0.0000,0.0005,0.7581,-0.0010,0.9981,0.0000,0.0623,0.0000,-0.1119,0.0001,-0.0001,-0.0631,0.0480,-0.0002,-0.1119,-0.0001,0.0001,-0.0631,0.0480,0.0001,0.0001,-0.0002,0.3167,0.0600,-0.0058,0.0000,0.0945,0.0001,0.0420,0.0000,0.0601,0.0059,-0.0000,0.0943,-0.0001,0.0470,-0.0000,0.0000,0.0000,0.0000,0.0000,0.0000,0.0000,0.0000,0.0000,0.0000,0.0000,0.0000,0.0000,0.0000,0.0000,0.0000,0.0000,0.0000,0.0000,0.0000,0.0000,0.0000,0.0000,0.0000,0.0000,0.0000,0.0000,0.0000,0.0000,0.0000,-0.6426,0.0007,0.0002,-0.3113,0.1930,-0.0005,-0.6422,0.0004,0.0009,-0.3129,0.1942,-0.0001,-0.0009,-0.0088,1.0414,0.0124,-0.0124,-0.0012,0.3218,0.0002,-0.6655,-0.0004,-0.0257,0.0132,0.0016,0.6201,-0.0002,-1.2963,0.0004,0.0000,0.0000,0.0000,0.0000,0.0000,0.0000,0.0000,0.0000,0.0000,0.0000,0.0000,0.0000,0.0000,0.0000,0.0000,0.0000,0.0000,0.0000,0.0000,0.0000,0.0000,0.0000,0.0000,0.0000,0.0000,0.0000,0.0000,0.0000,0.0000,
7.0508,RLFSMStatePassive,0.0000,0.0000,0.0000,0.0005,0.7581,-0.0010,0.9981,0.0000,0.0623,0.0000,-0.1119,0.0001,-0.0001,-0.0631,0.0480,-0.0002,-0.1119,-0.0001,0.0001,-0.0631,0.0480,0.0001,0.0001,-0.0002,0.3167,0.0600,-0.0058,0.0000,0.0945,0.0001,0.0420,0.0000,0.0601,0.0059,-0.0000,0.0943,-0.0001,0.0470,-0.0000,0.0000,0.0000,0.0000,0.0000,0.0000,0.0000,0.0000,0.0000,0.0000,0.0000,0.0000,0.0000,0.0000,0.0000,0.0000,0.0000,0.0000,0.0000,0.0000,0.0000,0.0000,0.0000,0.0000,0.0000,0.0000,0.0000,0.0000,0.0000,0.0000,-0.6426,0.0007,0.0002,-0.3113,0.1930,-0.0005,-0.6422,0.0004,0.0009,-0.3129,0.1942,-0.0001,-0.0009,-0.0088,1.0414,0.0124,-0.0124,-0.0012,0.3218,0.0002,-0.6655,-0.0004,-0.0257,0.0132,0.0016,0.6201,-0.0002,-1.2963,0.0004,0.0000,0.0000,0.0000,0.0000,0.0000,0.0000,0.0000,0.0000,0.0000,0.0000,0.0000,0.0000,0.0000,0.0000,0.0000,0.0000,0.0000,0.0000,0.0000,0.0000,0.0000,0.0000,0.0000,0.0000,0.0000,0.0000,0.0000,0.0000,0.0000,
7.0711,RLFSMStatePassive,0.0000,0.0000,0.0000,0.0005,0.7581,-0.0010,0.9981,0.0000,0.0623,0.0000,-0.1119,0.0001,-0.0001,-0.0631,0.0480,-0.0002,-0.1119,-0.0001,0.0001,-0.0631,0.0480,0.0001,0.0001,-0.0002,0.3167,0.0600,-0.0058,0.0000,0.0945,0.0001,0.0420,0.0000,0.0601,0.0059,-0.0000,0.0943,-0.0001,0.0470,-0.0000,0.0000,0.0000,0.0000,0.0000,0.0000,0.0000,0.0000,0.0000,0.0000,0.0000,0.0000,0.0000,0.0000,0.0000,0.0000,0.0000,0.0000,0.0000,0.0000,0.0000,0.0000,0.0000,0.0000,0.0000,0.0000,0.0000,0.0000,0.0000,0.0000,-0.6426,0.0007,0.0002,-0.3113,0.1930,-0.0005,-0.6422,0.0004,0.0009,-0.3129,0.1942,-0.0001,-0.0009,-0.0088,1.0414,0.0124,-0.0124,-0.0012,0.3218,0.0002,-0.6655,-0.0004,-0.0257,0.0132,0.0016,0.6201,-0.0002,-1.2963,0.0004,0.0000,0.0000,0.0000,0.0000,0.0000,0.0000,0.0000,0.0000,0.0000,0.0000,0.0000,0.0000,0.0000,0.0000,0.0000,0.0000,0.0000,0.0000,0.0000,0.0000,0.0000,0.0000,0.0000,0.0000,0.0000,0.0000,0.0000,0.0000,0.0000,
7.0913,RLFSMStatePassive,0.0000,0.0000,0.0000,0.0005,0.7581,-0.0010,0.9981,0.0000,0.0623,0.0000,-0.1119,0.0001,-0.0001,-0.0631,0.0480,-0.0002,-0.1119,-0.0001,0.0001,-0.0631,0.0480,0.0001,0.0001,-0.0002,0.3167,0.0600,-0.0058,0.0000,0.0945,0.0001,0.0420,0.0000,0.0601,0.0059,-0.0000,0.0943,-0.0001,0.0470,-0.0000,0.0000,0.0000,0.0000,0.0000,0.0000,0.0000,0.0000,0.0000,0.0000,0.0000,0.0000,0.0000,0.0000,0.0000,0.0000,0.0000,0.0000,0.0000,0.0000,0.0000,0.0000,0.0000,0.0000,0.0000,0.0000,0.0000,0.0000,0.0000,0.0000,-0.6426,0.0007,0.0002,-0.3113,0.1930,-0.0005,-0.6422,0.0004,0.0009,-0.3129,0.1942,-0.0001,-0.0009,-0.0088,1.0414,0.0124,-0.0124,-0.0012,0.3218,0.0002,-0.6655,-0.0004,-0.0257,0.0132,0.0016,0.6201,-0.0002,-1.2963,0.0004,0.0000,0.0000,0.0000,0.0000,0.0000,0.0000,0.0000,0.0000,0.0000,0.0000,0.0000,0.0000,0.0000,0.0000,0.0000,0.0000,0.0000,0.0000,0.0000,0.0000,0.0000,0.0000,0.0000,0.0000,0.0000,0.0000,0.0000,0.0000,0.0000,
7.1115,RLFSMStatePassive,0.0000,0.0000,0.0000,0.0005,0.7581,-0.0010,0.9981,0.0000,0.0623,0.0000,-0.1119,0.0001,-0.0001,-0.0631,0.0480,-0.0002,-0.1119,-0.0001,0.0001,-0.0631,0.0480,0.0001,0.0001,-0.0002,0.3167,0.0600,-0.0058,0.0000,0.0945,0.0001,0.0420,0.0000,0.0601,0.0059,-0.0000,0.0943,-0.0001,0.0470,-0.0000,0.0000,0.0000,0.0000,0.0000,0.0000,0.0000,0.0000,0.0000,0.0000,0.0000,0.0000,0.0000,0.0000,0.0000,0.0000,0.0000,0.0000,0.0000,0.0000,0.0000,0.0000,0.0000,0.0000,0.0000,0.0000,0.0000,0.0000,0.0000,0.0000,-0.6426,0.0007,0.0002,-0.3113,0.1930,-0.0005,-0.6422,0.0004,0.0009,-0.3129,0.1942,-0.0001,-0.0009,-0.0088,1.0414,0.0124,-0.0124,-0.0012,0.3218,0.0002,-0.6655,-0.0004,-0.0257,0.0132,0.0016,0.6201,-0.0002,-1.2963,0.0004,0.0000,0.0000,0.0000,0.0000,0.0000,0.0000,0.0000,0.0000,0.0000,0.0000,0.0000,0.0000,0.0000,0.0000,0.0000,0.0000,0.0000,0.0000,0.0000,0.0000,0.0000,0.0000,0.0000,0.0000,0.0000,0.0000,0.0000,0.0000,0.0000,
7.1317,RLFSMStatePassive,0.0000,0.0000,0.0000,0.0005,0.7581,-0.0010,0.9981,0.0000,0.0623,0.0000,-0.1119,0.0001,-0.0001,-0.0631,0.0480,-0.0002,-0.1119,-0.0001,0.0001,-0.0631,0.0480,0.0001,0.0001,-0.0002,0.3167,0.0600,-0.0058,0.0000,0.0945,0.0001,0.0420,0.0000,0.0601,0.0059,-0.0000,0.0943,-0.0001,0.0470,-0.0000,0.0000,0.0000,0.0000,0.0000,0.0000,0.0000,0.0000,0.0000,0.0000,0.0000,0.0000,0.0000,0.0000,0.0000,0.0000,0.0000,0.0000,0.0000,0.0000,0.0000,0.0000,0.0000,0.0000,0.0000,0.0000,0.0000,0.0000,0.0000,0.0000,-0.6426,0.0007,0.0002,-0.3113,0.1930,-0.0005,-0.6422,0.0004,0.0009,-0.3129,0.1942,-0.0001,-0.0009,-0.0088,1.0414,0.0124,-0.0124,-0.0012,0.3218,0.0002,-0.6655,-0.0004,-0.0257,0.0132,0.0016,0.6201,-0.0002,-1.2963,0.0004,0.0000,0.0000,0.0000,0.0000,0.0000,0.0000,0.0000,0.0000,0.0000,0.0000,0.0000,0.0000,0.0000,0.0000,0.0000,0.0000,0.0000,0.0000,0.0000,0.0000,0.0000,0.0000,0.0000,0.0000,0.0000,0.0000,0.0000,0.0000,0.0000,
7.1519,RLFSMStatePassive,0.0000,0.0000,0.0000,0.0005,0.7581,-0.0010,0.9981,0.0000,0.0623,0.0000,-0.1119,0.0001,-0.0001,-0.0631,0.0480,-0.0002,-0.1119,-0.0001,0.0001,-0.0631,0.0480,0.0001,0.0001,-0.0002,0.3167,0.0600,-0.0058,0.0000,0.0945,0.0001,0.0420,0.0000,0.0601,0.0059,-0.0000,0.0943,-0.0001,0.0470,-0.0000,0.0000,0.0000,0.0000,0.0000,0.0000,0.0000,0.0000,0.0000,0.0000,0.0000,0.0000,0.0000,0.0000,0.0000,0.0000,0.0000,0.0000,0.0000,0.0000,0.0000,0.0000,0.0000,0.0000,0.0000,0.0000,0.0000,0.0000,0.0000,0.0000,-0.6426,0.0007,0.0002,-0.3113,0.1930,-0.0005,-0.6422,0.0004,0.0009,-0.3129,0.1942,-0.0001,-0.0009,-0.0088,1.0414,0.0124,-0.0124,-0.0012,0.3218,0.0002,-0.6655,-0.0004,-0.0257,0.0132,0.0016,0.6201,-0.0002,-1.2963,0.0004,0.0000,0.0000,0.0000,0.0000,0.0000,0.0000,0.0000,0.0000,0.0000,0.0000,0.0000,0.0000,0.0000,0.0000,0.0000,0.0000,0.0000,0.0000,0.0000,0.0000,0.0000,0.0000,0.0000,0.0000,0.0000,0.0000,0.0000,0.0000,0.0000,
7.1721,RLFSMStatePassive,0.0000,0.0000,0.0000,0.0005,0.7581,-0.0010,0.9981,0.0000,0.0623,0.0000,-0.1119,0.0001,-0.0001,-0.0631,0.0480,-0.0002,-0.1119,-0.0001,0.0001,-0.0631,0.0480,0.0001,0.0001,-0.0002,0.3167,0.0600,-0.0058,0.0000,0.0945,0.0001,0.0420,0.0000,0.0601,0.0059,-0.0000,0.0943,-0.0001,0.0470,-0.0000,0.0000,0.0000,0.0000,0.0000,0.0000,0.0000,0.0000,0.0000,0.0000,0.0000,0.0000,0.0000,0.0000,0.0000,0.0000,0.0000,0.0000,0.0000,0.0000,0.0000,0.0000,0.0000,0.0000,0.0000,0.0000,0.0000,0.0000,0.0000,0.0000,-0.6426,0.0007,0.0002,-0.3113,0.1930,-0.0005,-0.6422,0.0004,0.0009,-0.3129,0.1942,-0.0001,-0.0009,-0.0088,1.0414,0.0124,-0.0124,-0.0012,0.3218,0.0002,-0.6655,-0.0004,-0.0257,0.0132,0.0016,0.6201,-0.0002,-1.2963,0.0004,0.0000,0.0000,0.0000,0.0000,0.0000,0.0000,0.0000,0.0000,0.0000,0.0000,0.0000,0.0000,0.0000,0.0000,0.0000,0.0000,0.0000,0.0000,0.0000,0.0000,0.0000,0.0000,0.0000,0.0000,0.0000,0.0000,0.0000,0.0000,0.0000,
7.1923,RLFSMStatePassive,0.0000,0.0000,0.0000,0.0005,0.7581,-0.0010,0.9981,0.0000,0.0623,0.0000,-0.1119,0.0001,-0.0001,-0.0631,0.0480,-0.0002,-0.1119,-0.0001,0.0001,-0.0631,0.0480,0.0001,0.0001,-0.0002,0.3167,0.0600,-0.0058,0.0000,0.0945,0.0001,0.0420,0.0000,0.0601,0.0059,-0.0000,0.0943,-0.0001,0.0470,-0.0000,0.0000,0.0000,0.0000,0.0000,0.0000,0.0000,0.0000,0.0000,0.0000,0.0000,0.0000,0.0000,0.0000,0.0000,0.0000,0.0000,0.0000,0.0000,0.0000,0.0000,0.0000,0.0000,0.0000,0.0000,0.0000,0.0000,0.0000,0.0000,0.0000,-0.6426,0.0007,0.0002,-0.3113,0.1930,-0.0005,-0.6422,0.0004,0.0009,-0.3129,0.1942,-0.0001,-0.0009,-0.0088,1.0414,0.0124,-0.0124,-0.0012,0.3218,0.0002,-0.6655,-0.0004,-0.0257,0.0132,0.0016,0.6201,-0.0002,-1.2963,0.0004,0.0000,0.0000,0.0000,0.0000,0.0000,0.0000,0.0000,0.0000,0.0000,0.0000,0.0000,0.0000,0.0000,0.0000,0.0000,0.0000,0.0000,0.0000,0.0000,0.0000,0.0000,0.0000,0.0000,0.0000,0.0000,0.0000,0.0000,0.0000,0.0000,
7.2125,RLFSMStatePassive,0.0000,0.0000,0.0000,0.0005,0.7581,-0.0010,0.9981,0.0000,0.0623,0.0000,-0.1119,0.0001,-0.0001,-0.0631,0.0480,-0.0002,-0.1119,-0.0001,0.0001,-0.0631,0.0480,0.0001,0.0001,-0.0002,0.3167,0.0600,-0.0058,0.0000,0.0945,0.0001,0.0420,0.0000,0.0601,0.0059,-0.0000,0.0943,-0.0001,0.0470,-0.0000,0.0000,0.0000,0.0000,0.0000,0.0000,0.0000,0.0000,0.0000,0.0000,0.0000,0.0000,0.0000,0.0000,0.0000,0.0000,0.0000,0.0000,0.0000,0.0000,0.0000,0.0000,0.0000,0.0000,0.0000,0.0000,0.0000,0.0000,0.0000,0.0000,-0.6426,0.0007,0.0002,-0.3113,0.1930,-0.0005,-0.6422,0.0004,0.0009,-0.3129,0.1942,-0.0001,-0.0009,-0.0088,1.0414,0.0124,-0.0124,-0.0012,0.3218,0.0002,-0.6655,-0.0004,-0.0257,0.0132,0.0016,0.6201,-0.0002,-1.2963,0.0004,0.0000,0.0000,0.0000,0.0000,0.0000,0.0000,0.0000,0.0000,0.0000,0.0000,0.0000,0.0000,0.0000,0.0000,0.0000,0.0000,0.0000,0.0000,0.0000,0.0000,0.0000,0.0000,0.0000,0.0000,0.0000,0.0000,0.0000,0.0000,0.0000,
7.2328,RLFSMStatePassive,0.0000,0.0000,0.0000,0.0005,0.7581,-0.0010,0.9981,0.0000,0.0623,0.0000,-0.1119,0.0001,-0.0001,-0.0631,0.0480,-0.0002,-0.1119,-0.0001,0.0001,-0.0631,0.0480,0.0001,0.0001,-0.0002,0.3167,0.0600,-0.0058,0.0000,0.0945,0.0001,0.0420,0.0000,0.0601,0.0059,-0.0000,0.0943,-0.0001,0.0470,-0.0000,0.0000,0.0000,0.0000,0.0000,0.0000,0.0000,0.0000,0.0000,0.0000,0.0000,0.0000,0.0000,0.0000,0.0000,0.0000,0.0000,0.0000,0.0000,0.0000,0.0000,0.0000,0.0000,0.0000,0.0000,0.0000,0.0000,0.0000,0.0000,0.0000,-0.6426,0.0007,0.0002,-0.3113,0.1930,-0.0005,-0.6422,0.0004,0.0009,-0.3129,0.1942,-0.0001,-0.0009,-0.0088,1.0414,0.0124,-0.0124,-0.0012,0.3218,0.0002,-0.6655,-0.0004,-0.0257,0.0132,0.0016,0.6201,-0.0002,-1.2963,0.0004,0.0000,0.0000,0.0000,0.0000,0.0000,0.0000,0.0000,0.0000,0.0000,0.0000,0.0000,0.0000,0.0000,0.0000,0.0000,0.0000,0.0000,0.0000,0.0000,0.0000,0.0000,0.0000,0.0000,0.0000,0.0000,0.0000,0.0000,0.0000,0.0000,
7.2531,RLFSMStatePassive,0.0000,0.0000,0.0000,0.0005,0.7581,-0.0010,0.9981,0.0000,0.0623,0.0000,-0.1119,0.0001,-0.0001,-0.0631,0.0480,-0.0002,-0.1119,-0.0001,0.0001,-0.0631,0.0480,0.0001,0.0001,-0.0002,0.3167,0.0600,-0.0058,0.0000,0.0945,0.0001,0.0420,0.0000,0.0601,0.0059,-0.0000,0.0943,-0.0001,0.0470,-0.0000,0.0000,0.0000,0.0000,0.0000,0.0000,0.0000,0.0000,0.0000,0.0000,0.0000,0.0000,0.0000,0.0000,0.0000,0.0000,0.0000,0.0000,0.0000,0.0000,0.0000,0.0000,0.0000,0.0000,0.0000,0.0000,0.0000,0.0000,0.0000,0.0000,-0.6426,0.0007,0.0002,-0.3113,0.1930,-0.0005,-0.6422,0.0004,0.0009,-0.3129,0.1942,-0.0001,-0.0009,-0.0088,1.0414,0.0124,-0.0124,-0.0012,0.3218,0.0002,-0.6655,-0.0004,-0.0257,0.0132,0.0016,0.6201,-0.0002,-1.2963,0.0004,0.0000,0.0000,0.0000,0.0000,0.0000,0.0000,0.0000,0.0000,0.0000,0.0000,0.0000,0.0000,0.0000,0.0000,0.0000,0.0000,0.0000,0.0000,0.0000,0.0000,0.0000,0.0000,0.0000,0.0000,0.0000,0.0000,0.0000,0.0000,0.0000,
7.2733,RLFSMStatePassive,0.0000,0.0000,0.0000,0.0005,0.7581,-0.0010,0.9981,0.0000,0.0623,0.0000,-0.1119,0.0001,-0.0001,-0.0631,0.0480,-0.0002,-0.1119,-0.0001,0.0001,-0.0631,0.0480,0.0001,0.0001,-0.0002,0.3167,0.0600,-0.0058,0.0000,0.0945,0.0001,0.0420,0.0000,0.0601,0.0059,-0.0000,0.0943,-0.0001,0.0470,-0.0000,0.0000,0.0000,0.0000,0.0000,0.0000,0.0000,0.0000,0.0000,0.0000,0.0000,0.0000,0.0000,0.0000,0.0000,0.0000,0.0000,0.0000,0.0000,0.0000,0.0000,0.0000,0.0000,0.0000,0.0000,0.0000,0.0000,0.0000,0.0000,0.0000,-0.6426,0.0007,0.0002,-0.3113,0.1930,-0.0005,-0.6422,0.0004,0.0009,-0.3129,0.1942,-0.0001,-0.0009,-0.0088,1.0414,0.0124,-0.0124,-0.0012,0.3218,0.0002,-0.6655,-0.0004,-0.0257,0.0132,0.0016,0.6201,-0.0002,-1.2963,0.0004,0.0000,0.0000,0.0000,0.0000,0.0000,0.0000,0.0000,0.0000,0.0000,0.0000,0.0000,0.0000,0.0000,0.0000,0.0000,0.0000,0.0000,0.0000,0.0000,0.0000,0.0000,0.0000,0.0000,0.0000,0.0000,0.0000,0.0000,0.0000,0.0000,
7.2936,RLFSMStatePassive,0.0000,0.0000,0.0000,0.0005,0.7581,-0.0010,0.9981,0.0000,0.0623,0.0000,-0.1119,0.0001,-0.0001,-0.0631,0.0480,-0.0002,-0.1119,-0.0001,0.0001,-0.0631,0.0480,0.0001,0.0001,-0.0002,0.3167,0.0600,-0.0058,0.0000,0.0945,0.0001,0.0420,0.0000,0.0601,0.0059,-0.0000,0.0943,-0.0001,0.0470,-0.0000,0.0000,0.0000,0.0000,0.0000,0.0000,0.0000,0.0000,0.0000,0.0000,0.0000,0.0000,0.0000,0.0000,0.0000,0.0000,0.0000,0.0000,0.0000,0.0000,0.0000,0.0000,0.0000,0.0000,0.0000,0.0000,0.0000,0.0000,0.0000,0.0000,-0.6426,0.0007,0.0002,-0.3113,0.1930,-0.0005,-0.6422,0.0004,0.0009,-0.3129,0.1942,-0.0001,-0.0009,-0.0088,1.0414,0.0124,-0.0124,-0.0012,0.3218,0.0002,-0.6655,-0.0004,-0.0257,0.0132,0.0016,0.6201,-0.0002,-1.2963,0.0004,0.0000,0.0000,0.0000,0.0000,0.0000,0.0000,0.0000,0.0000,0.0000,0.0000,0.0000,0.0000,0.0000,0.0000,0.0000,0.0000,0.0000,0.0000,0.0000,0.0000,0.0000,0.0000,0.0000,0.0000,0.0000,0.0000,0.0000,0.0000,0.0000,
7.3139,RLFSMStatePassive,0.0000,0.0000,0.0000,0.0005,0.7581,-0.0010,0.9981,0.0000,0.0623,0.0000,-0.1119,0.0001,-0.0001,-0.0631,0.0480,-0.0002,-0.1119,-0.0001,0.0001,-0.0631,0.0480,0.0001,0.0001,-0.0002,0.3167,0.0600,-0.0058,0.0000,0.0945,0.0001,0.0420,0.0000,0.0601,0.0059,-0.0000,0.0943,-0.0001,0.0470,-0.0000,0.0000,0.0000,0.0000,0.0000,0.0000,0.0000,0.0000,0.0000,0.0000,0.0000,0.0000,0.0000,0.0000,0.0000,0.0000,0.0000,0.0000,0.0000,0.0000,0.0000,0.0000,0.0000,0.0000,0.0000,0.0000,0.0000,0.0000,0.0000,0.0000,-0.6426,0.0007,0.0002,-0.3113,0.1930,-0.0005,-0.6422,0.0004,0.0009,-0.3129,0.1942,-0.0001,-0.0009,-0.0088,1.0414,0.0124,-0.0124,-0.0012,0.3218,0.0002,-0.6655,-0.0004,-0.0257,0.0132,0.0016,0.6201,-0.0002,-1.2963,0.0004,0.0000,0.0000,0.0000,0.0000,0.0000,0.0000,0.0000,0.0000,0.0000,0.0000,0.0000,0.0000,0.0000,0.0000,0.0000,0.0000,0.0000,0.0000,0.0000,0.0000,0.0000,0.0000,0.0000,0.0000,0.0000,0.0000,0.0000,0.0000,0.0000,
7.3342,RLFSMStatePassive,0.0000,0.0000,0.0000,0.0005,0.7581,-0.0010,0.9981,0.0000,0.0623,0.0000,-0.1119,0.0001,-0.0001,-0.0631,0.0480,-0.0002,-0.1119,-0.0001,0.0001,-0.0631,0.0480,0.0001,0.0001,-0.0002,0.3167,0.0600,-0.0058,0.0000,0.0945,0.0001,0.0420,0.0000,0.0601,0.0059,-0.0000,0.0943,-0.0001,0.0470,-0.0000,0.0000,0.0000,0.0000,0.0000,0.0000,0.0000,0.0000,0.0000,0.0000,0.0000,0.0000,0.0000,0.0000,0.0000,0.0000,0.0000,0.0000,0.0000,0.0000,0.0000,0.0000,0.0000,0.0000,0.0000,0.0000,0.0000,0.0000,0.0000,0.0000,-0.6426,0.0007,0.0002,-0.3113,0.1930,-0.0005,-0.6422,0.0004,0.0009,-0.3129,0.1942,-0.0001,-0.0009,-0.0088,1.0414,0.0124,-0.0124,-0.0012,0.3218,0.0002,-0.6655,-0.0004,-0.0257,0.0132,0.0016,0.6201,-0.0002,-1.2963,0.0004,0.0000,0.0000,0.0000,0.0000,0.0000,0.0000,0.0000,0.0000,0.0000,0.0000,0.0000,0.0000,0.0000,0.0000,0.0000,0.0000,0.0000,0.0000,0.0000,0.0000,0.0000,0.0000,0.0000,0.0000,0.0000,0.0000,0.0000,0.0000,0.0000,
7.3544,RLFSMStatePassive,0.0000,0.0000,0.0000,0.0005,0.7581,-0.0010,0.9981,0.0000,0.0623,0.0000,-0.1119,0.0001,-0.0001,-0.0631,0.0480,-0.0002,-0.1119,-0.0001,0.0001,-0.0631,0.0480,0.0001,0.0001,-0.0002,0.3167,0.0600,-0.0058,0.0000,0.0945,0.0001,0.0420,0.0000,0.0601,0.0059,-0.0000,0.0943,-0.0001,0.0470,-0.0000,0.0000,0.0000,0.0000,0.0000,0.0000,0.0000,0.0000,0.0000,0.0000,0.0000,0.0000,0.0000,0.0000,0.0000,0.0000,0.0000,0.0000,0.0000,0.0000,0.0000,0.0000,0.0000,0.0000,0.0000,0.0000,0.0000,0.0000,0.0000,0.0000,-0.6426,0.0007,0.0002,-0.3113,0.1930,-0.0005,-0.6422,0.0004,0.0009,-0.3129,0.1942,-0.0001,-0.0009,-0.0088,1.0414,0.0124,-0.0124,-0.0012,0.3218,0.0002,-0.6655,-0.0004,-0.0257,0.0132,0.0016,0.6201,-0.0002,-1.2963,0.0004,0.0000,0.0000,0.0000,0.0000,0.0000,0.0000,0.0000,0.0000,0.0000,0.0000,0.0000,0.0000,0.0000,0.0000,0.0000,0.0000,0.0000,0.0000,0.0000,0.0000,0.0000,0.0000,0.0000,0.0000,0.0000,0.0000,0.0000,0.0000,0.0000,
7.3746,RLFSMStatePassive,0.0000,0.0000,0.0000,0.0005,0.7581,-0.0010,0.9981,0.0000,0.0623,0.0000,-0.1119,0.0001,-0.0001,-0.0631,0.0480,-0.0002,-0.1119,-0.0001,0.0001,-0.0631,0.0480,0.0001,0.0001,-0.0002,0.3167,0.0600,-0.0058,0.0000,0.0945,0.0001,0.0420,0.0000,0.0601,0.0059,-0.0000,0.0943,-0.0001,0.0470,-0.0000,0.0000,0.0000,0.0000,0.0000,0.0000,0.0000,0.0000,0.0000,0.0000,0.0000,0.0000,0.0000,0.0000,0.0000,0.0000,0.0000,0.0000,0.0000,0.0000,0.0000,0.0000,0.0000,0.0000,0.0000,0.0000,0.0000,0.0000,0.0000,0.0000,-0.6426,0.0007,0.0002,-0.3113,0.1930,-0.0005,-0.6422,0.0004,0.0009,-0.3129,0.1942,-0.0001,-0.0009,-0.0088,1.0414,0.0124,-0.0124,-0.0012,0.3218,0.0002,-0.6655,-0.0004,-0.0257,0.0132,0.0016,0.6201,-0.0002,-1.2963,0.0004,0.0000,0.0000,0.0000,0.0000,0.0000,0.0000,0.0000,0.0000,0.0000,0.0000,0.0000,0.0000,0.0000,0.0000,0.0000,0.0000,0.0000,0.0000,0.0000,0.0000,0.0000,0.0000,0.0000,0.0000,0.0000,0.0000,0.0000,0.0000,0.0000,
7.3949,RLFSMStatePassive,0.0000,0.0000,0.0000,0.0005,0.7581,-0.0010,0.9981,0.0000,0.0623,0.0000,-0.1119,0.0001,-0.0001,-0.0631,0.0480,-0.0002,-0.1119,-0.0001,0.0001,-0.0631,0.0480,0.0001,0.0001,-0.0002,0.3167,0.0600,-0.0058,0.0000,0.0945,0.0001,0.0420,0.0000,0.0601,0.0059,-0.0000,0.0943,-0.0001,0.0470,-0.0000,0.0000,0.0000,0.0000,0.0000,0.0000,0.0000,0.0000,0.0000,0.0000,0.0000,0.0000,0.0000,0.0000,0.0000,0.0000,0.0000,0.0000,0.0000,0.0000,0.0000,0.0000,0.0000,0.0000,0.0000,0.0000,0.0000,0.0000,0.0000,0.0000,-0.6426,0.0007,0.0002,-0.3113,0.1930,-0.0005,-0.6422,0.0004,0.0009,-0.3129,0.1942,-0.0001,-0.0009,-0.0088,1.0414,0.0124,-0.0124,-0.0012,0.3218,0.0002,-0.6655,-0.0004,-0.0257,0.0132,0.0016,0.6201,-0.0002,-1.2963,0.0004,0.0000,0.0000,0.0000,0.0000,0.0000,0.0000,0.0000,0.0000,0.0000,0.0000,0.0000,0.0000,0.0000,0.0000,0.0000,0.0000,0.0000,0.0000,0.0000,0.0000,0.0000,0.0000,0.0000,0.0000,0.0000,0.0000,0.0000,0.0000,0.0000,
7.4152,RLFSMStatePassive,0.0000,0.0000,0.0000,0.0005,0.7581,-0.0010,0.9981,0.0000,0.0623,0.0000,-0.1119,0.0001,-0.0001,-0.0631,0.0480,-0.0002,-0.1119,-0.0001,0.0001,-0.0631,0.0480,0.0001,0.0001,-0.0002,0.3167,0.0600,-0.0058,0.0000,0.0945,0.0001,0.0420,0.0000,0.0601,0.0059,-0.0000,0.0943,-0.0001,0.0470,-0.0000,0.0000,0.0000,0.0000,0.0000,0.0000,0.0000,0.0000,0.0000,0.0000,0.0000,0.0000,0.0000,0.0000,0.0000,0.0000,0.0000,0.0000,0.0000,0.0000,0.0000,0.0000,0.0000,0.0000,0.0000,0.0000,0.0000,0.0000,0.0000,0.0000,-0.6426,0.0007,0.0002,-0.3113,0.1930,-0.0005,-0.6422,0.0004,0.0009,-0.3129,0.1942,-0.0001,-0.0009,-0.0088,1.0414,0.0124,-0.0124,-0.0012,0.3218,0.0002,-0.6655,-0.0004,-0.0257,0.0132,0.0016,0.6201,-0.0002,-1.2963,0.0004,0.0000,0.0000,0.0000,0.0000,0.0000,0.0000,0.0000,0.0000,0.0000,0.0000,0.0000,0.0000,0.0000,0.0000,0.0000,0.0000,0.0000,0.0000,0.0000,0.0000,0.0000,0.0000,0.0000,0.0000,0.0000,0.0000,0.0000,0.0000,0.0000,
7.4355,RLFSMStatePassive,0.0000,0.0000,0.0000,0.0005,0.7581,-0.0010,0.9981,0.0000,0.0623,0.0000,-0.1119,0.0001,-0.0001,-0.0631,0.0480,-0.0002,-0.1119,-0.0001,0.0001,-0.0631,0.0480,0.0001,0.0001,-0.0002,0.3167,0.0600,-0.0058,0.0000,0.0945,0.0001,0.0420,0.0000,0.0601,0.0059,-0.0000,0.0943,-0.0001,0.0470,-0.0000,0.0000,0.0000,0.0000,0.0000,0.0000,0.0000,0.0000,0.0000,0.0000,0.0000,0.0000,0.0000,0.0000,0.0000,0.0000,0.0000,0.0000,0.0000,0.0000,0.0000,0.0000,0.0000,0.0000,0.0000,0.0000,0.0000,0.0000,0.0000,0.0000,-0.6426,0.0007,0.0002,-0.3113,0.1930,-0.0005,-0.6422,0.0004,0.0009,-0.3129,0.1942,-0.0001,-0.0009,-0.0088,1.0414,0.0124,-0.0124,-0.0012,0.3218,0.0002,-0.6655,-0.0004,-0.0257,0.0132,0.0016,0.6201,-0.0002,-1.2963,0.0004,0.0000,0.0000,0.0000,0.0000,0.0000,0.0000,0.0000,0.0000,0.0000,0.0000,0.0000,0.0000,0.0000,0.0000,0.0000,0.0000,0.0000,0.0000,0.0000,0.0000,0.0000,0.0000,0.0000,0.0000,0.0000,0.0000,0.0000,0.0000,0.0000,
7.4557,RLFSMStatePassive,0.0000,0.0000,0.0000,0.0005,0.7581,-0.0010,0.9981,0.0000,0.0623,0.0000,-0.1119,0.0001,-0.0001,-0.0631,0.0480,-0.0002,-0.1119,-0.0001,0.0001,-0.0631,0.0480,0.0001,0.0001,-0.0002,0.3167,0.0600,-0.0058,0.0000,0.0945,0.0001,0.0420,0.0000,0.0601,0.0059,-0.0000,0.0943,-0.0001,0.0470,-0.0000,0.0000,0.0000,0.0000,0.0000,0.0000,0.0000,0.0000,0.0000,0.0000,0.0000,0.0000,0.0000,0.0000,0.0000,0.0000,0.0000,0.0000,0.0000,0.0000,0.0000,0.0000,0.0000,0.0000,0.0000,0.0000,0.0000,0.0000,0.0000,0.0000,-0.6426,0.0007,0.0002,-0.3113,0.1930,-0.0005,-0.6422,0.0004,0.0009,-0.3129,0.1942,-0.0001,-0.0009,-0.0088,1.0414,0.0124,-0.0124,-0.0012,0.3218,0.0002,-0.6655,-0.0004,-0.0257,0.0132,0.0016,0.6201,-0.0002,-1.2963,0.0004,0.0000,0.0000,0.0000,0.0000,0.0000,0.0000,0.0000,0.0000,0.0000,0.0000,0.0000,0.0000,0.0000,0.0000,0.0000,0.0000,0.0000,0.0000,0.0000,0.0000,0.0000,0.0000,0.0000,0.0000,0.0000,0.0000,0.0000,0.0000,0.0000,
7.4759,RLFSMStatePassive,0.0000,0.0000,0.0000,0.0005,0.7581,-0.0010,0.9981,0.0000,0.0623,0.0000,-0.1119,0.0001,-0.0001,-0.0631,0.0480,-0.0002,-0.1119,-0.0001,0.0001,-0.0631,0.0480,0.0001,0.0001,-0.0002,0.3167,0.0600,-0.0058,0.0000,0.0945,0.0001,0.0420,0.0000,0.0601,0.0059,-0.0000,0.0943,-0.0001,0.0470,-0.0000,0.0000,0.0000,0.0000,0.0000,0.0000,0.0000,0.0000,0.0000,0.0000,0.0000,0.0000,0.0000,0.0000,0.0000,0.0000,0.0000,0.0000,0.0000,0.0000,0.0000,0.0000,0.0000,0.0000,0.0000,0.0000,0.0000,0.0000,0.0000,0.0000,-0.6426,0.0007,0.0002,-0.3113,0.1930,-0.0005,-0.6422,0.0004,0.0009,-0.3129,0.1942,-0.0001,-0.0009,-0.0088,1.0414,0.0124,-0.0124,-0.0012,0.3218,0.0002,-0.6655,-0.0004,-0.0257,0.0132,0.0016,0.6201,-0.0002,-1.2963,0.0004,0.0000,0.0000,0.0000,0.0000,0.0000,0.0000,0.0000,0.0000,0.0000,0.0000,0.0000,0.0000,0.0000,0.0000,0.0000,0.0000,0.0000,0.0000,0.0000,0.0000,0.0000,0.0000,0.0000,0.0000,0.0000,0.0000,0.0000,0.0000,0.0000,
7.4961,RLFSMStatePassive,0.0000,0.0000,0.0000,0.0005,0.7581,-0.0010,0.9981,0.0000,0.0623,0.0000,-0.1119,0.0001,-0.0001,-0.0631,0.0480,-0.0002,-0.1119,-0.0001,0.0001,-0.0631,0.0480,0.0001,0.0001,-0.0002,0.3167,0.0600,-0.0058,0.0000,0.0945,0.0001,0.0420,0.0000,0.0601,0.0059,-0.0000,0.0943,-0.0001,0.0470,-0.0000,0.0000,0.0000,0.0000,0.0000,0.0000,0.0000,0.0000,0.0000,0.0000,0.0000,0.0000,0.0000,0.0000,0.0000,0.0000,0.0000,0.0000,0.0000,0.0000,0.0000,0.0000,0.0000,0.0000,0.0000,0.0000,0.0000,0.0000,0.0000,0.0000,-0.6426,0.0007,0.0002,-0.3113,0.1930,-0.0005,-0.6422,0.0004,0.0009,-0.3129,0.1942,-0.0001,-0.0009,-0.0088,1.0414,0.0124,-0.0124,-0.0012,0.3218,0.0002,-0.6655,-0.0004,-0.0257,0.0132,0.0016,0.6201,-0.0002,-1.2963,0.0004,0.0000,0.0000,0.0000,0.0000,0.0000,0.0000,0.0000,0.0000,0.0000,0.0000,0.0000,0.0000,0.0000,0.0000,0.0000,0.0000,0.0000,0.0000,0.0000,0.0000,0.0000,0.0000,0.0000,0.0000,0.0000,0.0000,0.0000,0.0000,0.0000,
7.5164,RLFSMStatePassive,0.0000,0.0000,0.0000,0.0005,0.7581,-0.0010,0.9981,0.0000,0.0623,0.0000,-0.1119,0.0001,-0.0001,-0.0631,0.0480,-0.0002,-0.1119,-0.0001,0.0001,-0.0631,0.0480,0.0001,0.0001,-0.0002,0.3167,0.0600,-0.0058,0.0000,0.0945,0.0001,0.0420,0.0000,0.0601,0.0059,-0.0000,0.0943,-0.0001,0.0470,-0.0000,0.0000,0.0000,0.0000,0.0000,0.0000,0.0000,0.0000,0.0000,0.0000,0.0000,0.0000,0.0000,0.0000,0.0000,0.0000,0.0000,0.0000,0.0000,0.0000,0.0000,0.0000,0.0000,0.0000,0.0000,0.0000,0.0000,0.0000,0.0000,0.0000,-0.6426,0.0007,0.0002,-0.3113,0.1930,-0.0005,-0.6422,0.0004,0.0009,-0.3129,0.1942,-0.0001,-0.0009,-0.0088,1.0414,0.0124,-0.0124,-0.0012,0.3218,0.0002,-0.6655,-0.0004,-0.0257,0.0132,0.0016,0.6201,-0.0002,-1.2963,0.0004,0.0000,0.0000,0.0000,0.0000,0.0000,0.0000,0.0000,0.0000,0.0000,0.0000,0.0000,0.0000,0.0000,0.0000,0.0000,0.0000,0.0000,0.0000,0.0000,0.0000,0.0000,0.0000,0.0000,0.0000,0.0000,0.0000,0.0000,0.0000,0.0000,
7.5366,RLFSMStatePassive,0.0000,0.0000,0.0000,0.0005,0.7581,-0.0010,0.9981,0.0000,0.0623,0.0000,-0.1119,0.0001,-0.0001,-0.0631,0.0480,-0.0002,-0.1119,-0.0001,0.0001,-0.0631,0.0480,0.0001,0.0001,-0.0002,0.3167,0.0600,-0.0058,0.0000,0.0945,0.0001,0.0420,0.0000,0.0601,0.0059,-0.0000,0.0943,-0.0001,0.0470,-0.0000,0.0000,0.0000,0.0000,0.0000,0.0000,0.0000,0.0000,0.0000,0.0000,0.0000,0.0000,0.0000,0.0000,0.0000,0.0000,0.0000,0.0000,0.0000,0.0000,0.0000,0.0000,0.0000,0.0000,0.0000,0.0000,0.0000,0.0000,0.0000,0.0000,-0.6426,0.0007,0.0002,-0.3113,0.1930,-0.0005,-0.6422,0.0004,0.0009,-0.3129,0.1942,-0.0001,-0.0009,-0.0088,1.0414,0.0124,-0.0124,-0.0012,0.3218,0.0002,-0.6655,-0.0004,-0.0257,0.0132,0.0016,0.6201,-0.0002,-1.2963,0.0004,0.0000,0.0000,0.0000,0.0000,0.0000,0.0000,0.0000,0.0000,0.0000,0.0000,0.0000,0.0000,0.0000,0.0000,0.0000,0.0000,0.0000,0.0000,0.0000,0.0000,0.0000,0.0000,0.0000,0.0000,0.0000,0.0000,0.0000,0.0000,0.0000,
7.5568,RLFSMStatePassive,0.0000,0.0000,0.0000,0.0005,0.7581,-0.0010,0.9981,0.0000,0.0623,0.0000,-0.1119,0.0001,-0.0001,-0.0631,0.0480,-0.0002,-0.1119,-0.0001,0.0001,-0.0631,0.0480,0.0001,0.0001,-0.0002,0.3167,0.0600,-0.0058,0.0000,0.0945,0.0001,0.0420,0.0000,0.0601,0.0059,-0.0000,0.0943,-0.0001,0.0470,-0.0000,0.0000,0.0000,0.0000,0.0000,0.0000,0.0000,0.0000,0.0000,0.0000,0.0000,0.0000,0.0000,0.0000,0.0000,0.0000,0.0000,0.0000,0.0000,0.0000,0.0000,0.0000,0.0000,0.0000,0.0000,0.0000,0.0000,0.0000,0.0000,0.0000,-0.6426,0.0007,0.0002,-0.3113,0.1930,-0.0005,-0.6422,0.0004,0.0009,-0.3129,0.1942,-0.0001,-0.0009,-0.0088,1.0414,0.0124,-0.0124,-0.0012,0.3218,0.0002,-0.6655,-0.0004,-0.0257,0.0132,0.0016,0.6201,-0.0002,-1.2963,0.0004,0.0000,0.0000,0.0000,0.0000,0.0000,0.0000,0.0000,0.0000,0.0000,0.0000,0.0000,0.0000,0.0000,0.0000,0.0000,0.0000,0.0000,0.0000,0.0000,0.0000,0.0000,0.0000,0.0000,0.0000,0.0000,0.0000,0.0000,0.0000,0.0000,
7.5770,RLFSMStatePassive,0.0000,0.0000,0.0000,0.0005,0.7581,-0.0010,0.9981,0.0000,0.0623,0.0000,-0.1119,0.0001,-0.0001,-0.0631,0.0480,-0.0002,-0.1119,-0.0001,0.0001,-0.0631,0.0480,0.0001,0.0001,-0.0002,0.3167,0.0600,-0.0058,0.0000,0.0945,0.0001,0.0420,0.0000,0.0601,0.0059,-0.0000,0.0943,-0.0001,0.0470,-0.0000,0.0000,0.0000,0.0000,0.0000,0.0000,0.0000,0.0000,0.0000,0.0000,0.0000,0.0000,0.0000,0.0000,0.0000,0.0000,0.0000,0.0000,0.0000,0.0000,0.0000,0.0000,0.0000,0.0000,0.0000,0.0000,0.0000,0.0000,0.0000,0.0000,-0.6426,0.0007,0.0002,-0.3113,0.1930,-0.0005,-0.6422,0.0004,0.0009,-0.3129,0.1942,-0.0001,-0.0009,-0.0088,1.0414,0.0124,-0.0124,-0.0012,0.3218,0.0002,-0.6655,-0.0004,-0.0257,0.0132,0.0016,0.6201,-0.0002,-1.2963,0.0004,0.0000,0.0000,0.0000,0.0000,0.0000,0.0000,0.0000,0.0000,0.0000,0.0000,0.0000,0.0000,0.0000,0.0000,0.0000,0.0000,0.0000,0.0000,0.0000,0.0000,0.0000,0.0000,0.0000,0.0000,0.0000,0.0000,0.0000,0.0000,0.0000,
7.5972,RLFSMStatePassive,0.0000,0.0000,0.0000,0.0005,0.7581,-0.0010,0.9981,0.0000,0.0623,0.0000,-0.1119,0.0001,-0.0001,-0.0631,0.0480,-0.0002,-0.1119,-0.0001,0.0001,-0.0631,0.0480,0.0001,0.0001,-0.0002,0.3167,0.0600,-0.0058,0.0000,0.0945,0.0001,0.0420,0.0000,0.0601,0.0059,-0.0000,0.0943,-0.0001,0.0470,-0.0000,0.0000,0.0000,0.0000,0.0000,0.0000,0.0000,0.0000,0.0000,0.0000,0.0000,0.0000,0.0000,0.0000,0.0000,0.0000,0.0000,0.0000,0.0000,0.0000,0.0000,0.0000,0.0000,0.0000,0.0000,0.0000,0.0000,0.0000,0.0000,0.0000,-0.6426,0.0007,0.0002,-0.3113,0.1930,-0.0005,-0.6422,0.0004,0.0009,-0.3129,0.1942,-0.0001,-0.0009,-0.0088,1.0414,0.0124,-0.0124,-0.0012,0.3218,0.0002,-0.6655,-0.0004,-0.0257,0.0132,0.0016,0.6201,-0.0002,-1.2963,0.0004,0.0000,0.0000,0.0000,0.0000,0.0000,0.0000,0.0000,0.0000,0.0000,0.0000,0.0000,0.0000,0.0000,0.0000,0.0000,0.0000,0.0000,0.0000,0.0000,0.0000,0.0000,0.0000,0.0000,0.0000,0.0000,0.0000,0.0000,0.0000,0.0000,
7.6173,RLFSMStatePassive,0.0000,0.0000,0.0000,0.0005,0.7581,-0.0010,0.9981,0.0000,0.0623,0.0000,-0.1119,0.0001,-0.0001,-0.0631,0.0480,-0.0002,-0.1119,-0.0001,0.0001,-0.0631,0.0480,0.0001,0.0001,-0.0002,0.3167,0.0600,-0.0058,0.0000,0.0945,0.0001,0.0420,0.0000,0.0601,0.0059,-0.0000,0.0943,-0.0001,0.0470,-0.0000,0.0000,0.0000,0.0000,0.0000,0.0000,0.0000,0.0000,0.0000,0.0000,0.0000,0.0000,0.0000,0.0000,0.0000,0.0000,0.0000,0.0000,0.0000,0.0000,0.0000,0.0000,0.0000,0.0000,0.0000,0.0000,0.0000,0.0000,0.0000,0.0000,-0.6426,0.0007,0.0002,-0.3113,0.1930,-0.0005,-0.6422,0.0004,0.0009,-0.3129,0.1942,-0.0001,-0.0009,-0.0088,1.0414,0.0124,-0.0124,-0.0012,0.3218,0.0002,-0.6655,-0.0004,-0.0257,0.0132,0.0016,0.6201,-0.0002,-1.2963,0.0004,0.0000,0.0000,0.0000,0.0000,0.0000,0.0000,0.0000,0.0000,0.0000,0.0000,0.0000,0.0000,0.0000,0.0000,0.0000,0.0000,0.0000,0.0000,0.0000,0.0000,0.0000,0.0000,0.0000,0.0000,0.0000,0.0000,0.0000,0.0000,0.0000,
7.6375,RLFSMStatePassive,0.0000,0.0000,0.0000,0.0005,0.7581,-0.0010,0.9981,0.0000,0.0623,0.0000,-0.1119,0.0001,-0.0001,-0.0631,0.0480,-0.0002,-0.1119,-0.0001,0.0001,-0.0631,0.0480,0.0001,0.0001,-0.0002,0.3167,0.0600,-0.0058,0.0000,0.0945,0.0001,0.0420,0.0000,0.0601,0.0059,-0.0000,0.0943,-0.0001,0.0470,-0.0000,0.0000,0.0000,0.0000,0.0000,0.0000,0.0000,0.0000,0.0000,0.0000,0.0000,0.0000,0.0000,0.0000,0.0000,0.0000,0.0000,0.0000,0.0000,0.0000,0.0000,0.0000,0.0000,0.0000,0.0000,0.0000,0.0000,0.0000,0.0000,0.0000,-0.6426,0.0007,0.0002,-0.3113,0.1930,-0.0005,-0.6422,0.0004,0.0009,-0.3129,0.1942,-0.0001,-0.0009,-0.0088,1.0414,0.0124,-0.0124,-0.0012,0.3218,0.0002,-0.6655,-0.0004,-0.0257,0.0132,0.0016,0.6201,-0.0002,-1.2963,0.0004,0.0000,0.0000,0.0000,0.0000,0.0000,0.0000,0.0000,0.0000,0.0000,0.0000,0.0000,0.0000,0.0000,0.0000,0.0000,0.0000,0.0000,0.0000,0.0000,0.0000,0.0000,0.0000,0.0000,0.0000,0.0000,0.0000,0.0000,0.0000,0.0000,
7.6576,RLFSMStatePassive,0.0000,0.0000,0.0000,0.0005,0.7581,-0.0010,0.9981,0.0000,0.0623,0.0000,-0.1119,0.0001,-0.0001,-0.0631,0.0480,-0.0002,-0.1119,-0.0001,0.0001,-0.0631,0.0480,0.0001,0.0001,-0.0002,0.3167,0.0600,-0.0058,0.0000,0.0945,0.0001,0.0420,0.0000,0.0601,0.0059,-0.0000,0.0943,-0.0001,0.0470,-0.0000,0.0000,0.0000,0.0000,0.0000,0.0000,0.0000,0.0000,0.0000,0.0000,0.0000,0.0000,0.0000,0.0000,0.0000,0.0000,0.0000,0.0000,0.0000,0.0000,0.0000,0.0000,0.0000,0.0000,0.0000,0.0000,0.0000,0.0000,0.0000,0.0000,-0.6426,0.0007,0.0002,-0.3113,0.1930,-0.0005,-0.6422,0.0004,0.0009,-0.3129,0.1942,-0.0001,-0.0009,-0.0088,1.0414,0.0124,-0.0124,-0.0012,0.3218,0.0002,-0.6655,-0.0004,-0.0257,0.0132,0.0016,0.6201,-0.0002,-1.2963,0.0004,0.0000,0.0000,0.0000,0.0000,0.0000,0.0000,0.0000,0.0000,0.0000,0.0000,0.0000,0.0000,0.0000,0.0000,0.0000,0.0000,0.0000,0.0000,0.0000,0.0000,0.0000,0.0000,0.0000,0.0000,0.0000,0.0000,0.0000,0.0000,0.0000,
7.6777,RLFSMStatePassive,0.0000,0.0000,0.0000,0.0005,0.7581,-0.0010,0.9981,0.0000,0.0623,0.0000,-0.1119,0.0001,-0.0001,-0.0631,0.0480,-0.0002,-0.1119,-0.0001,0.0001,-0.0631,0.0480,0.0001,0.0001,-0.0002,0.3167,0.0600,-0.0058,0.0000,0.0945,0.0001,0.0420,0.0000,0.0601,0.0059,-0.0000,0.0943,-0.0001,0.0470,-0.0000,0.0000,0.0000,0.0000,0.0000,0.0000,0.0000,0.0000,0.0000,0.0000,0.0000,0.0000,0.0000,0.0000,0.0000,0.0000,0.0000,0.0000,0.0000,0.0000,0.0000,0.0000,0.0000,0.0000,0.0000,0.0000,0.0000,0.0000,0.0000,0.0000,-0.6426,0.0007,0.0002,-0.3113,0.1930,-0.0005,-0.6422,0.0004,0.0009,-0.3129,0.1942,-0.0001,-0.0009,-0.0088,1.0414,0.0124,-0.0124,-0.0012,0.3218,0.0002,-0.6655,-0.0004,-0.0257,0.0132,0.0016,0.6201,-0.0002,-1.2963,0.0004,0.0000,0.0000,0.0000,0.0000,0.0000,0.0000,0.0000,0.0000,0.0000,0.0000,0.0000,0.0000,0.0000,0.0000,0.0000,0.0000,0.0000,0.0000,0.0000,0.0000,0.0000,0.0000,0.0000,0.0000,0.0000,0.0000,0.0000,0.0000,0.0000,
7.6979,RLFSMStatePassive,0.0000,0.0000,0.0000,0.0005,0.7581,-0.0010,0.9981,0.0000,0.0623,0.0000,-0.1119,0.0001,-0.0001,-0.0631,0.0480,-0.0002,-0.1119,-0.0001,0.0001,-0.0631,0.0480,0.0001,0.0001,-0.0002,0.3167,0.0600,-0.0058,0.0000,0.0945,0.0001,0.0420,0.0000,0.0601,0.0059,-0.0000,0.0943,-0.0001,0.0470,-0.0000,0.0000,0.0000,0.0000,0.0000,0.0000,0.0000,0.0000,0.0000,0.0000,0.0000,0.0000,0.0000,0.0000,0.0000,0.0000,0.0000,0.0000,0.0000,0.0000,0.0000,0.0000,0.0000,0.0000,0.0000,0.0000,0.0000,0.0000,0.0000,0.0000,-0.6426,0.0007,0.0002,-0.3113,0.1930,-0.0005,-0.6422,0.0004,0.0009,-0.3129,0.1942,-0.0001,-0.0009,-0.0088,1.0414,0.0124,-0.0124,-0.0012,0.3218,0.0002,-0.6655,-0.0004,-0.0257,0.0132,0.0016,0.6201,-0.0002,-1.2963,0.0004,0.0000,0.0000,0.0000,0.0000,0.0000,0.0000,0.0000,0.0000,0.0000,0.0000,0.0000,0.0000,0.0000,0.0000,0.0000,0.0000,0.0000,0.0000,0.0000,0.0000,0.0000,0.0000,0.0000,0.0000,0.0000,0.0000,0.0000,0.0000,0.0000,
7.7180,RLFSMStatePassive,0.0000,0.0000,0.0000,0.0005,0.7581,-0.0010,0.9981,0.0000,0.0623,0.0000,-0.1119,0.0001,-0.0001,-0.0631,0.0480,-0.0002,-0.1119,-0.0001,0.0001,-0.0631,0.0480,0.0001,0.0001,-0.0002,0.3167,0.0600,-0.0058,0.0000,0.0945,0.0001,0.0420,0.0000,0.0601,0.0059,-0.0000,0.0943,-0.0001,0.0470,-0.0000,0.0000,0.0000,0.0000,0.0000,0.0000,0.0000,0.0000,0.0000,0.0000,0.0000,0.0000,0.0000,0.0000,0.0000,0.0000,0.0000,0.0000,0.0000,0.0000,0.0000,0.0000,0.0000,0.0000,0.0000,0.0000,0.0000,0.0000,0.0000,0.0000,-0.6426,0.0007,0.0002,-0.3113,0.1930,-0.0005,-0.6422,0.0004,0.0009,-0.3129,0.1942,-0.0001,-0.0009,-0.0088,1.0414,0.0124,-0.0124,-0.0012,0.3218,0.0002,-0.6655,-0.0004,-0.0257,0.0132,0.0016,0.6201,-0.0002,-1.2963,0.0004,0.0000,0.0000,0.0000,0.0000,0.0000,0.0000,0.0000,0.0000,0.0000,0.0000,0.0000,0.0000,0.0000,0.0000,0.0000,0.0000,0.0000,0.0000,0.0000,0.0000,0.0000,0.0000,0.0000,0.0000,0.0000,0.0000,0.0000,0.0000,0.0000,
7.7382,RLFSMStatePassive,0.0000,0.0000,0.0000,0.0005,0.7581,-0.0010,0.9981,0.0000,0.0623,0.0000,-0.1119,0.0001,-0.0001,-0.0631,0.0480,-0.0002,-0.1119,-0.0001,0.0001,-0.0631,0.0480,0.0001,0.0001,-0.0002,0.3167,0.0600,-0.0058,0.0000,0.0945,0.0001,0.0420,0.0000,0.0601,0.0059,-0.0000,0.0943,-0.0001,0.0470,-0.0000,0.0000,0.0000,0.0000,0.0000,0.0000,0.0000,0.0000,0.0000,0.0000,0.0000,0.0000,0.0000,0.0000,0.0000,0.0000,0.0000,0.0000,0.0000,0.0000,0.0000,0.0000,0.0000,0.0000,0.0000,0.0000,0.0000,0.0000,0.0000,0.0000,-0.6426,0.0007,0.0002,-0.3113,0.1930,-0.0005,-0.6422,0.0004,0.0009,-0.3129,0.1942,-0.0001,-0.0009,-0.0088,1.0414,0.0124,-0.0124,-0.0012,0.3218,0.0002,-0.6655,-0.0004,-0.0257,0.0132,0.0016,0.6201,-0.0002,-1.2963,0.0004,0.0000,0.0000,0.0000,0.0000,0.0000,0.0000,0.0000,0.0000,0.0000,0.0000,0.0000,0.0000,0.0000,0.0000,0.0000,0.0000,0.0000,0.0000,0.0000,0.0000,0.0000,0.0000,0.0000,0.0000,0.0000,0.0000,0.0000,0.0000,0.0000,
7.7583,RLFSMStatePassive,0.0000,0.0000,0.0000,0.0005,0.7581,-0.0010,0.9981,0.0000,0.0623,0.0000,-0.1119,0.0001,-0.0001,-0.0631,0.0480,-0.0002,-0.1119,-0.0001,0.0001,-0.0631,0.0480,0.0001,0.0001,-0.0002,0.3167,0.0600,-0.0058,0.0000,0.0945,0.0001,0.0420,0.0000,0.0601,0.0059,-0.0000,0.0943,-0.0001,0.0470,-0.0000,0.0000,0.0000,0.0000,0.0000,0.0000,0.0000,0.0000,0.0000,0.0000,0.0000,0.0000,0.0000,0.0000,0.0000,0.0000,0.0000,0.0000,0.0000,0.0000,0.0000,0.0000,0.0000,0.0000,0.0000,0.0000,0.0000,0.0000,0.0000,0.0000,-0.6426,0.0007,0.0002,-0.3113,0.1930,-0.0005,-0.6422,0.0004,0.0009,-0.3129,0.1942,-0.0001,-0.0009,-0.0088,1.0414,0.0124,-0.0124,-0.0012,0.3218,0.0002,-0.6655,-0.0004,-0.0257,0.0132,0.0016,0.6201,-0.0002,-1.2963,0.0004,0.0000,0.0000,0.0000,0.0000,0.0000,0.0000,0.0000,0.0000,0.0000,0.0000,0.0000,0.0000,0.0000,0.0000,0.0000,0.0000,0.0000,0.0000,0.0000,0.0000,0.0000,0.0000,0.0000,0.0000,0.0000,0.0000,0.0000,0.0000,0.0000,
7.7785,RLFSMStatePassive,0.0000,0.0000,0.0000,0.0005,0.7581,-0.0010,0.9981,0.0000,0.0623,0.0000,-0.1119,0.0001,-0.0001,-0.0631,0.0480,-0.0002,-0.1119,-0.0001,0.0001,-0.0631,0.0480,0.0001,0.0001,-0.0002,0.3167,0.0600,-0.0058,0.0000,0.0945,0.0001,0.0420,0.0000,0.0601,0.0059,-0.0000,0.0943,-0.0001,0.0470,-0.0000,0.0000,0.0000,0.0000,0.0000,0.0000,0.0000,0.0000,0.0000,0.0000,0.0000,0.0000,0.0000,0.0000,0.0000,0.0000,0.0000,0.0000,0.0000,0.0000,0.0000,0.0000,0.0000,0.0000,0.0000,0.0000,0.0000,0.0000,0.0000,0.0000,-0.6426,0.0007,0.0002,-0.3113,0.1930,-0.0005,-0.6422,0.0004,0.0009,-0.3129,0.1942,-0.0001,-0.0009,-0.0088,1.0414,0.0124,-0.0124,-0.0012,0.3218,0.0002,-0.6655,-0.0004,-0.0257,0.0132,0.0016,0.6201,-0.0002,-1.2963,0.0004,0.0000,0.0000,0.0000,0.0000,0.0000,0.0000,0.0000,0.0000,0.0000,0.0000,0.0000,0.0000,0.0000,0.0000,0.0000,0.0000,0.0000,0.0000,0.0000,0.0000,0.0000,0.0000,0.0000,0.0000,0.0000,0.0000,0.0000,0.0000,0.0000,
7.7987,RLFSMStatePassive,0.0000,0.0000,0.0000,0.0005,0.7581,-0.0010,0.9981,0.0000,0.0623,0.0000,-0.1119,0.0001,-0.0001,-0.0631,0.0480,-0.0002,-0.1119,-0.0001,0.0001,-0.0631,0.0480,0.0001,0.0001,-0.0002,0.3167,0.0600,-0.0058,0.0000,0.0945,0.0001,0.0420,0.0000,0.0601,0.0059,-0.0000,0.0943,-0.0001,0.0470,-0.0000,0.0000,0.0000,0.0000,0.0000,0.0000,0.0000,0.0000,0.0000,0.0000,0.0000,0.0000,0.0000,0.0000,0.0000,0.0000,0.0000,0.0000,0.0000,0.0000,0.0000,0.0000,0.0000,0.0000,0.0000,0.0000,0.0000,0.0000,0.0000,0.0000,-0.6426,0.0007,0.0002,-0.3113,0.1930,-0.0005,-0.6422,0.0004,0.0009,-0.3129,0.1942,-0.0001,-0.0009,-0.0088,1.0414,0.0124,-0.0124,-0.0012,0.3218,0.0002,-0.6655,-0.0004,-0.0257,0.0132,0.0016,0.6201,-0.0002,-1.2963,0.0004,0.0000,0.0000,0.0000,0.0000,0.0000,0.0000,0.0000,0.0000,0.0000,0.0000,0.0000,0.0000,0.0000,0.0000,0.0000,0.0000,0.0000,0.0000,0.0000,0.0000,0.0000,0.0000,0.0000,0.0000,0.0000,0.0000,0.0000,0.0000,0.0000,
7.8190,RLFSMStatePassive,0.0000,0.0000,0.0000,0.0005,0.7581,-0.0010,0.9981,0.0000,0.0623,0.0000,-0.1119,0.0001,-0.0001,-0.0631,0.0480,-0.0002,-0.1119,-0.0001,0.0001,-0.0631,0.0480,0.0001,0.0001,-0.0002,0.3167,0.0600,-0.0058,0.0000,0.0945,0.0001,0.0420,0.0000,0.0601,0.0059,-0.0000,0.0943,-0.0001,0.0470,-0.0000,0.0000,0.0000,0.0000,0.0000,0.0000,0.0000,0.0000,0.0000,0.0000,0.0000,0.0000,0.0000,0.0000,0.0000,0.0000,0.0000,0.0000,0.0000,0.0000,0.0000,0.0000,0.0000,0.0000,0.0000,0.0000,0.0000,0.0000,0.0000,0.0000,-0.6426,0.0007,0.0002,-0.3113,0.1930,-0.0005,-0.6422,0.0004,0.0009,-0.3129,0.1942,-0.0001,-0.0009,-0.0088,1.0414,0.0124,-0.0124,-0.0012,0.3218,0.0002,-0.6655,-0.0004,-0.0257,0.0132,0.0016,0.6201,-0.0002,-1.2963,0.0004,0.0000,0.0000,0.0000,0.0000,0.0000,0.0000,0.0000,0.0000,0.0000,0.0000,0.0000,0.0000,0.0000,0.0000,0.0000,0.0000,0.0000,0.0000,0.0000,0.0000,0.0000,0.0000,0.0000,0.0000,0.0000,0.0000,0.0000,0.0000,0.0000,
7.8391,RLFSMStatePassive,0.0000,0.0000,0.0000,0.0005,0.7581,-0.0010,0.9981,0.0000,0.0623,0.0000,-0.1119,0.0001,-0.0001,-0.0631,0.0480,-0.0002,-0.1119,-0.0001,0.0001,-0.0631,0.0480,0.0001,0.0001,-0.0002,0.3167,0.0600,-0.0058,0.0000,0.0945,0.0001,0.0420,0.0000,0.0601,0.0059,-0.0000,0.0943,-0.0001,0.0470,-0.0000,0.0000,0.0000,0.0000,0.0000,0.0000,0.0000,0.0000,0.0000,0.0000,0.0000,0.0000,0.0000,0.0000,0.0000,0.0000,0.0000,0.0000,0.0000,0.0000,0.0000,0.0000,0.0000,0.0000,0.0000,0.0000,0.0000,0.0000,0.0000,0.0000,-0.6426,0.0007,0.0002,-0.3113,0.1930,-0.0005,-0.6422,0.0004,0.0009,-0.3129,0.1942,-0.0001,-0.0009,-0.0088,1.0414,0.0124,-0.0124,-0.0012,0.3218,0.0002,-0.6655,-0.0004,-0.0257,0.0132,0.0016,0.6201,-0.0002,-1.2963,0.0004,0.0000,0.0000,0.0000,0.0000,0.0000,0.0000,0.0000,0.0000,0.0000,0.0000,0.0000,0.0000,0.0000,0.0000,0.0000,0.0000,0.0000,0.0000,0.0000,0.0000,0.0000,0.0000,0.0000,0.0000,0.0000,0.0000,0.0000,0.0000,0.0000,
7.8593,RLFSMStatePassive,0.0000,0.0000,0.0000,0.0005,0.7581,-0.0010,0.9981,0.0000,0.0623,0.0000,-0.1119,0.0001,-0.0001,-0.0631,0.0480,-0.0002,-0.1119,-0.0001,0.0001,-0.0631,0.0480,0.0001,0.0001,-0.0002,0.3167,0.0600,-0.0058,0.0000,0.0945,0.0001,0.0420,0.0000,0.0601,0.0059,-0.0000,0.0943,-0.0001,0.0470,-0.0000,0.0000,0.0000,0.0000,0.0000,0.0000,0.0000,0.0000,0.0000,0.0000,0.0000,0.0000,0.0000,0.0000,0.0000,0.0000,0.0000,0.0000,0.0000,0.0000,0.0000,0.0000,0.0000,0.0000,0.0000,0.0000,0.0000,0.0000,0.0000,0.0000,-0.6426,0.0007,0.0002,-0.3113,0.1930,-0.0005,-0.6422,0.0004,0.0009,-0.3129,0.1942,-0.0001,-0.0009,-0.0088,1.0414,0.0124,-0.0124,-0.0012,0.3218,0.0002,-0.6655,-0.0004,-0.0257,0.0132,0.0016,0.6201,-0.0002,-1.2963,0.0004,0.0000,0.0000,0.0000,0.0000,0.0000,0.0000,0.0000,0.0000,0.0000,0.0000,0.0000,0.0000,0.0000,0.0000,0.0000,0.0000,0.0000,0.0000,0.0000,0.0000,0.0000,0.0000,0.0000,0.0000,0.0000,0.0000,0.0000,0.0000,0.0000,
7.8795,RLFSMStatePassive,0.0000,0.0000,0.0000,0.0005,0.7581,-0.0010,0.9981,0.0000,0.0623,0.0000,-0.1119,0.0001,-0.0001,-0.0631,0.0480,-0.0002,-0.1119,-0.0001,0.0001,-0.0631,0.0480,0.0001,0.0001,-0.0002,0.3167,0.0600,-0.0058,0.0000,0.0945,0.0001,0.0420,0.0000,0.0601,0.0059,-0.0000,0.0943,-0.0001,0.0470,-0.0000,0.0000,0.0000,0.0000,0.0000,0.0000,0.0000,0.0000,0.0000,0.0000,0.0000,0.0000,0.0000,0.0000,0.0000,0.0000,0.0000,0.0000,0.0000,0.0000,0.0000,0.0000,0.0000,0.0000,0.0000,0.0000,0.0000,0.0000,0.0000,0.0000,-0.6426,0.0007,0.0002,-0.3113,0.1930,-0.0005,-0.6422,0.0004,0.0009,-0.3129,0.1942,-0.0001,-0.0009,-0.0088,1.0414,0.0124,-0.0124,-0.0012,0.3218,0.0002,-0.6655,-0.0004,-0.0257,0.0132,0.0016,0.6201,-0.0002,-1.2963,0.0004,0.0000,0.0000,0.0000,0.0000,0.0000,0.0000,0.0000,0.0000,0.0000,0.0000,0.0000,0.0000,0.0000,0.0000,0.0000,0.0000,0.0000,0.0000,0.0000,0.0000,0.0000,0.0000,0.0000,0.0000,0.0000,0.0000,0.0000,0.0000,0.0000,
7.8998,RLFSMStatePassive,0.0000,0.0000,0.0000,0.0005,0.7581,-0.0010,0.9981,0.0000,0.0623,0.0000,-0.1119,0.0001,-0.0001,-0.0631,0.0480,-0.0002,-0.1119,-0.0001,0.0001,-0.0631,0.0480,0.0001,0.0001,-0.0002,0.3167,0.0600,-0.0058,0.0000,0.0945,0.0001,0.0420,0.0000,0.0601,0.0059,-0.0000,0.0943,-0.0001,0.0470,-0.0000,0.0000,0.0000,0.0000,0.0000,0.0000,0.0000,0.0000,0.0000,0.0000,0.0000,0.0000,0.0000,0.0000,0.0000,0.0000,0.0000,0.0000,0.0000,0.0000,0.0000,0.0000,0.0000,0.0000,0.0000,0.0000,0.0000,0.0000,0.0000,0.0000,-0.6426,0.0007,0.0002,-0.3113,0.1930,-0.0005,-0.6422,0.0004,0.0009,-0.3129,0.1942,-0.0001,-0.0009,-0.0088,1.0414,0.0124,-0.0124,-0.0012,0.3218,0.0002,-0.6655,-0.0004,-0.0257,0.0132,0.0016,0.6201,-0.0002,-1.2963,0.0004,0.0000,0.0000,0.0000,0.0000,0.0000,0.0000,0.0000,0.0000,0.0000,0.0000,0.0000,0.0000,0.0000,0.0000,0.0000,0.0000,0.0000,0.0000,0.0000,0.0000,0.0000,0.0000,0.0000,0.0000,0.0000,0.0000,0.0000,0.0000,0.0000,
7.9201,RLFSMStatePassive,0.0000,0.0000,0.0000,0.0005,0.7581,-0.0010,0.9981,0.0000,0.0623,0.0000,-0.1119,0.0001,-0.0001,-0.0631,0.0480,-0.0002,-0.1119,-0.0001,0.0001,-0.0631,0.0480,0.0001,0.0001,-0.0002,0.3167,0.0600,-0.0058,0.0000,0.0945,0.0001,0.0420,0.0000,0.0601,0.0059,-0.0000,0.0943,-0.0001,0.0470,-0.0000,0.0000,0.0000,0.0000,0.0000,0.0000,0.0000,0.0000,0.0000,0.0000,0.0000,0.0000,0.0000,0.0000,0.0000,0.0000,0.0000,0.0000,0.0000,0.0000,0.0000,0.0000,0.0000,0.0000,0.0000,0.0000,0.0000,0.0000,0.0000,0.0000,-0.6426,0.0007,0.0002,-0.3113,0.1930,-0.0005,-0.6422,0.0004,0.0009,-0.3129,0.1942,-0.0001,-0.0009,-0.0088,1.0414,0.0124,-0.0124,-0.0012,0.3218,0.0002,-0.6655,-0.0004,-0.0257,0.0132,0.0016,0.6201,-0.0002,-1.2963,0.0004,0.0000,0.0000,0.0000,0.0000,0.0000,0.0000,0.0000,0.0000,0.0000,0.0000,0.0000,0.0000,0.0000,0.0000,0.0000,0.0000,0.0000,0.0000,0.0000,0.0000,0.0000,0.0000,0.0000,0.0000,0.0000,0.0000,0.0000,0.0000,0.0000,
7.9403,RLFSMStatePassive,0.0000,0.0000,0.0000,0.0005,0.7581,-0.0010,0.9981,0.0000,0.0623,0.0000,-0.1119,0.0001,-0.0001,-0.0631,0.0480,-0.0002,-0.1119,-0.0001,0.0001,-0.0631,0.0480,0.0001,0.0001,-0.0002,0.3167,0.0600,-0.0058,0.0000,0.0945,0.0001,0.0420,0.0000,0.0601,0.0059,-0.0000,0.0943,-0.0001,0.0470,-0.0000,0.0000,0.0000,0.0000,0.0000,0.0000,0.0000,0.0000,0.0000,0.0000,0.0000,0.0000,0.0000,0.0000,0.0000,0.0000,0.0000,0.0000,0.0000,0.0000,0.0000,0.0000,0.0000,0.0000,0.0000,0.0000,0.0000,0.0000,0.0000,0.0000,-0.6426,0.0007,0.0002,-0.3113,0.1930,-0.0005,-0.6422,0.0004,0.0009,-0.3129,0.1942,-0.0001,-0.0009,-0.0088,1.0414,0.0124,-0.0124,-0.0012,0.3218,0.0002,-0.6655,-0.0004,-0.0257,0.0132,0.0016,0.6201,-0.0002,-1.2963,0.0004,0.0000,0.0000,0.0000,0.0000,0.0000,0.0000,0.0000,0.0000,0.0000,0.0000,0.0000,0.0000,0.0000,0.0000,0.0000,0.0000,0.0000,0.0000,0.0000,0.0000,0.0000,0.0000,0.0000,0.0000,0.0000,0.0000,0.0000,0.0000,0.0000,
7.9606,RLFSMStatePassive,0.0000,0.0000,0.0000,0.0005,0.7581,-0.0010,0.9981,0.0000,0.0623,0.0000,-0.1119,0.0001,-0.0001,-0.0631,0.0480,-0.0002,-0.1119,-0.0001,0.0001,-0.0631,0.0480,0.0001,0.0001,-0.0002,0.3167,0.0600,-0.0058,0.0000,0.0945,0.0001,0.0420,0.0000,0.0601,0.0059,-0.0000,0.0943,-0.0001,0.0470,-0.0000,0.0000,0.0000,0.0000,0.0000,0.0000,0.0000,0.0000,0.0000,0.0000,0.0000,0.0000,0.0000,0.0000,0.0000,0.0000,0.0000,0.0000,0.0000,0.0000,0.0000,0.0000,0.0000,0.0000,0.0000,0.0000,0.0000,0.0000,0.0000,0.0000,-0.6426,0.0007,0.0002,-0.3113,0.1930,-0.0005,-0.6422,0.0004,0.0009,-0.3129,0.1942,-0.0001,-0.0009,-0.0088,1.0414,0.0124,-0.0124,-0.0012,0.3218,0.0002,-0.6655,-0.0004,-0.0257,0.0132,0.0016,0.6201,-0.0002,-1.2963,0.0004,0.0000,0.0000,0.0000,0.0000,0.0000,0.0000,0.0000,0.0000,0.0000,0.0000,0.0000,0.0000,0.0000,0.0000,0.0000,0.0000,0.0000,0.0000,0.0000,0.0000,0.0000,0.0000,0.0000,0.0000,0.0000,0.0000,0.0000,0.0000,0.0000,
7.9808,RLFSMStatePassive,0.0000,0.0000,0.0000,0.0005,0.7581,-0.0010,0.9981,0.0000,0.0623,0.0000,-0.1119,0.0001,-0.0001,-0.0631,0.0480,-0.0002,-0.1119,-0.0001,0.0001,-0.0631,0.0480,0.0001,0.0001,-0.0002,0.3167,0.0600,-0.0058,0.0000,0.0945,0.0001,0.0420,0.0000,0.0601,0.0059,-0.0000,0.0943,-0.0001,0.0470,-0.0000,0.0000,0.0000,0.0000,0.0000,0.0000,0.0000,0.0000,0.0000,0.0000,0.0000,0.0000,0.0000,0.0000,0.0000,0.0000,0.0000,0.0000,0.0000,0.0000,0.0000,0.0000,0.0000,0.0000,0.0000,0.0000,0.0000,0.0000,0.0000,0.0000,-0.6426,0.0007,0.0002,-0.3113,0.1930,-0.0005,-0.6422,0.0004,0.0009,-0.3129,0.1942,-0.0001,-0.0009,-0.0088,1.0414,0.0124,-0.0124,-0.0012,0.3218,0.0002,-0.6655,-0.0004,-0.0257,0.0132,0.0016,0.6201,-0.0002,-1.2963,0.0004,0.0000,0.0000,0.0000,0.0000,0.0000,0.0000,0.0000,0.0000,0.0000,0.0000,0.0000,0.0000,0.0000,0.0000,0.0000,0.0000,0.0000,0.0000,0.0000,0.0000,0.0000,0.0000,0.0000,0.0000,0.0000,0.0000,0.0000,0.0000,0.0000,
8.0011,RLFSMStatePassive,0.0000,0.0000,0.0000,0.0005,0.7581,-0.0010,0.9981,0.0000,0.0623,0.0000,-0.1119,0.0001,-0.0001,-0.0631,0.0480,-0.0002,-0.1119,-0.0001,0.0001,-0.0631,0.0480,0.0001,0.0001,-0.0002,0.3167,0.0600,-0.0058,0.0000,0.0945,0.0001,0.0420,0.0000,0.0601,0.0059,-0.0000,0.0943,-0.0001,0.0470,-0.0000,0.0000,0.0000,0.0000,0.0000,0.0000,0.0000,0.0000,0.0000,0.0000,0.0000,0.0000,0.0000,0.0000,0.0000,0.0000,0.0000,0.0000,0.0000,0.0000,0.0000,0.0000,0.0000,0.0000,0.0000,0.0000,0.0000,0.0000,0.0000,0.0000,-0.6426,0.0007,0.0002,-0.3113,0.1930,-0.0005,-0.6422,0.0004,0.0009,-0.3129,0.1942,-0.0001,-0.0009,-0.0088,1.0414,0.0124,-0.0124,-0.0012,0.3218,0.0002,-0.6655,-0.0004,-0.0257,0.0132,0.0016,0.6201,-0.0002,-1.2963,0.0004,0.0000,0.0000,0.0000,0.0000,0.0000,0.0000,0.0000,0.0000,0.0000,0.0000,0.0000,0.0000,0.0000,0.0000,0.0000,0.0000,0.0000,0.0000,0.0000,0.0000,0.0000,0.0000,0.0000,0.0000,0.0000,0.0000,0.0000,0.0000,0.0000,
8.0214,RLFSMStatePassive,0.0000,0.0000,0.0000,0.0005,0.7581,-0.0010,0.9981,0.0000,0.0623,0.0000,-0.1119,0.0001,-0.0001,-0.0631,0.0480,-0.0002,-0.1119,-0.0001,0.0001,-0.0631,0.0480,0.0001,0.0001,-0.0002,0.3167,0.0600,-0.0058,0.0000,0.0945,0.0001,0.0420,0.0000,0.0601,0.0059,-0.0000,0.0943,-0.0001,0.0470,-0.0000,0.0000,0.0000,0.0000,0.0000,0.0000,0.0000,0.0000,0.0000,0.0000,0.0000,0.0000,0.0000,0.0000,0.0000,0.0000,0.0000,0.0000,0.0000,0.0000,0.0000,0.0000,0.0000,0.0000,0.0000,0.0000,0.0000,0.0000,0.0000,0.0000,-0.6426,0.0007,0.0002,-0.3113,0.1930,-0.0005,-0.6422,0.0004,0.0009,-0.3129,0.1942,-0.0001,-0.0009,-0.0088,1.0414,0.0124,-0.0124,-0.0012,0.3218,0.0002,-0.6655,-0.0004,-0.0257,0.0132,0.0016,0.6201,-0.0002,-1.2963,0.0004,0.0000,0.0000,0.0000,0.0000,0.0000,0.0000,0.0000,0.0000,0.0000,0.0000,0.0000,0.0000,0.0000,0.0000,0.0000,0.0000,0.0000,0.0000,0.0000,0.0000,0.0000,0.0000,0.0000,0.0000,0.0000,0.0000,0.0000,0.0000,0.0000,
8.0417,RLFSMStatePassive,0.0000,0.0000,0.0000,0.0005,0.7581,-0.0010,0.9981,0.0000,0.0623,0.0000,-0.1119,0.0001,-0.0001,-0.0631,0.0480,-0.0002,-0.1119,-0.0001,0.0001,-0.0631,0.0480,0.0001,0.0001,-0.0002,0.3167,0.0600,-0.0058,0.0000,0.0945,0.0001,0.0420,0.0000,0.0601,0.0059,-0.0000,0.0943,-0.0001,0.0470,-0.0000,0.0000,0.0000,0.0000,0.0000,0.0000,0.0000,0.0000,0.0000,0.0000,0.0000,0.0000,0.0000,0.0000,0.0000,0.0000,0.0000,0.0000,0.0000,0.0000,0.0000,0.0000,0.0000,0.0000,0.0000,0.0000,0.0000,0.0000,0.0000,0.0000,-0.6426,0.0007,0.0002,-0.3113,0.1930,-0.0005,-0.6422,0.0004,0.0009,-0.3129,0.1942,-0.0001,-0.0009,-0.0088,1.0414,0.0124,-0.0124,-0.0012,0.3218,0.0002,-0.6655,-0.0004,-0.0257,0.0132,0.0016,0.6201,-0.0002,-1.2963,0.0004,0.0000,0.0000,0.0000,0.0000,0.0000,0.0000,0.0000,0.0000,0.0000,0.0000,0.0000,0.0000,0.0000,0.0000,0.0000,0.0000,0.0000,0.0000,0.0000,0.0000,0.0000,0.0000,0.0000,0.0000,0.0000,0.0000,0.0000,0.0000,0.0000,
8.0619,RLFSMStatePassive,0.0000,0.0000,0.0000,0.0005,0.7581,-0.0010,0.9981,0.0000,0.0623,0.0000,-0.1119,0.0001,-0.0001,-0.0631,0.0480,-0.0002,-0.1119,-0.0001,0.0001,-0.0631,0.0480,0.0001,0.0001,-0.0002,0.3167,0.0600,-0.0058,0.0000,0.0945,0.0001,0.0420,0.0000,0.0601,0.0059,-0.0000,0.0943,-0.0001,0.0470,-0.0000,0.0000,0.0000,0.0000,0.0000,0.0000,0.0000,0.0000,0.0000,0.0000,0.0000,0.0000,0.0000,0.0000,0.0000,0.0000,0.0000,0.0000,0.0000,0.0000,0.0000,0.0000,0.0000,0.0000,0.0000,0.0000,0.0000,0.0000,0.0000,0.0000,-0.6426,0.0007,0.0002,-0.3113,0.1930,-0.0005,-0.6422,0.0004,0.0009,-0.3129,0.1942,-0.0001,-0.0009,-0.0088,1.0414,0.0124,-0.0124,-0.0012,0.3218,0.0002,-0.6655,-0.0004,-0.0257,0.0132,0.0016,0.6201,-0.0002,-1.2963,0.0004,0.0000,0.0000,0.0000,0.0000,0.0000,0.0000,0.0000,0.0000,0.0000,0.0000,0.0000,0.0000,0.0000,0.0000,0.0000,0.0000,0.0000,0.0000,0.0000,0.0000,0.0000,0.0000,0.0000,0.0000,0.0000,0.0000,0.0000,0.0000,0.0000,
8.0821,RLFSMStatePassive,0.0000,0.0000,0.0000,0.0005,0.7581,-0.0010,0.9981,0.0000,0.0623,0.0000,-0.1119,0.0001,-0.0001,-0.0631,0.0480,-0.0002,-0.1119,-0.0001,0.0001,-0.0631,0.0480,0.0001,0.0001,-0.0002,0.3167,0.0600,-0.0058,0.0000,0.0945,0.0001,0.0420,0.0000,0.0601,0.0059,-0.0000,0.0943,-0.0001,0.0470,-0.0000,0.0000,0.0000,0.0000,0.0000,0.0000,0.0000,0.0000,0.0000,0.0000,0.0000,0.0000,0.0000,0.0000,0.0000,0.0000,0.0000,0.0000,0.0000,0.0000,0.0000,0.0000,0.0000,0.0000,0.0000,0.0000,0.0000,0.0000,0.0000,0.0000,-0.6426,0.0007,0.0002,-0.3113,0.1930,-0.0005,-0.6422,0.0004,0.0009,-0.3129,0.1942,-0.0001,-0.0009,-0.0088,1.0414,0.0124,-0.0124,-0.0012,0.3218,0.0002,-0.6655,-0.0004,-0.0257,0.0132,0.0016,0.6201,-0.0002,-1.2963,0.0004,0.0000,0.0000,0.0000,0.0000,0.0000,0.0000,0.0000,0.0000,0.0000,0.0000,0.0000,0.0000,0.0000,0.0000,0.0000,0.0000,0.0000,0.0000,0.0000,0.0000,0.0000,0.0000,0.0000,0.0000,0.0000,0.0000,0.0000,0.0000,0.0000,
8.1023,RLFSMStatePassive,0.0000,0.0000,0.0000,0.0005,0.7581,-0.0010,0.9981,0.0000,0.0623,0.0000,-0.1119,0.0001,-0.0001,-0.0631,0.0480,-0.0002,-0.1119,-0.0001,0.0001,-0.0631,0.0480,0.0001,0.0001,-0.0002,0.3167,0.0600,-0.0058,0.0000,0.0945,0.0001,0.0420,0.0000,0.0601,0.0059,-0.0000,0.0943,-0.0001,0.0470,-0.0000,0.0000,0.0000,0.0000,0.0000,0.0000,0.0000,0.0000,0.0000,0.0000,0.0000,0.0000,0.0000,0.0000,0.0000,0.0000,0.0000,0.0000,0.0000,0.0000,0.0000,0.0000,0.0000,0.0000,0.0000,0.0000,0.0000,0.0000,0.0000,0.0000,-0.6426,0.0007,0.0002,-0.3113,0.1930,-0.0005,-0.6422,0.0004,0.0009,-0.3129,0.1942,-0.0001,-0.0009,-0.0088,1.0414,0.0124,-0.0124,-0.0012,0.3218,0.0002,-0.6655,-0.0004,-0.0257,0.0132,0.0016,0.6201,-0.0002,-1.2963,0.0004,0.0000,0.0000,0.0000,0.0000,0.0000,0.0000,0.0000,0.0000,0.0000,0.0000,0.0000,0.0000,0.0000,0.0000,0.0000,0.0000,0.0000,0.0000,0.0000,0.0000,0.0000,0.0000,0.0000,0.0000,0.0000,0.0000,0.0000,0.0000,0.0000,
8.1225,RLFSMStatePassive,0.0000,0.0000,0.0000,0.0005,0.7581,-0.0010,0.9981,0.0000,0.0623,0.0000,-0.1119,0.0001,-0.0001,-0.0631,0.0480,-0.0002,-0.1119,-0.0001,0.0001,-0.0631,0.0480,0.0001,0.0001,-0.0002,0.3167,0.0600,-0.0058,0.0000,0.0945,0.0001,0.0420,0.0000,0.0601,0.0059,-0.0000,0.0943,-0.0001,0.0470,-0.0000,0.0000,0.0000,0.0000,0.0000,0.0000,0.0000,0.0000,0.0000,0.0000,0.0000,0.0000,0.0000,0.0000,0.0000,0.0000,0.0000,0.0000,0.0000,0.0000,0.0000,0.0000,0.0000,0.0000,0.0000,0.0000,0.0000,0.0000,0.0000,0.0000,-0.6426,0.0007,0.0002,-0.3113,0.1930,-0.0005,-0.6422,0.0004,0.0009,-0.3129,0.1942,-0.0001,-0.0009,-0.0088,1.0414,0.0124,-0.0124,-0.0012,0.3218,0.0002,-0.6655,-0.0004,-0.0257,0.0132,0.0016,0.6201,-0.0002,-1.2963,0.0004,0.0000,0.0000,0.0000,0.0000,0.0000,0.0000,0.0000,0.0000,0.0000,0.0000,0.0000,0.0000,0.0000,0.0000,0.0000,0.0000,0.0000,0.0000,0.0000,0.0000,0.0000,0.0000,0.0000,0.0000,0.0000,0.0000,0.0000,0.0000,0.0000,
8.1427,RLFSMStatePassive,0.0000,0.0000,0.0000,0.0005,0.7581,-0.0010,0.9981,0.0000,0.0623,0.0000,-0.1119,0.0001,-0.0001,-0.0631,0.0480,-0.0002,-0.1119,-0.0001,0.0001,-0.0631,0.0480,0.0001,0.0001,-0.0002,0.3167,0.0600,-0.0058,0.0000,0.0945,0.0001,0.0420,0.0000,0.0601,0.0059,-0.0000,0.0943,-0.0001,0.0470,-0.0000,0.0000,0.0000,0.0000,0.0000,0.0000,0.0000,0.0000,0.0000,0.0000,0.0000,0.0000,0.0000,0.0000,0.0000,0.0000,0.0000,0.0000,0.0000,0.0000,0.0000,0.0000,0.0000,0.0000,0.0000,0.0000,0.0000,0.0000,0.0000,0.0000,-0.6426,0.0007,0.0002,-0.3113,0.1930,-0.0005,-0.6422,0.0004,0.0009,-0.3129,0.1942,-0.0001,-0.0009,-0.0088,1.0414,0.0124,-0.0124,-0.0012,0.3218,0.0002,-0.6655,-0.0004,-0.0257,0.0132,0.0016,0.6201,-0.0002,-1.2963,0.0004,0.0000,0.0000,0.0000,0.0000,0.0000,0.0000,0.0000,0.0000,0.0000,0.0000,0.0000,0.0000,0.0000,0.0000,0.0000,0.0000,0.0000,0.0000,0.0000,0.0000,0.0000,0.0000,0.0000,0.0000,0.0000,0.0000,0.0000,0.0000,0.0000,
8.1629,RLFSMStatePassive,0.0000,0.0000,0.0000,0.0005,0.7581,-0.0010,0.9981,0.0000,0.0623,0.0000,-0.1119,0.0001,-0.0001,-0.0631,0.0480,-0.0002,-0.1119,-0.0001,0.0001,-0.0631,0.0480,0.0001,0.0001,-0.0002,0.3167,0.0600,-0.0058,0.0000,0.0945,0.0001,0.0420,0.0000,0.0601,0.0059,-0.0000,0.0943,-0.0001,0.0470,-0.0000,0.0000,0.0000,0.0000,0.0000,0.0000,0.0000,0.0000,0.0000,0.0000,0.0000,0.0000,0.0000,0.0000,0.0000,0.0000,0.0000,0.0000,0.0000,0.0000,0.0000,0.0000,0.0000,0.0000,0.0000,0.0000,0.0000,0.0000,0.0000,0.0000,-0.6426,0.0007,0.0002,-0.3113,0.1930,-0.0005,-0.6422,0.0004,0.0009,-0.3129,0.1942,-0.0001,-0.0009,-0.0088,1.0414,0.0124,-0.0124,-0.0012,0.3218,0.0002,-0.6655,-0.0004,-0.0257,0.0132,0.0016,0.6201,-0.0002,-1.2963,0.0004,0.0000,0.0000,0.0000,0.0000,0.0000,0.0000,0.0000,0.0000,0.0000,0.0000,0.0000,0.0000,0.0000,0.0000,0.0000,0.0000,0.0000,0.0000,0.0000,0.0000,0.0000,0.0000,0.0000,0.0000,0.0000,0.0000,0.0000,0.0000,0.0000,
8.1831,RLFSMStatePassive,0.0000,0.0000,0.0000,0.0005,0.7581,-0.0010,0.9981,0.0000,0.0623,0.0000,-0.1119,0.0001,-0.0001,-0.0631,0.0480,-0.0002,-0.1119,-0.0001,0.0001,-0.0631,0.0480,0.0001,0.0001,-0.0002,0.3167,0.0600,-0.0058,0.0000,0.0945,0.0001,0.0420,0.0000,0.0601,0.0059,-0.0000,0.0943,-0.0001,0.0470,-0.0000,0.0000,0.0000,0.0000,0.0000,0.0000,0.0000,0.0000,0.0000,0.0000,0.0000,0.0000,0.0000,0.0000,0.0000,0.0000,0.0000,0.0000,0.0000,0.0000,0.0000,0.0000,0.0000,0.0000,0.0000,0.0000,0.0000,0.0000,0.0000,0.0000,-0.6426,0.0007,0.0002,-0.3113,0.1930,-0.0005,-0.6422,0.0004,0.0009,-0.3129,0.1942,-0.0001,-0.0009,-0.0088,1.0414,0.0124,-0.0124,-0.0012,0.3218,0.0002,-0.6655,-0.0004,-0.0257,0.0132,0.0016,0.6201,-0.0002,-1.2963,0.0004,0.0000,0.0000,0.0000,0.0000,0.0000,0.0000,0.0000,0.0000,0.0000,0.0000,0.0000,0.0000,0.0000,0.0000,0.0000,0.0000,0.0000,0.0000,0.0000,0.0000,0.0000,0.0000,0.0000,0.0000,0.0000,0.0000,0.0000,0.0000,0.0000,
8.2032,RLFSMStatePassive,0.0000,0.0000,0.0000,0.0005,0.7581,-0.0010,0.9981,0.0000,0.0623,0.0000,-0.1119,0.0001,-0.0001,-0.0631,0.0480,-0.0002,-0.1119,-0.0001,0.0001,-0.0631,0.0480,0.0001,0.0001,-0.0002,0.3167,0.0600,-0.0058,0.0000,0.0945,0.0001,0.0420,0.0000,0.0601,0.0059,-0.0000,0.0943,-0.0001,0.0470,-0.0000,0.0000,0.0000,0.0000,0.0000,0.0000,0.0000,0.0000,0.0000,0.0000,0.0000,0.0000,0.0000,0.0000,0.0000,0.0000,0.0000,0.0000,0.0000,0.0000,0.0000,0.0000,0.0000,0.0000,0.0000,0.0000,0.0000,0.0000,0.0000,0.0000,-0.6426,0.0007,0.0002,-0.3113,0.1930,-0.0005,-0.6422,0.0004,0.0009,-0.3129,0.1942,-0.0001,-0.0009,-0.0088,1.0414,0.0124,-0.0124,-0.0012,0.3218,0.0002,-0.6655,-0.0004,-0.0257,0.0132,0.0016,0.6201,-0.0002,-1.2963,0.0004,0.0000,0.0000,0.0000,0.0000,0.0000,0.0000,0.0000,0.0000,0.0000,0.0000,0.0000,0.0000,0.0000,0.0000,0.0000,0.0000,0.0000,0.0000,0.0000,0.0000,0.0000,0.0000,0.0000,0.0000,0.0000,0.0000,0.0000,0.0000,0.0000,
8.2233,RLFSMStatePassive,0.0000,0.0000,0.0000,0.0005,0.7581,-0.0010,0.9981,0.0000,0.0623,0.0000,-0.1119,0.0001,-0.0001,-0.0631,0.0480,-0.0002,-0.1119,-0.0001,0.0001,-0.0631,0.0480,0.0001,0.0001,-0.0002,0.3167,0.0600,-0.0058,0.0000,0.0945,0.0001,0.0420,0.0000,0.0601,0.0059,-0.0000,0.0943,-0.0001,0.0470,-0.0000,0.0000,0.0000,0.0000,0.0000,0.0000,0.0000,0.0000,0.0000,0.0000,0.0000,0.0000,0.0000,0.0000,0.0000,0.0000,0.0000,0.0000,0.0000,0.0000,0.0000,0.0000,0.0000,0.0000,0.0000,0.0000,0.0000,0.0000,0.0000,0.0000,-0.6426,0.0007,0.0002,-0.3113,0.1930,-0.0005,-0.6422,0.0004,0.0009,-0.3129,0.1942,-0.0001,-0.0009,-0.0088,1.0414,0.0124,-0.0124,-0.0012,0.3218,0.0002,-0.6655,-0.0004,-0.0257,0.0132,0.0016,0.6201,-0.0002,-1.2963,0.0004,0.0000,0.0000,0.0000,0.0000,0.0000,0.0000,0.0000,0.0000,0.0000,0.0000,0.0000,0.0000,0.0000,0.0000,0.0000,0.0000,0.0000,0.0000,0.0000,0.0000,0.0000,0.0000,0.0000,0.0000,0.0000,0.0000,0.0000,0.0000,0.0000,
8.2435,RLFSMStatePassive,0.0000,0.0000,0.0000,0.0005,0.7581,-0.0010,0.9981,0.0000,0.0623,0.0000,-0.1119,0.0001,-0.0001,-0.0631,0.0480,-0.0002,-0.1119,-0.0001,0.0001,-0.0631,0.0480,0.0001,0.0001,-0.0002,0.3167,0.0600,-0.0058,0.0000,0.0945,0.0001,0.0420,0.0000,0.0601,0.0059,-0.0000,0.0943,-0.0001,0.0470,-0.0000,0.0000,0.0000,0.0000,0.0000,0.0000,0.0000,0.0000,0.0000,0.0000,0.0000,0.0000,0.0000,0.0000,0.0000,0.0000,0.0000,0.0000,0.0000,0.0000,0.0000,0.0000,0.0000,0.0000,0.0000,0.0000,0.0000,0.0000,0.0000,0.0000,-0.6426,0.0007,0.0002,-0.3113,0.1930,-0.0005,-0.6422,0.0004,0.0009,-0.3129,0.1942,-0.0001,-0.0009,-0.0088,1.0414,0.0124,-0.0124,-0.0012,0.3218,0.0002,-0.6655,-0.0004,-0.0257,0.0132,0.0016,0.6201,-0.0002,-1.2963,0.0004,0.0000,0.0000,0.0000,0.0000,0.0000,0.0000,0.0000,0.0000,0.0000,0.0000,0.0000,0.0000,0.0000,0.0000,0.0000,0.0000,0.0000,0.0000,0.0000,0.0000,0.0000,0.0000,0.0000,0.0000,0.0000,0.0000,0.0000,0.0000,0.0000,
8.2637,RLFSMStatePassive,0.0000,0.0000,0.0000,0.0005,0.7581,-0.0010,0.9981,0.0000,0.0623,0.0000,-0.1119,0.0001,-0.0001,-0.0631,0.0480,-0.0002,-0.1119,-0.0001,0.0001,-0.0631,0.0480,0.0001,0.0001,-0.0002,0.3167,0.0600,-0.0058,0.0000,0.0945,0.0001,0.0420,0.0000,0.0601,0.0059,-0.0000,0.0943,-0.0001,0.0470,-0.0000,0.0000,0.0000,0.0000,0.0000,0.0000,0.0000,0.0000,0.0000,0.0000,0.0000,0.0000,0.0000,0.0000,0.0000,0.0000,0.0000,0.0000,0.0000,0.0000,0.0000,0.0000,0.0000,0.0000,0.0000,0.0000,0.0000,0.0000,0.0000,0.0000,-0.6426,0.0007,0.0002,-0.3113,0.1930,-0.0005,-0.6422,0.0004,0.0009,-0.3129,0.1942,-0.0001,-0.0009,-0.0088,1.0414,0.0124,-0.0124,-0.0012,0.3218,0.0002,-0.6655,-0.0004,-0.0257,0.0132,0.0016,0.6201,-0.0002,-1.2963,0.0004,0.0000,0.0000,0.0000,0.0000,0.0000,0.0000,0.0000,0.0000,0.0000,0.0000,0.0000,0.0000,0.0000,0.0000,0.0000,0.0000,0.0000,0.0000,0.0000,0.0000,0.0000,0.0000,0.0000,0.0000,0.0000,0.0000,0.0000,0.0000,0.0000,
8.2839,RLFSMStatePassive,0.0000,0.0000,0.0000,0.0005,0.7581,-0.0010,0.9981,0.0000,0.0623,0.0000,-0.1119,0.0001,-0.0001,-0.0631,0.0480,-0.0002,-0.1119,-0.0001,0.0001,-0.0631,0.0480,0.0001,0.0001,-0.0002,0.3167,0.0600,-0.0058,0.0000,0.0945,0.0001,0.0420,0.0000,0.0601,0.0059,-0.0000,0.0943,-0.0001,0.0470,-0.0000,0.0000,0.0000,0.0000,0.0000,0.0000,0.0000,0.0000,0.0000,0.0000,0.0000,0.0000,0.0000,0.0000,0.0000,0.0000,0.0000,0.0000,0.0000,0.0000,0.0000,0.0000,0.0000,0.0000,0.0000,0.0000,0.0000,0.0000,0.0000,0.0000,-0.6426,0.0007,0.0002,-0.3113,0.1930,-0.0005,-0.6422,0.0004,0.0009,-0.3129,0.1942,-0.0001,-0.0009,-0.0088,1.0414,0.0124,-0.0124,-0.0012,0.3218,0.0002,-0.6655,-0.0004,-0.0257,0.0132,0.0016,0.6201,-0.0002,-1.2963,0.0004,0.0000,0.0000,0.0000,0.0000,0.0000,0.0000,0.0000,0.0000,0.0000,0.0000,0.0000,0.0000,0.0000,0.0000,0.0000,0.0000,0.0000,0.0000,0.0000,0.0000,0.0000,0.0000,0.0000,0.0000,0.0000,0.0000,0.0000,0.0000,0.0000,
8.3040,RLFSMStatePassive,0.0000,0.0000,0.0000,0.0005,0.7581,-0.0010,0.9981,0.0000,0.0623,0.0000,-0.1119,0.0001,-0.0001,-0.0631,0.0480,-0.0002,-0.1119,-0.0001,0.0001,-0.0631,0.0480,0.0001,0.0001,-0.0002,0.3167,0.0600,-0.0058,0.0000,0.0945,0.0001,0.0420,0.0000,0.0601,0.0059,-0.0000,0.0943,-0.0001,0.0470,-0.0000,0.0000,0.0000,0.0000,0.0000,0.0000,0.0000,0.0000,0.0000,0.0000,0.0000,0.0000,0.0000,0.0000,0.0000,0.0000,0.0000,0.0000,0.0000,0.0000,0.0000,0.0000,0.0000,0.0000,0.0000,0.0000,0.0000,0.0000,0.0000,0.0000,-0.6426,0.0007,0.0002,-0.3113,0.1930,-0.0005,-0.6422,0.0004,0.0009,-0.3129,0.1942,-0.0001,-0.0009,-0.0088,1.0414,0.0124,-0.0124,-0.0012,0.3218,0.0002,-0.6655,-0.0004,-0.0257,0.0132,0.0016,0.6201,-0.0002,-1.2963,0.0004,0.0000,0.0000,0.0000,0.0000,0.0000,0.0000,0.0000,0.0000,0.0000,0.0000,0.0000,0.0000,0.0000,0.0000,0.0000,0.0000,0.0000,0.0000,0.0000,0.0000,0.0000,0.0000,0.0000,0.0000,0.0000,0.0000,0.0000,0.0000,0.0000,
8.3242,RLFSMStatePassive,0.0000,0.0000,0.0000,0.0005,0.7581,-0.0010,0.9981,0.0000,0.0623,0.0000,-0.1119,0.0001,-0.0001,-0.0631,0.0480,-0.0002,-0.1119,-0.0001,0.0001,-0.0631,0.0480,0.0001,0.0001,-0.0002,0.3167,0.0600,-0.0058,0.0000,0.0945,0.0001,0.0420,0.0000,0.0601,0.0059,-0.0000,0.0943,-0.0001,0.0470,-0.0000,0.0000,0.0000,0.0000,0.0000,0.0000,0.0000,0.0000,0.0000,0.0000,0.0000,0.0000,0.0000,0.0000,0.0000,0.0000,0.0000,0.0000,0.0000,0.0000,0.0000,0.0000,0.0000,0.0000,0.0000,0.0000,0.0000,0.0000,0.0000,0.0000,-0.6426,0.0007,0.0002,-0.3113,0.1930,-0.0005,-0.6422,0.0004,0.0009,-0.3129,0.1942,-0.0001,-0.0009,-0.0088,1.0414,0.0124,-0.0124,-0.0012,0.3218,0.0002,-0.6655,-0.0004,-0.0257,0.0132,0.0016,0.6201,-0.0002,-1.2963,0.0004,0.0000,0.0000,0.0000,0.0000,0.0000,0.0000,0.0000,0.0000,0.0000,0.0000,0.0000,0.0000,0.0000,0.0000,0.0000,0.0000,0.0000,0.0000,0.0000,0.0000,0.0000,0.0000,0.0000,0.0000,0.0000,0.0000,0.0000,0.0000,0.0000,
8.3443,RLFSMStatePassive,0.0000,0.0000,0.0000,0.0005,0.7581,-0.0010,0.9981,0.0000,0.0623,0.0000,-0.1119,0.0001,-0.0001,-0.0631,0.0480,-0.0002,-0.1119,-0.0001,0.0001,-0.0631,0.0480,0.0001,0.0001,-0.0002,0.3167,0.0600,-0.0058,0.0000,0.0945,0.0001,0.0420,0.0000,0.0601,0.0059,-0.0000,0.0943,-0.0001,0.0470,-0.0000,0.0000,0.0000,0.0000,0.0000,0.0000,0.0000,0.0000,0.0000,0.0000,0.0000,0.0000,0.0000,0.0000,0.0000,0.0000,0.0000,0.0000,0.0000,0.0000,0.0000,0.0000,0.0000,0.0000,0.0000,0.0000,0.0000,0.0000,0.0000,0.0000,-0.6426,0.0007,0.0002,-0.3113,0.1930,-0.0005,-0.6422,0.0004,0.0009,-0.3129,0.1942,-0.0001,-0.0009,-0.0088,1.0414,0.0124,-0.0124,-0.0012,0.3218,0.0002,-0.6655,-0.0004,-0.0257,0.0132,0.0016,0.6201,-0.0002,-1.2963,0.0004,0.0000,0.0000,0.0000,0.0000,0.0000,0.0000,0.0000,0.0000,0.0000,0.0000,0.0000,0.0000,0.0000,0.0000,0.0000,0.0000,0.0000,0.0000,0.0000,0.0000,0.0000,0.0000,0.0000,0.0000,0.0000,0.0000,0.0000,0.0000,0.0000,
8.3646,RLFSMStatePassive,0.0000,0.0000,0.0000,0.0005,0.7581,-0.0010,0.9981,0.0000,0.0623,0.0000,-0.1119,0.0001,-0.0001,-0.0631,0.0480,-0.0002,-0.1119,-0.0001,0.0001,-0.0631,0.0480,0.0001,0.0001,-0.0002,0.3167,0.0600,-0.0058,0.0000,0.0945,0.0001,0.0420,0.0000,0.0601,0.0059,-0.0000,0.0943,-0.0001,0.0470,-0.0000,0.0000,0.0000,0.0000,0.0000,0.0000,0.0000,0.0000,0.0000,0.0000,0.0000,0.0000,0.0000,0.0000,0.0000,0.0000,0.0000,0.0000,0.0000,0.0000,0.0000,0.0000,0.0000,0.0000,0.0000,0.0000,0.0000,0.0000,0.0000,0.0000,-0.6426,0.0007,0.0002,-0.3113,0.1930,-0.0005,-0.6422,0.0004,0.0009,-0.3129,0.1942,-0.0001,-0.0009,-0.0088,1.0414,0.0124,-0.0124,-0.0012,0.3218,0.0002,-0.6655,-0.0004,-0.0257,0.0132,0.0016,0.6201,-0.0002,-1.2963,0.0004,0.0000,0.0000,0.0000,0.0000,0.0000,0.0000,0.0000,0.0000,0.0000,0.0000,0.0000,0.0000,0.0000,0.0000,0.0000,0.0000,0.0000,0.0000,0.0000,0.0000,0.0000,0.0000,0.0000,0.0000,0.0000,0.0000,0.0000,0.0000,0.0000,
8.3848,RLFSMStatePassive,0.0000,0.0000,0.0000,0.0005,0.7581,-0.0010,0.9981,0.0000,0.0623,0.0000,-0.1119,0.0001,-0.0001,-0.0631,0.0480,-0.0002,-0.1119,-0.0001,0.0001,-0.0631,0.0480,0.0001,0.0001,-0.0002,0.3167,0.0600,-0.0058,0.0000,0.0945,0.0001,0.0420,0.0000,0.0601,0.0059,-0.0000,0.0943,-0.0001,0.0470,-0.0000,0.0000,0.0000,0.0000,0.0000,0.0000,0.0000,0.0000,0.0000,0.0000,0.0000,0.0000,0.0000,0.0000,0.0000,0.0000,0.0000,0.0000,0.0000,0.0000,0.0000,0.0000,0.0000,0.0000,0.0000,0.0000,0.0000,0.0000,0.0000,0.0000,-0.6426,0.0007,0.0002,-0.3113,0.1930,-0.0005,-0.6422,0.0004,0.0009,-0.3129,0.1942,-0.0001,-0.0009,-0.0088,1.0414,0.0124,-0.0124,-0.0012,0.3218,0.0002,-0.6655,-0.0004,-0.0257,0.0132,0.0016,0.6201,-0.0002,-1.2963,0.0004,0.0000,0.0000,0.0000,0.0000,0.0000,0.0000,0.0000,0.0000,0.0000,0.0000,0.0000,0.0000,0.0000,0.0000,0.0000,0.0000,0.0000,0.0000,0.0000,0.0000,0.0000,0.0000,0.0000,0.0000,0.0000,0.0000,0.0000,0.0000,0.0000,
8.4050,RLFSMStatePassive,0.0000,0.0000,0.0000,0.0005,0.7581,-0.0010,0.9981,0.0000,0.0623,0.0000,-0.1119,0.0001,-0.0001,-0.0631,0.0480,-0.0002,-0.1119,-0.0001,0.0001,-0.0631,0.0480,0.0001,0.0001,-0.0002,0.3167,0.0600,-0.0058,0.0000,0.0945,0.0001,0.0420,0.0000,0.0601,0.0059,-0.0000,0.0943,-0.0001,0.0470,-0.0000,0.0000,0.0000,0.0000,0.0000,0.0000,0.0000,0.0000,0.0000,0.0000,0.0000,0.0000,0.0000,0.0000,0.0000,0.0000,0.0000,0.0000,0.0000,0.0000,0.0000,0.0000,0.0000,0.0000,0.0000,0.0000,0.0000,0.0000,0.0000,0.0000,-0.6426,0.0007,0.0002,-0.3113,0.1930,-0.0005,-0.6422,0.0004,0.0009,-0.3129,0.1942,-0.0001,-0.0009,-0.0088,1.0414,0.0124,-0.0124,-0.0012,0.3218,0.0002,-0.6655,-0.0004,-0.0257,0.0132,0.0016,0.6201,-0.0002,-1.2963,0.0004,0.0000,0.0000,0.0000,0.0000,0.0000,0.0000,0.0000,0.0000,0.0000,0.0000,0.0000,0.0000,0.0000,0.0000,0.0000,0.0000,0.0000,0.0000,0.0000,0.0000,0.0000,0.0000,0.0000,0.0000,0.0000,0.0000,0.0000,0.0000,0.0000,
8.4253,RLFSMStatePassive,0.0000,0.0000,0.0000,0.0005,0.7581,-0.0010,0.9981,0.0000,0.0623,0.0000,-0.1119,0.0001,-0.0001,-0.0631,0.0480,-0.0002,-0.1119,-0.0001,0.0001,-0.0631,0.0480,0.0001,0.0001,-0.0002,0.3167,0.0600,-0.0058,0.0000,0.0945,0.0001,0.0420,0.0000,0.0601,0.0059,-0.0000,0.0943,-0.0001,0.0470,-0.0000,0.0000,0.0000,0.0000,0.0000,0.0000,0.0000,0.0000,0.0000,0.0000,0.0000,0.0000,0.0000,0.0000,0.0000,0.0000,0.0000,0.0000,0.0000,0.0000,0.0000,0.0000,0.0000,0.0000,0.0000,0.0000,0.0000,0.0000,0.0000,0.0000,-0.6426,0.0007,0.0002,-0.3113,0.1930,-0.0005,-0.6422,0.0004,0.0009,-0.3129,0.1942,-0.0001,-0.0009,-0.0088,1.0414,0.0124,-0.0124,-0.0012,0.3218,0.0002,-0.6655,-0.0004,-0.0257,0.0132,0.0016,0.6201,-0.0002,-1.2963,0.0004,0.0000,0.0000,0.0000,0.0000,0.0000,0.0000,0.0000,0.0000,0.0000,0.0000,0.0000,0.0000,0.0000,0.0000,0.0000,0.0000,0.0000,0.0000,0.0000,0.0000,0.0000,0.0000,0.0000,0.0000,0.0000,0.0000,0.0000,0.0000,0.0000,
8.4456,RLFSMStatePassive,0.0000,0.0000,0.0000,0.0005,0.7581,-0.0010,0.9981,0.0000,0.0623,0.0000,-0.1119,0.0001,-0.0001,-0.0631,0.0480,-0.0002,-0.1119,-0.0001,0.0001,-0.0631,0.0480,0.0001,0.0001,-0.0002,0.3167,0.0600,-0.0058,0.0000,0.0945,0.0001,0.0420,0.0000,0.0601,0.0059,-0.0000,0.0943,-0.0001,0.0470,-0.0000,0.0000,0.0000,0.0000,0.0000,0.0000,0.0000,0.0000,0.0000,0.0000,0.0000,0.0000,0.0000,0.0000,0.0000,0.0000,0.0000,0.0000,0.0000,0.0000,0.0000,0.0000,0.0000,0.0000,0.0000,0.0000,0.0000,0.0000,0.0000,0.0000,-0.6426,0.0007,0.0002,-0.3113,0.1930,-0.0005,-0.6422,0.0004,0.0009,-0.3129,0.1942,-0.0001,-0.0009,-0.0088,1.0414,0.0124,-0.0124,-0.0012,0.3218,0.0002,-0.6655,-0.0004,-0.0257,0.0132,0.0016,0.6201,-0.0002,-1.2963,0.0004,0.0000,0.0000,0.0000,0.0000,0.0000,0.0000,0.0000,0.0000,0.0000,0.0000,0.0000,0.0000,0.0000,0.0000,0.0000,0.0000,0.0000,0.0000,0.0000,0.0000,0.0000,0.0000,0.0000,0.0000,0.0000,0.0000,0.0000,0.0000,0.0000,
8.4658,RLFSMStatePassive,0.0000,0.0000,0.0000,0.0005,0.7581,-0.0010,0.9981,0.0000,0.0623,0.0000,-0.1119,0.0001,-0.0001,-0.0631,0.0480,-0.0002,-0.1119,-0.0001,0.0001,-0.0631,0.0480,0.0001,0.0001,-0.0002,0.3167,0.0600,-0.0058,0.0000,0.0945,0.0001,0.0420,0.0000,0.0601,0.0059,-0.0000,0.0943,-0.0001,0.0470,-0.0000,0.0000,0.0000,0.0000,0.0000,0.0000,0.0000,0.0000,0.0000,0.0000,0.0000,0.0000,0.0000,0.0000,0.0000,0.0000,0.0000,0.0000,0.0000,0.0000,0.0000,0.0000,0.0000,0.0000,0.0000,0.0000,0.0000,0.0000,0.0000,0.0000,-0.6426,0.0007,0.0002,-0.3113,0.1930,-0.0005,-0.6422,0.0004,0.0009,-0.3129,0.1942,-0.0001,-0.0009,-0.0088,1.0414,0.0124,-0.0124,-0.0012,0.3218,0.0002,-0.6655,-0.0004,-0.0257,0.0132,0.0016,0.6201,-0.0002,-1.2963,0.0004,0.0000,0.0000,0.0000,0.0000,0.0000,0.0000,0.0000,0.0000,0.0000,0.0000,0.0000,0.0000,0.0000,0.0000,0.0000,0.0000,0.0000,0.0000,0.0000,0.0000,0.0000,0.0000,0.0000,0.0000,0.0000,0.0000,0.0000,0.0000,0.0000,
8.4859,RLFSMStatePassive,0.0000,0.0000,0.0000,0.0005,0.7581,-0.0010,0.9981,0.0000,0.0623,0.0000,-0.1119,0.0001,-0.0001,-0.0631,0.0480,-0.0002,-0.1119,-0.0001,0.0001,-0.0631,0.0480,0.0001,0.0001,-0.0002,0.3167,0.0600,-0.0058,0.0000,0.0945,0.0001,0.0420,0.0000,0.0601,0.0059,-0.0000,0.0943,-0.0001,0.0470,-0.0000,0.0000,0.0000,0.0000,0.0000,0.0000,0.0000,0.0000,0.0000,0.0000,0.0000,0.0000,0.0000,0.0000,0.0000,0.0000,0.0000,0.0000,0.0000,0.0000,0.0000,0.0000,0.0000,0.0000,0.0000,0.0000,0.0000,0.0000,0.0000,0.0000,-0.6426,0.0007,0.0002,-0.3113,0.1930,-0.0005,-0.6422,0.0004,0.0009,-0.3129,0.1942,-0.0001,-0.0009,-0.0088,1.0414,0.0124,-0.0124,-0.0012,0.3218,0.0002,-0.6655,-0.0004,-0.0257,0.0132,0.0016,0.6201,-0.0002,-1.2963,0.0004,0.0000,0.0000,0.0000,0.0000,0.0000,0.0000,0.0000,0.0000,0.0000,0.0000,0.0000,0.0000,0.0000,0.0000,0.0000,0.0000,0.0000,0.0000,0.0000,0.0000,0.0000,0.0000,0.0000,0.0000,0.0000,0.0000,0.0000,0.0000,0.0000,
8.5061,RLFSMStatePassive,0.0000,0.0000,0.0000,0.0005,0.7581,-0.0010,0.9981,0.0000,0.0623,0.0000,-0.1119,0.0001,-0.0001,-0.0631,0.0480,-0.0002,-0.1119,-0.0001,0.0001,-0.0631,0.0480,0.0001,0.0001,-0.0002,0.3167,0.0600,-0.0058,0.0000,0.0945,0.0001,0.0420,0.0000,0.0601,0.0059,-0.0000,0.0943,-0.0001,0.0470,-0.0000,0.0000,0.0000,0.0000,0.0000,0.0000,0.0000,0.0000,0.0000,0.0000,0.0000,0.0000,0.0000,0.0000,0.0000,0.0000,0.0000,0.0000,0.0000,0.0000,0.0000,0.0000,0.0000,0.0000,0.0000,0.0000,0.0000,0.0000,0.0000,0.0000,-0.6426,0.0007,0.0002,-0.3113,0.1930,-0.0005,-0.6422,0.0004,0.0009,-0.3129,0.1942,-0.0001,-0.0009,-0.0088,1.0414,0.0124,-0.0124,-0.0012,0.3218,0.0002,-0.6655,-0.0004,-0.0257,0.0132,0.0016,0.6201,-0.0002,-1.2963,0.0004,0.0000,0.0000,0.0000,0.0000,0.0000,0.0000,0.0000,0.0000,0.0000,0.0000,0.0000,0.0000,0.0000,0.0000,0.0000,0.0000,0.0000,0.0000,0.0000,0.0000,0.0000,0.0000,0.0000,0.0000,0.0000,0.0000,0.0000,0.0000,0.0000,
8.5262,RLFSMStatePassive,0.0000,0.0000,0.0000,0.0005,0.7581,-0.0010,0.9981,0.0000,0.0623,0.0000,-0.1119,0.0001,-0.0001,-0.0631,0.0480,-0.0002,-0.1119,-0.0001,0.0001,-0.0631,0.0480,0.0001,0.0001,-0.0002,0.3167,0.0600,-0.0058,0.0000,0.0945,0.0001,0.0420,0.0000,0.0601,0.0059,-0.0000,0.0943,-0.0001,0.0470,-0.0000,0.0000,0.0000,0.0000,0.0000,0.0000,0.0000,0.0000,0.0000,0.0000,0.0000,0.0000,0.0000,0.0000,0.0000,0.0000,0.0000,0.0000,0.0000,0.0000,0.0000,0.0000,0.0000,0.0000,0.0000,0.0000,0.0000,0.0000,0.0000,0.0000,-0.6426,0.0007,0.0002,-0.3113,0.1930,-0.0005,-0.6422,0.0004,0.0009,-0.3129,0.1942,-0.0001,-0.0009,-0.0088,1.0414,0.0124,-0.0124,-0.0012,0.3218,0.0002,-0.6655,-0.0004,-0.0257,0.0132,0.0016,0.6201,-0.0002,-1.2963,0.0004,0.0000,0.0000,0.0000,0.0000,0.0000,0.0000,0.0000,0.0000,0.0000,0.0000,0.0000,0.0000,0.0000,0.0000,0.0000,0.0000,0.0000,0.0000,0.0000,0.0000,0.0000,0.0000,0.0000,0.0000,0.0000,0.0000,0.0000,0.0000,0.0000,
8.5464,RLFSMStatePassive,0.0000,0.0000,0.0000,0.0005,0.7581,-0.0010,0.9981,0.0000,0.0623,0.0000,-0.1119,0.0001,-0.0001,-0.0631,0.0480,-0.0002,-0.1119,-0.0001,0.0001,-0.0631,0.0480,0.0001,0.0001,-0.0002,0.3167,0.0600,-0.0058,0.0000,0.0945,0.0001,0.0420,0.0000,0.0601,0.0059,-0.0000,0.0943,-0.0001,0.0470,-0.0000,0.0000,0.0000,0.0000,0.0000,0.0000,0.0000,0.0000,0.0000,0.0000,0.0000,0.0000,0.0000,0.0000,0.0000,0.0000,0.0000,0.0000,0.0000,0.0000,0.0000,0.0000,0.0000,0.0000,0.0000,0.0000,0.0000,0.0000,0.0000,0.0000,-0.6426,0.0007,0.0002,-0.3113,0.1930,-0.0005,-0.6422,0.0004,0.0009,-0.3129,0.1942,-0.0001,-0.0009,-0.0088,1.0414,0.0124,-0.0124,-0.0012,0.3218,0.0002,-0.6655,-0.0004,-0.0257,0.0132,0.0016,0.6201,-0.0002,-1.2963,0.0004,0.0000,0.0000,0.0000,0.0000,0.0000,0.0000,0.0000,0.0000,0.0000,0.0000,0.0000,0.0000,0.0000,0.0000,0.0000,0.0000,0.0000,0.0000,0.0000,0.0000,0.0000,0.0000,0.0000,0.0000,0.0000,0.0000,0.0000,0.0000,0.0000,
8.5666,RLFSMStatePassive,0.0000,0.0000,0.0000,0.0005,0.7581,-0.0010,0.9981,0.0000,0.0623,0.0000,-0.1119,0.0001,-0.0001,-0.0631,0.0480,-0.0002,-0.1119,-0.0001,0.0001,-0.0631,0.0480,0.0001,0.0001,-0.0002,0.3167,0.0600,-0.0058,0.0000,0.0945,0.0001,0.0420,0.0000,0.0601,0.0059,-0.0000,0.0943,-0.0001,0.0470,-0.0000,0.0000,0.0000,0.0000,0.0000,0.0000,0.0000,0.0000,0.0000,0.0000,0.0000,0.0000,0.0000,0.0000,0.0000,0.0000,0.0000,0.0000,0.0000,0.0000,0.0000,0.0000,0.0000,0.0000,0.0000,0.0000,0.0000,0.0000,0.0000,0.0000,-0.6426,0.0007,0.0002,-0.3113,0.1930,-0.0005,-0.6422,0.0004,0.0009,-0.3129,0.1942,-0.0001,-0.0009,-0.0088,1.0414,0.0124,-0.0124,-0.0012,0.3218,0.0002,-0.6655,-0.0004,-0.0257,0.0132,0.0016,0.6201,-0.0002,-1.2963,0.0004,0.0000,0.0000,0.0000,0.0000,0.0000,0.0000,0.0000,0.0000,0.0000,0.0000,0.0000,0.0000,0.0000,0.0000,0.0000,0.0000,0.0000,0.0000,0.0000,0.0000,0.0000,0.0000,0.0000,0.0000,0.0000,0.0000,0.0000,0.0000,0.0000,
8.5867,RLFSMStatePassive,0.0000,0.0000,0.0000,0.0005,0.7581,-0.0010,0.9981,0.0000,0.0623,0.0000,-0.1119,0.0001,-0.0001,-0.0631,0.0480,-0.0002,-0.1119,-0.0001,0.0001,-0.0631,0.0480,0.0001,0.0001,-0.0002,0.3167,0.0600,-0.0058,0.0000,0.0945,0.0001,0.0420,0.0000,0.0601,0.0059,-0.0000,0.0943,-0.0001,0.0470,-0.0000,0.0000,0.0000,0.0000,0.0000,0.0000,0.0000,0.0000,0.0000,0.0000,0.0000,0.0000,0.0000,0.0000,0.0000,0.0000,0.0000,0.0000,0.0000,0.0000,0.0000,0.0000,0.0000,0.0000,0.0000,0.0000,0.0000,0.0000,0.0000,0.0000,-0.6426,0.0007,0.0002,-0.3113,0.1930,-0.0005,-0.6422,0.0004,0.0009,-0.3129,0.1942,-0.0001,-0.0009,-0.0088,1.0414,0.0124,-0.0124,-0.0012,0.3218,0.0002,-0.6655,-0.0004,-0.0257,0.0132,0.0016,0.6201,-0.0002,-1.2963,0.0004,0.0000,0.0000,0.0000,0.0000,0.0000,0.0000,0.0000,0.0000,0.0000,0.0000,0.0000,0.0000,0.0000,0.0000,0.0000,0.0000,0.0000,0.0000,0.0000,0.0000,0.0000,0.0000,0.0000,0.0000,0.0000,0.0000,0.0000,0.0000,0.0000,
8.6069,RLFSMStatePassive,0.0000,0.0000,0.0000,0.0005,0.7581,-0.0010,0.9981,0.0000,0.0623,0.0000,-0.1119,0.0001,-0.0001,-0.0631,0.0480,-0.0002,-0.1119,-0.0001,0.0001,-0.0631,0.0480,0.0001,0.0001,-0.0002,0.3167,0.0600,-0.0058,0.0000,0.0945,0.0001,0.0420,0.0000,0.0601,0.0059,-0.0000,0.0943,-0.0001,0.0470,-0.0000,0.0000,0.0000,0.0000,0.0000,0.0000,0.0000,0.0000,0.0000,0.0000,0.0000,0.0000,0.0000,0.0000,0.0000,0.0000,0.0000,0.0000,0.0000,0.0000,0.0000,0.0000,0.0000,0.0000,0.0000,0.0000,0.0000,0.0000,0.0000,0.0000,-0.6426,0.0007,0.0002,-0.3113,0.1930,-0.0005,-0.6422,0.0004,0.0009,-0.3129,0.1942,-0.0001,-0.0009,-0.0088,1.0414,0.0124,-0.0124,-0.0012,0.3218,0.0002,-0.6655,-0.0004,-0.0257,0.0132,0.0016,0.6201,-0.0002,-1.2963,0.0004,0.0000,0.0000,0.0000,0.0000,0.0000,0.0000,0.0000,0.0000,0.0000,0.0000,0.0000,0.0000,0.0000,0.0000,0.0000,0.0000,0.0000,0.0000,0.0000,0.0000,0.0000,0.0000,0.0000,0.0000,0.0000,0.0000,0.0000,0.0000,0.0000,
8.6273,RLFSMStatePassive,0.0000,0.0000,0.0000,0.0005,0.7581,-0.0010,0.9981,0.0000,0.0623,0.0000,-0.1119,0.0001,-0.0001,-0.0631,0.0480,-0.0002,-0.1119,-0.0001,0.0001,-0.0631,0.0480,0.0001,0.0001,-0.0002,0.3167,0.0600,-0.0058,0.0000,0.0945,0.0001,0.0420,0.0000,0.0601,0.0059,-0.0000,0.0943,-0.0001,0.0470,-0.0000,0.0000,0.0000,0.0000,0.0000,0.0000,0.0000,0.0000,0.0000,0.0000,0.0000,0.0000,0.0000,0.0000,0.0000,0.0000,0.0000,0.0000,0.0000,0.0000,0.0000,0.0000,0.0000,0.0000,0.0000,0.0000,0.0000,0.0000,0.0000,0.0000,-0.6426,0.0007,0.0002,-0.3113,0.1930,-0.0005,-0.6422,0.0004,0.0009,-0.3129,0.1942,-0.0001,-0.0009,-0.0088,1.0414,0.0124,-0.0124,-0.0012,0.3218,0.0002,-0.6655,-0.0004,-0.0257,0.0132,0.0016,0.6201,-0.0002,-1.2963,0.0004,0.0000,0.0000,0.0000,0.0000,0.0000,0.0000,0.0000,0.0000,0.0000,0.0000,0.0000,0.0000,0.0000,0.0000,0.0000,0.0000,0.0000,0.0000,0.0000,0.0000,0.0000,0.0000,0.0000,0.0000,0.0000,0.0000,0.0000,0.0000,0.0000,
8.6474,RLFSMStatePassive,0.0000,0.0000,0.0000,0.0005,0.7581,-0.0010,0.9981,0.0000,0.0623,0.0000,-0.1119,0.0001,-0.0001,-0.0631,0.0480,-0.0002,-0.1119,-0.0001,0.0001,-0.0631,0.0480,0.0001,0.0001,-0.0002,0.3167,0.0600,-0.0058,0.0000,0.0945,0.0001,0.0420,0.0000,0.0601,0.0059,-0.0000,0.0943,-0.0001,0.0470,-0.0000,0.0000,0.0000,0.0000,0.0000,0.0000,0.0000,0.0000,0.0000,0.0000,0.0000,0.0000,0.0000,0.0000,0.0000,0.0000,0.0000,0.0000,0.0000,0.0000,0.0000,0.0000,0.0000,0.0000,0.0000,0.0000,0.0000,0.0000,0.0000,0.0000,-0.6426,0.0007,0.0002,-0.3113,0.1930,-0.0005,-0.6422,0.0004,0.0009,-0.3129,0.1942,-0.0001,-0.0009,-0.0088,1.0414,0.0124,-0.0124,-0.0012,0.3218,0.0002,-0.6655,-0.0004,-0.0257,0.0132,0.0016,0.6201,-0.0002,-1.2963,0.0004,0.0000,0.0000,0.0000,0.0000,0.0000,0.0000,0.0000,0.0000,0.0000,0.0000,0.0000,0.0000,0.0000,0.0000,0.0000,0.0000,0.0000,0.0000,0.0000,0.0000,0.0000,0.0000,0.0000,0.0000,0.0000,0.0000,0.0000,0.0000,0.0000,
8.6676,RLFSMStatePassive,0.0000,0.0000,0.0000,0.0005,0.7581,-0.0010,0.9981,0.0000,0.0623,0.0000,-0.1119,0.0001,-0.0001,-0.0631,0.0480,-0.0002,-0.1119,-0.0001,0.0001,-0.0631,0.0480,0.0001,0.0001,-0.0002,0.3167,0.0600,-0.0058,0.0000,0.0945,0.0001,0.0420,0.0000,0.0601,0.0059,-0.0000,0.0943,-0.0001,0.0470,-0.0000,0.0000,0.0000,0.0000,0.0000,0.0000,0.0000,0.0000,0.0000,0.0000,0.0000,0.0000,0.0000,0.0000,0.0000,0.0000,0.0000,0.0000,0.0000,0.0000,0.0000,0.0000,0.0000,0.0000,0.0000,0.0000,0.0000,0.0000,0.0000,0.0000,-0.6426,0.0007,0.0002,-0.3113,0.1930,-0.0005,-0.6422,0.0004,0.0009,-0.3129,0.1942,-0.0001,-0.0009,-0.0088,1.0414,0.0124,-0.0124,-0.0012,0.3218,0.0002,-0.6655,-0.0004,-0.0257,0.0132,0.0016,0.6201,-0.0002,-1.2963,0.0004,0.0000,0.0000,0.0000,0.0000,0.0000,0.0000,0.0000,0.0000,0.0000,0.0000,0.0000,0.0000,0.0000,0.0000,0.0000,0.0000,0.0000,0.0000,0.0000,0.0000,0.0000,0.0000,0.0000,0.0000,0.0000,0.0000,0.0000,0.0000,0.0000,
8.6878,RLFSMStatePassive,0.0000,0.0000,0.0000,0.0005,0.7581,-0.0010,0.9981,0.0000,0.0623,0.0000,-0.1119,0.0001,-0.0001,-0.0631,0.0480,-0.0002,-0.1119,-0.0001,0.0001,-0.0631,0.0480,0.0001,0.0001,-0.0002,0.3167,0.0600,-0.0058,0.0000,0.0945,0.0001,0.0420,0.0000,0.0601,0.0059,-0.0000,0.0943,-0.0001,0.0470,-0.0000,0.0000,0.0000,0.0000,0.0000,0.0000,0.0000,0.0000,0.0000,0.0000,0.0000,0.0000,0.0000,0.0000,0.0000,0.0000,0.0000,0.0000,0.0000,0.0000,0.0000,0.0000,0.0000,0.0000,0.0000,0.0000,0.0000,0.0000,0.0000,0.0000,-0.6426,0.0007,0.0002,-0.3113,0.1930,-0.0005,-0.6422,0.0004,0.0009,-0.3129,0.1942,-0.0001,-0.0009,-0.0088,1.0414,0.0124,-0.0124,-0.0012,0.3218,0.0002,-0.6655,-0.0004,-0.0257,0.0132,0.0016,0.6201,-0.0002,-1.2963,0.0004,0.0000,0.0000,0.0000,0.0000,0.0000,0.0000,0.0000,0.0000,0.0000,0.0000,0.0000,0.0000,0.0000,0.0000,0.0000,0.0000,0.0000,0.0000,0.0000,0.0000,0.0000,0.0000,0.0000,0.0000,0.0000,0.0000,0.0000,0.0000,0.0000,
8.7080,RLFSMStatePassive,0.0000,0.0000,0.0000,0.0005,0.7581,-0.0010,0.9981,0.0000,0.0623,0.0000,-0.1119,0.0001,-0.0001,-0.0631,0.0480,-0.0002,-0.1119,-0.0001,0.0001,-0.0631,0.0480,0.0001,0.0001,-0.0002,0.3167,0.0600,-0.0058,0.0000,0.0945,0.0001,0.0420,0.0000,0.0601,0.0059,-0.0000,0.0943,-0.0001,0.0470,-0.0000,0.0000,0.0000,0.0000,0.0000,0.0000,0.0000,0.0000,0.0000,0.0000,0.0000,0.0000,0.0000,0.0000,0.0000,0.0000,0.0000,0.0000,0.0000,0.0000,0.0000,0.0000,0.0000,0.0000,0.0000,0.0000,0.0000,0.0000,0.0000,0.0000,-0.6426,0.0007,0.0002,-0.3113,0.1930,-0.0005,-0.6422,0.0004,0.0009,-0.3129,0.1942,-0.0001,-0.0009,-0.0088,1.0414,0.0124,-0.0124,-0.0012,0.3218,0.0002,-0.6655,-0.0004,-0.0257,0.0132,0.0016,0.6201,-0.0002,-1.2963,0.0004,0.0000,0.0000,0.0000,0.0000,0.0000,0.0000,0.0000,0.0000,0.0000,0.0000,0.0000,0.0000,0.0000,0.0000,0.0000,0.0000,0.0000,0.0000,0.0000,0.0000,0.0000,0.0000,0.0000,0.0000,0.0000,0.0000,0.0000,0.0000,0.0000,
8.7283,RLFSMStatePassive,0.0000,0.0000,0.0000,0.0005,0.7581,-0.0010,0.9981,0.0000,0.0623,0.0000,-0.1119,0.0001,-0.0001,-0.0631,0.0480,-0.0002,-0.1119,-0.0001,0.0001,-0.0631,0.0480,0.0001,0.0001,-0.0002,0.3167,0.0600,-0.0058,0.0000,0.0945,0.0001,0.0420,0.0000,0.0601,0.0059,-0.0000,0.0943,-0.0001,0.0470,-0.0000,0.0000,0.0000,0.0000,0.0000,0.0000,0.0000,0.0000,0.0000,0.0000,0.0000,0.0000,0.0000,0.0000,0.0000,0.0000,0.0000,0.0000,0.0000,0.0000,0.0000,0.0000,0.0000,0.0000,0.0000,0.0000,0.0000,0.0000,0.0000,0.0000,-0.6426,0.0007,0.0002,-0.3113,0.1930,-0.0005,-0.6422,0.0004,0.0009,-0.3129,0.1942,-0.0001,-0.0009,-0.0088,1.0414,0.0124,-0.0124,-0.0012,0.3218,0.0002,-0.6655,-0.0004,-0.0257,0.0132,0.0016,0.6201,-0.0002,-1.2963,0.0004,0.0000,0.0000,0.0000,0.0000,0.0000,0.0000,0.0000,0.0000,0.0000,0.0000,0.0000,0.0000,0.0000,0.0000,0.0000,0.0000,0.0000,0.0000,0.0000,0.0000,0.0000,0.0000,0.0000,0.0000,0.0000,0.0000,0.0000,0.0000,0.0000,
8.7485,RLFSMStatePassive,0.0000,0.0000,0.0000,0.0005,0.7581,-0.0010,0.9981,0.0000,0.0623,0.0000,-0.1119,0.0001,-0.0001,-0.0631,0.0480,-0.0002,-0.1119,-0.0001,0.0001,-0.0631,0.0480,0.0001,0.0001,-0.0002,0.3167,0.0600,-0.0058,0.0000,0.0945,0.0001,0.0420,0.0000,0.0601,0.0059,-0.0000,0.0943,-0.0001,0.0470,-0.0000,0.0000,0.0000,0.0000,0.0000,0.0000,0.0000,0.0000,0.0000,0.0000,0.0000,0.0000,0.0000,0.0000,0.0000,0.0000,0.0000,0.0000,0.0000,0.0000,0.0000,0.0000,0.0000,0.0000,0.0000,0.0000,0.0000,0.0000,0.0000,0.0000,-0.6426,0.0007,0.0002,-0.3113,0.1930,-0.0005,-0.6422,0.0004,0.0009,-0.3129,0.1942,-0.0001,-0.0009,-0.0088,1.0414,0.0124,-0.0124,-0.0012,0.3218,0.0002,-0.6655,-0.0004,-0.0257,0.0132,0.0016,0.6201,-0.0002,-1.2963,0.0004,0.0000,0.0000,0.0000,0.0000,0.0000,0.0000,0.0000,0.0000,0.0000,0.0000,0.0000,0.0000,0.0000,0.0000,0.0000,0.0000,0.0000,0.0000,0.0000,0.0000,0.0000,0.0000,0.0000,0.0000,0.0000,0.0000,0.0000,0.0000,0.0000,
8.7688,RLFSMStatePassive,0.0000,0.0000,0.0000,0.0005,0.7581,-0.0010,0.9981,0.0000,0.0623,0.0000,-0.1119,0.0001,-0.0001,-0.0631,0.0480,-0.0002,-0.1119,-0.0001,0.0001,-0.0631,0.0480,0.0001,0.0001,-0.0002,0.3167,0.0600,-0.0058,0.0000,0.0945,0.0001,0.0420,0.0000,0.0601,0.0059,-0.0000,0.0943,-0.0001,0.0470,-0.0000,0.0000,0.0000,0.0000,0.0000,0.0000,0.0000,0.0000,0.0000,0.0000,0.0000,0.0000,0.0000,0.0000,0.0000,0.0000,0.0000,0.0000,0.0000,0.0000,0.0000,0.0000,0.0000,0.0000,0.0000,0.0000,0.0000,0.0000,0.0000,0.0000,-0.6426,0.0007,0.0002,-0.3113,0.1930,-0.0005,-0.6422,0.0004,0.0009,-0.3129,0.1942,-0.0001,-0.0009,-0.0088,1.0414,0.0124,-0.0124,-0.0012,0.3218,0.0002,-0.6655,-0.0004,-0.0257,0.0132,0.0016,0.6201,-0.0002,-1.2963,0.0004,0.0000,0.0000,0.0000,0.0000,0.0000,0.0000,0.0000,0.0000,0.0000,0.0000,0.0000,0.0000,0.0000,0.0000,0.0000,0.0000,0.0000,0.0000,0.0000,0.0000,0.0000,0.0000,0.0000,0.0000,0.0000,0.0000,0.0000,0.0000,0.0000,
8.7889,RLFSMStatePassive,0.0000,0.0000,0.0000,0.0005,0.7581,-0.0010,0.9981,0.0000,0.0623,0.0000,-0.1119,0.0001,-0.0001,-0.0631,0.0480,-0.0002,-0.1119,-0.0001,0.0001,-0.0631,0.0480,0.0001,0.0001,-0.0002,0.3167,0.0600,-0.0058,0.0000,0.0945,0.0001,0.0420,0.0000,0.0601,0.0059,-0.0000,0.0943,-0.0001,0.0470,-0.0000,0.0000,0.0000,0.0000,0.0000,0.0000,0.0000,0.0000,0.0000,0.0000,0.0000,0.0000,0.0000,0.0000,0.0000,0.0000,0.0000,0.0000,0.0000,0.0000,0.0000,0.0000,0.0000,0.0000,0.0000,0.0000,0.0000,0.0000,0.0000,0.0000,-0.6426,0.0007,0.0002,-0.3113,0.1930,-0.0005,-0.6422,0.0004,0.0009,-0.3129,0.1942,-0.0001,-0.0009,-0.0088,1.0414,0.0124,-0.0124,-0.0012,0.3218,0.0002,-0.6655,-0.0004,-0.0257,0.0132,0.0016,0.6201,-0.0002,-1.2963,0.0004,0.0000,0.0000,0.0000,0.0000,0.0000,0.0000,0.0000,0.0000,0.0000,0.0000,0.0000,0.0000,0.0000,0.0000,0.0000,0.0000,0.0000,0.0000,0.0000,0.0000,0.0000,0.0000,0.0000,0.0000,0.0000,0.0000,0.0000,0.0000,0.0000,
8.8090,RLFSMStatePassive,0.0000,0.0000,0.0000,0.0005,0.7581,-0.0010,0.9981,0.0000,0.0623,0.0000,-0.1119,0.0001,-0.0001,-0.0631,0.0480,-0.0002,-0.1119,-0.0001,0.0001,-0.0631,0.0480,0.0001,0.0001,-0.0002,0.3167,0.0600,-0.0058,0.0000,0.0945,0.0001,0.0420,0.0000,0.0601,0.0059,-0.0000,0.0943,-0.0001,0.0470,-0.0000,0.0000,0.0000,0.0000,0.0000,0.0000,0.0000,0.0000,0.0000,0.0000,0.0000,0.0000,0.0000,0.0000,0.0000,0.0000,0.0000,0.0000,0.0000,0.0000,0.0000,0.0000,0.0000,0.0000,0.0000,0.0000,0.0000,0.0000,0.0000,0.0000,-0.6426,0.0007,0.0002,-0.3113,0.1930,-0.0005,-0.6422,0.0004,0.0009,-0.3129,0.1942,-0.0001,-0.0009,-0.0088,1.0414,0.0124,-0.0124,-0.0012,0.3218,0.0002,-0.6655,-0.0004,-0.0257,0.0132,0.0016,0.6201,-0.0002,-1.2963,0.0004,0.0000,0.0000,0.0000,0.0000,0.0000,0.0000,0.0000,0.0000,0.0000,0.0000,0.0000,0.0000,0.0000,0.0000,0.0000,0.0000,0.0000,0.0000,0.0000,0.0000,0.0000,0.0000,0.0000,0.0000,0.0000,0.0000,0.0000,0.0000,0.0000,
8.8292,RLFSMStatePassive,0.0000,0.0000,0.0000,0.0005,0.7581,-0.0010,0.9981,0.0000,0.0623,0.0000,-0.1119,0.0001,-0.0001,-0.0631,0.0480,-0.0002,-0.1119,-0.0001,0.0001,-0.0631,0.0480,0.0001,0.0001,-0.0002,0.3167,0.0600,-0.0058,0.0000,0.0945,0.0001,0.0420,0.0000,0.0601,0.0059,-0.0000,0.0943,-0.0001,0.0470,-0.0000,0.0000,0.0000,0.0000,0.0000,0.0000,0.0000,0.0000,0.0000,0.0000,0.0000,0.0000,0.0000,0.0000,0.0000,0.0000,0.0000,0.0000,0.0000,0.0000,0.0000,0.0000,0.0000,0.0000,0.0000,0.0000,0.0000,0.0000,0.0000,0.0000,-0.6426,0.0007,0.0002,-0.3113,0.1930,-0.0005,-0.6422,0.0004,0.0009,-0.3129,0.1942,-0.0001,-0.0009,-0.0088,1.0414,0.0124,-0.0124,-0.0012,0.3218,0.0002,-0.6655,-0.0004,-0.0257,0.0132,0.0016,0.6201,-0.0002,-1.2963,0.0004,0.0000,0.0000,0.0000,0.0000,0.0000,0.0000,0.0000,0.0000,0.0000,0.0000,0.0000,0.0000,0.0000,0.0000,0.0000,0.0000,0.0000,0.0000,0.0000,0.0000,0.0000,0.0000,0.0000,0.0000,0.0000,0.0000,0.0000,0.0000,0.0000,
8.8494,RLFSMStatePassive,0.0000,0.0000,0.0000,0.0005,0.7581,-0.0010,0.9981,0.0000,0.0623,0.0000,-0.1119,0.0001,-0.0001,-0.0631,0.0480,-0.0002,-0.1119,-0.0001,0.0001,-0.0631,0.0480,0.0001,0.0001,-0.0002,0.3167,0.0600,-0.0058,0.0000,0.0945,0.0001,0.0420,0.0000,0.0601,0.0059,-0.0000,0.0943,-0.0001,0.0470,-0.0000,0.0000,0.0000,0.0000,0.0000,0.0000,0.0000,0.0000,0.0000,0.0000,0.0000,0.0000,0.0000,0.0000,0.0000,0.0000,0.0000,0.0000,0.0000,0.0000,0.0000,0.0000,0.0000,0.0000,0.0000,0.0000,0.0000,0.0000,0.0000,0.0000,-0.6426,0.0007,0.0002,-0.3113,0.1930,-0.0005,-0.6422,0.0004,0.0009,-0.3129,0.1942,-0.0001,-0.0009,-0.0088,1.0414,0.0124,-0.0124,-0.0012,0.3218,0.0002,-0.6655,-0.0004,-0.0257,0.0132,0.0016,0.6201,-0.0002,-1.2963,0.0004,0.0000,0.0000,0.0000,0.0000,0.0000,0.0000,0.0000,0.0000,0.0000,0.0000,0.0000,0.0000,0.0000,0.0000,0.0000,0.0000,0.0000,0.0000,0.0000,0.0000,0.0000,0.0000,0.0000,0.0000,0.0000,0.0000,0.0000,0.0000,0.0000,
8.8695,RLFSMStatePassive,0.0000,0.0000,0.0000,0.0005,0.7581,-0.0010,0.9981,0.0000,0.0623,0.0000,-0.1119,0.0001,-0.0001,-0.0631,0.0480,-0.0002,-0.1119,-0.0001,0.0001,-0.0631,0.0480,0.0001,0.0001,-0.0002,0.3167,0.0600,-0.0058,0.0000,0.0945,0.0001,0.0420,0.0000,0.0601,0.0059,-0.0000,0.0943,-0.0001,0.0470,-0.0000,0.0000,0.0000,0.0000,0.0000,0.0000,0.0000,0.0000,0.0000,0.0000,0.0000,0.0000,0.0000,0.0000,0.0000,0.0000,0.0000,0.0000,0.0000,0.0000,0.0000,0.0000,0.0000,0.0000,0.0000,0.0000,0.0000,0.0000,0.0000,0.0000,-0.6426,0.0007,0.0002,-0.3113,0.1930,-0.0005,-0.6422,0.0004,0.0009,-0.3129,0.1942,-0.0001,-0.0009,-0.0088,1.0414,0.0124,-0.0124,-0.0012,0.3218,0.0002,-0.6655,-0.0004,-0.0257,0.0132,0.0016,0.6201,-0.0002,-1.2963,0.0004,0.0000,0.0000,0.0000,0.0000,0.0000,0.0000,0.0000,0.0000,0.0000,0.0000,0.0000,0.0000,0.0000,0.0000,0.0000,0.0000,0.0000,0.0000,0.0000,0.0000,0.0000,0.0000,0.0000,0.0000,0.0000,0.0000,0.0000,0.0000,0.0000,
8.8897,RLFSMStatePassive,0.0000,0.0000,0.0000,0.0005,0.7581,-0.0010,0.9981,0.0000,0.0623,0.0000,-0.1119,0.0001,-0.0001,-0.0631,0.0480,-0.0002,-0.1119,-0.0001,0.0001,-0.0631,0.0480,0.0001,0.0001,-0.0002,0.3167,0.0600,-0.0058,0.0000,0.0945,0.0001,0.0420,0.0000,0.0601,0.0059,-0.0000,0.0943,-0.0001,0.0470,-0.0000,0.0000,0.0000,0.0000,0.0000,0.0000,0.0000,0.0000,0.0000,0.0000,0.0000,0.0000,0.0000,0.0000,0.0000,0.0000,0.0000,0.0000,0.0000,0.0000,0.0000,0.0000,0.0000,0.0000,0.0000,0.0000,0.0000,0.0000,0.0000,0.0000,-0.6426,0.0007,0.0002,-0.3113,0.1930,-0.0005,-0.6422,0.0004,0.0009,-0.3129,0.1942,-0.0001,-0.0009,-0.0088,1.0414,0.0124,-0.0124,-0.0012,0.3218,0.0002,-0.6655,-0.0004,-0.0257,0.0132,0.0016,0.6201,-0.0002,-1.2963,0.0004,0.0000,0.0000,0.0000,0.0000,0.0000,0.0000,0.0000,0.0000,0.0000,0.0000,0.0000,0.0000,0.0000,0.0000,0.0000,0.0000,0.0000,0.0000,0.0000,0.0000,0.0000,0.0000,0.0000,0.0000,0.0000,0.0000,0.0000,0.0000,0.0000,
8.9099,RLFSMStatePassive,0.0000,0.0000,0.0000,0.0005,0.7581,-0.0010,0.9981,0.0000,0.0623,0.0000,-0.1119,0.0001,-0.0001,-0.0631,0.0480,-0.0002,-0.1119,-0.0001,0.0001,-0.0631,0.0480,0.0001,0.0001,-0.0002,0.3167,0.0600,-0.0058,0.0000,0.0945,0.0001,0.0420,0.0000,0.0601,0.0059,-0.0000,0.0943,-0.0001,0.0470,-0.0000,0.0000,0.0000,0.0000,0.0000,0.0000,0.0000,0.0000,0.0000,0.0000,0.0000,0.0000,0.0000,0.0000,0.0000,0.0000,0.0000,0.0000,0.0000,0.0000,0.0000,0.0000,0.0000,0.0000,0.0000,0.0000,0.0000,0.0000,0.0000,0.0000,-0.6426,0.0007,0.0002,-0.3113,0.1930,-0.0005,-0.6422,0.0004,0.0009,-0.3129,0.1942,-0.0001,-0.0009,-0.0088,1.0414,0.0124,-0.0124,-0.0012,0.3218,0.0002,-0.6655,-0.0004,-0.0257,0.0132,0.0016,0.6201,-0.0002,-1.2963,0.0004,0.0000,0.0000,0.0000,0.0000,0.0000,0.0000,0.0000,0.0000,0.0000,0.0000,0.0000,0.0000,0.0000,0.0000,0.0000,0.0000,0.0000,0.0000,0.0000,0.0000,0.0000,0.0000,0.0000,0.0000,0.0000,0.0000,0.0000,0.0000,0.0000,
8.9300,RLFSMStatePassive,0.0000,0.0000,0.0000,0.0005,0.7581,-0.0010,0.9981,0.0000,0.0623,0.0000,-0.1119,0.0001,-0.0001,-0.0631,0.0480,-0.0002,-0.1119,-0.0001,0.0001,-0.0631,0.0480,0.0001,0.0001,-0.0002,0.3167,0.0600,-0.0058,0.0000,0.0945,0.0001,0.0420,0.0000,0.0601,0.0059,-0.0000,0.0943,-0.0001,0.0470,-0.0000,0.0000,0.0000,0.0000,0.0000,0.0000,0.0000,0.0000,0.0000,0.0000,0.0000,0.0000,0.0000,0.0000,0.0000,0.0000,0.0000,0.0000,0.0000,0.0000,0.0000,0.0000,0.0000,0.0000,0.0000,0.0000,0.0000,0.0000,0.0000,0.0000,-0.6426,0.0007,0.0002,-0.3113,0.1930,-0.0005,-0.6422,0.0004,0.0009,-0.3129,0.1942,-0.0001,-0.0009,-0.0088,1.0414,0.0124,-0.0124,-0.0012,0.3218,0.0002,-0.6655,-0.0004,-0.0257,0.0132,0.0016,0.6201,-0.0002,-1.2963,0.0004,0.0000,0.0000,0.0000,0.0000,0.0000,0.0000,0.0000,0.0000,0.0000,0.0000,0.0000,0.0000,0.0000,0.0000,0.0000,0.0000,0.0000,0.0000,0.0000,0.0000,0.0000,0.0000,0.0000,0.0000,0.0000,0.0000,0.0000,0.0000,0.0000,
8.9502,RLFSMStatePassive,0.0000,0.0000,0.0000,0.0005,0.7581,-0.0010,0.9981,0.0000,0.0623,0.0000,-0.1119,0.0001,-0.0001,-0.0631,0.0480,-0.0002,-0.1119,-0.0001,0.0001,-0.0631,0.0480,0.0001,0.0001,-0.0002,0.3167,0.0600,-0.0058,0.0000,0.0945,0.0001,0.0420,0.0000,0.0601,0.0059,-0.0000,0.0943,-0.0001,0.0470,-0.0000,0.0000,0.0000,0.0000,0.0000,0.0000,0.0000,0.0000,0.0000,0.0000,0.0000,0.0000,0.0000,0.0000,0.0000,0.0000,0.0000,0.0000,0.0000,0.0000,0.0000,0.0000,0.0000,0.0000,0.0000,0.0000,0.0000,0.0000,0.0000,0.0000,-0.6426,0.0007,0.0002,-0.3113,0.1930,-0.0005,-0.6422,0.0004,0.0009,-0.3129,0.1942,-0.0001,-0.0009,-0.0088,1.0414,0.0124,-0.0124,-0.0012,0.3218,0.0002,-0.6655,-0.0004,-0.0257,0.0132,0.0016,0.6201,-0.0002,-1.2963,0.0004,0.0000,0.0000,0.0000,0.0000,0.0000,0.0000,0.0000,0.0000,0.0000,0.0000,0.0000,0.0000,0.0000,0.0000,0.0000,0.0000,0.0000,0.0000,0.0000,0.0000,0.0000,0.0000,0.0000,0.0000,0.0000,0.0000,0.0000,0.0000,0.0000,
8.9703,RLFSMStatePassive,0.0000,0.0000,0.0000,0.0005,0.7581,-0.0010,0.9981,0.0000,0.0623,0.0000,-0.1119,0.0001,-0.0001,-0.0631,0.0480,-0.0002,-0.1119,-0.0001,0.0001,-0.0631,0.0480,0.0001,0.0001,-0.0002,0.3167,0.0600,-0.0058,0.0000,0.0945,0.0001,0.0420,0.0000,0.0601,0.0059,-0.0000,0.0943,-0.0001,0.0470,-0.0000,0.0000,0.0000,0.0000,0.0000,0.0000,0.0000,0.0000,0.0000,0.0000,0.0000,0.0000,0.0000,0.0000,0.0000,0.0000,0.0000,0.0000,0.0000,0.0000,0.0000,0.0000,0.0000,0.0000,0.0000,0.0000,0.0000,0.0000,0.0000,0.0000,-0.6426,0.0007,0.0002,-0.3113,0.1930,-0.0005,-0.6422,0.0004,0.0009,-0.3129,0.1942,-0.0001,-0.0009,-0.0088,1.0414,0.0124,-0.0124,-0.0012,0.3218,0.0002,-0.6655,-0.0004,-0.0257,0.0132,0.0016,0.6201,-0.0002,-1.2963,0.0004,0.0000,0.0000,0.0000,0.0000,0.0000,0.0000,0.0000,0.0000,0.0000,0.0000,0.0000,0.0000,0.0000,0.0000,0.0000,0.0000,0.0000,0.0000,0.0000,0.0000,0.0000,0.0000,0.0000,0.0000,0.0000,0.0000,0.0000,0.0000,0.0000,
8.9905,RLFSMStatePassive,0.0000,0.0000,0.0000,0.0005,0.7581,-0.0010,0.9981,0.0000,0.0623,0.0000,-0.1119,0.0001,-0.0001,-0.0631,0.0480,-0.0002,-0.1119,-0.0001,0.0001,-0.0631,0.0480,0.0001,0.0001,-0.0002,0.3167,0.0600,-0.0058,0.0000,0.0945,0.0001,0.0420,0.0000,0.0601,0.0059,-0.0000,0.0943,-0.0001,0.0470,-0.0000,0.0000,0.0000,0.0000,0.0000,0.0000,0.0000,0.0000,0.0000,0.0000,0.0000,0.0000,0.0000,0.0000,0.0000,0.0000,0.0000,0.0000,0.0000,0.0000,0.0000,0.0000,0.0000,0.0000,0.0000,0.0000,0.0000,0.0000,0.0000,0.0000,-0.6426,0.0007,0.0002,-0.3113,0.1930,-0.0005,-0.6422,0.0004,0.0009,-0.3129,0.1942,-0.0001,-0.0009,-0.0088,1.0414,0.0124,-0.0124,-0.0012,0.3218,0.0002,-0.6655,-0.0004,-0.0257,0.0132,0.0016,0.6201,-0.0002,-1.2963,0.0004,0.0000,0.0000,0.0000,0.0000,0.0000,0.0000,0.0000,0.0000,0.0000,0.0000,0.0000,0.0000,0.0000,0.0000,0.0000,0.0000,0.0000,0.0000,0.0000,0.0000,0.0000,0.0000,0.0000,0.0000,0.0000,0.0000,0.0000,0.0000,0.0000,
