t_sec,fsm_state,cmd_x,cmd_y,cmd_yaw,base_ang_vel_x,base_ang_vel_y,base_ang_vel_z,base_quat_w,base_quat_x,base_quat_y,base_quat_z,dof_pos_0,dof_pos_1,dof_pos_2,dof_pos_3,dof_pos_4,dof_pos_5,dof_pos_6,dof_pos_7,dof_pos_8,dof_pos_9,dof_pos_10,dof_pos_11,dof_pos_12,dof_pos_13,dof_pos_14,dof_pos_15,dof_pos_16,dof_pos_17,dof_pos_18,dof_pos_19,dof_pos_20,dof_pos_target_0,dof_pos_target_1,dof_pos_target_2,dof_pos_target_3,dof_pos_target_4,dof_pos_target_5,dof_pos_target_6,dof_pos_target_7,dof_pos_target_8,dof_pos_target_9,dof_pos_target_10,dof_pos_target_11,dof_pos_target_12,dof_pos_target_13,dof_pos_target_14,dof_pos_target_15,dof_pos_target_16,dof_pos_target_17,dof_pos_target_18,dof_pos_target_19,dof_pos_target_20,dof_vel_0,dof_vel_1,dof_vel_2,dof_vel_3,dof_vel_4,dof_vel_5,dof_vel_6,dof_vel_7,dof_vel_8,dof_vel_9,dof_vel_10,dof_vel_11,dof_vel_12,dof_vel_13,dof_vel_14,dof_vel_15,dof_vel_16,dof_vel_17,dof_vel_18,dof_vel_19,dof_vel_20,action_0,action_1,action_2,action_3,action_4,action_5,action_6,action_7,action_8,action_9,action_10,action_11,action_12,action_13,action_14,action_15,action_16,action_17,action_18,action_19,action_20,
0.0001,RLFSMStatePassive,0.0000,0.0000,0.0000,0.0000,0.0000,0.0000,1.0000,0.0000,0.0000,0.0000,0.0000,0.0000,0.0000,0.0000,0.0000,0.0000,0.0000,0.0000,0.0000,0.0000,0.0000,0.0000,0.0000,0.0000,0.0000,0.0000,0.0000,0.0000,0.0000,0.0000,0.0000,-0.3000,-0.3000,0.0000,0.0500,-0.0500,0.0000,0.0040,-0.0040,0.0000,0.0000,0.0000,0.5000,0.5000,0.0000,0.0000,-0.2000,-0.2000,0.0000,0.0000,-0.0600,0.0600,0.0000,0.0000,0.0000,0.0000,0.0000,0.0000,0.0000,0.0000,0.0000,0.0000,0.0000,0.0000,0.0000,0.0000,0.0000,0.0000,0.0000,0.0000,0.0000,0.0000,0.0000,0.0000,0.0000,0.0000,0.0000,0.0000,0.0000,0.0000,0.0000,0.0000,0.0000,0.0000,0.0000,0.0000,0.0000,0.0000,0.0000,0.0000,0.0000,0.0000,0.0000,0.0000,
0.0203,RLFSMStatePassive,0.0000,0.0000,0.0000,0.0000,0.0000,0.0000,1.0000,0.0000,0.0000,0.0000,0.0000,0.0000,0.0000,0.0000,0.0000,0.0000,0.0000,0.0000,0.0000,0.0000,0.0000,0.0000,0.0000,0.0000,0.0000,0.0000,0.0000,0.0000,0.0000,0.0000,0.0000,-0.3000,-0.3000,0.0000,0.0500,-0.0500,0.0000,0.0040,-0.0040,0.0000,0.0000,0.0000,0.5000,0.5000,0.0000,0.0000,-0.2000,-0.2000,0.0000,0.0000,-0.0600,0.0600,0.0000,0.0000,0.0000,0.0000,0.0000,0.0000,0.0000,0.0000,0.0000,0.0000,0.0000,0.0000,0.0000,0.0000,0.0000,0.0000,0.0000,0.0000,0.0000,0.0000,0.0000,0.0000,0.0000,0.0000,0.0000,0.0000,0.0000,0.0000,0.0000,0.0000,0.0000,0.0000,0.0000,0.0000,0.0000,0.0000,0.0000,0.0000,0.0000,0.0000,0.0000,0.0000,
0.0405,RLFSMStatePassive,0.0000,0.0000,0.0000,0.0000,0.0000,0.0000,1.0000,0.0000,0.0000,0.0000,0.0000,0.0000,0.0000,0.0000,0.0000,0.0000,0.0000,0.0000,0.0000,0.0000,0.0000,0.0000,0.0000,0.0000,0.0000,0.0000,0.0000,0.0000,0.0000,0.0000,0.0000,-0.3000,-0.3000,0.0000,0.0500,-0.0500,0.0000,0.0040,-0.0040,0.0000,0.0000,0.0000,0.5000,0.5000,0.0000,0.0000,-0.2000,-0.2000,0.0000,0.0000,-0.0600,0.0600,0.0000,0.0000,0.0000,0.0000,0.0000,0.0000,0.0000,0.0000,0.0000,0.0000,0.0000,0.0000,0.0000,0.0000,0.0000,0.0000,0.0000,0.0000,0.0000,0.0000,0.0000,0.0000,0.0000,0.0000,0.0000,0.0000,0.0000,0.0000,0.0000,0.0000,0.0000,0.0000,0.0000,0.0000,0.0000,0.0000,0.0000,0.0000,0.0000,0.0000,0.0000,0.0000,
0.0607,RLFSMStatePassive,0.0000,0.0000,0.0000,0.0085,0.0405,-0.0011,0.6410,-0.0028,0.0311,-0.7669,0.0061,-0.0061,0.0000,0.0000,0.0123,0.0000,-0.0061,-0.0046,0.0000,0.0000,0.0000,-0.0015,-0.0031,0.0000,0.0000,0.0215,0.0215,0.0000,0.0000,-0.0107,-0.0031,-0.3000,-0.3000,0.0000,0.0500,-0.0500,0.0000,0.0040,-0.0040,0.0000,0.0000,0.0000,0.5000,0.5000,0.0000,0.0000,-0.2000,-0.2000,0.0000,0.0000,-0.0600,0.0600,-0.0000,0.0000,0.0000,0.0000,0.0000,0.0000,0.0000,0.0000,0.0000,0.0000,0.0000,0.0000,-0.0000,0.0000,0.0000,0.0000,-0.0000,0.0000,0.0000,-0.0000,-0.0000,0.0000,0.0000,0.0000,0.0000,0.0000,0.0000,0.0000,0.0000,0.0000,0.0000,0.0000,0.0000,0.0000,0.0000,0.0000,0.0000,0.0000,0.0000,0.0000,0.0000,0.0000,
0.0809,RLFSMStatePassive,0.0000,0.0000,0.0000,0.0075,0.0383,-0.0000,0.6410,-0.0026,0.0313,-0.7669,0.0061,-0.0061,0.0000,0.0000,0.0123,0.0000,-0.0061,-0.0046,0.0000,0.0000,0.0000,-0.0015,-0.0031,0.0000,0.0000,0.0215,0.0215,0.0000,0.0000,-0.0107,-0.0031,-0.3000,-0.3000,0.0000,0.0500,-0.0500,0.0000,0.0040,-0.0040,0.0000,0.0000,0.0000,0.5000,0.5000,0.0000,0.0000,-0.2000,-0.2000,0.0000,0.0000,-0.0600,0.0600,-0.0000,0.0000,0.0000,0.0000,0.0000,0.0000,0.0000,0.0000,0.0000,0.0000,0.0000,0.0000,-0.0000,0.0000,0.0000,0.0000,-0.0000,0.0000,0.0000,-0.0000,-0.0000,0.0000,0.0000,0.0000,0.0000,0.0000,0.0000,0.0000,0.0000,0.0000,0.0000,0.0000,0.0000,0.0000,0.0000,0.0000,0.0000,0.0000,0.0000,0.0000,0.0000,0.0000,
0.1013,RLFSMStatePassive,0.0000,0.0000,0.0000,0.0107,0.0256,0.0011,0.6409,-0.0020,0.0318,-0.7669,0.0061,-0.0061,0.0000,0.0000,0.0123,0.0000,-0.0061,-0.0046,0.0000,0.0000,0.0000,-0.0015,-0.0031,0.0000,0.0000,0.0215,0.0215,0.0000,0.0000,-0.0092,-0.0031,-0.3000,-0.3000,0.0000,0.0500,-0.0500,0.0000,0.0040,-0.0040,0.0000,0.0000,0.0000,0.5000,0.5000,0.0000,0.0000,-0.2000,-0.2000,0.0000,0.0000,-0.0600,0.0600,-0.0000,0.0000,0.0000,0.0000,0.0000,0.0000,0.0000,0.0000,0.0000,0.0000,0.0000,0.0000,-0.0000,0.0000,0.0000,0.0000,-0.0000,0.0000,0.0000,0.0767,-0.0000,0.0000,0.0000,0.0000,0.0000,0.0000,0.0000,0.0000,0.0000,0.0000,0.0000,0.0000,0.0000,0.0000,0.0000,0.0000,0.0000,0.0000,0.0000,0.0000,0.0000,0.0000,
0.1216,RLFSMStatePassive,0.0000,0.0000,0.0000,0.0096,0.0213,-0.0000,0.6409,-0.0018,0.0319,-0.7670,0.0061,-0.0061,0.0000,0.0000,0.0123,0.0000,-0.0061,-0.0046,0.0000,0.0000,0.0000,-0.0015,-0.0031,0.0000,0.0000,0.0215,0.0215,0.0000,0.0000,-0.0092,-0.0031,-0.3000,-0.3000,0.0000,0.0500,-0.0500,0.0000,0.0040,-0.0040,0.0000,0.0000,0.0000,0.5000,0.5000,0.0000,0.0000,-0.2000,-0.2000,0.0000,0.0000,-0.0600,0.0600,-0.0000,0.0000,0.0000,0.0000,0.0000,0.0000,0.0000,0.0000,0.0000,0.0000,0.0000,0.0000,-0.0000,0.0000,0.0000,0.0000,-0.0000,0.0000,0.0000,-0.0000,-0.0000,0.0000,0.0000,0.0000,0.0000,0.0000,0.0000,0.0000,0.0000,0.0000,0.0000,0.0000,0.0000,0.0000,0.0000,0.0000,0.0000,0.0000,0.0000,0.0000,0.0000,0.0000,
0.1420,RLFSMStatePassive,0.0000,0.0000,0.0000,0.0096,0.0149,-0.0000,0.6408,-0.0015,0.0323,-0.7670,0.0061,-0.0061,0.0000,0.0000,0.0123,0.0000,-0.0061,-0.0046,0.0000,0.0000,0.0000,-0.0015,-0.0031,0.0000,0.0000,0.0215,0.0199,0.0000,0.0000,-0.0092,-0.0031,-0.3000,-0.3000,0.0000,0.0500,-0.0500,0.0000,0.0040,-0.0040,0.0000,0.0000,0.0000,0.5000,0.5000,0.0000,0.0000,-0.2000,-0.2000,0.0000,0.0000,-0.0600,0.0600,-0.0000,0.0000,0.0000,0.0000,0.0000,0.0000,0.0000,0.0000,0.0000,0.0000,0.0000,0.0000,-0.0000,0.0000,0.0000,0.0000,-0.0767,0.0000,0.0000,-0.0000,-0.0000,0.0000,0.0000,0.0000,0.0000,0.0000,0.0000,0.0000,0.0000,0.0000,0.0000,0.0000,0.0000,0.0000,0.0000,0.0000,0.0000,0.0000,0.0000,0.0000,0.0000,0.0000,
0.1625,RLFSMStatePassive,0.0000,0.0000,0.0000,0.0096,0.0085,-0.0000,0.6407,-0.0012,0.0326,-0.7671,0.0061,-0.0061,0.0000,0.0000,0.0123,0.0000,-0.0061,-0.0046,0.0000,0.0000,0.0000,-0.0015,-0.0031,0.0000,0.0000,0.0215,0.0199,0.0000,0.0000,-0.0092,-0.0031,-0.3000,-0.3000,0.0000,0.0500,-0.0500,0.0000,0.0040,-0.0040,0.0000,0.0000,0.0000,0.5000,0.5000,0.0000,0.0000,-0.2000,-0.2000,0.0000,0.0000,-0.0600,0.0600,-0.0000,0.0000,0.0000,0.0000,0.0000,0.0000,0.0000,0.0000,0.0000,0.0000,0.0000,0.0000,-0.0000,0.0000,0.0000,0.0000,-0.0000,0.0000,0.0000,-0.0000,-0.0000,0.0000,0.0000,0.0000,0.0000,0.0000,0.0000,0.0000,0.0000,0.0000,0.0000,0.0000,0.0000,0.0000,0.0000,0.0000,0.0000,0.0000,0.0000,0.0000,0.0000,0.0000,
0.1829,RLFSMStatePassive,0.0000,0.0000,0.0000,0.0085,-0.0043,-0.0011,0.6407,-0.0010,0.0328,-0.7671,0.0061,-0.0061,0.0000,0.0000,0.0123,0.0000,-0.0061,-0.0046,0.0000,0.0000,0.0000,-0.0015,-0.0031,0.0000,0.0000,0.0215,0.0199,0.0000,0.0000,-0.0092,-0.0031,-0.3000,-0.3000,0.0000,0.0500,-0.0500,0.0000,0.0040,-0.0040,0.0000,0.0000,0.0000,0.5000,0.5000,0.0000,0.0000,-0.2000,-0.2000,0.0000,0.0000,-0.0600,0.0600,-0.0000,0.0000,0.0000,0.0000,0.0000,0.0000,0.0000,0.0000,0.0000,0.0000,0.0000,0.0000,-0.0000,0.0000,0.0000,0.0000,-0.0000,0.0000,0.0000,-0.0000,-0.0000,0.0000,0.0000,0.0000,0.0000,0.0000,0.0000,0.0000,0.0000,0.0000,0.0000,0.0000,0.0000,0.0000,0.0000,0.0000,0.0000,0.0000,0.0000,0.0000,0.0000,0.0000,
0.2034,RLFSMStatePassive,0.0000,0.0000,0.0000,0.0075,-0.0128,-0.0000,0.6406,-0.0008,0.0328,-0.7672,0.0061,-0.0061,0.0000,0.0000,0.0123,0.0000,-0.0061,-0.0046,0.0000,0.0000,0.0000,-0.0015,-0.0031,0.0000,0.0000,0.0215,0.0199,0.0000,0.0000,-0.0092,-0.0031,-0.3000,-0.3000,0.0000,0.0500,-0.0500,0.0000,0.0040,-0.0040,0.0000,0.0000,0.0000,0.5000,0.5000,0.0000,0.0000,-0.2000,-0.2000,0.0000,0.0000,-0.0600,0.0600,-0.0000,0.0000,0.0000,0.0000,0.0000,0.0000,0.0000,0.0000,0.0000,0.0000,0.0000,0.0000,-0.0000,0.0000,0.0000,0.0000,-0.0000,0.0000,0.0000,-0.0000,-0.0000,0.0000,0.0000,0.0000,0.0000,0.0000,0.0000,0.0000,0.0000,0.0000,0.0000,0.0000,0.0000,0.0000,0.0000,0.0000,0.0000,0.0000,0.0000,0.0000,0.0000,0.0000,
0.2240,RLFSMStatePassive,0.0000,0.0000,0.0000,0.0096,-0.0170,0.0011,0.6405,-0.0007,0.0328,-0.7672,0.0061,-0.0061,0.0000,0.0000,0.0123,0.0000,-0.0061,-0.0046,0.0000,0.0000,0.0000,-0.0015,-0.0031,0.0000,0.0000,0.0215,0.0199,0.0000,0.0000,-0.0092,-0.0031,-0.3000,-0.3000,0.0000,0.0500,-0.0500,0.0000,0.0040,-0.0040,0.0000,0.0000,0.0000,0.5000,0.5000,0.0000,0.0000,-0.2000,-0.2000,0.0000,0.0000,-0.0600,0.0600,-0.0000,0.0000,0.0000,0.0000,0.0000,0.0000,0.0000,0.0000,0.0000,0.0000,0.0000,0.0000,-0.0000,0.0000,0.0000,0.0000,-0.0000,0.0000,0.0000,-0.0000,-0.0000,0.0000,0.0000,0.0000,0.0000,0.0000,0.0000,0.0000,0.0000,0.0000,0.0000,0.0000,0.0000,0.0000,0.0000,0.0000,0.0000,0.0000,0.0000,0.0000,0.0000,0.0000,
0.2444,RLFSMStatePassive,0.0000,0.0000,0.0000,0.0245,0.0096,0.0021,0.6404,-0.0004,0.0329,-0.7673,0.0046,-0.0092,0.0000,0.0015,0.0123,0.0000,-0.0061,-0.0046,0.0000,0.0000,0.0000,0.0000,-0.0015,0.0000,0.0000,0.0199,0.0199,0.0000,0.0000,-0.0107,0.0000,-0.3000,-0.3000,0.0000,0.0500,-0.0500,0.0000,0.0040,-0.0040,0.0000,0.0000,0.0000,0.5000,0.5000,0.0000,0.0000,-0.2000,-0.2000,0.0000,0.0000,-0.0600,0.0600,-0.0000,0.0000,0.0000,0.0000,0.0000,0.0000,0.0000,0.0000,0.0000,0.0000,0.0000,0.0000,-0.0000,0.0000,0.0000,0.0000,-0.0000,0.0000,0.0000,-0.0000,-0.0000,0.0000,0.0000,0.0000,0.0000,0.0000,0.0000,0.0000,0.0000,0.0000,0.0000,0.0000,0.0000,0.0000,0.0000,0.0000,0.0000,0.0000,0.0000,0.0000,0.0000,0.0000,
0.2648,RLFSMStatePassive,0.0000,0.0000,0.0000,-0.0096,0.1182,-0.0277,0.6403,0.0008,0.0341,-0.7673,-0.0107,-0.0199,0.0000,0.0092,0.0123,0.0000,-0.0061,-0.0046,0.0000,0.0000,0.0000,0.0123,0.0107,0.0000,0.0000,0.0153,0.0153,0.0000,0.0000,-0.0199,0.0077,-0.3000,-0.3000,0.0000,0.0500,-0.0500,0.0000,0.0040,-0.0040,0.0000,0.0000,0.0000,0.5000,0.5000,0.0000,0.0000,-0.2000,-0.2000,0.0000,0.0000,-0.0600,0.0600,-0.3066,-0.6899,0.0000,0.2300,-0.0767,0.0000,0.0000,0.0000,0.0000,0.0000,0.0000,0.2300,0.2300,0.0000,0.0000,-0.2300,-0.1533,0.0000,0.0000,-0.2300,0.3833,0.0000,0.0000,0.0000,0.0000,0.0000,0.0000,0.0000,0.0000,0.0000,0.0000,0.0000,0.0000,0.0000,0.0000,0.0000,0.0000,0.0000,0.0000,0.0000,0.0000,0.0000,
0.2852,RLFSMStatePassive,0.0000,0.0000,0.0000,-0.0394,0.3079,-0.0565,0.6405,0.0038,0.0370,-0.7670,-0.0368,-0.0445,0.0000,0.0184,0.0092,0.0000,-0.0061,-0.0046,0.0000,0.0000,0.0000,0.0353,0.0353,0.0000,0.0000,0.0015,0.0061,0.0000,0.0000,-0.0353,0.0169,-0.3000,-0.3000,0.0000,0.0500,-0.0500,0.0000,0.0040,-0.0040,0.0000,0.0000,0.0000,0.5000,0.5000,0.0000,0.0000,-0.2000,-0.2000,0.0000,0.0000,-0.0600,0.0600,-0.9199,-1.2265,0.0000,0.5366,-0.0767,0.0000,0.0000,0.0000,0.0000,0.0000,0.0000,0.6132,0.6899,0.0000,0.0000,-0.6132,-0.4599,0.0000,0.0000,-0.6899,0.4599,0.0000,0.0000,0.0000,0.0000,0.0000,0.0000,0.0000,0.0000,0.0000,0.0000,0.0000,0.0000,0.0000,0.0000,0.0000,0.0000,0.0000,0.0000,0.0000,0.0000,0.0000,
0.3059,RLFSMStatePassive,0.0000,0.0000,0.0000,-0.0373,0.5156,-0.0170,0.6409,0.0092,0.0411,-0.7665,-0.0752,-0.0813,0.0000,0.0199,0.0092,0.0000,-0.0061,-0.0061,0.0000,0.0000,0.0000,0.0736,0.0736,0.0000,0.0000,-0.0169,-0.0107,0.0000,0.0000,-0.0399,0.0245,-0.3000,-0.3000,0.0000,0.0500,-0.0500,0.0000,0.0040,-0.0040,0.0000,0.0000,0.0000,0.5000,0.5000,0.0000,0.0000,-0.2000,-0.2000,0.0000,0.0000,-0.0600,0.0600,-1.4564,-1.9164,0.0000,0.2300,0.0000,0.0000,0.0000,-0.0767,0.0000,0.0000,0.0000,1.3031,1.3798,0.0000,0.0000,-0.9199,-0.7665,0.0000,0.0000,-0.6132,0.3066,0.0000,0.0000,0.0000,0.0000,0.0000,0.0000,0.0000,0.0000,0.0000,0.0000,0.0000,0.0000,0.0000,0.0000,0.0000,0.0000,0.0000,0.0000,0.0000,0.0000,0.0000,
0.3265,RLFSMStatePassive,0.0000,0.0000,0.0000,-0.0650,0.6743,0.0096,0.6412,0.0154,0.0462,-0.7658,-0.1227,-0.1304,0.0000,0.0215,0.0061,0.0000,-0.0061,-0.0061,0.0000,0.0000,0.0000,0.1289,0.1289,0.0000,0.0000,-0.0383,-0.0337,0.0000,0.0000,-0.0445,0.0307,-0.3000,-0.3000,0.0000,0.0500,-0.0500,0.0000,0.0040,-0.0040,0.0000,0.0000,0.0000,0.5000,0.5000,0.0000,0.0000,-0.2000,-0.2000,0.0000,0.0000,-0.0600,0.0600,-2.0697,-2.3763,0.0000,0.0000,-0.1533,0.0000,0.0000,0.0000,0.0000,0.0000,0.0000,2.0697,2.0697,0.0000,0.0000,-0.9965,-0.9965,0.0000,0.0000,-0.0767,0.3066,0.0000,0.0000,0.0000,0.0000,0.0000,0.0000,0.0000,0.0000,0.0000,0.0000,0.0000,0.0000,0.0000,0.0000,0.0000,0.0000,0.0000,0.0000,0.0000,0.0000,0.0000,
0.3470,RLFSMStatePassive,0.0000,0.0000,0.0000,0.0426,0.4304,0.0437,0.6413,0.0196,0.0499,-0.7654,-0.1733,-0.1795,0.0000,0.0230,0.0061,0.0000,-0.0061,-0.0077,0.0000,0.0000,0.0000,0.1917,0.1887,0.0000,0.0000,-0.0614,-0.0537,0.0000,0.0000,-0.0445,0.0337,-0.3000,-0.3000,0.0000,0.0500,-0.0500,0.0000,0.0040,-0.0040,0.0000,0.0000,0.0000,0.5000,0.5000,0.0000,0.0000,-0.2000,-0.2000,0.0000,0.0000,-0.0600,0.0600,-2.4530,-2.3763,0.0000,0.1533,0.0000,0.0000,0.0000,-0.0767,0.0000,0.0000,0.0000,3.2195,2.7596,0.0000,0.0000,-1.1498,-1.0732,0.0000,0.0000,-0.1533,0.1533,0.0000,0.0000,0.0000,0.0000,0.0000,0.0000,0.0000,0.0000,0.0000,0.0000,0.0000,0.0000,0.0000,0.0000,0.0000,0.0000,0.0000,0.0000,0.0000,0.0000,0.0000,
0.3675,RLFSMStatePassive,0.0000,0.0000,0.0000,0.0543,0.1672,0.0234,0.6411,0.0204,0.0507,-0.7655,-0.2163,-0.2270,0.0000,0.0245,0.0061,0.0000,-0.0061,-0.0077,0.0000,0.0000,0.0000,0.2608,0.2577,0.0000,0.0000,-0.0859,-0.0767,0.0000,0.0000,-0.0460,0.0337,-0.3000,-0.3000,0.0000,0.0500,-0.0500,0.0000,0.0040,-0.0040,0.0000,0.0000,0.0000,0.5000,0.5000,0.0000,0.0000,-0.2000,-0.2000,0.0000,0.0000,-0.0600,0.0600,-2.2996,-2.2996,0.0000,0.0767,0.0000,0.0000,0.0000,0.0000,0.0000,0.0000,0.0000,3.2195,3.1428,0.0000,0.0000,-1.1498,-0.9965,0.0000,0.0000,-0.0767,-0.0000,0.0000,0.0000,0.0000,0.0000,0.0000,0.0000,0.0000,0.0000,0.0000,0.0000,0.0000,0.0000,0.0000,0.0000,0.0000,0.0000,0.0000,0.0000,0.0000,0.0000,0.0000,
0.3881,RLFSMStatePassive,0.0000,0.0000,0.0000,0.0937,-0.1289,0.0075,0.6406,0.0187,0.0496,-0.7661,-0.2516,-0.2623,0.0000,0.0245,0.0061,0.0000,-0.0061,-0.0092,0.0000,0.0000,0.0000,0.3237,0.3221,0.0000,0.0000,-0.1104,-0.0997,0.0000,0.0000,-0.0476,0.0337,-0.3000,-0.3000,0.0000,0.0500,-0.0500,0.0000,0.0040,-0.0040,0.0000,0.0000,0.0000,0.5000,0.5000,0.0000,0.0000,-0.2000,-0.2000,0.0000,0.0000,-0.0600,0.0600,-2.0697,-1.7631,0.0000,0.0000,0.0000,0.0000,0.0000,0.0000,0.0000,0.0000,0.0000,3.0662,3.1428,0.0000,0.0000,-1.1498,-1.0732,0.0000,0.0000,-0.0000,-0.0000,0.0000,0.0000,0.0000,0.0000,0.0000,0.0000,0.0000,0.0000,0.0000,0.0000,0.0000,0.0000,0.0000,0.0000,0.0000,0.0000,0.0000,0.0000,0.0000,0.0000,0.0000,
0.4086,RLFSMStatePassive,0.0000,0.0000,0.0000,0.1001,-0.3941,-0.0192,0.6397,0.0151,0.0470,-0.7670,-0.2746,-0.2869,0.0000,0.0245,0.0061,0.0000,-0.0061,-0.0092,0.0000,0.0000,0.0000,0.3804,0.3804,0.0000,0.0000,-0.1319,-0.1212,0.0000,0.0000,-0.0522,0.0337,-0.3000,-0.3000,0.0000,0.0500,-0.0500,0.0000,0.0040,-0.0040,0.0000,0.0000,0.0000,0.5000,0.5000,0.0000,0.0000,-0.2000,-0.2000,0.0000,0.0000,-0.0600,0.0600,-1.5331,-1.1498,0.0000,0.0000,0.0000,0.0000,0.0000,-0.0767,0.0000,0.0000,0.0000,2.7596,2.7596,0.0000,0.0000,-1.1498,-1.1498,0.0000,0.0000,-0.1533,-0.0000,0.0000,0.0000,0.0000,0.0000,0.0000,0.0000,0.0000,0.0000,0.0000,0.0000,0.0000,0.0000,0.0000,0.0000,0.0000,0.0000,0.0000,0.0000,0.0000,0.0000,0.0000,
0.4292,RLFSMStatePassive,0.0000,0.0000,0.0000,0.1300,-0.5262,-0.0149,0.6393,0.0124,0.0449,-0.7676,-0.2807,-0.2930,0.0000,0.0245,0.0061,0.0000,-0.0061,-0.0092,0.0000,0.0000,0.0000,0.4034,0.4034,0.0000,0.0000,-0.1427,-0.1319,0.0000,0.0000,-0.0537,0.0337,-0.3000,-0.3000,0.0000,0.0500,-0.0500,0.0000,0.0040,-0.0040,0.0000,0.0000,0.0000,0.5000,0.5000,0.0000,0.0000,-0.2000,-0.2000,0.0000,0.0000,-0.0600,0.0600,-1.0732,-1.1498,0.0000,0.0000,0.0000,0.0000,0.0000,0.0000,0.0000,0.0000,0.0000,2.7596,2.7596,0.0000,0.0000,-1.1498,-0.9965,0.0000,0.0000,-0.1533,-0.0000,0.0000,0.0000,0.0000,0.0000,0.0000,0.0000,0.0000,0.0000,0.0000,0.0000,0.0000,0.0000,0.0000,0.0000,0.0000,0.0000,0.0000,0.0000,0.0000,0.0000,0.0000,
0.4497,RLFSMStatePassive,0.0000,0.0000,0.0000,0.0991,-0.6562,-0.0043,0.6380,0.0043,0.0372,-0.7692,-0.2915,-0.3037,0.0000,0.0245,0.0061,0.0000,-0.0061,-0.0092,0.0000,0.0000,0.0000,0.4617,0.4648,0.0000,0.0000,-0.1626,-0.1626,0.0000,0.0000,-0.0552,0.0337,-0.3000,-0.3000,0.0000,0.0500,-0.0500,0.0000,0.0040,-0.0040,0.0000,0.0000,0.0000,0.5000,0.5000,0.0000,0.0000,-0.2000,-0.2000,0.0000,0.0000,-0.0600,0.0600,-0.2300,-0.3066,0.0000,0.0000,0.0000,0.0000,0.0000,0.0000,0.0000,0.0000,0.0000,1.7631,1.8397,0.0000,0.0000,-0.6899,-1.0732,0.0000,0.0000,-0.1533,-0.0000,0.0000,0.0000,0.0000,0.0000,0.0000,0.0000,0.0000,0.0000,0.0000,0.0000,0.0000,0.0000,0.0000,0.0000,0.0000,0.0000,0.0000,0.0000,0.0000,0.0000,0.0000,
0.4702,RLFSMStatePassive,0.0000,0.0000,0.0000,0.0703,-0.6317,0.0224,0.6372,-0.0007,0.0322,-0.7700,-0.2899,-0.3022,0.0000,0.0245,0.0061,0.0000,-0.0061,-0.0092,0.0000,0.0000,0.0000,0.4863,0.4893,0.0000,0.0000,-0.1749,-0.1733,0.0000,0.0000,-0.0552,0.0353,-0.3000,-0.3000,0.0000,0.0500,-0.0500,0.0000,0.0040,-0.0040,0.0000,0.0000,0.0000,0.5000,0.5000,0.0000,0.0000,-0.2000,-0.2000,0.0000,0.0000,-0.0600,0.0600,0.0767,0.0000,0.0000,0.0000,0.0000,0.0000,0.0000,0.0000,0.0000,0.0000,0.0000,1.2265,1.1498,0.0000,0.0000,-0.6899,-0.6899,0.0000,0.0000,-0.0000,-0.0000,0.0000,0.0000,0.0000,0.0000,0.0000,0.0000,0.0000,0.0000,0.0000,0.0000,0.0000,0.0000,0.0000,0.0000,0.0000,0.0000,0.0000,0.0000,0.0000,0.0000,0.0000,
0.4907,RLFSMStatePassive,0.0000,0.0000,0.0000,0.0511,-0.3334,0.0224,0.6367,-0.0030,0.0306,-0.7705,-0.2899,-0.3022,0.0000,0.0245,0.0046,0.0000,-0.0061,-0.0092,0.0000,0.0000,0.0000,0.4985,0.5016,0.0000,0.0000,-0.1825,-0.1795,0.0000,0.0000,-0.0552,0.0353,-0.3000,-0.3000,0.0000,0.0500,-0.0500,0.0000,0.0040,-0.0040,0.0000,0.0000,0.0000,0.5000,0.5000,0.0000,0.0000,-0.2000,-0.2000,0.0000,0.0000,-0.0600,0.0600,-0.0000,0.0767,0.0000,0.0000,-0.0767,0.0000,0.0000,0.0000,0.0000,0.0000,0.0000,0.6132,0.6132,0.0000,0.0000,-0.3833,-0.3833,0.0000,0.0000,-0.0000,0.0767,0.0000,0.0000,0.0000,0.0000,0.0000,0.0000,0.0000,0.0000,0.0000,0.0000,0.0000,0.0000,0.0000,0.0000,0.0000,0.0000,0.0000,0.0000,0.0000,0.0000,0.0000,
0.5112,RLFSMStatePassive,0.0000,0.0000,0.0000,0.0266,-0.0799,-0.0096,0.6364,-0.0031,0.0314,-0.7707,-0.2930,-0.3037,0.0000,0.0245,0.0046,0.0000,-0.0061,-0.0092,0.0000,0.0000,0.0000,0.5077,0.5093,0.0000,0.0000,-0.1841,-0.1825,0.0000,0.0000,-0.0552,0.0353,-0.3000,-0.3000,0.0000,0.0500,-0.0500,0.0000,0.0040,-0.0040,0.0000,0.0000,0.0000,0.5000,0.5000,0.0000,0.0000,-0.2000,-0.2000,0.0000,0.0000,-0.0600,0.0600,-0.1533,-0.0767,0.0000,0.0000,0.0000,0.0000,0.0000,0.0000,0.0000,0.0000,0.0000,0.3833,0.3833,0.0000,0.0000,-0.2300,-0.3066,0.0000,0.0000,-0.0000,-0.0000,0.0000,0.0000,0.0000,0.0000,0.0000,0.0000,0.0000,0.0000,0.0000,0.0000,0.0000,0.0000,0.0000,0.0000,0.0000,0.0000,0.0000,0.0000,0.0000,0.0000,0.0000,
0.5315,RLFSMStatePassive,0.0000,0.0000,0.0000,-0.0362,-0.0447,-0.0298,0.6365,-0.0029,0.0321,-0.7706,-0.2930,-0.3053,0.0000,0.0245,0.0046,0.0000,-0.0061,-0.0092,0.0000,0.0000,0.0000,0.5093,0.5108,0.0000,0.0000,-0.1841,-0.1825,0.0000,0.0000,-0.0552,0.0353,-0.3000,-0.3000,0.0000,0.0500,-0.0500,0.0000,0.0040,-0.0040,0.0000,0.0000,0.0000,0.5000,0.5000,0.0000,0.0000,-0.2000,-0.2000,0.0000,0.0000,-0.0600,0.0600,-0.1533,-0.0767,0.0000,0.0000,0.0000,0.0000,0.0000,0.0000,0.0000,0.0000,0.0000,0.3833,0.3833,0.0000,0.0000,0.0000,-0.0000,0.0000,0.0000,-0.0000,-0.0000,0.0000,0.0000,0.0000,0.0000,0.0000,0.0000,0.0000,0.0000,0.0000,0.0000,0.0000,0.0000,0.0000,0.0000,0.0000,0.0000,0.0000,0.0000,0.0000,0.0000,0.0000,
0.5519,RLFSMStatePassive,0.0000,0.0000,0.0000,-0.0011,-0.0820,0.0149,0.6364,-0.0040,0.0316,-0.7707,-0.2945,-0.3068,0.0000,0.0245,0.0046,0.0000,-0.0061,-0.0092,0.0000,0.0000,0.0000,0.5108,0.5139,0.0000,0.0000,-0.1841,-0.1825,0.0000,0.0000,-0.0552,0.0353,-0.3000,-0.3000,0.0000,0.0500,-0.0500,0.0000,0.0040,-0.0040,0.0000,0.0000,0.0000,0.5000,0.5000,0.0000,0.0000,-0.2000,-0.2000,0.0000,0.0000,-0.0600,0.0600,-0.0000,-0.0767,0.0000,0.0000,0.0000,0.0000,0.0000,0.0000,0.0000,0.0000,0.0000,0.0767,0.0767,0.0000,0.0000,0.0000,-0.0000,0.0000,0.0000,-0.0000,-0.0000,0.0000,0.0000,0.0000,0.0000,0.0000,0.0000,0.0000,0.0000,0.0000,0.0000,0.0000,0.0000,0.0000,0.0000,0.0000,0.0000,0.0000,0.0000,0.0000,0.0000,0.0000,
0.5725,RLFSMStatePassive,0.0000,0.0000,0.0000,-0.0128,-0.0874,0.0277,0.6365,-0.0046,0.0309,-0.7707,-0.2945,-0.3068,0.0000,0.0245,0.0046,0.0000,-0.0061,-0.0092,0.0000,0.0000,0.0000,0.5108,0.5154,0.0000,0.0000,-0.1841,-0.1825,0.0000,0.0000,-0.0552,0.0353,-0.3000,-0.3000,0.0000,0.0500,-0.0500,0.0000,0.0040,-0.0040,0.0000,0.0000,0.0000,0.5000,0.5000,0.0000,0.0000,-0.2000,-0.2000,0.0000,0.0000,-0.0600,0.0600,-0.0000,-0.0767,0.0000,0.0000,0.0000,0.0000,0.0000,0.0000,0.0000,0.0000,0.0000,0.0767,0.0767,0.0000,0.0000,0.0000,-0.0000,0.0000,0.0000,-0.0000,-0.0000,0.0000,0.0000,0.0000,0.0000,0.0000,0.0000,0.0000,0.0000,0.0000,0.0000,0.0000,0.0000,0.0000,0.0000,0.0000,0.0000,0.0000,0.0000,0.0000,0.0000,0.0000,
0.5931,RLFSMStatePassive,0.0000,0.0000,0.0000,0.0383,-0.0511,0.0053,0.6362,-0.0063,0.0291,-0.7709,-0.2945,-0.3068,0.0000,0.0245,0.0046,0.0000,-0.0061,-0.0092,0.0000,0.0000,0.0000,0.5108,0.5170,0.0000,0.0000,-0.1841,-0.1825,0.0000,0.0000,-0.0552,0.0353,-0.3000,-0.3000,0.0000,0.0500,-0.0500,0.0000,0.0040,-0.0040,0.0000,0.0000,0.0000,0.5000,0.5000,0.0000,0.0000,-0.2000,-0.2000,0.0000,0.0000,-0.0600,0.0600,-0.0000,0.0000,0.0000,0.0000,0.0000,0.0000,0.0000,0.0000,0.0000,0.0000,0.0000,0.0000,-0.0000,0.0000,0.0000,0.0000,-0.0000,0.0000,0.0000,-0.0000,-0.0000,0.0000,0.0000,0.0000,0.0000,0.0000,0.0000,0.0000,0.0000,0.0000,0.0000,0.0000,0.0000,0.0000,0.0000,0.0000,0.0000,0.0000,0.0000,0.0000,0.0000,0.0000,
0.6133,RLFSMStatePassive,0.0000,0.0000,0.0000,0.0064,0.0011,-0.0000,0.6360,-0.0067,0.0286,-0.7711,-0.2945,-0.3068,0.0000,0.0245,0.0046,0.0000,-0.0061,-0.0092,0.0000,0.0000,0.0000,0.5108,0.5170,0.0000,0.0000,-0.1841,-0.1825,0.0000,0.0000,-0.0552,0.0353,-0.3000,-0.3000,0.0000,0.0500,-0.0500,0.0000,0.0040,-0.0040,0.0000,0.0000,0.0000,0.5000,0.5000,0.0000,0.0000,-0.2000,-0.2000,0.0000,0.0000,-0.0600,0.0600,-0.0000,0.0000,0.0000,0.0000,0.0000,0.0000,0.0000,0.0000,0.0000,0.0000,0.0000,0.0000,0.0767,0.0000,0.0000,0.0000,-0.0000,0.0000,0.0000,-0.0000,-0.0000,0.0000,0.0000,0.0000,0.0000,0.0000,0.0000,0.0000,0.0000,0.0000,0.0000,0.0000,0.0000,0.0000,0.0000,0.0000,0.0000,0.0000,0.0000,0.0000,0.0000,0.0000,
0.6337,RLFSMStatePassive,0.0000,0.0000,0.0000,-0.0224,0.0746,-0.0160,0.6361,-0.0069,0.0278,-0.7711,-0.2945,-0.3068,0.0000,0.0245,0.0046,0.0000,-0.0061,-0.0092,0.0000,0.0000,0.0000,0.5108,0.5170,0.0000,0.0000,-0.1841,-0.1825,0.0000,0.0000,-0.0552,0.0353,-0.3000,-0.3000,0.0000,0.0500,-0.0500,0.0000,0.0040,-0.0040,0.0000,0.0000,0.0000,0.5000,0.5000,0.0000,0.0000,-0.2000,-0.2000,0.0000,0.0000,-0.0600,0.0600,-0.0000,0.0000,0.0000,0.0000,0.0000,0.0000,0.0000,0.0000,0.0000,0.0000,0.0000,0.0000,-0.0000,0.0000,0.0000,0.0000,-0.0000,0.0000,0.0000,-0.0000,-0.0000,0.0000,0.0000,0.0000,0.0000,0.0000,0.0000,0.0000,0.0000,0.0000,0.0000,0.0000,0.0000,0.0000,0.0000,0.0000,0.0000,0.0000,0.0000,0.0000,0.0000,0.0000,
0.6542,RLFSMStatePassive,0.0000,0.0000,0.0000,-0.0224,0.0746,-0.0160,0.6361,-0.0069,0.0278,-0.7711,-0.2945,-0.3068,0.0000,0.0245,0.0046,0.0000,-0.0061,-0.0092,0.0000,0.0000,0.0000,0.5108,0.5170,0.0000,0.0000,-0.1841,-0.1825,0.0000,0.0000,-0.0552,0.0353,-0.3000,-0.3000,0.0000,0.0500,-0.0500,0.0000,0.0040,-0.0040,0.0000,0.0000,0.0000,0.5000,0.5000,0.0000,0.0000,-0.2000,-0.2000,0.0000,0.0000,-0.0600,0.0600,-0.0000,0.0000,0.0000,0.0000,0.0000,0.0000,0.0000,0.0000,0.0000,0.0000,0.0000,0.0000,-0.0000,0.0000,0.0000,0.0000,-0.0000,0.0000,0.0000,-0.0000,-0.0000,0.0000,0.0000,0.0000,0.0000,0.0000,0.0000,0.0000,0.0000,0.0000,0.0000,0.0000,0.0000,0.0000,0.0000,0.0000,0.0000,0.0000,0.0000,0.0000,0.0000,0.0000,
0.6746,RLFSMStatePassive,0.0000,0.0000,0.0000,0.0032,0.1023,-0.0064,0.6363,-0.0068,0.0277,-0.7709,-0.2945,-0.3083,0.0000,0.0245,0.0046,0.0000,-0.0061,-0.0092,0.0000,0.0000,0.0000,0.5108,0.5170,0.0000,0.0000,-0.1856,-0.1841,0.0000,0.0000,-0.0552,0.0353,-0.3000,-0.3000,0.0000,0.0500,-0.0500,0.0000,0.0040,-0.0040,0.0000,0.0000,0.0000,0.5000,0.5000,0.0000,0.0000,-0.2000,-0.2000,0.0000,0.0000,-0.0600,0.0600,-0.0000,-0.0767,0.0000,0.0000,0.0000,0.0000,0.0000,0.0000,0.0000,0.0000,0.0000,0.0000,-0.0000,0.0000,0.0000,-0.0767,-0.0000,0.0000,0.0000,-0.0000,-0.0000,0.0000,0.0000,0.0000,0.0000,0.0000,0.0000,0.0000,0.0000,0.0000,0.0000,0.0000,0.0000,0.0000,0.0000,0.0000,0.0000,0.0000,0.0000,0.0000,0.0000,0.0000,
0.6950,RLFSMStatePassive,0.0000,0.0000,0.0000,0.0011,0.1076,-0.0032,0.6362,-0.0066,0.0279,-0.7710,-0.2945,-0.3083,0.0000,0.0245,0.0046,0.0000,-0.0061,-0.0092,0.0000,0.0000,0.0000,0.5108,0.5170,0.0000,0.0000,-0.1856,-0.1841,0.0000,0.0000,-0.0552,0.0353,-0.3000,-0.3000,0.0000,0.0500,-0.0500,0.0000,0.0040,-0.0040,0.0000,0.0000,0.0000,0.5000,0.5000,0.0000,0.0000,-0.2000,-0.2000,0.0000,0.0000,-0.0600,0.0600,-0.0000,0.0000,0.0000,0.0000,0.0000,0.0000,0.0000,0.0000,0.0000,0.0000,0.0000,0.0000,-0.0000,0.0000,0.0000,0.0000,-0.0767,0.0000,0.0000,-0.0000,-0.0000,0.0000,0.0000,0.0000,0.0000,0.0000,0.0000,0.0000,0.0000,0.0000,0.0000,0.0000,0.0000,0.0000,0.0000,0.0000,0.0000,0.0000,0.0000,0.0000,0.0000,0.0000,
0.7153,RLFSMStatePassive,0.0000,0.0000,0.0000,-0.0043,0.0959,0.0000,0.6363,-0.0061,0.0284,-0.7709,-0.2945,-0.3083,0.0000,0.0245,0.0046,0.0000,-0.0061,-0.0092,0.0000,0.0000,0.0000,0.5108,0.5170,0.0000,0.0000,-0.1887,-0.1856,0.0000,0.0000,-0.0552,0.0353,-0.3000,-0.3000,0.0000,0.0500,-0.0500,0.0000,0.0040,-0.0040,0.0000,0.0000,0.0000,0.5000,0.5000,0.0000,0.0000,-0.2000,-0.2000,0.0000,0.0000,-0.0600,0.0600,-0.0000,0.0000,0.0000,0.0000,0.0000,0.0000,0.0000,0.0000,0.0000,0.0000,0.0000,0.0000,-0.0000,0.0000,0.0000,-0.0767,-0.0767,0.0000,0.0000,-0.0000,-0.0000,0.0000,0.0000,0.0000,0.0000,0.0000,0.0000,0.0000,0.0000,0.0000,0.0000,0.0000,0.0000,0.0000,0.0000,0.0000,0.0000,0.0000,0.0000,0.0000,0.0000,0.0000,
0.7355,RLFSMStatePassive,0.0000,0.0000,0.0000,-0.0043,0.0959,0.0000,0.6363,-0.0061,0.0284,-0.7709,-0.2945,-0.3083,0.0000,0.0245,0.0046,0.0000,-0.0061,-0.0092,0.0000,0.0000,0.0000,0.5108,0.5170,0.0000,0.0000,-0.1887,-0.1856,0.0000,0.0000,-0.0552,0.0353,-0.3000,-0.3000,0.0000,0.0500,-0.0500,0.0000,0.0040,-0.0040,0.0000,0.0000,0.0000,0.5000,0.5000,0.0000,0.0000,-0.2000,-0.2000,0.0000,0.0000,-0.0600,0.0600,-0.0000,0.0000,0.0000,0.0000,0.0000,0.0000,0.0000,0.0000,0.0000,0.0000,0.0000,0.0000,-0.0000,0.0000,0.0000,-0.0767,-0.0767,0.0000,0.0000,-0.0000,-0.0000,0.0000,0.0000,0.0000,0.0000,0.0000,0.0000,0.0000,0.0000,0.0000,0.0000,0.0000,0.0000,0.0000,0.0000,0.0000,0.0000,0.0000,0.0000,0.0000,0.0000,0.0000,
0.7559,RLFSMStatePassive,0.0000,0.0000,0.0000,-0.0117,0.0959,-0.0064,0.6364,-0.0045,0.0306,-0.7708,-0.2945,-0.3083,0.0000,0.0245,0.0046,0.0000,-0.0061,-0.0092,0.0000,0.0000,0.0000,0.5108,0.5170,0.0000,0.0000,-0.1933,-0.1917,0.0000,0.0000,-0.0552,0.0353,-0.3000,-0.3000,0.0000,0.0500,-0.0500,0.0000,0.0040,-0.0040,0.0000,0.0000,0.0000,0.5000,0.5000,0.0000,0.0000,-0.2000,-0.2000,0.0000,0.0000,-0.0600,0.0600,-0.0000,0.0000,0.0000,0.0000,0.0000,0.0000,0.0000,0.0000,0.0000,0.0000,0.0000,0.0000,-0.0000,0.0000,0.0000,-0.1533,-0.0767,0.0000,0.0000,-0.0000,-0.0000,0.0000,0.0000,0.0000,0.0000,0.0000,0.0000,0.0000,0.0000,0.0000,0.0000,0.0000,0.0000,0.0000,0.0000,0.0000,0.0000,0.0000,0.0000,0.0000,0.0000,0.0000,
0.7764,RLFSMStatePassive,0.0000,0.0000,0.0000,0.0053,0.0991,-0.0032,0.6364,-0.0041,0.0311,-0.7707,-0.2945,-0.3083,0.0000,0.0245,0.0046,0.0000,-0.0061,-0.0092,0.0000,0.0000,0.0000,0.5108,0.5170,0.0000,0.0000,-0.1948,-0.1917,0.0000,0.0000,-0.0552,0.0353,-0.3000,-0.3000,0.0000,0.0500,-0.0500,0.0000,0.0040,-0.0040,0.0000,0.0000,0.0000,0.5000,0.5000,0.0000,0.0000,-0.2000,-0.2000,0.0000,0.0000,-0.0600,0.0600,-0.0000,0.0000,0.0000,0.0000,0.0000,0.0000,0.0000,0.0000,0.0000,0.0000,0.0000,0.0000,-0.0000,0.0000,0.0000,-0.0767,-0.0767,0.0000,0.0000,-0.0000,-0.0000,0.0000,0.0000,0.0000,0.0000,0.0000,0.0000,0.0000,0.0000,0.0000,0.0000,0.0000,0.0000,0.0000,0.0000,0.0000,0.0000,0.0000,0.0000,0.0000,0.0000,0.0000,
0.7970,RLFSMStatePassive,0.0000,0.0000,0.0000,0.0064,0.0767,-0.0043,0.6363,-0.0024,0.0323,-0.7707,-0.2945,-0.3083,0.0000,0.0245,0.0046,0.0000,-0.0061,-0.0092,0.0000,0.0000,0.0000,0.5108,0.5170,0.0000,0.0000,-0.1963,-0.1948,0.0000,0.0000,-0.0552,0.0353,-0.3000,-0.3000,0.0000,0.0500,-0.0500,0.0000,0.0040,-0.0040,0.0000,0.0000,0.0000,0.5000,0.5000,0.0000,0.0000,-0.2000,-0.2000,0.0000,0.0000,-0.0600,0.0600,-0.0000,0.0000,0.0000,0.0000,0.0000,0.0000,0.0000,0.0000,0.0000,0.0000,0.0000,0.0000,-0.0000,0.0000,0.0000,-0.0767,-0.0767,0.0000,0.0000,-0.0000,-0.0000,0.0000,0.0000,0.0000,0.0000,0.0000,0.0000,0.0000,0.0000,0.0000,0.0000,0.0000,0.0000,0.0000,0.0000,0.0000,0.0000,0.0000,0.0000,0.0000,0.0000,0.0000,
0.8175,RLFSMStatePassive,0.0000,0.0000,0.0000,0.0011,0.0735,-0.0043,0.6363,-0.0018,0.0326,-0.7708,-0.2945,-0.3083,0.0000,0.0245,0.0046,0.0000,-0.0061,-0.0092,0.0000,0.0000,0.0000,0.5108,0.5170,0.0000,0.0000,-0.1979,-0.1963,0.0000,0.0000,-0.0552,0.0353,-0.3000,-0.3000,0.0000,0.0500,-0.0500,0.0000,0.0040,-0.0040,0.0000,0.0000,0.0000,0.5000,0.5000,0.0000,0.0000,-0.2000,-0.2000,0.0000,0.0000,-0.0600,0.0600,-0.0000,0.0000,0.0000,0.0000,0.0000,0.0000,0.0000,0.0000,0.0000,0.0000,0.0000,0.0000,-0.0000,0.0000,0.0000,-0.0767,-0.0767,0.0000,0.0000,-0.0000,-0.0000,0.0000,0.0000,0.0000,0.0000,0.0000,0.0000,0.0000,0.0000,0.0000,0.0000,0.0000,0.0000,0.0000,0.0000,0.0000,0.0000,0.0000,0.0000,0.0000,0.0000,0.0000,
0.8381,RLFSMStatePassive,0.0000,0.0000,0.0000,-0.0053,0.0533,-0.0021,0.6363,-0.0003,0.0336,-0.7707,-0.2945,-0.3083,0.0000,0.0245,0.0046,0.0000,-0.0061,-0.0092,0.0000,0.0000,0.0000,0.5108,0.5170,0.0000,0.0000,-0.1994,-0.1963,0.0000,0.0000,-0.0552,0.0353,-0.3000,-0.3000,0.0000,0.0500,-0.0500,0.0000,0.0040,-0.0040,0.0000,0.0000,0.0000,0.5000,0.5000,0.0000,0.0000,-0.2000,-0.2000,0.0000,0.0000,-0.0600,0.0600,-0.0000,0.0000,0.0000,0.0000,0.0000,0.0000,0.0000,0.0000,0.0000,0.0000,0.0000,0.0000,-0.0000,0.0000,0.0000,-0.0767,-0.0000,0.0000,0.0000,-0.0000,-0.0000,0.0000,0.0000,0.0000,0.0000,0.0000,0.0000,0.0000,0.0000,0.0000,0.0000,0.0000,0.0000,0.0000,0.0000,0.0000,0.0000,0.0000,0.0000,0.0000,0.0000,0.0000,
0.8586,RLFSMStatePassive,0.0000,0.0000,0.0000,-0.0053,0.0405,-0.0021,0.6364,0.0001,0.0340,-0.7706,-0.2945,-0.3083,0.0000,0.0245,0.0046,0.0000,-0.0061,-0.0092,0.0000,0.0000,0.0000,0.5108,0.5170,0.0000,0.0000,-0.1994,-0.1979,0.0000,0.0000,-0.0552,0.0353,-0.3000,-0.3000,0.0000,0.0500,-0.0500,0.0000,0.0040,-0.0040,0.0000,0.0000,0.0000,0.5000,0.5000,0.0000,0.0000,-0.2000,-0.2000,0.0000,0.0000,-0.0600,0.0600,-0.0000,0.0000,0.0000,0.0000,0.0000,0.0000,0.0000,0.0000,0.0000,0.0000,0.0000,0.0000,-0.0000,0.0000,0.0000,-0.0767,-0.0000,0.0000,0.0000,-0.0000,-0.0000,0.0000,0.0000,0.0000,0.0000,0.0000,0.0000,0.0000,0.0000,0.0000,0.0000,0.0000,0.0000,0.0000,0.0000,0.0000,0.0000,0.0000,0.0000,0.0000,0.0000,0.0000,
0.8790,RLFSMStatePassive,0.0000,0.0000,0.0000,-0.0032,0.0181,-0.0011,0.6364,0.0009,0.0350,-0.7706,-0.2945,-0.3083,0.0000,0.0245,0.0046,0.0000,-0.0061,-0.0092,0.0000,0.0000,0.0000,0.5108,0.5170,0.0000,0.0000,-0.1994,-0.1979,0.0000,0.0000,-0.0552,0.0353,-0.3000,-0.3000,0.0000,0.0500,-0.0500,0.0000,0.0040,-0.0040,0.0000,0.0000,0.0000,0.5000,0.5000,0.0000,0.0000,-0.2000,-0.2000,0.0000,0.0000,-0.0600,0.0600,-0.0000,0.0000,0.0000,0.0000,0.0000,0.0000,0.0000,0.0000,0.0000,0.0000,0.0000,0.0000,-0.0000,0.0000,0.0000,0.0000,-0.0000,0.0000,0.0000,-0.0000,-0.0000,0.0000,0.0000,0.0000,0.0000,0.0000,0.0000,0.0000,0.0000,0.0000,0.0000,0.0000,0.0000,0.0000,0.0000,0.0000,0.0000,0.0000,0.0000,0.0000,0.0000,0.0000,
0.8995,RLFSMStatePassive,0.0000,0.0000,0.0000,0.0202,-0.0149,0.0032,0.6363,0.0013,0.0355,-0.7706,-0.2945,-0.3083,0.0000,0.0245,0.0046,0.0000,-0.0061,-0.0092,0.0000,0.0000,0.0000,0.5108,0.5170,0.0000,0.0000,-0.1994,-0.1979,0.0000,0.0000,-0.0552,0.0353,-0.3000,-0.3000,0.0000,0.0500,-0.0500,0.0000,0.0040,-0.0040,0.0000,0.0000,0.0000,0.5000,0.5000,0.0000,0.0000,-0.2000,-0.2000,0.0000,0.0000,-0.0600,0.0600,-0.0000,0.0000,0.0000,0.0000,0.0000,0.0000,0.0000,0.0000,0.0000,0.0000,0.0000,0.0000,-0.0000,0.0000,0.0000,0.0000,-0.0000,0.0000,0.0000,-0.0000,-0.0000,0.0000,0.0000,0.0000,0.0000,0.0000,0.0000,0.0000,0.0000,0.0000,0.0000,0.0000,0.0000,0.0000,0.0000,0.0000,0.0000,0.0000,0.0000,0.0000,0.0000,0.0000,
0.9200,RLFSMStatePassive,0.0000,0.0000,0.0000,0.0138,-0.0298,0.0032,0.6361,0.0016,0.0357,-0.7707,-0.2945,-0.3083,0.0000,0.0245,0.0046,0.0000,-0.0061,-0.0092,0.0000,0.0000,0.0000,0.5108,0.5170,0.0000,0.0000,-0.2010,-0.1979,0.0000,0.0000,-0.0552,0.0353,-0.3000,-0.3000,0.0000,0.0500,-0.0500,0.0000,0.0040,-0.0040,0.0000,0.0000,0.0000,0.5000,0.5000,0.0000,0.0000,-0.2000,-0.2000,0.0000,0.0000,-0.0600,0.0600,-0.0000,0.0000,0.0000,0.0000,0.0000,0.0000,0.0000,0.0000,0.0000,0.0000,0.0000,0.0000,-0.0000,0.0000,0.0000,-0.0767,-0.0000,0.0000,0.0000,-0.0000,-0.0000,0.0000,0.0000,0.0000,0.0000,0.0000,0.0000,0.0000,0.0000,0.0000,0.0000,0.0000,0.0000,0.0000,0.0000,0.0000,0.0000,0.0000,0.0000,0.0000,0.0000,0.0000,
0.9403,RLFSMStatePassive,0.0000,0.0000,0.0000,0.0138,-0.0501,0.0011,0.6360,0.0018,0.0357,-0.7708,-0.2945,-0.3083,0.0000,0.0245,0.0046,0.0000,-0.0061,-0.0092,0.0000,0.0000,0.0000,0.5108,0.5170,0.0000,0.0000,-0.2010,-0.1979,0.0000,0.0000,-0.0552,0.0353,-0.3000,-0.3000,0.0000,0.0500,-0.0500,0.0000,0.0040,-0.0040,0.0000,0.0000,0.0000,0.5000,0.5000,0.0000,0.0000,-0.2000,-0.2000,0.0000,0.0000,-0.0600,0.0600,-0.0000,0.0000,0.0000,0.0000,0.0000,0.0000,0.0000,0.0000,0.0000,0.0000,0.0000,0.0000,-0.0000,0.0000,0.0000,0.0000,-0.0000,0.0000,0.0000,-0.0000,-0.0000,0.0000,0.0000,0.0000,0.0000,0.0000,0.0000,0.0000,0.0000,0.0000,0.0000,0.0000,0.0000,0.0000,0.0000,0.0000,0.0000,0.0000,0.0000,0.0000,0.0000,0.0000,
0.9608,RLFSMStatePassive,0.0000,0.0000,0.0000,0.0075,-0.0639,0.0032,0.6360,0.0018,0.0356,-0.7709,-0.2945,-0.3083,0.0000,0.0245,0.0046,0.0000,-0.0061,-0.0092,0.0000,0.0000,0.0000,0.5123,0.5170,0.0000,0.0000,-0.1994,-0.1979,0.0000,0.0000,-0.0552,0.0353,-0.3000,-0.3000,0.0000,0.0500,-0.0500,0.0000,0.0040,-0.0040,0.0000,0.0000,0.0000,0.5000,0.5000,0.0000,0.0000,-0.2000,-0.2000,0.0000,0.0000,-0.0600,0.0600,-0.0000,0.0000,0.0000,0.0000,0.0000,0.0000,0.0000,0.0000,0.0000,0.0000,0.0000,0.0767,-0.0000,0.0000,0.0000,0.0767,-0.0000,0.0000,0.0000,-0.0000,-0.0000,0.0000,0.0000,0.0000,0.0000,0.0000,0.0000,0.0000,0.0000,0.0000,0.0000,0.0000,0.0000,0.0000,0.0000,0.0000,0.0000,0.0000,0.0000,0.0000,0.0000,0.0000,
0.9814,RLFSMStatePassive,0.0000,0.0000,0.0000,0.0053,-0.0735,0.0053,0.6359,0.0017,0.0354,-0.7709,-0.2945,-0.3083,0.0000,0.0245,0.0046,0.0000,-0.0061,-0.0092,0.0000,0.0000,0.0000,0.5123,0.5170,0.0000,0.0000,-0.1994,-0.1979,0.0000,0.0000,-0.0552,0.0353,-0.3000,-0.3000,0.0000,0.0500,-0.0500,0.0000,0.0040,-0.0040,0.0000,0.0000,0.0000,0.5000,0.5000,0.0000,0.0000,-0.2000,-0.2000,0.0000,0.0000,-0.0600,0.0600,-0.0000,0.0000,0.0000,0.0000,0.0000,0.0000,0.0000,0.0000,0.0000,0.0000,0.0000,0.0000,-0.0000,0.0000,0.0000,0.0767,-0.0000,0.0000,0.0000,-0.0000,-0.0000,0.0000,0.0000,0.0000,0.0000,0.0000,0.0000,0.0000,0.0000,0.0000,0.0000,0.0000,0.0000,0.0000,0.0000,0.0000,0.0000,0.0000,0.0000,0.0000,0.0000,0.0000,
1.0018,RLFSMStatePassive,0.0000,0.0000,0.0000,0.0160,-0.1012,0.0096,0.6358,0.0011,0.0349,-0.7711,-0.2945,-0.3083,0.0000,0.0245,0.0046,0.0000,-0.0061,-0.0092,0.0000,0.0000,0.0000,0.5123,0.5185,0.0000,0.0000,-0.1994,-0.1963,0.0000,0.0000,-0.0552,0.0353,-0.3000,-0.3000,0.0000,0.0500,-0.0500,0.0000,0.0040,-0.0040,0.0000,0.0000,0.0000,0.5000,0.5000,0.0000,0.0000,-0.2000,-0.2000,0.0000,0.0000,-0.0600,0.0600,-0.0000,0.0000,0.0000,0.0000,0.0000,0.0000,0.0000,0.0000,0.0000,0.0000,0.0000,0.0000,-0.0000,0.0000,0.0000,0.0000,0.0767,0.0000,0.0000,-0.0000,-0.0000,0.0000,0.0000,0.0000,0.0000,0.0000,0.0000,0.0000,0.0000,0.0000,0.0000,0.0000,0.0000,0.0000,0.0000,0.0000,0.0000,0.0000,0.0000,0.0000,0.0000,0.0000,
1.0224,RLFSMStatePassive,0.0000,0.0000,0.0000,0.0181,-0.1044,0.0085,0.6357,0.0007,0.0347,-0.7711,-0.2945,-0.3083,0.0000,0.0245,0.0046,0.0000,-0.0061,-0.0092,0.0000,0.0000,0.0000,0.5123,0.5185,0.0000,0.0000,-0.1979,-0.1948,0.0000,0.0000,-0.0552,0.0353,-0.3000,-0.3000,0.0000,0.0500,-0.0500,0.0000,0.0040,-0.0040,0.0000,0.0000,0.0000,0.5000,0.5000,0.0000,0.0000,-0.2000,-0.2000,0.0000,0.0000,-0.0600,0.0600,-0.0000,0.0000,0.0000,0.0000,0.0000,0.0000,0.0000,0.0000,0.0000,0.0000,0.0000,0.0000,0.0767,0.0000,0.0000,0.0000,0.0767,0.0000,0.0000,-0.0000,-0.0000,0.0000,0.0000,0.0000,0.0000,0.0000,0.0000,0.0000,0.0000,0.0000,0.0000,0.0000,0.0000,0.0000,0.0000,0.0000,0.0000,0.0000,0.0000,0.0000,0.0000,0.0000,
1.0431,RLFSMStatePassive,0.0000,0.0000,0.0000,0.0224,-0.1097,0.0107,0.6355,-0.0001,0.0342,-0.7713,-0.2945,-0.3083,0.0000,0.0245,0.0046,0.0000,-0.0061,-0.0092,0.0000,0.0000,0.0000,0.5123,0.5185,0.0000,0.0000,-0.1979,-0.1948,0.0000,0.0000,-0.0552,0.0353,-0.3000,-0.3000,0.0000,0.0500,-0.0500,0.0000,0.0040,-0.0040,0.0000,0.0000,0.0000,0.5000,0.5000,0.0000,0.0000,-0.2000,-0.2000,0.0000,0.0000,-0.0600,0.0600,-0.0000,0.0000,0.0000,0.0000,0.0000,0.0000,0.0000,0.0000,0.0000,0.0000,0.0000,0.0000,-0.0000,0.0000,0.0000,0.0767,-0.0000,0.0000,0.0000,-0.0000,-0.0000,0.0000,0.0000,0.0000,0.0000,0.0000,0.0000,0.0000,0.0000,0.0000,0.0000,0.0000,0.0000,0.0000,0.0000,0.0000,0.0000,0.0000,0.0000,0.0000,0.0000,0.0000,
1.0636,RLFSMStatePassive,0.0000,0.0000,0.0000,0.0202,-0.1129,0.0107,0.6352,-0.0013,0.0331,-0.7716,-0.2945,-0.3083,0.0000,0.0245,0.0046,0.0000,-0.0061,-0.0092,0.0000,0.0000,0.0000,0.5123,0.5185,0.0000,0.0000,-0.1963,-0.1933,0.0000,0.0000,-0.0552,0.0353,-0.3000,-0.3000,0.0000,0.0500,-0.0500,0.0000,0.0040,-0.0040,0.0000,0.0000,0.0000,0.5000,0.5000,0.0000,0.0000,-0.2000,-0.2000,0.0000,0.0000,-0.0600,0.0600,-0.0000,0.0000,0.0000,0.0000,0.0000,0.0000,0.0000,0.0000,0.0000,0.0000,0.0000,0.0000,-0.0000,0.0000,0.0000,0.0767,0.0767,0.0000,0.0000,-0.0000,-0.0000,0.0000,0.0000,0.0000,0.0000,0.0000,0.0000,0.0000,0.0000,0.0000,0.0000,0.0000,0.0000,0.0000,0.0000,0.0000,0.0000,0.0000,0.0000,0.0000,0.0000,0.0000,
1.0842,RLFSMStatePassive,0.0000,0.0000,0.0000,0.0128,-0.1236,0.0096,0.6351,-0.0020,0.0322,-0.7717,-0.2930,-0.3083,0.0000,0.0245,0.0046,0.0000,-0.0061,-0.0092,0.0000,0.0000,0.0000,0.5123,0.5200,0.0000,0.0000,-0.1963,-0.1917,0.0000,0.0000,-0.0552,0.0353,-0.3000,-0.3000,0.0000,0.0500,-0.0500,0.0000,0.0040,-0.0040,0.0000,0.0000,0.0000,0.5000,0.5000,0.0000,0.0000,-0.2000,-0.2000,0.0000,0.0000,-0.0600,0.0600,0.0767,0.0000,0.0000,0.0000,0.0000,0.0000,0.0000,0.0000,0.0000,0.0000,0.0000,0.0000,0.0767,0.0000,0.0000,0.0000,0.0767,0.0000,0.0000,-0.0000,-0.0000,0.0000,0.0000,0.0000,0.0000,0.0000,0.0000,0.0000,0.0000,0.0000,0.0000,0.0000,0.0000,0.0000,0.0000,0.0000,0.0000,0.0000,0.0000,0.0000,0.0000,0.0000,
1.1048,RLFSMStatePassive,0.0000,0.0000,0.0000,0.0075,-0.1470,0.0202,0.6350,-0.0030,0.0311,-0.7719,-0.2930,-0.3083,0.0000,0.0245,0.0046,0.0000,-0.0061,-0.0092,0.0000,0.0000,0.0000,0.5123,0.5216,0.0000,0.0000,-0.1963,-0.1917,0.0000,0.0000,-0.0552,0.0353,-0.3000,-0.3000,0.0000,0.0500,-0.0500,0.0000,0.0040,-0.0040,0.0000,0.0000,0.0000,0.5000,0.5000,0.0000,0.0000,-0.2000,-0.2000,0.0000,0.0000,-0.0600,0.0600,-0.0000,0.0000,0.0000,0.0000,0.0000,0.0000,0.0000,0.0000,0.0000,0.0000,0.0000,0.0000,-0.0000,0.0000,0.0000,0.0000,-0.0000,0.0000,0.0000,-0.0000,-0.0000,0.0000,0.0000,0.0000,0.0000,0.0000,0.0000,0.0000,0.0000,0.0000,0.0000,0.0000,0.0000,0.0000,0.0000,0.0000,0.0000,0.0000,0.0000,0.0000,0.0000,0.0000,
1.1252,RLFSMStatePassive,0.0000,0.0000,0.0000,0.0181,-0.1406,0.0117,0.6349,-0.0042,0.0299,-0.7720,-0.2930,-0.3083,0.0000,0.0245,0.0046,0.0000,-0.0061,-0.0092,0.0000,0.0000,0.0000,0.5139,0.5216,0.0000,0.0000,-0.1963,-0.1902,0.0000,0.0000,-0.0552,0.0353,-0.3000,-0.3000,0.0000,0.0500,-0.0500,0.0000,0.0040,-0.0040,0.0000,0.0000,0.0000,0.5000,0.5000,0.0000,0.0000,-0.2000,-0.2000,0.0000,0.0000,-0.0600,0.0600,-0.0000,0.0000,0.0000,0.0000,0.0000,0.0000,0.0000,0.0000,0.0000,0.0000,0.0000,0.0767,0.0767,0.0000,0.0000,0.0000,0.0767,0.0000,0.0000,-0.0000,-0.0000,0.0000,0.0000,0.0000,0.0000,0.0000,0.0000,0.0000,0.0000,0.0000,0.0000,0.0000,0.0000,0.0000,0.0000,0.0000,0.0000,0.0000,0.0000,0.0000,0.0000,0.0000,
1.1455,RLFSMStatePassive,0.0000,0.0000,0.0000,0.0149,-0.1278,-0.0138,0.6348,-0.0051,0.0291,-0.7721,-0.2930,-0.3083,0.0000,0.0245,0.0046,0.0000,-0.0061,-0.0092,0.0000,0.0000,0.0000,0.5154,0.5216,0.0000,0.0000,-0.1963,-0.1887,0.0000,0.0000,-0.0552,0.0353,-0.3000,-0.3000,0.0000,0.0500,-0.0500,0.0000,0.0040,-0.0040,0.0000,0.0000,0.0000,0.5000,0.5000,0.0000,0.0000,-0.2000,-0.2000,0.0000,0.0000,-0.0600,0.0600,-0.0000,0.0000,0.0000,0.0000,0.0000,0.0000,0.0000,0.0000,0.0000,0.0000,0.0000,0.0767,-0.0000,0.0000,0.0000,0.0000,0.0767,0.0000,0.0000,-0.0000,-0.0000,0.0000,0.0000,0.0000,0.0000,0.0000,0.0000,0.0000,0.0000,0.0000,0.0000,0.0000,0.0000,0.0000,0.0000,0.0000,0.0000,0.0000,0.0000,0.0000,0.0000,0.0000,
1.1659,RLFSMStatePassive,0.0000,0.0000,0.0000,0.0149,-0.1278,-0.0138,0.6348,-0.0051,0.0291,-0.7721,-0.2930,-0.3083,0.0000,0.0245,0.0046,0.0000,-0.0061,-0.0092,0.0000,0.0000,0.0000,0.5154,0.5216,0.0000,0.0000,-0.1963,-0.1887,0.0000,0.0000,-0.0552,0.0353,-0.3000,-0.3000,0.0000,0.0500,-0.0500,0.0000,0.0040,-0.0040,0.0000,0.0000,0.0000,0.5000,0.5000,0.0000,0.0000,-0.2000,-0.2000,0.0000,0.0000,-0.0600,0.0600,-0.0000,0.0000,0.0000,0.0000,0.0000,0.0000,0.0000,0.0000,0.0000,0.0000,0.0000,0.0767,-0.0000,0.0000,0.0000,0.0000,0.0767,0.0000,0.0000,-0.0000,-0.0000,0.0000,0.0000,0.0000,0.0000,0.0000,0.0000,0.0000,0.0000,0.0000,0.0000,0.0000,0.0000,0.0000,0.0000,0.0000,0.0000,0.0000,0.0000,0.0000,0.0000,0.0000,
1.1863,RLFSMStatePassive,0.0000,0.0000,0.0000,0.0149,-0.1278,-0.0138,0.6348,-0.0051,0.0291,-0.7721,-0.2930,-0.3083,0.0000,0.0245,0.0046,0.0000,-0.0061,-0.0092,0.0000,0.0000,0.0000,0.5154,0.5216,0.0000,0.0000,-0.1963,-0.1887,0.0000,0.0000,-0.0552,0.0353,-0.3000,-0.3000,0.0000,0.0500,-0.0500,0.0000,0.0040,-0.0040,0.0000,0.0000,0.0000,0.5000,0.5000,0.0000,0.0000,-0.2000,-0.2000,0.0000,0.0000,-0.0600,0.0600,-0.0000,0.0000,0.0000,0.0000,0.0000,0.0000,0.0000,0.0000,0.0000,0.0000,0.0000,0.0767,-0.0000,0.0000,0.0000,0.0000,0.0767,0.0000,0.0000,-0.0000,-0.0000,0.0000,0.0000,0.0000,0.0000,0.0000,0.0000,0.0000,0.0000,0.0000,0.0000,0.0000,0.0000,0.0000,0.0000,0.0000,0.0000,0.0000,0.0000,0.0000,0.0000,0.0000,
1.2066,RLFSMStatePassive,0.0000,0.0000,0.0000,0.0181,-0.1225,0.0053,0.6343,-0.0071,0.0264,-0.7726,-0.2930,-0.3083,0.0000,0.0245,0.0046,0.0000,-0.0061,-0.0092,0.0000,0.0000,0.0000,0.5185,0.5216,0.0000,0.0000,-0.1948,-0.1856,0.0000,0.0000,-0.0537,0.0353,-0.3000,-0.3000,0.0000,0.0500,-0.0500,0.0000,0.0040,-0.0040,0.0000,0.0000,0.0000,0.5000,0.5000,0.0000,0.0000,-0.2000,-0.2000,0.0000,0.0000,-0.0600,0.0600,-0.0000,0.0000,0.0000,0.0000,0.0000,0.0000,0.0000,0.0000,0.0000,0.0000,0.0000,0.0767,-0.0000,0.0000,0.0000,0.0000,0.0767,0.0000,0.0000,-0.0000,-0.0000,0.0000,0.0000,0.0000,0.0000,0.0000,0.0000,0.0000,0.0000,0.0000,0.0000,0.0000,0.0000,0.0000,0.0000,0.0000,0.0000,0.0000,0.0000,0.0000,0.0000,0.0000,
1.2270,RLFSMStatePassive,0.0000,0.0000,0.0000,0.0181,-0.1161,-0.0011,0.6341,-0.0084,0.0256,-0.7728,-0.2930,-0.3068,0.0000,0.0245,0.0046,0.0000,-0.0061,-0.0092,0.0000,0.0000,0.0000,0.5185,0.5216,0.0000,0.0000,-0.1933,-0.1841,0.0000,0.0000,-0.0537,0.0353,-0.3000,-0.3000,0.0000,0.0500,-0.0500,0.0000,0.0040,-0.0040,0.0000,0.0000,0.0000,0.5000,0.5000,0.0000,0.0000,-0.2000,-0.2000,0.0000,0.0000,-0.0600,0.0600,-0.0000,0.0000,0.0000,0.0000,0.0000,0.0000,0.0000,0.0000,0.0000,0.0000,0.0000,0.0000,-0.0000,0.0000,0.0000,0.0767,0.0767,0.0000,0.0000,-0.0000,-0.0000,0.0000,0.0000,0.0000,0.0000,0.0000,0.0000,0.0000,0.0000,0.0000,0.0000,0.0000,0.0000,0.0000,0.0000,0.0000,0.0000,0.0000,0.0000,0.0000,0.0000,0.0000,
1.2474,RLFSMStatePassive,0.0000,0.0000,0.0000,0.0138,-0.1001,0.0138,0.6339,-0.0102,0.0247,-0.7730,-0.2930,-0.3068,0.0000,0.0245,0.0046,0.0000,-0.0061,-0.0092,0.0000,0.0000,0.0000,0.5185,0.5216,0.0000,0.0000,-0.1917,-0.1810,0.0000,0.0000,-0.0537,0.0353,-0.3000,-0.3000,0.0000,0.0500,-0.0500,0.0000,0.0040,-0.0040,0.0000,0.0000,0.0000,0.5000,0.5000,0.0000,0.0000,-0.2000,-0.2000,0.0000,0.0000,-0.0600,0.0600,-0.0000,0.0000,0.0000,0.0000,0.0000,0.0000,0.0000,0.0000,0.0000,0.0000,0.0000,0.0000,-0.0000,0.0000,0.0000,0.0000,0.0767,0.0000,0.0000,-0.0000,-0.0000,0.0000,0.0000,0.0000,0.0000,0.0000,0.0000,0.0000,0.0000,0.0000,0.0000,0.0000,0.0000,0.0000,0.0000,0.0000,0.0000,0.0000,0.0000,0.0000,0.0000,0.0000,
1.2679,RLFSMStatePassive,0.0000,0.0000,0.0000,0.0138,-0.0927,0.0213,0.6338,-0.0107,0.0244,-0.7730,-0.2930,-0.3068,0.0000,0.0245,0.0046,0.0000,-0.0061,-0.0092,0.0000,0.0000,0.0000,0.5185,0.5216,0.0000,0.0000,-0.1917,-0.1810,0.0000,0.0000,-0.0537,0.0353,-0.3000,-0.3000,0.0000,0.0500,-0.0500,0.0000,0.0040,-0.0040,0.0000,0.0000,0.0000,0.5000,0.5000,0.0000,0.0000,-0.2000,-0.2000,0.0000,0.0000,-0.0600,0.0600,-0.0000,0.0000,0.0000,0.0000,0.0000,0.0000,0.0000,0.0000,0.0000,0.0000,0.0000,0.0000,-0.0000,0.0000,0.0000,0.0767,0.0767,0.0000,0.0000,-0.0000,-0.0000,0.0000,0.0000,0.0000,0.0000,0.0000,0.0000,0.0000,0.0000,0.0000,0.0000,0.0000,0.0000,0.0000,0.0000,0.0000,0.0000,0.0000,0.0000,0.0000,0.0000,0.0000,
1.2884,RLFSMStatePassive,0.0000,0.0000,0.0000,0.0064,-0.0756,0.0117,0.6336,-0.0122,0.0233,-0.7732,-0.2915,-0.3068,0.0000,0.0245,0.0046,0.0000,-0.0061,-0.0092,0.0000,0.0000,0.0000,0.5185,0.5216,0.0000,0.0000,-0.1917,-0.1779,0.0000,0.0000,-0.0537,0.0353,-0.3000,-0.3000,0.0000,0.0500,-0.0500,0.0000,0.0040,-0.0040,0.0000,0.0000,0.0000,0.5000,0.5000,0.0000,0.0000,-0.2000,-0.2000,0.0000,0.0000,-0.0600,0.0600,0.0767,0.0000,0.0000,0.0000,0.0000,0.0000,0.0000,0.0000,0.0000,0.0000,0.0000,0.0000,-0.0000,0.0000,0.0000,0.0000,0.0767,0.0000,0.0000,-0.0000,-0.0000,0.0000,0.0000,0.0000,0.0000,0.0000,0.0000,0.0000,0.0000,0.0000,0.0000,0.0000,0.0000,0.0000,0.0000,0.0000,0.0000,0.0000,0.0000,0.0000,0.0000,0.0000,
1.3089,RLFSMStatePassive,0.0000,0.0000,0.0000,-0.0032,-0.0703,0.0043,0.6336,-0.0127,0.0228,-0.7732,-0.2915,-0.3068,0.0000,0.0245,0.0046,0.0000,-0.0061,-0.0092,0.0000,0.0000,0.0000,0.5185,0.5216,0.0000,0.0000,-0.1917,-0.1779,0.0000,0.0000,-0.0537,0.0353,-0.3000,-0.3000,0.0000,0.0500,-0.0500,0.0000,0.0040,-0.0040,0.0000,0.0000,0.0000,0.5000,0.5000,0.0000,0.0000,-0.2000,-0.2000,0.0000,0.0000,-0.0600,0.0600,0.0767,0.0000,0.0000,0.0000,0.0000,0.0000,0.0000,0.0000,0.0000,0.0000,0.0000,0.0000,-0.0000,0.0000,0.0000,0.0000,0.0767,0.0000,0.0000,-0.0000,-0.0000,0.0000,0.0000,0.0000,0.0000,0.0000,0.0000,0.0000,0.0000,0.0000,0.0000,0.0000,0.0000,0.0000,0.0000,0.0000,0.0000,0.0000,0.0000,0.0000,0.0000,0.0000,
1.3295,RLFSMStatePassive,0.0000,0.0000,0.0000,-0.0128,-0.0639,0.0021,0.6337,-0.0131,0.0223,-0.7732,-0.2915,-0.3068,0.0000,0.0245,0.0046,0.0000,-0.0061,-0.0092,0.0000,0.0000,0.0000,0.5185,0.5216,0.0000,0.0000,-0.1917,-0.1779,0.0000,0.0000,-0.0537,0.0353,-0.3000,-0.3000,0.0000,0.0500,-0.0500,0.0000,0.0040,-0.0040,0.0000,0.0000,0.0000,0.5000,0.5000,0.0000,0.0000,-0.2000,-0.2000,0.0000,0.0000,-0.0600,0.0600,-0.0000,0.0000,0.0000,0.0000,0.0000,0.0000,0.0000,0.0000,0.0000,0.0000,0.0000,0.0000,-0.0000,0.0000,0.0000,0.0000,0.0767,0.0000,0.0000,-0.0000,-0.0000,0.0000,0.0000,0.0000,0.0000,0.0000,0.0000,0.0000,0.0000,0.0000,0.0000,0.0000,0.0000,0.0000,0.0000,0.0000,0.0000,0.0000,0.0000,0.0000,0.0000,0.0000,
1.3501,RLFSMStatePassive,0.0000,0.0000,0.0000,0.0160,-0.0245,-0.0000,0.6336,-0.0142,0.0205,-0.7733,-0.2915,-0.3068,0.0000,0.0245,0.0046,0.0000,-0.0061,-0.0092,0.0000,0.0000,0.0000,0.5185,0.5216,0.0000,0.0000,-0.1902,-0.1749,0.0000,0.0000,-0.0537,0.0353,-0.3000,-0.3000,0.0000,0.0500,-0.0500,0.0000,0.0040,-0.0040,0.0000,0.0000,0.0000,0.5000,0.5000,0.0000,0.0000,-0.2000,-0.2000,0.0000,0.0000,-0.0600,0.0600,-0.0000,0.0000,0.0000,0.0000,0.0000,0.0000,0.0000,0.0000,0.0000,0.0000,0.0000,0.0000,-0.0000,0.0000,0.0000,0.0000,0.0767,0.0000,0.0000,-0.0000,-0.0000,0.0000,0.0000,0.0000,0.0000,0.0000,0.0000,0.0000,0.0000,0.0000,0.0000,0.0000,0.0000,0.0000,0.0000,0.0000,0.0000,0.0000,0.0000,0.0000,0.0000,0.0000,
1.3705,RLFSMStatePassive,0.0000,0.0000,0.0000,0.0160,-0.0245,-0.0000,0.6336,-0.0142,0.0205,-0.7733,-0.2915,-0.3068,0.0000,0.0245,0.0046,0.0000,-0.0061,-0.0092,0.0000,0.0000,0.0000,0.5185,0.5216,0.0000,0.0000,-0.1902,-0.1749,0.0000,0.0000,-0.0537,0.0353,-0.3000,-0.3000,0.0000,0.0500,-0.0500,0.0000,0.0040,-0.0040,0.0000,0.0000,0.0000,0.5000,0.5000,0.0000,0.0000,-0.2000,-0.2000,0.0000,0.0000,-0.0600,0.0600,-0.0000,0.0000,0.0000,0.0000,0.0000,0.0000,0.0000,0.0000,0.0000,0.0000,0.0000,0.0000,-0.0000,0.0000,0.0000,0.0000,0.0767,0.0000,0.0000,-0.0000,-0.0000,0.0000,0.0000,0.0000,0.0000,0.0000,0.0000,0.0000,0.0000,0.0000,0.0000,0.0000,0.0000,0.0000,0.0000,0.0000,0.0000,0.0000,0.0000,0.0000,0.0000,0.0000,
1.3909,RLFSMStatePassive,0.0000,0.0000,0.0000,0.0160,-0.0245,-0.0000,0.6336,-0.0142,0.0205,-0.7733,-0.2915,-0.3068,0.0000,0.0245,0.0046,0.0000,-0.0061,-0.0092,0.0000,0.0000,0.0000,0.5185,0.5216,0.0000,0.0000,-0.1902,-0.1749,0.0000,0.0000,-0.0537,0.0353,-0.3000,-0.3000,0.0000,0.0500,-0.0500,0.0000,0.0040,-0.0040,0.0000,0.0000,0.0000,0.5000,0.5000,0.0000,0.0000,-0.2000,-0.2000,0.0000,0.0000,-0.0600,0.0600,-0.0000,0.0000,0.0000,0.0000,0.0000,0.0000,0.0000,0.0000,0.0000,0.0000,0.0000,0.0000,-0.0000,0.0000,0.0000,0.0000,0.0767,0.0000,0.0000,-0.0000,-0.0000,0.0000,0.0000,0.0000,0.0000,0.0000,0.0000,0.0000,0.0000,0.0000,0.0000,0.0000,0.0000,0.0000,0.0000,0.0000,0.0000,0.0000,0.0000,0.0000,0.0000,0.0000,
1.4113,RLFSMStatePassive,0.0000,0.0000,0.0000,-0.0021,0.0117,-0.0032,0.6335,-0.0145,0.0196,-0.7733,-0.2915,-0.3068,0.0000,0.0245,0.0046,0.0000,-0.0046,-0.0092,0.0000,0.0000,0.0000,0.5185,0.5216,0.0000,0.0000,-0.1902,-0.1749,0.0000,0.0000,-0.0537,0.0353,-0.3000,-0.3000,0.0000,0.0500,-0.0500,0.0000,0.0040,-0.0040,0.0000,0.0000,0.0000,0.5000,0.5000,0.0000,0.0000,-0.2000,-0.2000,0.0000,0.0000,-0.0600,0.0600,-0.0000,0.0000,0.0000,0.0000,0.0000,0.0000,0.0000,0.0000,0.0000,0.0000,0.0000,0.0000,-0.0000,0.0000,0.0000,0.0000,-0.0000,0.0000,0.0000,-0.0000,-0.0000,0.0000,0.0000,0.0000,0.0000,0.0000,0.0000,0.0000,0.0000,0.0000,0.0000,0.0000,0.0000,0.0000,0.0000,0.0000,0.0000,0.0000,0.0000,0.0000,0.0000,0.0000,
1.4317,RLFSMStatePassive,0.0000,0.0000,0.0000,-0.0053,0.0469,-0.0032,0.6335,-0.0152,0.0195,-0.7733,-0.2915,-0.3068,0.0000,0.0245,0.0046,0.0000,-0.0046,-0.0092,0.0000,0.0000,0.0000,0.5185,0.5216,0.0000,0.0000,-0.1902,-0.1749,0.0000,0.0000,-0.0537,0.0353,-0.3000,-0.3000,0.0000,0.0500,-0.0500,0.0000,0.0040,-0.0040,0.0000,0.0000,0.0000,0.5000,0.5000,0.0000,0.0000,-0.2000,-0.2000,0.0000,0.0000,-0.0600,0.0600,-0.0000,0.0000,0.0000,0.0000,0.0000,0.0000,0.0000,0.0000,0.0000,0.0000,0.0000,0.0000,-0.0000,0.0000,0.0000,0.0000,-0.0000,0.0000,0.0000,-0.0000,-0.0000,0.0000,0.0000,0.0000,0.0000,0.0000,0.0000,0.0000,0.0000,0.0000,0.0000,0.0000,0.0000,0.0000,0.0000,0.0000,0.0000,0.0000,0.0000,0.0000,0.0000,0.0000,
1.4524,RLFSMStatePassive,0.0000,0.0000,0.0000,0.0075,0.0469,-0.0011,0.6335,-0.0153,0.0197,-0.7733,-0.2915,-0.3068,0.0000,0.0245,0.0046,0.0000,-0.0046,-0.0092,0.0000,0.0000,0.0000,0.5185,0.5216,0.0000,0.0000,-0.1902,-0.1749,0.0000,0.0000,-0.0537,0.0353,-0.3000,-0.3000,0.0000,0.0500,-0.0500,0.0000,0.0040,-0.0040,0.0000,0.0000,0.0000,0.5000,0.5000,0.0000,0.0000,-0.2000,-0.2000,0.0000,0.0000,-0.0600,0.0600,-0.0000,0.0000,0.0000,0.0000,0.0000,0.0000,0.0000,0.0000,0.0000,0.0000,0.0000,0.0000,-0.0000,0.0000,0.0000,0.0000,-0.0000,0.0000,0.0000,-0.0000,-0.0000,0.0000,0.0000,0.0000,0.0000,0.0000,0.0000,0.0000,0.0000,0.0000,0.0000,0.0000,0.0000,0.0000,0.0000,0.0000,0.0000,0.0000,0.0000,0.0000,0.0000,0.0000,
1.4728,RLFSMStatePassive,0.0000,0.0000,0.0000,0.0085,0.0501,-0.0000,0.6335,-0.0152,0.0199,-0.7734,-0.2915,-0.3068,0.0000,0.0245,0.0046,0.0000,-0.0046,-0.0092,0.0000,0.0000,0.0000,0.5185,0.5216,0.0000,0.0000,-0.1902,-0.1749,0.0000,0.0000,-0.0537,0.0353,-0.3000,-0.3000,0.0000,0.0500,-0.0500,0.0000,0.0040,-0.0040,0.0000,0.0000,0.0000,0.5000,0.5000,0.0000,0.0000,-0.2000,-0.2000,0.0000,0.0000,-0.0600,0.0600,-0.0000,0.0000,0.0000,0.0000,0.0000,0.0000,0.0000,0.0000,0.0000,0.0000,0.0000,0.0000,-0.0000,0.0000,0.0000,0.0000,-0.0000,0.0000,0.0000,-0.0000,-0.0000,0.0000,0.0000,0.0000,0.0000,0.0000,0.0000,0.0000,0.0000,0.0000,0.0000,0.0000,0.0000,0.0000,0.0000,0.0000,0.0000,0.0000,0.0000,0.0000,0.0000,0.0000,
1.4931,RLFSMStatePassive,0.0000,0.0000,0.0000,0.0043,0.0479,-0.0075,0.6335,-0.0145,0.0204,-0.7734,-0.2915,-0.3068,0.0000,0.0245,0.0046,0.0000,-0.0046,-0.0092,0.0000,0.0000,0.0000,0.5185,0.5216,0.0000,0.0000,-0.1902,-0.1749,0.0000,0.0000,-0.0537,0.0353,-0.3000,-0.3000,0.0000,0.0500,-0.0500,0.0000,0.0040,-0.0040,0.0000,0.0000,0.0000,0.5000,0.5000,0.0000,0.0000,-0.2000,-0.2000,0.0000,0.0000,-0.0600,0.0600,-0.0000,0.0000,0.0000,0.0000,0.0000,0.0000,0.0000,0.0000,0.0000,0.0000,0.0000,0.0000,-0.0000,0.0000,0.0000,0.0000,-0.0000,0.0000,0.0000,-0.0000,-0.0000,0.0000,0.0000,0.0000,0.0000,0.0000,0.0000,0.0000,0.0000,0.0000,0.0000,0.0000,0.0000,0.0000,0.0000,0.0000,0.0000,0.0000,0.0000,0.0000,0.0000,0.0000,
1.5136,RLFSMStatePassive,0.0000,0.0000,0.0000,-0.0043,0.0405,-0.0043,0.6334,-0.0138,0.0207,-0.7734,-0.2915,-0.3068,0.0000,0.0245,0.0046,0.0000,-0.0046,-0.0092,0.0000,0.0000,0.0000,0.5185,0.5216,0.0000,0.0000,-0.1902,-0.1749,0.0000,0.0000,-0.0537,0.0353,-0.3000,-0.3000,0.0000,0.0500,-0.0500,0.0000,0.0040,-0.0040,0.0000,0.0000,0.0000,0.5000,0.5000,0.0000,0.0000,-0.2000,-0.2000,0.0000,0.0000,-0.0600,0.0600,-0.0000,0.0000,0.0000,0.0000,0.0000,0.0000,0.0000,0.0000,0.0000,0.0000,0.0000,0.0000,-0.0000,0.0000,0.0000,0.0000,-0.0000,0.0000,0.0000,-0.0000,-0.0000,0.0000,0.0000,0.0000,0.0000,0.0000,0.0000,0.0000,0.0000,0.0000,0.0000,0.0000,0.0000,0.0000,0.0000,0.0000,0.0000,0.0000,0.0000,0.0000,0.0000,0.0000,
1.5344,RLFSMStatePassive,0.0000,0.0000,0.0000,-0.0064,0.0234,-0.0011,0.6335,-0.0130,0.0212,-0.7734,-0.2915,-0.3068,0.0000,0.0245,0.0046,0.0000,-0.0046,-0.0092,0.0000,0.0000,0.0000,0.5185,0.5216,0.0000,0.0000,-0.1902,-0.1749,0.0000,0.0000,-0.0537,0.0353,-0.3000,-0.3000,0.0000,0.0500,-0.0500,0.0000,0.0040,-0.0040,0.0000,0.0000,0.0000,0.5000,0.5000,0.0000,0.0000,-0.2000,-0.2000,0.0000,0.0000,-0.0600,0.0600,-0.0000,0.0000,0.0000,0.0000,0.0000,0.0000,0.0000,0.0000,0.0000,0.0000,0.0000,0.0000,-0.0000,0.0000,0.0000,0.0000,-0.0000,0.0000,0.0000,-0.0000,-0.0000,0.0000,0.0000,0.0000,0.0000,0.0000,0.0000,0.0000,0.0000,0.0000,0.0000,0.0000,0.0000,0.0000,0.0000,0.0000,0.0000,0.0000,0.0000,0.0000,0.0000,0.0000,
1.5549,RLFSMStatePassive,0.0000,0.0000,0.0000,-0.0032,-0.0011,-0.0053,0.6335,-0.0126,0.0217,-0.7733,-0.2930,-0.3068,0.0000,0.0245,0.0046,0.0000,-0.0046,-0.0092,0.0000,0.0000,0.0000,0.5185,0.5216,0.0000,0.0000,-0.1902,-0.1749,0.0000,0.0000,-0.0537,0.0353,-0.3000,-0.3000,0.0000,0.0500,-0.0500,0.0000,0.0040,-0.0040,0.0000,0.0000,0.0000,0.5000,0.5000,0.0000,0.0000,-0.2000,-0.2000,0.0000,0.0000,-0.0600,0.0600,-0.0767,0.0000,0.0000,0.0000,0.0000,0.0000,0.0000,0.0000,0.0000,0.0000,0.0000,0.0000,-0.0000,0.0000,0.0000,0.0000,-0.0000,0.0000,0.0000,-0.0000,-0.0000,0.0000,0.0000,0.0000,0.0000,0.0000,0.0000,0.0000,0.0000,0.0000,0.0000,0.0000,0.0000,0.0000,0.0000,0.0000,0.0000,0.0000,0.0000,0.0000,0.0000,0.0000,
1.5752,RLFSMStatePassive,0.0000,0.0000,0.0000,-0.0032,-0.0011,-0.0053,0.6335,-0.0126,0.0217,-0.7733,-0.2930,-0.3068,0.0000,0.0245,0.0046,0.0000,-0.0046,-0.0092,0.0000,0.0000,0.0000,0.5185,0.5216,0.0000,0.0000,-0.1902,-0.1749,0.0000,0.0000,-0.0537,0.0353,-0.3000,-0.3000,0.0000,0.0500,-0.0500,0.0000,0.0040,-0.0040,0.0000,0.0000,0.0000,0.5000,0.5000,0.0000,0.0000,-0.2000,-0.2000,0.0000,0.0000,-0.0600,0.0600,-0.0767,0.0000,0.0000,0.0000,0.0000,0.0000,0.0000,0.0000,0.0000,0.0000,0.0000,0.0000,-0.0000,0.0000,0.0000,0.0000,-0.0000,0.0000,0.0000,-0.0000,-0.0000,0.0000,0.0000,0.0000,0.0000,0.0000,0.0000,0.0000,0.0000,0.0000,0.0000,0.0000,0.0000,0.0000,0.0000,0.0000,0.0000,0.0000,0.0000,0.0000,0.0000,0.0000,
1.5957,RLFSMStatePassive,0.0000,0.0000,0.0000,0.0170,-0.0426,0.0032,0.6333,-0.0124,0.0226,-0.7735,-0.2930,-0.3068,0.0000,0.0245,0.0046,0.0000,-0.0046,-0.0092,0.0000,0.0000,0.0000,0.5185,0.5216,0.0000,0.0000,-0.1902,-0.1749,0.0000,0.0000,-0.0537,0.0353,-0.3000,-0.3000,0.0000,0.0500,-0.0500,0.0000,0.0040,-0.0040,0.0000,0.0000,0.0000,0.5000,0.5000,0.0000,0.0000,-0.2000,-0.2000,0.0000,0.0000,-0.0600,0.0600,-0.0000,0.0000,0.0000,0.0000,0.0000,0.0000,0.0000,0.0000,0.0000,0.0000,0.0000,0.0000,-0.0000,0.0000,0.0000,0.0000,-0.0000,0.0000,0.0000,-0.0000,-0.0000,0.0000,0.0000,0.0000,0.0000,0.0000,0.0000,0.0000,0.0000,0.0000,0.0000,0.0000,0.0000,0.0000,0.0000,0.0000,0.0000,0.0000,0.0000,0.0000,0.0000,0.0000,
1.6162,RLFSMStatePassive,0.0000,0.0000,0.0000,0.0224,-0.0511,0.0053,0.6332,-0.0125,0.0227,-0.7735,-0.2930,-0.3068,0.0000,0.0245,0.0046,0.0000,-0.0046,-0.0092,0.0000,0.0000,0.0000,0.5185,0.5216,0.0000,0.0000,-0.1902,-0.1749,0.0000,0.0000,-0.0537,0.0353,-0.3000,-0.3000,0.0000,0.0500,-0.0500,0.0000,0.0040,-0.0040,0.0000,0.0000,0.0000,0.5000,0.5000,0.0000,0.0000,-0.2000,-0.2000,0.0000,0.0000,-0.0600,0.0600,-0.0000,0.0000,0.0000,0.0000,0.0000,0.0000,0.0000,0.0000,0.0000,0.0000,0.0000,0.0000,-0.0000,0.0000,0.0000,0.0000,-0.0000,0.0000,0.0000,-0.0000,-0.0000,0.0000,0.0000,0.0000,0.0000,0.0000,0.0000,0.0000,0.0000,0.0000,0.0000,0.0000,0.0000,0.0000,0.0000,0.0000,0.0000,0.0000,0.0000,0.0000,0.0000,0.0000,
1.6366,RLFSMStatePassive,0.0000,0.0000,0.0000,0.0107,-0.0639,0.0053,0.6330,-0.0127,0.0225,-0.7737,-0.2930,-0.3068,0.0000,0.0245,0.0046,0.0000,-0.0046,-0.0092,0.0000,0.0000,0.0000,0.5185,0.5216,0.0000,0.0000,-0.1902,-0.1749,0.0000,0.0000,-0.0537,0.0353,-0.3000,-0.3000,0.0000,0.0500,-0.0500,0.0000,0.0040,-0.0040,0.0000,0.0000,0.0000,0.5000,0.5000,0.0000,0.0000,-0.2000,-0.2000,0.0000,0.0000,-0.0600,0.0600,-0.0000,0.0000,0.0000,0.0000,0.0000,0.0000,0.0000,0.0000,0.0000,0.0000,0.0000,0.0000,-0.0000,0.0000,0.0000,0.0000,-0.0000,0.0000,0.0000,-0.0000,-0.0000,0.0000,0.0000,0.0000,0.0000,0.0000,0.0000,0.0000,0.0000,0.0000,0.0000,0.0000,0.0000,0.0000,0.0000,0.0000,0.0000,0.0000,0.0000,0.0000,0.0000,0.0000,
1.6571,RLFSMStatePassive,0.0000,0.0000,0.0000,0.0128,-0.0660,0.0032,0.6329,-0.0128,0.0222,-0.7738,-0.2930,-0.3068,0.0000,0.0245,0.0046,0.0000,-0.0046,-0.0092,0.0000,0.0000,0.0000,0.5185,0.5216,0.0000,0.0000,-0.1902,-0.1749,0.0000,0.0000,-0.0537,0.0353,-0.3000,-0.3000,0.0000,0.0500,-0.0500,0.0000,0.0040,-0.0040,0.0000,0.0000,0.0000,0.5000,0.5000,0.0000,0.0000,-0.2000,-0.2000,0.0000,0.0000,-0.0600,0.0600,-0.0000,0.0000,0.0000,0.0000,0.0000,0.0000,0.0000,0.0000,0.0000,0.0000,0.0000,0.0000,-0.0000,0.0000,0.0000,0.0000,-0.0000,0.0000,0.0000,-0.0000,-0.0000,0.0000,0.0000,0.0000,0.0000,0.0000,0.0000,0.0000,0.0000,0.0000,0.0000,0.0000,0.0000,0.0000,0.0000,0.0000,0.0000,0.0000,0.0000,0.0000,0.0000,0.0000,
1.6777,RLFSMStatePassive,0.0000,0.0000,0.0000,0.0128,-0.0767,-0.0011,0.6328,-0.0130,0.0217,-0.7739,-0.2930,-0.3068,0.0000,0.0245,0.0046,0.0000,-0.0046,-0.0092,0.0000,0.0000,0.0000,0.5185,0.5216,0.0000,0.0000,-0.1902,-0.1749,0.0000,0.0000,-0.0537,0.0353,-0.3000,-0.3000,0.0000,0.0500,-0.0500,0.0000,0.0040,-0.0040,0.0000,0.0000,0.0000,0.5000,0.5000,0.0000,0.0000,-0.2000,-0.2000,0.0000,0.0000,-0.0600,0.0600,-0.0000,0.0000,0.0000,0.0000,0.0000,0.0000,0.0000,0.0000,0.0000,0.0000,0.0000,0.0000,-0.0000,0.0000,0.0000,0.0000,-0.0000,0.0000,0.0000,-0.0000,-0.0000,0.0000,0.0000,0.0000,0.0000,0.0000,0.0000,0.0000,0.0000,0.0000,0.0000,0.0000,0.0000,0.0000,0.0000,0.0000,0.0000,0.0000,0.0000,0.0000,0.0000,0.0000,
1.6983,RLFSMStatePassive,0.0000,0.0000,0.0000,0.0117,-0.0788,0.0011,0.6327,-0.0135,0.0212,-0.7740,-0.2930,-0.3068,0.0000,0.0245,0.0046,0.0000,-0.0046,-0.0092,0.0000,0.0000,0.0000,0.5185,0.5216,0.0000,0.0000,-0.1887,-0.1749,0.0000,0.0000,-0.0537,0.0353,-0.3000,-0.3000,0.0000,0.0500,-0.0500,0.0000,0.0040,-0.0040,0.0000,0.0000,0.0000,0.5000,0.5000,0.0000,0.0000,-0.2000,-0.2000,0.0000,0.0000,-0.0600,0.0600,-0.0000,0.0000,0.0000,0.0000,0.0000,0.0000,0.0000,0.0000,0.0000,0.0000,0.0000,0.0000,-0.0000,0.0000,0.0000,0.0000,-0.0000,0.0000,0.0000,-0.0000,-0.0000,0.0000,0.0000,0.0000,0.0000,0.0000,0.0000,0.0000,0.0000,0.0000,0.0000,0.0000,0.0000,0.0000,0.0000,0.0000,0.0000,0.0000,0.0000,0.0000,0.0000,0.0000,
1.7186,RLFSMStatePassive,0.0000,0.0000,0.0000,0.0096,-0.0778,0.0032,0.6326,-0.0138,0.0209,-0.7740,-0.2930,-0.3068,0.0000,0.0245,0.0046,0.0000,-0.0046,-0.0092,0.0000,0.0000,0.0000,0.5185,0.5216,0.0000,0.0000,-0.1887,-0.1749,0.0000,0.0000,-0.0537,0.0353,-0.3000,-0.3000,0.0000,0.0500,-0.0500,0.0000,0.0040,-0.0040,0.0000,0.0000,0.0000,0.5000,0.5000,0.0000,0.0000,-0.2000,-0.2000,0.0000,0.0000,-0.0600,0.0600,-0.0000,0.0000,0.0000,0.0000,0.0000,0.0000,0.0000,0.0000,0.0000,0.0000,0.0000,0.0000,-0.0000,0.0000,0.0000,0.0000,-0.0000,0.0000,0.0000,-0.0000,-0.0000,0.0000,0.0000,0.0000,0.0000,0.0000,0.0000,0.0000,0.0000,0.0000,0.0000,0.0000,0.0000,0.0000,0.0000,0.0000,0.0000,0.0000,0.0000,0.0000,0.0000,0.0000,
1.7389,RLFSMStatePassive,0.0000,0.0000,0.0000,0.0107,-0.0778,0.0021,0.6325,-0.0148,0.0201,-0.7742,-0.2930,-0.3068,0.0000,0.0245,0.0046,0.0000,-0.0046,-0.0092,0.0000,0.0000,0.0000,0.5185,0.5216,0.0000,0.0000,-0.1871,-0.1749,0.0000,0.0000,-0.0537,0.0353,-0.3000,-0.3000,0.0000,0.0500,-0.0500,0.0000,0.0040,-0.0040,0.0000,0.0000,0.0000,0.5000,0.5000,0.0000,0.0000,-0.2000,-0.2000,0.0000,0.0000,-0.0600,0.0600,-0.0000,0.0000,0.0000,0.0000,0.0000,0.0000,0.0000,0.0000,0.0000,0.0000,0.0000,0.0000,-0.0000,0.0000,0.0000,0.0767,-0.0000,0.0000,0.0000,-0.0000,-0.0000,0.0000,0.0000,0.0000,0.0000,0.0000,0.0000,0.0000,0.0000,0.0000,0.0000,0.0000,0.0000,0.0000,0.0000,0.0000,0.0000,0.0000,0.0000,0.0000,0.0000,0.0000,
1.7593,RLFSMStatePassive,0.0000,0.0000,0.0000,0.0096,-0.0778,-0.0000,0.6324,-0.0156,0.0195,-0.7743,-0.2930,-0.3068,0.0000,0.0245,0.0046,0.0000,-0.0046,-0.0092,0.0000,0.0000,0.0000,0.5185,0.5216,0.0000,0.0000,-0.1856,-0.1733,0.0000,0.0000,-0.0537,0.0353,-0.3000,-0.3000,0.0000,0.0500,-0.0500,0.0000,0.0040,-0.0040,0.0000,0.0000,0.0000,0.5000,0.5000,0.0000,0.0000,-0.2000,-0.2000,0.0000,0.0000,-0.0600,0.0600,-0.0000,0.0000,0.0000,0.0000,0.0000,0.0000,0.0000,0.0000,0.0000,0.0000,0.0000,0.0000,-0.0000,0.0000,0.0000,0.0000,0.0767,0.0000,0.0000,-0.0000,-0.0000,0.0000,0.0000,0.0000,0.0000,0.0000,0.0000,0.0000,0.0000,0.0000,0.0000,0.0000,0.0000,0.0000,0.0000,0.0000,0.0000,0.0000,0.0000,0.0000,0.0000,0.0000,
1.7798,RLFSMStatePassive,0.0000,0.0000,0.0000,0.0138,-0.0692,-0.0000,0.6323,-0.0159,0.0192,-0.7743,-0.2930,-0.3068,0.0000,0.0245,0.0046,0.0000,-0.0046,-0.0092,0.0000,0.0000,0.0000,0.5185,0.5216,0.0000,0.0000,-0.1856,-0.1733,0.0000,0.0000,-0.0537,0.0353,-0.3000,-0.3000,0.0000,0.0500,-0.0500,0.0000,0.0040,-0.0040,0.0000,0.0000,0.0000,0.5000,0.5000,0.0000,0.0000,-0.2000,-0.2000,0.0000,0.0000,-0.0600,0.0600,-0.0000,0.0000,0.0000,0.0000,0.0000,0.0000,0.0000,0.0000,0.0000,0.0000,0.0000,0.0000,-0.0000,0.0000,0.0000,0.0000,-0.0000,0.0000,0.0000,-0.0000,-0.0000,0.0000,0.0000,0.0000,0.0000,0.0000,0.0000,0.0000,0.0000,0.0000,0.0000,0.0000,0.0000,0.0000,0.0000,0.0000,0.0000,0.0000,0.0000,0.0000,0.0000,0.0000,
1.8003,RLFSMStatePassive,0.0000,0.0000,0.0000,0.0128,-0.0650,-0.0000,0.6322,-0.0166,0.0186,-0.7744,-0.2930,-0.3068,0.0000,0.0245,0.0046,0.0000,-0.0046,-0.0092,0.0000,0.0000,0.0000,0.5185,0.5216,0.0000,0.0000,-0.1856,-0.1718,0.0000,0.0000,-0.0537,0.0353,-0.3000,-0.3000,0.0000,0.0500,-0.0500,0.0000,0.0040,-0.0040,0.0000,0.0000,0.0000,0.5000,0.5000,0.0000,0.0000,-0.2000,-0.2000,0.0000,0.0000,-0.0600,0.0600,-0.0000,0.0000,0.0000,0.0000,0.0000,0.0000,0.0000,0.0000,0.0000,0.0000,0.0000,0.0000,-0.0000,0.0000,0.0000,0.0767,0.0767,0.0000,0.0000,-0.0000,-0.0000,0.0000,0.0000,0.0000,0.0000,0.0000,0.0000,0.0000,0.0000,0.0000,0.0000,0.0000,0.0000,0.0000,0.0000,0.0000,0.0000,0.0000,0.0000,0.0000,0.0000,0.0000,
1.8208,RLFSMStatePassive,0.0000,0.0000,0.0000,0.0128,-0.0650,-0.0000,0.6322,-0.0166,0.0186,-0.7744,-0.2930,-0.3068,0.0000,0.0245,0.0046,0.0000,-0.0046,-0.0092,0.0000,0.0000,0.0000,0.5185,0.5216,0.0000,0.0000,-0.1856,-0.1718,0.0000,0.0000,-0.0537,0.0353,-0.3000,-0.3000,0.0000,0.0500,-0.0500,0.0000,0.0040,-0.0040,0.0000,0.0000,0.0000,0.5000,0.5000,0.0000,0.0000,-0.2000,-0.2000,0.0000,0.0000,-0.0600,0.0600,-0.0000,0.0000,0.0000,0.0000,0.0000,0.0000,0.0000,0.0000,0.0000,0.0000,0.0000,0.0000,-0.0000,0.0000,0.0000,0.0767,0.0767,0.0000,0.0000,-0.0000,-0.0000,0.0000,0.0000,0.0000,0.0000,0.0000,0.0000,0.0000,0.0000,0.0000,0.0000,0.0000,0.0000,0.0000,0.0000,0.0000,0.0000,0.0000,0.0000,0.0000,0.0000,0.0000,
1.8412,RLFSMStatePassive,0.0000,0.0000,0.0000,0.0128,-0.0650,-0.0000,0.6322,-0.0166,0.0186,-0.7744,-0.2930,-0.3068,0.0000,0.0245,0.0046,0.0000,-0.0046,-0.0092,0.0000,0.0000,0.0000,0.5185,0.5216,0.0000,0.0000,-0.1856,-0.1718,0.0000,0.0000,-0.0537,0.0353,-0.3000,-0.3000,0.0000,0.0500,-0.0500,0.0000,0.0040,-0.0040,0.0000,0.0000,0.0000,0.5000,0.5000,0.0000,0.0000,-0.2000,-0.2000,0.0000,0.0000,-0.0600,0.0600,-0.0000,0.0000,0.0000,0.0000,0.0000,0.0000,0.0000,0.0000,0.0000,0.0000,0.0000,0.0000,-0.0000,0.0000,0.0000,0.0767,0.0767,0.0000,0.0000,-0.0000,-0.0000,0.0000,0.0000,0.0000,0.0000,0.0000,0.0000,0.0000,0.0000,0.0000,0.0000,0.0000,0.0000,0.0000,0.0000,0.0000,0.0000,0.0000,0.0000,0.0000,0.0000,0.0000,
1.8617,RLFSMStatePassive,0.0000,0.0000,0.0000,0.0128,-0.0650,-0.0000,0.6322,-0.0166,0.0186,-0.7744,-0.2930,-0.3068,0.0000,0.0245,0.0046,0.0000,-0.0046,-0.0092,0.0000,0.0000,0.0000,0.5185,0.5216,0.0000,0.0000,-0.1856,-0.1718,0.0000,0.0000,-0.0537,0.0353,-0.3000,-0.3000,0.0000,0.0500,-0.0500,0.0000,0.0040,-0.0040,0.0000,0.0000,0.0000,0.5000,0.5000,0.0000,0.0000,-0.2000,-0.2000,0.0000,0.0000,-0.0600,0.0600,-0.0000,0.0000,0.0000,0.0000,0.0000,0.0000,0.0000,0.0000,0.0000,0.0000,0.0000,0.0000,-0.0000,0.0000,0.0000,0.0767,0.0767,0.0000,0.0000,-0.0000,-0.0000,0.0000,0.0000,0.0000,0.0000,0.0000,0.0000,0.0000,0.0000,0.0000,0.0000,0.0000,0.0000,0.0000,0.0000,0.0000,0.0000,0.0000,0.0000,0.0000,0.0000,0.0000,
1.8824,RLFSMStatePassive,0.0000,0.0000,0.0000,0.0128,-0.0650,-0.0000,0.6322,-0.0166,0.0186,-0.7744,-0.2930,-0.3068,0.0000,0.0245,0.0046,0.0000,-0.0046,-0.0092,0.0000,0.0000,0.0000,0.5185,0.5216,0.0000,0.0000,-0.1856,-0.1718,0.0000,0.0000,-0.0537,0.0353,-0.3000,-0.3000,0.0000,0.0500,-0.0500,0.0000,0.0040,-0.0040,0.0000,0.0000,0.0000,0.5000,0.5000,0.0000,0.0000,-0.2000,-0.2000,0.0000,0.0000,-0.0600,0.0600,-0.0000,0.0000,0.0000,0.0000,0.0000,0.0000,0.0000,0.0000,0.0000,0.0000,0.0000,0.0000,-0.0000,0.0000,0.0000,0.0767,0.0767,0.0000,0.0000,-0.0000,-0.0000,0.0000,0.0000,0.0000,0.0000,0.0000,0.0000,0.0000,0.0000,0.0000,0.0000,0.0000,0.0000,0.0000,0.0000,0.0000,0.0000,0.0000,0.0000,0.0000,0.0000,0.0000,
1.9029,RLFSMStatePassive,0.0000,0.0000,0.0000,0.0128,-0.0650,-0.0000,0.6322,-0.0166,0.0186,-0.7744,-0.2930,-0.3068,0.0000,0.0245,0.0046,0.0000,-0.0046,-0.0092,0.0000,0.0000,0.0000,0.5185,0.5216,0.0000,0.0000,-0.1856,-0.1718,0.0000,0.0000,-0.0537,0.0353,-0.3000,-0.3000,0.0000,0.0500,-0.0500,0.0000,0.0040,-0.0040,0.0000,0.0000,0.0000,0.5000,0.5000,0.0000,0.0000,-0.2000,-0.2000,0.0000,0.0000,-0.0600,0.0600,-0.0000,0.0000,0.0000,0.0000,0.0000,0.0000,0.0000,0.0000,0.0000,0.0000,0.0000,0.0000,-0.0000,0.0000,0.0000,0.0767,0.0767,0.0000,0.0000,-0.0000,-0.0000,0.0000,0.0000,0.0000,0.0000,0.0000,0.0000,0.0000,0.0000,0.0000,0.0000,0.0000,0.0000,0.0000,0.0000,0.0000,0.0000,0.0000,0.0000,0.0000,0.0000,0.0000,
1.9234,RLFSMStatePassive,0.0000,0.0000,0.0000,0.0128,-0.0650,-0.0000,0.6322,-0.0166,0.0186,-0.7744,-0.2930,-0.3068,0.0000,0.0245,0.0046,0.0000,-0.0046,-0.0092,0.0000,0.0000,0.0000,0.5185,0.5216,0.0000,0.0000,-0.1856,-0.1718,0.0000,0.0000,-0.0537,0.0353,-0.3000,-0.3000,0.0000,0.0500,-0.0500,0.0000,0.0040,-0.0040,0.0000,0.0000,0.0000,0.5000,0.5000,0.0000,0.0000,-0.2000,-0.2000,0.0000,0.0000,-0.0600,0.0600,-0.0000,0.0000,0.0000,0.0000,0.0000,0.0000,0.0000,0.0000,0.0000,0.0000,0.0000,0.0000,-0.0000,0.0000,0.0000,0.0767,0.0767,0.0000,0.0000,-0.0000,-0.0000,0.0000,0.0000,0.0000,0.0000,0.0000,0.0000,0.0000,0.0000,0.0000,0.0000,0.0000,0.0000,0.0000,0.0000,0.0000,0.0000,0.0000,0.0000,0.0000,0.0000,0.0000,
1.9439,RLFSMStatePassive,0.0000,0.0000,0.0000,0.0107,-0.0138,0.0075,0.6313,-0.0205,0.0152,-0.7751,-0.2915,-0.3068,0.0000,0.0245,0.0046,0.0000,-0.0046,-0.0092,0.0000,0.0000,0.0000,0.5216,0.5277,0.0000,0.0000,-0.1810,-0.1703,0.0000,0.0000,-0.0537,0.0353,-0.3000,-0.3000,0.0000,0.0500,-0.0500,0.0000,0.0040,-0.0040,0.0000,0.0000,0.0000,0.5000,0.5000,0.0000,0.0000,-0.2000,-0.2000,0.0000,0.0000,-0.0600,0.0600,-0.0000,0.0000,0.0000,0.0000,0.0000,0.0000,0.0000,0.0000,0.0000,0.0000,0.0000,0.0000,-0.0000,0.0000,0.0000,0.0767,-0.0000,0.0000,0.0000,-0.0000,-0.0000,0.0000,0.0000,0.0000,0.0000,0.0000,0.0000,0.0000,0.0000,0.0000,0.0000,0.0000,0.0000,0.0000,0.0000,0.0000,0.0000,0.0000,0.0000,0.0000,0.0000,0.0000,
1.9644,RLFSMStatePassive,0.0000,0.0000,0.0000,0.0053,-0.0085,-0.0043,0.6312,-0.0207,0.0149,-0.7752,-0.2915,-0.3068,0.0000,0.0245,0.0046,0.0000,-0.0046,-0.0092,0.0000,0.0000,0.0000,0.5216,0.5277,0.0000,0.0000,-0.1810,-0.1703,0.0000,0.0000,-0.0537,0.0353,-0.3000,-0.3000,0.0000,0.0500,-0.0500,0.0000,0.0040,-0.0040,0.0000,0.0000,0.0000,0.5000,0.5000,0.0000,0.0000,-0.2000,-0.2000,0.0000,0.0000,-0.0600,0.0600,-0.0000,0.0000,0.0000,0.0000,0.0000,0.0000,0.0000,0.0000,0.0000,0.0000,0.0000,0.0000,-0.0000,0.0000,0.0000,0.0000,-0.0000,0.0000,0.0000,-0.0000,-0.0000,0.0000,0.0000,0.0000,0.0000,0.0000,0.0000,0.0000,0.0000,0.0000,0.0000,0.0000,0.0000,0.0000,0.0000,0.0000,0.0000,0.0000,0.0000,0.0000,0.0000,0.0000,
1.9849,RLFSMStatePassive,0.0000,0.0000,0.0000,0.0032,0.0000,-0.0000,0.6312,-0.0208,0.0146,-0.7752,-0.2915,-0.3068,0.0000,0.0245,0.0046,0.0000,-0.0046,-0.0092,0.0000,0.0000,0.0000,0.5216,0.5277,0.0000,0.0000,-0.1810,-0.1703,0.0000,0.0000,-0.0537,0.0353,-0.3000,-0.3000,0.0000,0.0500,-0.0500,0.0000,0.0040,-0.0040,0.0000,0.0000,0.0000,0.5000,0.5000,0.0000,0.0000,-0.2000,-0.2000,0.0000,0.0000,-0.0600,0.0600,-0.0000,0.0000,0.0000,0.0000,0.0000,0.0000,0.0000,0.0000,0.0000,0.0000,0.0000,0.0000,-0.0000,0.0000,0.0000,0.0000,-0.0000,0.0000,0.0000,-0.0000,-0.0000,0.0000,0.0000,0.0000,0.0000,0.0000,0.0000,0.0000,0.0000,0.0000,0.0000,0.0000,0.0000,0.0000,0.0000,0.0000,0.0000,0.0000,0.0000,0.0000,0.0000,0.0000,
2.0055,RLFSMStatePassive,0.0000,0.0000,0.0000,-0.0053,0.0064,0.0021,0.6312,-0.0208,0.0144,-0.7752,-0.2915,-0.3068,0.0000,0.0245,0.0046,0.0000,-0.0046,-0.0092,0.0000,0.0000,0.0000,0.5216,0.5277,0.0000,0.0000,-0.1810,-0.1703,0.0000,0.0000,-0.0537,0.0353,-0.3000,-0.3000,0.0000,0.0500,-0.0500,0.0000,0.0040,-0.0040,0.0000,0.0000,0.0000,0.5000,0.5000,0.0000,0.0000,-0.2000,-0.2000,0.0000,0.0000,-0.0600,0.0600,-0.0000,0.0000,0.0000,0.0000,0.0000,0.0000,0.0000,0.0000,0.0000,0.0000,0.0000,0.0000,-0.0000,0.0000,0.0000,0.0000,-0.0000,0.0000,0.0000,-0.0000,-0.0000,0.0000,0.0000,0.0000,0.0000,0.0000,0.0000,0.0000,0.0000,0.0000,0.0000,0.0000,0.0000,0.0000,0.0000,0.0000,0.0000,0.0000,0.0000,0.0000,0.0000,0.0000,
2.0259,RLFSMStateGetUp,0.0000,0.0000,0.0000,-0.0000,0.0192,-0.0021,0.6312,-0.0209,0.0143,-0.7752,-0.2915,-0.3068,0.0000,0.0245,0.0046,0.0000,-0.0046,-0.0092,0.0000,0.0000,0.0000,0.5216,0.5277,0.0000,0.0000,-0.1810,-0.1703,0.0000,0.0000,-0.0537,0.0353,-0.3000,-0.3000,0.0000,0.0500,-0.0500,0.0000,0.0040,-0.0040,0.0000,0.0000,0.0000,0.5000,0.5000,0.0000,0.0000,-0.2000,-0.2000,0.0000,0.0000,-0.0600,0.0600,-0.0000,0.0000,0.0000,0.0000,0.0000,0.0000,0.0000,0.0000,0.0000,0.0000,0.0000,0.0000,-0.0000,0.0000,0.0000,0.0000,-0.0000,0.0000,0.0000,-0.0000,-0.0000,0.0000,0.0000,0.0000,0.0000,0.0000,0.0000,0.0000,0.0000,0.0000,0.0000,0.0000,0.0000,0.0000,0.0000,0.0000,0.0000,0.0000,0.0000,0.0000,0.0000,0.0000,
2.0461,RLFSMStateGetUp,0.0000,0.0000,0.0000,0.0053,0.0288,-0.0000,0.6312,-0.0209,0.0144,-0.7752,-0.2915,-0.3068,0.0000,0.0245,0.0046,0.0000,-0.0046,-0.0092,0.0000,0.0000,0.0000,0.5216,0.5277,0.0000,0.0000,-0.1810,-0.1703,0.0000,0.0000,-0.0537,0.0353,-0.3000,-0.3000,0.0000,0.0500,-0.0500,0.0000,0.0040,-0.0040,0.0000,0.0000,0.0000,0.5000,0.5000,0.0000,0.0000,-0.2000,-0.2000,0.0000,0.0000,-0.0600,0.0600,-0.0000,0.0000,0.0000,0.0000,0.0000,0.0000,0.0000,0.0000,0.0000,0.0000,0.0000,0.0000,-0.0000,0.0000,0.0000,0.0000,-0.0000,0.0000,0.0000,-0.0000,-0.0000,0.0000,0.0000,0.0000,0.0000,0.0000,0.0000,0.0000,0.0000,0.0000,0.0000,0.0000,0.0000,0.0000,0.0000,0.0000,0.0000,0.0000,0.0000,0.0000,0.0000,0.0000,
2.0663,RLFSMStateGetUp,0.0000,0.0000,0.0000,0.0032,0.0341,0.0011,0.6311,-0.0208,0.0146,-0.7753,-0.2915,-0.3068,0.0000,0.0245,0.0046,0.0000,-0.0046,-0.0092,0.0000,0.0000,0.0000,0.5216,0.5277,0.0000,0.0000,-0.1810,-0.1703,0.0000,0.0000,-0.0537,0.0353,-0.3000,-0.3000,0.0000,0.0500,-0.0500,0.0000,0.0040,-0.0040,0.0000,0.0000,0.0000,0.5000,0.5000,0.0000,0.0000,-0.2000,-0.2000,0.0000,0.0000,-0.0600,0.0600,-0.0000,0.0000,0.0000,0.0000,0.0000,0.0000,0.0000,0.0000,0.0000,0.0000,0.0000,0.0000,-0.0000,0.0000,0.0000,0.0000,-0.0000,0.0000,0.0000,-0.0000,-0.0000,0.0000,0.0000,0.0000,0.0000,0.0000,0.0000,0.0000,0.0000,0.0000,0.0000,0.0000,0.0000,0.0000,0.0000,0.0000,0.0000,0.0000,0.0000,0.0000,0.0000,0.0000,
2.0866,RLFSMStateGetUp,0.0000,0.0000,0.0000,0.0053,0.0330,-0.0011,0.6311,-0.0208,0.0147,-0.7753,-0.2915,-0.3068,0.0000,0.0245,0.0046,0.0000,-0.0046,-0.0092,0.0000,0.0000,0.0000,0.5216,0.5277,0.0000,0.0000,-0.1810,-0.1703,0.0000,0.0000,-0.0537,0.0353,-0.3000,-0.3000,0.0000,0.0500,-0.0500,0.0000,0.0040,-0.0040,0.0000,0.0000,0.0000,0.5000,0.5000,0.0000,0.0000,-0.2000,-0.2000,0.0000,0.0000,-0.0600,0.0600,-0.0000,0.0000,0.0000,0.0000,0.0000,0.0000,0.0000,0.0000,0.0000,0.0000,0.0000,0.0000,-0.0000,0.0000,0.0000,0.0000,-0.0000,0.0000,0.0000,-0.0000,-0.0000,0.0000,0.0000,0.0000,0.0000,0.0000,0.0000,0.0000,0.0000,0.0000,0.0000,0.0000,0.0000,0.0000,0.0000,0.0000,0.0000,0.0000,0.0000,0.0000,0.0000,0.0000,
2.1070,RLFSMStateGetUp,0.0000,0.0000,0.0000,0.0011,0.0415,-0.0064,0.6311,-0.0204,0.0149,-0.7753,-0.2915,-0.3068,0.0000,0.0245,0.0046,0.0000,-0.0046,-0.0092,0.0000,0.0000,0.0000,0.5216,0.5277,0.0000,0.0000,-0.1810,-0.1703,0.0000,0.0000,-0.0537,0.0353,-0.3000,-0.3000,0.0000,0.0500,-0.0500,0.0000,0.0040,-0.0040,0.0000,0.0000,0.0000,0.5000,0.5000,0.0000,0.0000,-0.2000,-0.2000,0.0000,0.0000,-0.0600,0.0600,-0.0000,0.0000,0.0000,0.0000,0.0000,0.0000,0.0000,0.0000,0.0000,0.0000,0.0000,0.0000,-0.0000,0.0000,0.0000,0.0000,-0.0000,0.0000,0.0000,-0.0000,-0.0000,0.0000,0.0000,0.0000,0.0000,0.0000,0.0000,0.0000,0.0000,0.0000,0.0000,0.0000,0.0000,0.0000,0.0000,0.0000,0.0000,0.0000,0.0000,0.0000,0.0000,0.0000,
2.1274,RLFSMStateGetUp,0.0000,0.0000,0.0000,0.0011,0.0426,-0.0032,0.6311,-0.0202,0.0150,-0.7753,-0.2915,-0.3068,0.0000,0.0245,0.0046,0.0000,-0.0046,-0.0092,0.0000,0.0000,0.0000,0.5216,0.5277,0.0000,0.0000,-0.1810,-0.1703,0.0000,0.0000,-0.0537,0.0353,-0.3000,-0.3000,0.0000,0.0500,-0.0500,0.0000,0.0040,-0.0040,0.0000,0.0000,0.0000,0.5000,0.5000,0.0000,0.0000,-0.2000,-0.2000,0.0000,0.0000,-0.0600,0.0600,-0.0000,0.0000,0.0000,0.0000,0.0000,0.0000,0.0000,0.0000,0.0000,0.0000,0.0000,0.0000,-0.0000,0.0000,0.0000,0.0000,-0.0000,0.0000,0.0000,-0.0000,-0.0000,0.0000,0.0000,0.0000,0.0000,0.0000,0.0000,0.0000,0.0000,0.0000,0.0000,0.0000,0.0000,0.0000,0.0000,0.0000,0.0000,0.0000,0.0000,0.0000,0.0000,0.0000,
2.1478,RLFSMStateGetUp,0.0000,0.0000,0.0000,-0.0011,0.0447,-0.0011,0.6311,-0.0197,0.0152,-0.7753,-0.2915,-0.3068,0.0000,0.0245,0.0046,0.0000,-0.0046,-0.0092,0.0000,0.0000,0.0000,0.5216,0.5277,0.0000,0.0000,-0.1810,-0.1703,0.0000,0.0000,-0.0537,0.0353,-0.3000,-0.3000,0.0000,0.0500,-0.0500,0.0000,0.0040,-0.0040,0.0000,0.0000,0.0000,0.5000,0.5000,0.0000,0.0000,-0.2000,-0.2000,0.0000,0.0000,-0.0600,0.0600,-0.0000,0.0000,0.0000,0.0000,0.0000,0.0000,0.0000,0.0000,0.0000,0.0000,0.0000,0.0000,-0.0000,0.0000,0.0000,0.0000,-0.0000,0.0000,0.0000,-0.0000,-0.0000,0.0000,0.0000,0.0000,0.0000,0.0000,0.0000,0.0000,0.0000,0.0000,0.0000,0.0000,0.0000,0.0000,0.0000,0.0000,0.0000,0.0000,0.0000,0.0000,0.0000,0.0000,
2.1682,RLFSMStateGetUp,0.0000,0.0000,0.0000,-0.0000,0.0426,-0.0064,0.6311,-0.0191,0.0158,-0.7753,-0.2915,-0.3068,0.0000,0.0245,0.0046,0.0000,-0.0046,-0.0092,0.0000,0.0000,0.0000,0.5216,0.5277,0.0000,0.0000,-0.1810,-0.1703,0.0000,0.0000,-0.0537,0.0353,-0.3000,-0.3000,0.0000,0.0500,-0.0500,0.0000,0.0040,-0.0040,0.0000,0.0000,0.0000,0.5000,0.5000,0.0000,0.0000,-0.2000,-0.2000,0.0000,0.0000,-0.0600,0.0600,-0.0000,0.0000,0.0000,0.0000,0.0000,0.0000,0.0000,0.0000,0.0000,0.0000,0.0000,0.0000,-0.0000,0.0000,0.0000,0.0000,-0.0000,0.0000,0.0000,-0.0000,-0.0000,0.0000,0.0000,0.0000,0.0000,0.0000,0.0000,0.0000,0.0000,0.0000,0.0000,0.0000,0.0000,0.0000,0.0000,0.0000,0.0000,0.0000,0.0000,0.0000,0.0000,0.0000,
2.1886,RLFSMStateGetUp,0.0000,0.0000,0.0000,0.0000,0.0341,0.0000,0.6311,-0.0188,0.0162,-0.7753,-0.2915,-0.3068,0.0000,0.0245,0.0046,0.0000,-0.0046,-0.0092,0.0000,0.0000,0.0000,0.5216,0.5277,0.0000,0.0000,-0.1810,-0.1703,0.0000,0.0000,-0.0537,0.0353,-0.3000,-0.3000,0.0000,0.0500,-0.0500,0.0000,0.0040,-0.0040,0.0000,0.0000,0.0000,0.5000,0.5000,0.0000,0.0000,-0.2000,-0.2000,0.0000,0.0000,-0.0600,0.0600,-0.0000,0.0000,0.0000,0.0000,0.0000,0.0000,0.0000,0.0000,0.0000,0.0000,0.0000,0.0000,-0.0000,0.0000,0.0000,0.0000,-0.0000,0.0000,0.0000,-0.0000,-0.0000,0.0000,0.0000,0.0000,0.0000,0.0000,0.0000,0.0000,0.0000,0.0000,0.0000,0.0000,0.0000,0.0000,0.0000,0.0000,0.0000,0.0000,0.0000,0.0000,0.0000,0.0000,
2.2088,RLFSMStateGetUp,0.0000,0.0000,0.0000,0.0032,0.0298,0.0011,0.6311,-0.0185,0.0166,-0.7753,-0.2915,-0.3068,0.0000,0.0245,0.0046,0.0000,-0.0046,-0.0092,0.0000,0.0000,0.0000,0.5216,0.5277,0.0000,0.0000,-0.1810,-0.1703,0.0000,0.0000,-0.0537,0.0353,-0.3000,-0.3000,0.0000,0.0500,-0.0500,0.0000,0.0040,-0.0040,0.0000,0.0000,0.0000,0.5000,0.5000,0.0000,0.0000,-0.2000,-0.2000,0.0000,0.0000,-0.0600,0.0600,-0.0000,0.0000,0.0000,0.0000,0.0000,0.0000,0.0000,0.0000,0.0000,0.0000,0.0000,0.0000,-0.0000,0.0000,0.0000,0.0000,-0.0000,0.0000,0.0000,-0.0000,-0.0000,0.0000,0.0000,0.0000,0.0000,0.0000,0.0000,0.0000,0.0000,0.0000,0.0000,0.0000,0.0000,0.0000,0.0000,0.0000,0.0000,0.0000,0.0000,0.0000,0.0000,0.0000,
2.2293,RLFSMStateGetUp,0.0000,0.0000,0.0000,0.0043,0.0288,-0.0021,0.6311,-0.0182,0.0170,-0.7753,-0.2915,-0.3068,0.0000,0.0245,0.0046,0.0000,-0.0046,-0.0092,0.0000,0.0000,0.0000,0.5216,0.5277,0.0000,0.0000,-0.1810,-0.1703,0.0000,0.0000,-0.0537,0.0353,-0.3000,-0.3000,0.0000,0.0500,-0.0500,0.0000,0.0040,-0.0040,0.0000,0.0000,0.0000,0.5000,0.5000,0.0000,0.0000,-0.2000,-0.2000,0.0000,0.0000,-0.0600,0.0600,-0.0000,0.0000,0.0000,0.0000,0.0000,0.0000,0.0000,0.0000,0.0000,0.0000,0.0000,0.0000,-0.0000,0.0000,0.0000,0.0000,-0.0000,0.0000,0.0000,-0.0000,-0.0000,0.0000,0.0000,0.0000,0.0000,0.0000,0.0000,0.0000,0.0000,0.0000,0.0000,0.0000,0.0000,0.0000,0.0000,0.0000,0.0000,0.0000,0.0000,0.0000,0.0000,0.0000,
2.2496,RLFSMStateGetUp,0.0000,0.0000,0.0000,0.0021,0.0256,-0.0011,0.6311,-0.0178,0.0174,-0.7753,-0.2915,-0.3068,0.0000,0.0245,0.0046,0.0000,-0.0046,-0.0092,0.0000,0.0000,0.0000,0.5216,0.5277,0.0000,0.0000,-0.1810,-0.1703,0.0000,0.0000,-0.0537,0.0353,-0.3000,-0.3000,0.0000,0.0500,-0.0500,0.0000,0.0040,-0.0040,0.0000,0.0000,0.0000,0.5000,0.5000,0.0000,0.0000,-0.2000,-0.2000,0.0000,0.0000,-0.0600,0.0600,-0.0000,0.0000,0.0000,0.0000,0.0000,0.0000,0.0000,0.0000,0.0000,0.0000,0.0000,0.0000,-0.0000,0.0000,0.0000,0.0000,-0.0000,0.0000,0.0000,-0.0000,-0.0000,0.0000,0.0000,0.0000,0.0000,0.0000,0.0000,0.0000,0.0000,0.0000,0.0000,0.0000,0.0000,0.0000,0.0000,0.0000,0.0000,0.0000,0.0000,0.0000,0.0000,0.0000,
2.2699,RLFSMStateGetUp,0.0000,0.0000,0.0000,0.0021,0.0234,-0.0000,0.6311,-0.0177,0.0175,-0.7753,-0.2915,-0.3068,0.0000,0.0245,0.0046,0.0000,-0.0046,-0.0092,0.0000,0.0000,0.0000,0.5216,0.5277,0.0000,0.0000,-0.1810,-0.1703,0.0000,0.0000,-0.0537,0.0353,-0.3000,-0.3000,0.0000,0.0500,-0.0500,0.0000,0.0040,-0.0040,0.0000,0.0000,0.0000,0.5000,0.5000,0.0000,0.0000,-0.2000,-0.2000,0.0000,0.0000,-0.0600,0.0600,-0.0000,0.0000,0.0000,0.0000,0.0000,0.0000,0.0000,0.0000,0.0000,0.0000,0.0000,0.0000,-0.0000,0.0000,0.0000,0.0000,-0.0000,0.0000,0.0000,-0.0000,-0.0000,0.0000,0.0000,0.0000,0.0000,0.0000,0.0000,0.0000,0.0000,0.0000,0.0000,0.0000,0.0000,0.0000,0.0000,0.0000,0.0000,0.0000,0.0000,0.0000,0.0000,0.0000,
2.2903,RLFSMStateGetUp,0.0000,0.0000,0.0000,0.0064,0.0128,-0.0021,0.6310,-0.0173,0.0176,-0.7754,-0.2915,-0.3068,0.0000,0.0245,0.0046,0.0000,-0.0046,-0.0092,0.0000,0.0000,0.0000,0.5216,0.5277,0.0000,0.0000,-0.1825,-0.1703,0.0000,0.0000,-0.0537,0.0353,-0.3000,-0.3000,0.0000,0.0500,-0.0500,0.0000,0.0040,-0.0040,0.0000,0.0000,0.0000,0.5000,0.5000,0.0000,0.0000,-0.2000,-0.2000,0.0000,0.0000,-0.0600,0.0600,-0.0000,0.0000,0.0000,0.0000,0.0000,0.0000,0.0000,0.0000,0.0000,0.0000,0.0000,0.0000,-0.0000,0.0000,0.0000,0.0000,-0.0000,0.0000,0.0000,-0.0000,-0.0000,0.0000,0.0000,0.0000,0.0000,0.0000,0.0000,0.0000,0.0000,0.0000,0.0000,0.0000,0.0000,0.0000,0.0000,0.0000,0.0000,0.0000,0.0000,0.0000,0.0000,0.0000,
2.3107,RLFSMStateGetUp,0.0000,0.0000,0.0000,0.0075,0.0107,-0.0021,0.6310,-0.0172,0.0177,-0.7754,-0.2915,-0.3068,0.0000,0.0245,0.0046,0.0000,-0.0046,-0.0092,0.0000,0.0000,0.0000,0.5216,0.5277,0.0000,0.0000,-0.1825,-0.1703,0.0000,0.0000,-0.0537,0.0353,-0.3000,-0.3000,0.0000,0.0500,-0.0500,0.0000,0.0040,-0.0040,0.0000,0.0000,0.0000,0.5000,0.5000,0.0000,0.0000,-0.2000,-0.2000,0.0000,0.0000,-0.0600,0.0600,-0.0000,0.0000,0.0000,0.0000,0.0000,0.0000,0.0000,0.0000,0.0000,0.0000,0.0000,0.0000,-0.0000,0.0000,0.0000,0.0000,-0.0000,0.0000,0.0000,-0.0000,-0.0000,0.0000,0.0000,0.0000,0.0000,0.0000,0.0000,0.0000,0.0000,0.0000,0.0000,0.0000,0.0000,0.0000,0.0000,0.0000,0.0000,0.0000,0.0000,0.0000,0.0000,0.0000,
2.3310,RLFSMStateGetUp,0.0000,0.0000,0.0000,0.0053,0.0075,-0.0011,0.6310,-0.0170,0.0178,-0.7754,-0.2915,-0.3068,0.0000,0.0245,0.0046,0.0000,-0.0046,-0.0092,0.0000,0.0000,0.0000,0.5216,0.5277,0.0000,0.0000,-0.1825,-0.1703,0.0000,0.0000,-0.0537,0.0353,-0.3000,-0.3000,0.0000,0.0500,-0.0500,0.0000,0.0040,-0.0040,0.0000,0.0000,0.0000,0.5000,0.5000,0.0000,0.0000,-0.2000,-0.2000,0.0000,0.0000,-0.0600,0.0600,-0.0000,0.0000,0.0000,0.0000,0.0000,0.0000,0.0000,0.0000,0.0000,0.0000,0.0000,0.0000,-0.0000,0.0000,0.0000,0.0000,-0.0000,0.0000,0.0000,-0.0000,-0.0000,0.0000,0.0000,0.0000,0.0000,0.0000,0.0000,0.0000,0.0000,0.0000,0.0000,0.0000,0.0000,0.0000,0.0000,0.0000,0.0000,0.0000,0.0000,0.0000,0.0000,0.0000,
2.3513,RLFSMStateGetUp,0.0000,0.0000,0.0000,0.0064,-0.0043,-0.0011,0.6309,-0.0168,0.0181,-0.7754,-0.2915,-0.3068,0.0000,0.0245,0.0046,0.0000,-0.0046,-0.0092,0.0000,0.0000,0.0000,0.5216,0.5277,0.0000,0.0000,-0.1825,-0.1703,0.0000,0.0000,-0.0537,0.0353,-0.3000,-0.3000,0.0000,0.0500,-0.0500,0.0000,0.0040,-0.0040,0.0000,0.0000,0.0000,0.5000,0.5000,0.0000,0.0000,-0.2000,-0.2000,0.0000,0.0000,-0.0600,0.0600,-0.0000,0.0000,0.0000,0.0000,0.0000,0.0000,0.0000,0.0000,0.0000,0.0000,0.0000,0.0000,-0.0000,0.0000,0.0000,0.0000,-0.0000,0.0000,0.0000,-0.0000,-0.0000,0.0000,0.0000,0.0000,0.0000,0.0000,0.0000,0.0000,0.0000,0.0000,0.0000,0.0000,0.0000,0.0000,0.0000,0.0000,0.0000,0.0000,0.0000,0.0000,0.0000,0.0000,
2.3715,RLFSMStateGetUp,0.0000,0.0000,0.0000,0.0107,-0.0117,-0.0000,0.6309,-0.0168,0.0182,-0.7755,-0.2915,-0.3068,0.0000,0.0245,0.0046,0.0000,-0.0046,-0.0092,0.0000,0.0000,0.0000,0.5216,0.5277,0.0000,0.0000,-0.1825,-0.1703,0.0000,0.0000,-0.0537,0.0353,-0.3000,-0.3000,0.0000,0.0500,-0.0500,0.0000,0.0040,-0.0040,0.0000,0.0000,0.0000,0.5000,0.5000,0.0000,0.0000,-0.2000,-0.2000,0.0000,0.0000,-0.0600,0.0600,-0.0000,0.0000,0.0000,0.0000,0.0000,0.0000,0.0000,0.0000,0.0000,0.0000,0.0000,0.0000,-0.0000,0.0000,0.0000,0.0000,-0.0000,0.0000,0.0000,-0.0000,-0.0000,0.0000,0.0000,0.0000,0.0000,0.0000,0.0000,0.0000,0.0000,0.0000,0.0000,0.0000,0.0000,0.0000,0.0000,0.0000,0.0000,0.0000,0.0000,0.0000,0.0000,0.0000,
2.3919,RLFSMStateGetUp,0.0000,0.0000,0.0000,0.0107,-0.0117,-0.0000,0.6309,-0.0168,0.0182,-0.7755,-0.2915,-0.3068,0.0000,0.0245,0.0046,0.0000,-0.0046,-0.0092,0.0000,0.0000,0.0000,0.5216,0.5277,0.0000,0.0000,-0.1825,-0.1703,0.0000,0.0000,-0.0537,0.0353,-0.3000,-0.3000,0.0000,0.0500,-0.0500,0.0000,0.0040,-0.0040,0.0000,0.0000,0.0000,0.5000,0.5000,0.0000,0.0000,-0.2000,-0.2000,0.0000,0.0000,-0.0600,0.0600,-0.0000,0.0000,0.0000,0.0000,0.0000,0.0000,0.0000,0.0000,0.0000,0.0000,0.0000,0.0000,-0.0000,0.0000,0.0000,0.0000,-0.0000,0.0000,0.0000,-0.0000,-0.0000,0.0000,0.0000,0.0000,0.0000,0.0000,0.0000,0.0000,0.0000,0.0000,0.0000,0.0000,0.0000,0.0000,0.0000,0.0000,0.0000,0.0000,0.0000,0.0000,0.0000,0.0000,
2.4123,RLFSMStateGetUp,0.0000,0.0000,0.0000,0.0085,-0.0160,-0.0000,0.6308,-0.0169,0.0182,-0.7756,-0.2915,-0.3068,0.0000,0.0245,0.0046,0.0000,-0.0046,-0.0092,0.0000,0.0000,0.0000,0.5216,0.5277,0.0000,0.0000,-0.1825,-0.1703,0.0000,0.0000,-0.0537,0.0353,-0.3000,-0.3000,0.0000,0.0500,-0.0500,0.0000,0.0040,-0.0040,0.0000,0.0000,0.0000,0.5000,0.5000,0.0000,0.0000,-0.2000,-0.2000,0.0000,0.0000,-0.0600,0.0600,-0.0000,0.0000,0.0000,0.0000,0.0000,0.0000,0.0000,0.0000,0.0000,0.0000,0.0000,0.0000,-0.0000,0.0000,0.0000,0.0000,-0.0000,0.0000,0.0000,-0.0000,-0.0000,0.0000,0.0000,0.0000,0.0000,0.0000,0.0000,0.0000,0.0000,0.0000,0.0000,0.0000,0.0000,0.0000,0.0000,0.0000,0.0000,0.0000,0.0000,0.0000,0.0000,0.0000,
2.4328,RLFSMStateGetUp,0.0000,0.0000,0.0000,0.0085,-0.0149,-0.0011,0.6306,-0.0169,0.0180,-0.7757,-0.2915,-0.3068,0.0000,0.0245,0.0046,0.0000,-0.0046,-0.0092,0.0000,0.0000,0.0000,0.5216,0.5277,0.0000,0.0000,-0.1825,-0.1703,0.0000,0.0000,-0.0537,0.0353,-0.3000,-0.3000,0.0000,0.0500,-0.0500,0.0000,0.0040,-0.0040,0.0000,0.0000,0.0000,0.5000,0.5000,0.0000,0.0000,-0.2000,-0.2000,0.0000,0.0000,-0.0600,0.0600,-0.0000,0.0000,0.0000,0.0000,0.0000,0.0000,0.0000,0.0000,0.0000,0.0000,0.0000,0.0000,-0.0000,0.0000,0.0000,0.0000,-0.0000,0.0000,0.0000,-0.0000,-0.0000,0.0000,0.0000,0.0000,0.0000,0.0000,0.0000,0.0000,0.0000,0.0000,0.0000,0.0000,0.0000,0.0000,0.0000,0.0000,0.0000,0.0000,0.0000,0.0000,0.0000,0.0000,
2.4530,RLFSMStateGetUp,0.0000,0.0000,0.0000,0.0075,-0.0138,-0.0000,0.6306,-0.0170,0.0179,-0.7757,-0.2915,-0.3068,0.0000,0.0245,0.0046,0.0000,-0.0046,-0.0092,0.0000,0.0000,0.0000,0.5216,0.5277,0.0000,0.0000,-0.1825,-0.1703,0.0000,0.0000,-0.0537,0.0353,-0.3000,-0.3000,0.0000,0.0500,-0.0500,0.0000,0.0040,-0.0040,0.0000,0.0000,0.0000,0.5000,0.5000,0.0000,0.0000,-0.2000,-0.2000,0.0000,0.0000,-0.0600,0.0600,-0.0000,0.0000,0.0000,0.0000,0.0000,0.0000,0.0000,0.0000,0.0000,0.0000,0.0000,0.0000,-0.0000,0.0000,0.0000,0.0000,-0.0000,0.0000,0.0000,-0.0000,-0.0000,0.0000,0.0000,0.0000,0.0000,0.0000,0.0000,0.0000,0.0000,0.0000,0.0000,0.0000,0.0000,0.0000,0.0000,0.0000,0.0000,0.0000,0.0000,0.0000,0.0000,0.0000,
2.4734,RLFSMStateGetUp,0.0000,0.0000,0.0000,0.0075,-0.0128,-0.0000,0.6306,-0.0171,0.0178,-0.7757,-0.2915,-0.3068,0.0000,0.0245,0.0046,0.0000,-0.0046,-0.0092,0.0000,0.0000,0.0000,0.5216,0.5277,0.0000,0.0000,-0.1825,-0.1703,0.0000,0.0000,-0.0537,0.0353,-0.3000,-0.3000,0.0000,0.0500,-0.0500,0.0000,0.0040,-0.0040,0.0000,0.0000,0.0000,0.5000,0.5000,0.0000,0.0000,-0.2000,-0.2000,0.0000,0.0000,-0.0600,0.0600,-0.0000,0.0000,0.0000,0.0000,0.0000,0.0000,0.0000,0.0000,0.0000,0.0000,0.0000,0.0000,-0.0000,0.0000,0.0000,0.0000,-0.0000,0.0000,0.0000,-0.0000,-0.0000,0.0000,0.0000,0.0000,0.0000,0.0000,0.0000,0.0000,0.0000,0.0000,0.0000,0.0000,0.0000,0.0000,0.0000,0.0000,0.0000,0.0000,0.0000,0.0000,0.0000,0.0000,
2.4939,RLFSMStateGetUp,0.0000,0.0000,0.0000,0.0075,-0.0107,-0.0011,0.6305,-0.0172,0.0177,-0.7758,-0.2915,-0.3068,0.0000,0.0245,0.0046,0.0000,-0.0046,-0.0092,0.0000,0.0000,0.0000,0.5216,0.5277,0.0000,0.0000,-0.1825,-0.1703,0.0000,0.0000,-0.0537,0.0353,-0.3000,-0.3000,0.0000,0.0500,-0.0500,0.0000,0.0040,-0.0040,0.0000,0.0000,0.0000,0.5000,0.5000,0.0000,0.0000,-0.2000,-0.2000,0.0000,0.0000,-0.0600,0.0600,-0.0000,0.0000,0.0000,0.0000,0.0000,0.0000,0.0000,0.0000,0.0000,0.0000,0.0000,0.0000,-0.0000,0.0000,0.0000,0.0000,-0.0000,0.0000,0.0000,-0.0000,-0.0000,0.0000,0.0000,0.0000,0.0000,0.0000,0.0000,0.0000,0.0000,0.0000,0.0000,0.0000,0.0000,0.0000,0.0000,0.0000,0.0000,0.0000,0.0000,0.0000,0.0000,0.0000,
2.5144,RLFSMStateGetUp,0.0000,0.0000,0.0000,0.0064,-0.0043,0.0011,0.6304,-0.0174,0.0176,-0.7759,-0.2915,-0.3068,0.0000,0.0245,0.0046,0.0000,-0.0046,-0.0092,0.0000,0.0000,0.0000,0.5216,0.5277,0.0000,0.0000,-0.1825,-0.1703,0.0000,0.0000,-0.0537,0.0353,-0.3000,-0.3000,0.0000,0.0500,-0.0500,0.0000,0.0040,-0.0040,0.0000,0.0000,0.0000,0.5000,0.5000,0.0000,0.0000,-0.2000,-0.2000,0.0000,0.0000,-0.0600,0.0600,-0.0000,0.0000,0.0000,0.0000,0.0000,0.0000,0.0000,0.0000,0.0000,0.0000,0.0000,0.0000,-0.0000,0.0000,0.0000,0.0000,-0.0000,0.0000,0.0000,-0.0000,-0.0000,0.0000,0.0000,0.0000,0.0000,0.0000,0.0000,0.0000,0.0000,0.0000,0.0000,0.0000,0.0000,0.0000,0.0000,0.0000,0.0000,0.0000,0.0000,0.0000,0.0000,0.0000,
2.5351,RLFSMStateGetUp,0.0000,0.0000,0.0000,0.0064,-0.0043,0.0011,0.6304,-0.0174,0.0176,-0.7759,-0.2915,-0.3068,0.0000,0.0245,0.0046,0.0000,-0.0046,-0.0092,0.0000,0.0000,0.0000,0.5216,0.5277,0.0000,0.0000,-0.1825,-0.1703,0.0000,0.0000,-0.0537,0.0353,-0.3000,-0.3000,0.0000,0.0500,-0.0500,0.0000,0.0040,-0.0040,0.0000,0.0000,0.0000,0.5000,0.5000,0.0000,0.0000,-0.2000,-0.2000,0.0000,0.0000,-0.0600,0.0600,-0.0000,0.0000,0.0000,0.0000,0.0000,0.0000,0.0000,0.0000,0.0000,0.0000,0.0000,0.0000,-0.0000,0.0000,0.0000,0.0000,-0.0000,0.0000,0.0000,-0.0000,-0.0000,0.0000,0.0000,0.0000,0.0000,0.0000,0.0000,0.0000,0.0000,0.0000,0.0000,0.0000,0.0000,0.0000,0.0000,0.0000,0.0000,0.0000,0.0000,0.0000,0.0000,0.0000,
2.5556,RLFSMStateGetUp,0.0000,0.0000,0.0000,0.0064,-0.0021,-0.0000,0.6303,-0.0176,0.0175,-0.7759,-0.2915,-0.3068,0.0000,0.0245,0.0046,0.0000,-0.0046,-0.0092,0.0000,0.0000,0.0000,0.5216,0.5277,0.0000,0.0000,-0.1825,-0.1703,0.0000,0.0000,-0.0537,0.0353,-0.3000,-0.3000,0.0000,0.0500,-0.0500,0.0000,0.0040,-0.0040,0.0000,0.0000,0.0000,0.5000,0.5000,0.0000,0.0000,-0.2000,-0.2000,0.0000,0.0000,-0.0600,0.0600,-0.0000,0.0000,0.0000,0.0000,0.0000,0.0000,0.0000,0.0000,0.0000,0.0000,0.0000,0.0000,-0.0000,0.0000,0.0000,0.0000,-0.0000,0.0000,0.0000,-0.0000,-0.0000,0.0000,0.0000,0.0000,0.0000,0.0000,0.0000,0.0000,0.0000,0.0000,0.0000,0.0000,0.0000,0.0000,0.0000,0.0000,0.0000,0.0000,0.0000,0.0000,0.0000,0.0000,
2.5761,RLFSMStateGetUp,0.0000,0.0000,0.0000,0.0053,0.0053,-0.0000,0.6302,-0.0176,0.0174,-0.7760,-0.2915,-0.3068,0.0000,0.0245,0.0046,0.0000,-0.0046,-0.0092,0.0000,0.0000,0.0000,0.5216,0.5277,0.0000,0.0000,-0.1825,-0.1703,0.0000,0.0000,-0.0537,0.0353,-0.3000,-0.3000,0.0000,0.0500,-0.0500,0.0000,0.0040,-0.0040,0.0000,0.0000,0.0000,0.5000,0.5000,0.0000,0.0000,-0.2000,-0.2000,0.0000,0.0000,-0.0600,0.0600,-0.0000,0.0000,0.0000,0.0000,0.0000,0.0000,0.0000,0.0000,0.0000,0.0000,0.0000,0.0000,-0.0000,0.0000,0.0000,0.0000,-0.0000,0.0000,0.0000,-0.0000,-0.0000,0.0000,0.0000,0.0000,0.0000,0.0000,0.0000,0.0000,0.0000,0.0000,0.0000,0.0000,0.0000,0.0000,0.0000,0.0000,0.0000,0.0000,0.0000,0.0000,0.0000,0.0000,
2.5965,RLFSMStateGetUp,0.0000,0.0000,0.0000,0.0053,0.0053,-0.0000,0.6302,-0.0176,0.0173,-0.7760,-0.2915,-0.3068,0.0000,0.0245,0.0046,0.0000,-0.0046,-0.0092,0.0000,0.0000,0.0000,0.5216,0.5277,0.0000,0.0000,-0.1825,-0.1703,0.0000,0.0000,-0.0537,0.0353,-0.3000,-0.3000,0.0000,0.0500,-0.0500,0.0000,0.0040,-0.0040,0.0000,0.0000,0.0000,0.5000,0.5000,0.0000,0.0000,-0.2000,-0.2000,0.0000,0.0000,-0.0600,0.0600,-0.0000,0.0000,0.0000,0.0000,0.0000,0.0000,0.0000,0.0000,0.0000,0.0000,0.0000,0.0000,-0.0000,0.0000,0.0000,0.0000,-0.0000,0.0000,0.0000,-0.0000,-0.0000,0.0000,0.0000,0.0000,0.0000,0.0000,0.0000,0.0000,0.0000,0.0000,0.0000,0.0000,0.0000,0.0000,0.0000,0.0000,0.0000,0.0000,0.0000,0.0000,0.0000,0.0000,
2.6169,RLFSMStateRLLocomotion,0.0000,0.0000,0.0000,0.0021,0.0117,-0.0021,0.6302,-0.0176,0.0174,-0.7761,-0.2915,-0.3068,0.0000,0.0245,0.0046,0.0000,-0.0046,-0.0092,0.0000,0.0000,0.0000,0.5216,0.5277,0.0000,0.0000,-0.1825,-0.1703,0.0000,0.0000,-0.0537,0.0353,-0.3000,-0.3000,0.0000,0.0500,-0.0500,0.0000,0.0040,-0.0040,0.0000,0.0000,0.0000,0.5000,0.5000,0.0000,0.0000,-0.2000,-0.2000,0.0000,0.0000,-0.0600,0.0600,-0.0000,0.0000,0.0000,0.0000,0.0000,0.0000,0.0000,0.0000,0.0000,0.0000,0.0000,0.0000,-0.0000,0.0000,0.0000,0.0000,-0.0000,0.0000,0.0000,-0.0000,-0.0000,0.0000,0.0000,0.0000,0.0000,0.0000,0.0000,0.0000,0.0000,0.0000,0.0000,0.0000,0.0000,0.0000,0.0000,0.0000,0.0000,0.0000,0.0000,0.0000,0.0000,0.0000,
2.6372,RLFSMStateRLLocomotion,0.0000,0.0000,0.0000,0.0021,0.0117,-0.0021,0.6302,-0.0176,0.0174,-0.7761,-0.2915,-0.3068,0.0000,0.0245,0.0046,0.0000,-0.0046,-0.0092,0.0000,0.0000,0.0000,0.5216,0.5277,0.0000,0.0000,-0.1825,-0.1703,0.0000,0.0000,-0.0537,0.0353,-0.3000,-0.3000,0.0000,0.0500,-0.0500,0.0000,0.0040,-0.0040,0.0000,0.0000,0.0000,0.5000,0.5000,0.0000,0.0000,-0.2000,-0.2000,0.0000,0.0000,-0.0600,0.0600,-0.0000,0.0000,0.0000,0.0000,0.0000,0.0000,0.0000,0.0000,0.0000,0.0000,0.0000,0.0000,-0.0000,0.0000,0.0000,0.0000,-0.0000,0.0000,0.0000,-0.0000,-0.0000,0.0000,0.0000,0.0000,0.0000,0.0000,0.0000,0.0000,0.0000,0.0000,0.0000,0.0000,0.0000,0.0000,0.0000,0.0000,0.0000,0.0000,0.0000,0.0000,0.0000,0.0000,
2.6574,RLFSMStateRLLocomotion,0.0000,0.0000,0.0000,0.0053,0.0053,-0.0000,0.6301,-0.0175,0.0175,-0.7761,-0.2915,-0.3068,0.0000,0.0245,0.0046,0.0000,-0.0046,-0.0092,0.0000,0.0000,0.0000,0.5216,0.5277,0.0000,0.0000,-0.1825,-0.1703,0.0000,0.0000,-0.0537,0.0353,-0.2915,-0.3068,0.0000,0.0245,0.0046,0.0000,-0.0046,-0.0092,0.0000,0.0000,0.0000,0.5216,0.5277,0.0000,0.0000,-0.1825,-0.1703,0.0000,0.0000,-0.0537,0.0353,-0.0000,0.0000,0.0000,0.0000,0.0000,0.0000,0.0000,0.0000,0.0000,0.0000,0.0000,0.0000,-0.0000,0.0000,0.0000,0.0000,-0.0000,0.0000,0.0000,-0.0000,-0.0000,0.0000,0.0000,0.0000,0.0000,0.0000,0.0000,0.0000,0.0000,0.0000,0.0000,0.0000,0.0000,0.0000,0.0000,0.0000,0.0000,0.0000,0.0000,0.0000,0.0000,0.0000,
2.6776,RLFSMStateRLLocomotion,0.0000,0.0000,0.0000,0.0064,0.0043,-0.0000,0.6301,-0.0174,0.0176,-0.7761,-0.2915,-0.3068,0.0000,0.0245,0.0046,0.0000,-0.0046,-0.0092,0.0000,0.0000,0.0000,0.5216,0.5277,0.0000,0.0000,-0.1825,-0.1703,0.0000,0.0000,-0.0537,0.0353,-0.2918,-0.3069,-0.0002,0.0250,0.0039,0.0001,-0.0047,-0.0091,0.0000,0.0001,-0.0000,0.5206,0.5267,-0.0000,-0.0001,-0.1834,-0.1711,-0.0000,0.0001,-0.0535,0.0355,-0.0000,0.0000,0.0000,0.0000,0.0000,0.0000,0.0000,0.0000,0.0000,0.0000,0.0000,0.0000,-0.0000,0.0000,0.0000,0.0000,-0.0000,0.0000,0.0000,-0.0000,-0.0000,-0.0425,-0.0480,-0.0458,0.0089,0.0477,0.0366,-0.0474,-0.0038,-0.5241,0.0202,-0.0118,-0.1402,-0.1259,-0.0100,-0.0371,-0.1473,-0.0844,-0.0100,0.0159,0.0704,-0.0441,
2.6977,RLFSMStateRLLocomotion,0.0000,0.0000,0.0000,0.0085,0.0085,-0.0000,0.6300,-0.0173,0.0177,-0.7762,-0.2915,-0.3068,0.0000,0.0245,0.0046,0.0000,-0.0046,-0.0092,0.0000,0.0000,0.0000,0.5216,0.5277,0.0000,0.0000,-0.1825,-0.1703,0.0000,0.0000,-0.0537,0.0353,-0.2940,-0.3074,-0.0013,0.0271,0.0012,0.0011,-0.0053,-0.0089,0.0000,0.0006,-0.0001,0.5156,0.5221,-0.0003,-0.0010,-0.1891,-0.1755,-0.0002,0.0004,-0.0518,0.0363,-0.0000,0.0000,0.0000,0.0000,0.0000,0.0000,0.0000,0.0000,0.0000,0.0000,0.0000,0.0000,-0.0000,0.0000,0.0000,0.0000,-0.0000,0.0000,0.0000,-0.0000,-0.0000,-0.0888,-0.0581,-0.0652,0.0246,0.0502,0.0542,-0.0666,-0.0040,-0.9889,0.0282,-0.0036,-0.2083,-0.1645,-0.0124,-0.0515,-0.2557,-0.1369,-0.0097,0.0194,0.1168,-0.0509,
2.7179,RLFSMStateRLLocomotion,0.0000,0.0000,0.0000,0.0000,0.0128,0.0000,0.6300,-0.0172,0.0178,-0.7762,-0.2915,-0.3068,0.0000,0.0245,0.0046,0.0000,-0.0046,-0.0092,0.0000,0.0000,0.0000,0.5216,0.5277,0.0000,0.0000,-0.1825,-0.1703,0.0000,0.0000,-0.0537,0.0353,-0.2974,-0.3080,-0.0028,0.0300,-0.0018,0.0024,-0.0063,-0.0086,0.0000,0.0013,0.0002,0.5085,0.5166,-0.0005,-0.0023,-0.1977,-0.1811,-0.0003,0.0008,-0.0490,0.0372,-0.0000,0.0000,0.0000,0.0000,0.0000,0.0000,0.0000,0.0000,0.0000,0.0000,0.0000,0.0000,-0.0000,0.0000,0.0000,0.0000,-0.0000,0.0000,0.0000,-0.0000,-0.0000,-0.1182,-0.0593,-0.0724,0.0371,0.0536,0.0615,-0.0777,-0.0048,-1.3976,0.0328,0.0046,-0.2486,-0.1735,-0.0122,-0.0589,-0.3177,-0.1586,-0.0067,0.0210,0.1456,-0.0492,
2.7381,RLFSMStateRLLocomotion,0.0000,0.0000,0.0000,-0.0256,-0.0692,-0.0234,0.6301,-0.0173,0.0176,-0.7761,-0.2961,-0.3099,0.0000,0.0199,0.0061,0.0000,-0.0046,-0.0092,0.0000,0.0000,0.0000,0.5262,0.5338,0.0000,0.0000,-0.1825,-0.1687,0.0000,0.0000,-0.0537,0.0307,-0.3035,-0.3089,-0.0054,0.0349,-0.0068,0.0046,-0.0081,-0.0082,0.0000,0.0025,0.0007,0.4961,0.5077,-0.0008,-0.0045,-0.2123,-0.1904,-0.0003,0.0016,-0.0440,0.0391,-0.0767,-0.0767,0.0000,-0.1533,0.0000,0.0000,0.0000,0.0000,0.0000,0.0000,0.0000,0.1533,0.2300,0.0000,0.0000,0.0000,-0.0000,0.0000,0.0000,-0.0000,-0.2300,-0.1365,-0.0572,-0.0762,0.0450,0.0559,0.0650,-0.0843,-0.0067,-1.7560,0.0352,0.0100,-0.2759,-0.1727,-0.0109,-0.0634,-0.3530,-0.1667,-0.0036,0.0223,0.1630,-0.0453,
2.7583,RLFSMStateRLLocomotion,0.0000,0.0000,0.0000,0.0298,-0.0937,-0.0735,0.6300,-0.0186,0.0178,-0.7761,-0.2976,-0.3099,0.0000,0.0169,0.0107,0.0000,-0.0046,-0.0092,0.0000,0.0000,0.0000,0.5292,0.5384,0.0000,0.0000,-0.1825,-0.1687,0.0000,0.0000,-0.0522,0.0291,-0.3115,-0.3097,-0.0080,0.0405,-0.0109,0.0064,-0.0104,-0.0082,0.0000,0.0038,0.0011,0.4822,0.5001,-0.0010,-0.0063,-0.2294,-0.2005,-0.0000,0.0022,-0.0382,0.0410,-0.1533,-0.0767,0.0000,-0.2300,0.0767,0.0000,0.0000,0.0000,0.0000,0.0000,0.0000,0.1533,0.2300,0.0000,0.0000,0.0000,0.0767,0.0000,0.0000,0.0767,-0.0767,-0.1719,-0.0567,-0.0828,0.0624,0.0588,0.0655,-0.0942,-0.0107,-2.0688,0.0395,0.0115,-0.3193,-0.1738,-0.0099,-0.0649,-0.4126,-0.1921,-0.0003,0.0228,0.1846,-0.0401,
2.7787,RLFSMStateRLLocomotion,0.0000,0.0000,0.0000,0.1108,-0.0437,-0.0597,0.6294,-0.0200,0.0193,-0.7766,-0.2976,-0.3099,0.0000,0.0169,0.0123,0.0000,-0.0046,-0.0092,0.0000,0.0000,0.0000,0.5308,0.5384,0.0000,0.0000,-0.1825,-0.1687,0.0000,0.0000,-0.0506,0.0276,-0.3232,-0.3102,-0.0111,0.0479,-0.0171,0.0084,-0.0147,-0.0082,0.0000,0.0055,0.0029,0.4628,0.4899,-0.0011,-0.0092,-0.2525,-0.2162,0.0002,0.0029,-0.0302,0.0412,-0.0767,0.0000,0.0000,0.0000,0.2300,0.0000,0.0000,0.0000,0.0000,0.0000,0.0000,0.1533,0.0767,0.0000,0.0000,0.0000,-0.0000,0.0000,0.0000,-0.0000,-0.0767,-0.2018,-0.0524,-0.0824,0.0720,0.0570,0.0625,-0.1094,-0.0135,-2.3596,0.0406,0.0218,-0.3512,-0.1703,-0.0083,-0.0682,-0.4508,-0.2230,0.0012,0.0218,0.1999,-0.0547,
2.7989,RLFSMStateRLLocomotion,0.0000,0.0000,0.0000,0.0565,-0.0352,0.0085,0.6288,-0.0201,0.0199,-0.7771,-0.2976,-0.3114,0.0000,0.0169,0.0123,0.0000,-0.0046,-0.0092,0.0000,0.0000,0.0000,0.5308,0.5384,0.0000,0.0000,-0.1825,-0.1687,0.0000,0.0000,-0.0491,0.0276,-0.3311,-0.3105,-0.0135,0.0517,-0.0207,0.0115,-0.0174,-0.0080,0.0000,0.0067,0.0039,0.4503,0.4836,-0.0011,-0.0115,-0.2688,-0.2252,0.0003,0.0039,-0.0245,0.0422,-0.0000,0.0000,0.0000,0.0000,0.0000,0.0000,0.0000,0.0000,0.0000,0.0000,0.0000,0.0000,-0.0000,0.0000,0.0000,0.0000,-0.0000,0.0000,0.0000,0.0767,-0.0000,-0.2106,-0.0501,-0.0832,0.0657,0.0622,0.0713,-0.1133,-0.0136,-2.6246,0.0414,0.0241,-0.3535,-0.1617,-0.0065,-0.0708,-0.4627,-0.2199,0.0021,0.0241,0.2057,-0.0559,
2.8191,RLFSMStateRLLocomotion,0.0000,0.0000,0.0000,0.0213,-0.0543,0.0341,0.6286,-0.0199,0.0196,-0.7772,-0.2976,-0.3114,0.0000,0.0169,0.0123,0.0000,-0.0046,-0.0092,0.0000,0.0000,0.0000,0.5308,0.5384,0.0000,0.0000,-0.1841,-0.1687,0.0000,0.0000,-0.0491,0.0276,-0.3404,-0.3122,-0.0171,0.0579,-0.0252,0.0150,-0.0201,-0.0080,0.0000,0.0083,0.0045,0.4340,0.4755,-0.0010,-0.0141,-0.2901,-0.2359,0.0008,0.0049,-0.0171,0.0444,-0.0000,-0.0767,0.0000,0.0000,0.0000,0.0000,0.0000,0.0000,0.0000,0.0000,0.0000,0.0000,-0.0000,0.0000,0.0000,0.0000,-0.0000,0.0000,0.0000,0.0767,-0.0000,-0.2156,-0.0547,-0.0871,0.0682,0.0665,0.0766,-0.1136,-0.0145,-2.8543,0.0422,0.0227,-0.3604,-0.1557,-0.0051,-0.0721,-0.4790,-0.2159,0.0041,0.0251,0.2119,-0.0525,
2.8393,RLFSMStateRLLocomotion,0.0000,0.0000,0.0000,0.0266,-0.0309,0.0874,0.6285,-0.0192,0.0175,-0.7774,-0.3007,-0.3114,0.0000,0.0169,0.0123,0.0000,-0.0031,-0.0092,0.0000,0.0000,0.0000,0.5246,0.5384,0.0000,0.0000,-0.1841,-0.1687,0.0000,0.0000,-0.0476,0.0276,-0.3485,-0.3142,-0.0211,0.0638,-0.0288,0.0184,-0.0214,-0.0079,0.0000,0.0105,0.0039,0.4180,0.4691,-0.0013,-0.0158,-0.3101,-0.2456,0.0018,0.0061,-0.0090,0.0481,0.0767,0.0000,0.0000,0.0000,0.0000,0.0000,0.0000,0.0000,0.0000,0.0000,0.0000,-0.1533,-0.0000,0.0000,0.0000,0.0000,-0.0000,0.0000,0.0000,-0.0000,-0.0000,-0.2204,-0.0600,-0.0944,0.0733,0.0691,0.0822,-0.1093,-0.0151,-3.0420,0.0469,0.0176,-0.3759,-0.1509,-0.0057,-0.0705,-0.4995,-0.2175,0.0080,0.0271,0.2247,-0.0416,
2.8596,RLFSMStateRLLocomotion,0.0000,0.0000,0.0000,-0.0107,0.0852,0.0511,0.6286,-0.0180,0.0174,-0.7774,-0.3037,-0.3114,0.0000,0.0184,0.0123,0.0000,-0.0031,-0.0092,0.0000,0.0000,0.0000,0.5185,0.5369,0.0000,0.0000,-0.1841,-0.1687,0.0000,0.0000,-0.0445,0.0276,-0.3518,-0.3153,-0.0211,0.0665,-0.0308,0.0197,-0.0208,-0.0069,0.0000,0.0121,0.0043,0.4106,0.4650,-0.0023,-0.0158,-0.3127,-0.2506,0.0022,0.0066,-0.0049,0.0497,-0.2300,0.0000,0.0000,0.0000,0.0000,0.0000,0.0767,0.0000,0.0000,0.0000,0.0000,-0.3066,-0.0000,0.0000,0.0000,0.0000,-0.0000,0.0000,0.0000,0.1533,-0.0000,-0.2182,-0.0626,-0.0883,0.0735,0.0703,0.0824,-0.1021,-0.0111,-3.2047,0.0504,0.0180,-0.3776,-0.1514,-0.0095,-0.0659,-0.4740,-0.2168,0.0091,0.0274,0.2292,-0.0386,
2.8799,RLFSMStateRLLocomotion,0.0000,0.0000,0.0000,-0.0650,0.1619,-0.0075,0.6289,-0.0170,0.0181,-0.7771,-0.3053,-0.3145,0.0000,0.0184,0.0123,0.0000,-0.0046,-0.0092,0.0000,0.0000,0.0000,0.5139,0.5323,0.0000,0.0000,-0.1841,-0.1687,0.0000,0.0000,-0.0414,0.0276,-0.3515,-0.3113,-0.0160,0.0660,-0.0332,0.0190,-0.0211,-0.0064,0.0000,0.0114,0.0049,0.4109,0.4662,-0.0003,-0.0154,-0.2966,-0.2453,0.0029,0.0059,-0.0051,0.0506,-0.1533,-0.0767,0.0000,0.0767,0.0000,0.0000,0.0000,0.0000,0.0000,0.0000,0.0000,-0.2300,-0.1533,0.0000,0.0000,0.0000,-0.0000,0.0000,0.0000,0.1533,-0.0000,-0.2066,-0.0453,-0.0639,0.0643,0.0668,0.0762,-0.1006,-0.0096,-3.3442,0.0459,0.0197,-0.3570,-0.1357,-0.0011,-0.0616,-0.3871,-0.1817,0.0117,0.0237,0.2200,-0.0375,
2.9002,RLFSMStateRLLocomotion,0.0000,0.0000,0.0000,-0.1129,0.2173,0.0032,0.6297,-0.0160,0.0185,-0.7765,-0.3099,-0.3160,0.0000,0.0184,0.0123,0.0000,-0.0061,-0.0107,0.0000,0.0000,0.0000,0.5062,0.5277,0.0000,0.0000,-0.1841,-0.1687,0.0000,0.0000,-0.0368,0.0276,-0.3462,-0.3083,-0.0109,0.0642,-0.0340,0.0193,-0.0219,-0.0064,0.0000,0.0104,0.0038,0.4183,0.4704,0.0019,-0.0145,-0.2746,-0.2333,0.0031,0.0049,-0.0092,0.0517,-0.1533,-0.0767,0.0000,0.0000,0.0000,0.0000,-0.0767,0.0000,0.0000,0.0000,0.0000,-0.3066,-0.2300,0.0000,0.0000,0.0000,-0.0000,0.0000,0.0000,0.2300,-0.0000,-0.1848,-0.0333,-0.0437,0.0570,0.0639,0.0772,-0.1036,-0.0094,-3.4424,0.0418,0.0153,-0.3267,-0.1185,0.0074,-0.0582,-0.2986,-0.1330,0.0124,0.0194,0.2033,-0.0331,
2.9205,RLFSMStateRLLocomotion,0.0000,0.0000,0.0000,-0.1854,0.2876,0.0362,0.6309,-0.0142,0.0188,-0.7755,-0.3129,-0.3191,0.0000,0.0184,0.0107,0.0000,-0.0061,-0.0107,0.0000,0.0000,0.0000,0.5001,0.5231,0.0000,0.0000,-0.1841,-0.1687,0.0000,0.0000,-0.0368,0.0276,-0.3423,-0.3069,-0.0081,0.0621,-0.0341,0.0191,-0.0224,-0.0060,0.0000,0.0094,0.0032,0.4248,0.4699,0.0019,-0.0138,-0.2581,-0.2278,0.0029,0.0042,-0.0141,0.0511,-0.1533,-0.1533,0.0000,0.0000,-0.0767,0.0000,-0.0767,-0.0767,0.0000,0.0000,0.0000,-0.3066,-0.2300,0.0000,0.0000,0.0000,-0.0000,0.0000,0.0000,-0.0000,-0.0000,-0.1692,-0.0277,-0.0325,0.0483,0.0636,0.0763,-0.1055,-0.0081,-3.5223,0.0374,0.0127,-0.3009,-0.1205,0.0077,-0.0553,-0.2322,-0.1110,0.0117,0.0169,0.1835,-0.0355,
2.9408,RLFSMStateRLLocomotion,0.0000,0.0000,0.0000,-0.1811,0.2503,0.0213,0.6316,-0.0133,0.0190,-0.7749,-0.3145,-0.3206,0.0000,0.0184,0.0107,0.0000,-0.0061,-0.0107,0.0000,0.0000,0.0000,0.5001,0.5216,0.0000,0.0000,-0.1841,-0.1687,0.0000,0.0000,-0.0368,0.0276,-0.3371,-0.3078,-0.0044,0.0591,-0.0332,0.0193,-0.0217,-0.0055,0.0000,0.0087,0.0022,0.4315,0.4696,0.0027,-0.0125,-0.2382,-0.2174,0.0028,0.0038,-0.0175,0.0515,-0.1533,-0.0767,0.0000,0.0000,-0.0767,0.0000,0.0000,0.0000,0.0000,0.0000,0.0000,-0.2300,-0.1533,0.0000,0.0000,0.0000,-0.0000,0.0000,0.0000,-0.0000,-0.0000,-0.1486,-0.0310,-0.0175,0.0364,0.0673,0.0771,-0.1027,-0.0060,-3.5793,0.0349,0.0087,-0.2739,-0.1216,0.0109,-0.0499,-0.1527,-0.0698,0.0112,0.0152,0.1699,-0.0340,
2.9610,RLFSMStateRLLocomotion,0.0000,0.0000,0.0000,-0.1481,0.1364,0.0107,0.6333,-0.0120,0.0191,-0.7736,-0.3160,-0.3221,0.0000,0.0184,0.0092,0.0000,-0.0077,-0.0107,0.0000,0.0000,0.0000,0.4955,0.5200,0.0000,0.0000,-0.1841,-0.1687,0.0000,0.0000,-0.0368,0.0276,-0.3326,-0.3079,-0.0035,0.0578,-0.0332,0.0187,-0.0208,-0.0052,0.0000,0.0076,0.0017,0.4370,0.4687,0.0022,-0.0119,-0.2293,-0.2157,0.0026,0.0035,-0.0210,0.0513,-0.0000,-0.1533,0.0000,0.0000,-0.0767,0.0000,0.0000,0.0000,0.0000,0.0000,0.0000,-0.2300,-0.0767,0.0000,0.0000,0.0000,-0.0000,0.0000,0.0000,-0.0000,-0.0000,-0.1305,-0.0316,-0.0141,0.0311,0.0674,0.0749,-0.0991,-0.0050,-3.6274,0.0304,0.0067,-0.2521,-0.1252,0.0086,-0.0478,-0.1172,-0.0629,0.0102,0.0141,0.1560,-0.0349,
2.9812,RLFSMStateRLLocomotion,0.0000,0.0000,0.0000,-0.1001,0.1534,0.0181,0.6338,-0.0119,0.0190,-0.7731,-0.3160,-0.3221,0.0000,0.0184,0.0092,0.0000,-0.0077,-0.0107,0.0000,0.0000,0.0000,0.4955,0.5200,0.0000,0.0000,-0.1841,-0.1687,0.0000,0.0000,-0.0368,0.0276,-0.3328,-0.3102,-0.0032,0.0563,-0.0324,0.0180,-0.0203,-0.0043,0.0000,0.0066,0.0024,0.4367,0.4643,0.0016,-0.0121,-0.2231,-0.2175,0.0024,0.0035,-0.0238,0.0492,-0.0000,0.0000,0.0000,0.0000,-0.0767,0.0000,-0.0767,0.0000,0.0000,0.0000,0.0000,0.0000,-0.0767,0.0000,0.0000,0.0000,-0.0000,0.0000,0.0000,-0.0000,-0.0000,-0.1312,-0.0410,-0.0130,0.0252,0.0703,0.0721,-0.0972,-0.0014,-3.6870,0.0266,0.0095,-0.2533,-0.1430,0.0063,-0.0484,-0.0923,-0.0699,0.0097,0.0140,0.1446,-0.0433,
3.0014,RLFSMStateRLLocomotion,0.0000,0.0000,0.0000,0.0181,0.2045,-0.0469,0.6343,-0.0114,0.0203,-0.7728,-0.3160,-0.3221,0.0000,0.0184,0.0092,0.0000,-0.0092,-0.0107,0.0000,0.0000,0.0000,0.4939,0.5185,0.0000,0.0000,-0.1841,-0.1687,0.0000,0.0000,-0.0368,0.0276,-0.3320,-0.3090,-0.0012,0.0536,-0.0330,0.0162,-0.0212,-0.0041,0.0000,0.0054,0.0039,0.4387,0.4607,0.0016,-0.0121,-0.2231,-0.2175,0.0024,0.0035,-0.0238,0.0492,-0.0000,0.0000,0.0000,0.0000,0.0000,0.0000,-0.0767,0.0000,0.0000,0.0000,0.0000,0.0000,-0.0767,0.0000,0.0000,0.0000,-0.0000,0.0000,0.0000,-0.0000,-0.0000,-0.1281,-0.0359,-0.0050,0.0143,0.0682,0.0647,-0.1008,-0.0004,-3.7645,0.0215,0.0158,-0.2451,-0.1572,0.0071,-0.0524,-0.0621,-0.0753,0.0085,0.0135,0.1303,-0.0553,
3.0217,RLFSMStateRLLocomotion,0.0000,0.0000,0.0000,0.0352,0.1939,-0.0447,0.6342,-0.0109,0.0210,-0.7728,-0.3160,-0.3221,0.0000,0.0184,0.0092,0.0000,-0.0092,-0.0107,0.0000,0.0000,0.0000,0.4939,0.5185,0.0000,0.0000,-0.1841,-0.1687,0.0000,0.0000,-0.0353,0.0276,-0.3308,-0.3078,-0.0000,0.0520,-0.0330,0.0161,-0.0219,-0.0044,0.0000,0.0044,0.0046,0.4417,0.4585,0.0016,-0.0138,-0.2099,-0.2194,0.0020,0.0032,-0.0303,0.0448,-0.0000,0.0000,0.0000,0.0000,0.0000,0.0000,0.0000,0.0000,0.0000,0.0000,0.0000,-0.0767,-0.0000,0.0000,0.0000,0.0000,-0.0000,0.0000,0.0000,-0.0000,-0.0000,-0.1231,-0.0313,-0.0001,0.0082,0.0678,0.0643,-0.1036,-0.0015,-3.8463,0.0175,0.0182,-0.2331,-0.1660,0.0063,-0.0553,-0.0396,-0.0775,0.0079,0.0129,0.1188,-0.0606,
3.0419,RLFSMStateRLLocomotion,0.0000,0.0000,0.0000,0.0756,0.1992,-0.0213,0.6340,-0.0103,0.0215,-0.7730,-0.3160,-0.3221,0.0000,0.0199,0.0092,0.0000,-0.0092,-0.0107,0.0000,0.0000,0.0000,0.4939,0.5170,0.0000,0.0000,-0.1841,-0.1687,0.0000,0.0000,-0.0353,0.0276,-0.3286,-0.3081,0.0008,0.0510,-0.0330,0.0163,-0.0215,-0.0045,0.0000,0.0036,0.0048,0.4444,0.4565,0.0012,-0.0145,-0.2056,-0.2190,0.0021,0.0033,-0.0334,0.0442,-0.0000,0.0000,0.0000,0.0000,0.0000,0.0000,0.0000,0.0000,0.0000,0.0000,0.0000,-0.0767,-0.0000,0.0000,0.0000,0.0000,-0.0000,0.0000,0.0000,0.0767,-0.0000,-0.1145,-0.0325,0.0030,0.0038,0.0681,0.0653,-0.1019,-0.0019,-3.9256,0.0146,0.0194,-0.2222,-0.1738,0.0048,-0.0579,-0.0222,-0.0759,0.0082,0.0131,0.1065,-0.0632,
3.0621,RLFSMStateRLLocomotion,0.0000,0.0000,0.0000,0.0756,0.1992,-0.0213,0.6340,-0.0103,0.0215,-0.7730,-0.3160,-0.3221,0.0000,0.0199,0.0092,0.0000,-0.0092,-0.0107,0.0000,0.0000,0.0000,0.4939,0.5170,0.0000,0.0000,-0.1841,-0.1687,0.0000,0.0000,-0.0353,0.0276,-0.3275,-0.3083,0.0009,0.0503,-0.0329,0.0161,-0.0211,-0.0045,0.0000,0.0034,0.0047,0.4457,0.4559,0.0010,-0.0147,-0.2037,-0.2190,0.0022,0.0032,-0.0346,0.0442,-0.0000,0.0000,0.0000,0.0000,0.0000,0.0000,0.0000,0.0000,0.0000,0.0000,0.0000,-0.0767,-0.0000,0.0000,0.0000,0.0000,-0.0000,0.0000,0.0000,0.0767,-0.0000,-0.1102,-0.0330,0.0038,0.0013,0.0683,0.0646,-0.1003,-0.0021,-3.9989,0.0134,0.0189,-0.2172,-0.1764,0.0039,-0.0588,-0.0147,-0.0761,0.0088,0.0130,0.1017,-0.0633,
3.0823,RLFSMStateRLLocomotion,0.0000,0.0000,0.0000,0.0756,0.1992,-0.0213,0.6340,-0.0103,0.0215,-0.7730,-0.3160,-0.3221,0.0000,0.0199,0.0092,0.0000,-0.0092,-0.0107,0.0000,0.0000,0.0000,0.4939,0.5170,0.0000,0.0000,-0.1841,-0.1687,0.0000,0.0000,-0.0353,0.0276,-0.3271,-0.3084,0.0010,0.0501,-0.0329,0.0159,-0.0208,-0.0046,0.0000,0.0032,0.0047,0.4462,0.4556,0.0009,-0.0148,-0.2030,-0.2191,0.0023,0.0032,-0.0351,0.0442,-0.0000,0.0000,0.0000,0.0000,0.0000,0.0000,0.0000,0.0000,0.0000,0.0000,0.0000,-0.0767,-0.0000,0.0000,0.0000,0.0000,-0.0000,0.0000,0.0000,0.0767,-0.0000,-0.1083,-0.0336,0.0040,0.0004,0.0686,0.0638,-0.0994,-0.0022,-4.0670,0.0129,0.0187,-0.2151,-0.1775,0.0035,-0.0591,-0.0119,-0.0766,0.0093,0.0129,0.0996,-0.0630,
3.1025,RLFSMStateRLLocomotion,0.0000,0.0000,0.0000,0.0756,0.1992,-0.0213,0.6340,-0.0103,0.0215,-0.7730,-0.3160,-0.3221,0.0000,0.0199,0.0092,0.0000,-0.0092,-0.0107,0.0000,0.0000,0.0000,0.4939,0.5170,0.0000,0.0000,-0.1841,-0.1687,0.0000,0.0000,-0.0353,0.0276,-0.3269,-0.3084,0.0010,0.0501,-0.0329,0.0159,-0.0208,-0.0046,0.0000,0.0032,0.0047,0.4462,0.4556,0.0009,-0.0148,-0.2030,-0.2191,0.0023,0.0032,-0.0351,0.0443,-0.0000,0.0000,0.0000,0.0000,0.0000,0.0000,0.0000,0.0000,0.0000,0.0000,0.0000,-0.0767,-0.0000,0.0000,0.0000,0.0000,-0.0000,0.0000,0.0000,0.0767,-0.0000,-0.1078,-0.0342,0.0041,-0.0001,0.0688,0.0632,-0.0988,-0.0023,-4.1308,0.0127,0.0186,-0.2145,-0.1782,0.0034,-0.0591,-0.0112,-0.0773,0.0098,0.0129,0.0989,-0.0627,
3.1227,RLFSMStateRLLocomotion,0.0000,0.0000,0.0000,0.0756,0.1992,-0.0213,0.6340,-0.0103,0.0215,-0.7730,-0.3160,-0.3221,0.0000,0.0199,0.0092,0.0000,-0.0092,-0.0107,0.0000,0.0000,0.0000,0.4939,0.5170,0.0000,0.0000,-0.1841,-0.1687,0.0000,0.0000,-0.0353,0.0276,-0.3270,-0.3087,0.0010,0.0499,-0.0328,0.0157,-0.0206,-0.0046,0.0000,0.0031,0.0047,0.4463,0.4553,0.0009,-0.0148,-0.2029,-0.2195,0.0026,0.0032,-0.0353,0.0444,-0.0000,0.0000,0.0000,0.0000,0.0000,0.0000,0.0000,0.0000,0.0000,0.0000,0.0000,-0.0767,-0.0000,0.0000,0.0000,0.0000,-0.0000,0.0000,0.0000,0.0767,-0.0000,-0.1080,-0.0346,0.0040,-0.0004,0.0690,0.0628,-0.0986,-0.0023,-4.1906,0.0125,0.0187,-0.2147,-0.1787,0.0035,-0.0591,-0.0116,-0.0781,0.0102,0.0128,0.0986,-0.0626,
3.1429,RLFSMStateRLLocomotion,0.0000,0.0000,0.0000,0.0756,0.1992,-0.0213,0.6340,-0.0103,0.0215,-0.7730,-0.3160,-0.3221,0.0000,0.0199,0.0092,0.0000,-0.0092,-0.0107,0.0000,0.0000,0.0000,0.4939,0.5170,0.0000,0.0000,-0.1841,-0.1687,0.0000,0.0000,-0.0353,0.0276,-0.3271,-0.3087,0.0010,0.0499,-0.0327,0.0156,-0.0206,-0.0046,0.0000,0.0031,0.0047,0.4462,0.4552,0.0009,-0.0148,-0.2029,-0.2195,0.0026,0.0032,-0.0353,0.0444,-0.0000,0.0000,0.0000,0.0000,0.0000,0.0000,0.0000,0.0000,0.0000,0.0000,0.0000,-0.0767,-0.0000,0.0000,0.0000,0.0000,-0.0000,0.0000,0.0000,0.0767,-0.0000,-0.1085,-0.0350,0.0039,-0.0006,0.0692,0.0626,-0.0985,-0.0023,-4.2470,0.0124,0.0188,-0.2152,-0.1792,0.0036,-0.0590,-0.0124,-0.0790,0.0106,0.0128,0.0986,-0.0625,
3.1632,RLFSMStateRLLocomotion,0.0000,0.0000,0.0000,-0.0117,0.1321,-0.0298,0.6354,0.0018,0.0341,-0.7715,-0.3206,-0.3221,0.0000,0.0199,0.0092,0.0000,-0.0107,-0.0107,0.0000,0.0000,0.0000,0.4893,0.5047,0.0000,0.0000,-0.1871,-0.1856,0.0000,0.0000,-0.0368,0.0276,-0.3273,-0.3088,0.0009,0.0498,-0.0327,0.0156,-0.0206,-0.0046,0.0000,0.0031,0.0047,0.4462,0.4552,0.0009,-0.0148,-0.2031,-0.2197,0.0026,0.0032,-0.0353,0.0444,-0.0000,0.0000,0.0000,0.0000,0.0000,0.0000,0.0000,0.0000,0.0000,0.0000,0.0000,0.0000,-0.0767,0.0000,0.0000,0.0000,-0.1533,0.0000,0.0000,-0.0000,-0.0000,-0.1091,-0.0353,0.0038,-0.0007,0.0693,0.0624,-0.0985,-0.0023,-4.3002,0.0123,0.0189,-0.2158,-0.1795,0.0038,-0.0589,-0.0133,-0.0799,0.0109,0.0128,0.0987,-0.0625,
3.1835,RLFSMStateRLLocomotion,0.0000,0.0000,0.0000,0.0426,0.1087,-0.0447,0.6352,0.0025,0.0357,-0.7715,-0.3206,-0.3221,0.0000,0.0199,0.0092,0.0000,-0.0107,-0.0107,0.0000,0.0000,0.0000,0.4893,0.5047,0.0000,0.0000,-0.1871,-0.1887,0.0000,0.0000,-0.0368,0.0276,-0.3273,-0.3088,0.0009,0.0498,-0.0327,0.0156,-0.0206,-0.0046,0.0000,0.0031,0.0047,0.4460,0.4551,0.0010,-0.0147,-0.2033,-0.2200,0.0027,0.0032,-0.0353,0.0444,-0.0000,0.0000,0.0000,0.0000,0.0000,0.0000,0.0000,0.0000,0.0000,0.0000,0.0000,0.0000,-0.0000,0.0000,0.0000,0.0000,-0.0767,0.0000,0.0000,-0.0000,-0.0000,-0.0925,-0.0347,-0.0027,-0.0132,0.0714,0.0565,-0.0924,-0.0051,-4.3743,0.0064,0.0222,-0.1872,-0.1652,0.0102,-0.0688,0.0599,-0.0065,0.0099,0.0145,0.0812,-0.0590,
3.2037,RLFSMStateRLLocomotion,0.0000,0.0000,0.0000,0.0383,0.1012,-0.0650,0.6351,0.0029,0.0364,-0.7716,-0.3206,-0.3221,0.0000,0.0199,0.0092,0.0000,-0.0107,-0.0107,0.0000,0.0000,0.0000,0.4893,0.5047,0.0000,0.0000,-0.1871,-0.1902,0.0000,0.0000,-0.0368,0.0276,-0.3231,-0.3087,-0.0007,0.0467,-0.0321,0.0141,-0.0191,-0.0053,0.0000,0.0016,0.0055,0.4532,0.4587,0.0026,-0.0172,-0.1850,-0.2016,0.0025,0.0036,-0.0397,0.0453,-0.0000,0.0000,0.0000,0.0000,0.0000,0.0000,0.0000,0.0000,0.0000,0.0000,0.0000,0.0000,-0.0000,0.0000,0.0000,0.0000,-0.0767,0.0000,0.0000,-0.0000,-0.0000,-0.0827,-0.0304,-0.0055,-0.0166,0.0730,0.0523,-0.0900,-0.0084,-4.4336,0.0015,0.0214,-0.1749,-0.1585,0.0107,-0.0731,0.0893,0.0057,0.0084,0.0140,0.0719,-0.0542,
3.2239,RLFSMStateRLLocomotion,0.0000,0.0000,0.0000,-0.0288,0.1246,-0.0043,0.6348,0.0049,0.0379,-0.7717,-0.3206,-0.3221,0.0000,0.0199,0.0092,0.0000,-0.0107,-0.0107,0.0000,0.0000,0.0000,0.4893,0.5047,0.0000,0.0000,-0.1871,-0.1933,0.0000,0.0000,-0.0399,0.0276,-0.3169,-0.3081,-0.0013,0.0450,-0.0313,0.0134,-0.0175,-0.0064,0.0000,0.0002,0.0053,0.4563,0.4604,0.0027,-0.0183,-0.1777,-0.1986,0.0021,0.0035,-0.0420,0.0464,-0.0000,0.0000,0.0000,0.0000,0.0000,0.0000,0.0000,0.0000,0.0000,0.0000,0.0000,0.0000,-0.0000,0.0000,0.0000,0.0000,-0.1533,0.0000,0.0000,-0.0767,-0.0000,-0.0676,-0.0325,-0.0050,-0.0199,0.0747,0.0538,-0.0858,-0.0097,-4.4822,0.0007,0.0178,-0.1622,-0.1545,0.0091,-0.0740,0.1079,0.0161,0.0083,0.0136,0.0668,-0.0495,
3.2442,RLFSMStateRLLocomotion,0.0000,0.0000,0.0000,-0.0096,0.1044,-0.0032,0.6352,0.0072,0.0391,-0.7713,-0.3206,-0.3221,0.0000,0.0199,0.0092,0.0000,-0.0107,-0.0107,0.0000,0.0000,0.0000,0.4893,0.5047,0.0000,0.0000,-0.1871,-0.1948,0.0000,0.0000,-0.0399,0.0276,-0.3123,-0.3081,-0.0013,0.0450,-0.0313,0.0134,-0.0175,-0.0064,0.0000,0.0002,0.0045,0.4594,0.4614,0.0023,-0.0185,-0.1730,-0.1960,0.0021,0.0034,-0.0433,0.0476,-0.0000,0.0000,0.0000,0.0000,0.0000,0.0000,0.0000,0.0000,0.0000,0.0000,0.0000,0.0000,-0.0000,0.0000,0.0000,0.0000,-0.0767,0.0000,0.0000,-0.0000,-0.0000,-0.0491,-0.0406,-0.0080,-0.0201,0.0750,0.0566,-0.0787,-0.0098,-4.5217,0.0020,0.0108,-0.1492,-0.1494,0.0069,-0.0723,0.1195,0.0297,0.0090,0.0133,0.0628,-0.0416,
3.2645,RLFSMStateRLLocomotion,0.0000,0.0000,0.0000,-0.0075,0.0884,-0.0149,0.6353,0.0074,0.0399,-0.7712,-0.3206,-0.3221,0.0000,0.0199,0.0092,0.0000,-0.0107,-0.0107,0.0000,0.0000,0.0000,0.4893,0.5047,0.0000,0.0000,-0.1887,-0.1963,0.0000,0.0000,-0.0399,0.0276,-0.3123,-0.3102,-0.0020,0.0450,-0.0312,0.0141,-0.0157,-0.0065,0.0000,0.0005,0.0027,0.4627,0.4626,0.0017,-0.0181,-0.1701,-0.1926,0.0022,0.0033,-0.0443,0.0496,-0.0000,0.0000,0.0000,0.0000,0.0000,0.0000,0.0000,0.0000,0.0000,0.0000,0.0000,0.0000,-0.0000,0.0000,0.0000,0.0000,-0.0767,0.0000,0.0000,-0.0000,-0.0000,-0.0448,-0.0430,-0.0100,-0.0214,0.0760,0.0523,-0.0743,-0.0104,-4.5628,0.0003,0.0122,-0.1437,-0.1504,0.0056,-0.0732,0.1257,0.0319,0.0086,0.0138,0.0607,-0.0397,
3.2848,RLFSMStateRLLocomotion,0.0000,0.0000,0.0000,-0.0043,0.0767,-0.0170,0.6354,0.0076,0.0418,-0.7710,-0.3206,-0.3221,0.0000,0.0199,0.0092,0.0000,-0.0107,-0.0107,0.0000,0.0000,0.0000,0.4893,0.5047,0.0000,0.0000,-0.1887,-0.1963,0.0000,0.0000,-0.0399,0.0291,-0.3112,-0.3108,-0.0025,0.0447,-0.0310,0.0131,-0.0146,-0.0066,0.0000,0.0001,0.0031,0.4641,0.4624,0.0014,-0.0183,-0.1686,-0.1920,0.0021,0.0035,-0.0448,0.0501,-0.0000,0.0000,0.0000,0.0000,0.0000,0.0000,0.0000,0.0000,0.0000,0.0000,0.0000,0.0000,-0.0000,0.0000,0.0000,-0.0767,-0.0000,0.0000,0.0000,-0.0000,-0.0000,-0.0423,-0.0446,-0.0112,-0.0204,0.0769,0.0529,-0.0730,-0.0114,-4.6036,-0.0001,0.0112,-0.1407,-0.1524,0.0051,-0.0724,0.1312,0.0282,0.0086,0.0142,0.0600,-0.0367,
3.3051,RLFSMStateRLLocomotion,0.0000,0.0000,0.0000,0.0053,0.0447,0.0043,0.6354,0.0081,0.0433,-0.7709,-0.3206,-0.3221,0.0000,0.0199,0.0092,0.0000,-0.0107,-0.0107,0.0000,0.0000,0.0000,0.4878,0.5047,0.0000,0.0000,-0.1887,-0.1963,0.0000,0.0000,-0.0414,0.0291,-0.3106,-0.3112,-0.0028,0.0449,-0.0308,0.0132,-0.0143,-0.0068,0.0000,-0.0000,0.0028,0.4648,0.4619,0.0013,-0.0181,-0.1672,-0.1929,0.0022,0.0036,-0.0450,0.0508,-0.0000,0.0000,0.0000,0.0000,0.0000,0.0000,0.0000,0.0000,0.0000,0.0000,0.0000,-0.0767,-0.0000,0.0000,0.0000,0.0000,-0.0000,0.0000,0.0000,-0.0767,0.0767,-0.0416,-0.0494,-0.0145,-0.0205,0.0786,0.0549,-0.0710,-0.0111,-4.6456,0.0006,0.0101,-0.1404,-0.1559,0.0031,-0.0723,0.1252,0.0226,0.0080,0.0143,0.0624,-0.0365,
3.3253,RLFSMStateRLLocomotion,0.0000,0.0000,0.0000,0.0160,0.0117,-0.0000,0.6353,0.0086,0.0440,-0.7709,-0.3206,-0.3221,0.0000,0.0199,0.0092,0.0000,-0.0107,-0.0107,0.0000,0.0000,0.0000,0.4878,0.5047,0.0000,0.0000,-0.1887,-0.1963,0.0000,0.0000,-0.0414,0.0291,-0.3104,-0.3123,-0.0036,0.0449,-0.0304,0.0137,-0.0137,-0.0068,0.0000,0.0001,0.0025,0.4649,0.4610,0.0008,-0.0181,-0.1687,-0.1944,0.0020,0.0036,-0.0444,0.0509,-0.0000,0.0000,0.0000,0.0000,0.0000,0.0000,0.0000,0.0000,0.0000,0.0000,0.0000,0.0000,-0.0000,0.0000,0.0000,0.0000,-0.0000,0.0000,0.0000,-0.0000,-0.0000,-0.0416,-0.0494,-0.0145,-0.0205,0.0786,0.0549,-0.0710,-0.0111,-4.6456,0.0006,0.0101,-0.1404,-0.1559,0.0031,-0.0723,0.1252,0.0226,0.0080,0.0143,0.0624,-0.0365,
3.3456,RLFSMStateRLLocomotion,0.0000,0.0000,0.0000,0.0107,-0.0000,-0.0096,0.6352,0.0094,0.0443,-0.7710,-0.3206,-0.3221,0.0000,0.0199,0.0092,0.0000,-0.0107,-0.0107,0.0000,0.0000,0.0000,0.4878,0.5047,0.0000,0.0000,-0.1887,-0.1979,0.0000,0.0000,-0.0414,0.0291,-0.3114,-0.3133,-0.0045,0.0451,-0.0304,0.0137,-0.0135,-0.0067,0.0000,0.0001,0.0027,0.4635,0.4600,0.0006,-0.0182,-0.1711,-0.1960,0.0021,0.0037,-0.0447,0.0510,-0.0000,0.0000,0.0000,0.0000,0.0000,0.0000,0.0000,0.0000,0.0000,0.0000,0.0000,0.0000,-0.0000,0.0000,0.0000,0.0000,-0.0767,0.0000,0.0000,-0.0000,-0.0000,-0.0456,-0.0531,-0.0181,-0.0196,0.0782,0.0546,-0.0698,-0.0109,-4.6886,0.0004,0.0106,-0.1460,-0.1600,0.0025,-0.0730,0.1155,0.0159,0.0084,0.0147,0.0613,-0.0359,
3.3659,RLFSMStateRLLocomotion,0.0000,0.0000,0.0000,0.0085,-0.0362,0.0043,0.6351,0.0106,0.0441,-0.7711,-0.3206,-0.3221,0.0000,0.0199,0.0092,0.0000,-0.0107,-0.0107,0.0000,0.0000,0.0000,0.4878,0.5047,0.0000,0.0000,-0.1887,-0.1979,0.0000,0.0000,-0.0414,0.0291,-0.3124,-0.3134,-0.0052,0.0448,-0.0306,0.0133,-0.0133,-0.0067,0.0000,0.0001,0.0030,0.4627,0.4600,0.0009,-0.0185,-0.1724,-0.1958,0.0022,0.0037,-0.0448,0.0508,-0.0000,0.0000,0.0000,0.0000,0.0000,0.0000,0.0000,0.0000,0.0000,0.0000,0.0000,0.0000,-0.0000,0.0000,0.0000,0.0000,-0.0000,0.0000,0.0000,-0.0000,-0.0000,-0.0498,-0.0537,-0.0206,-0.0207,0.0776,0.0530,-0.0693,-0.0107,-4.7314,0.0005,0.0120,-0.1490,-0.1601,0.0034,-0.0739,0.1103,0.0166,0.0088,0.0149,0.0608,-0.0367,
3.3863,RLFSMStateRLLocomotion,0.0000,0.0000,0.0000,0.0011,-0.0437,0.0075,0.6351,0.0109,0.0439,-0.7711,-0.3206,-0.3221,0.0000,0.0199,0.0092,0.0000,-0.0107,-0.0107,0.0000,0.0000,0.0000,0.4878,0.5047,0.0000,0.0000,-0.1887,-0.1963,0.0000,0.0000,-0.0414,0.0291,-0.3137,-0.3144,-0.0064,0.0449,-0.0306,0.0134,-0.0130,-0.0065,0.0000,0.0001,0.0029,0.4614,0.4594,0.0004,-0.0187,-0.1755,-0.1981,0.0022,0.0036,-0.0447,0.0505,-0.0000,0.0000,0.0000,0.0000,0.0000,0.0000,0.0000,0.0000,0.0000,0.0000,0.0000,0.0000,-0.0000,0.0000,0.0000,0.0000,-0.0000,0.0000,0.0000,-0.0000,-0.0000,-0.0546,-0.0576,-0.0255,-0.0205,0.0775,0.0537,-0.0681,-0.0102,-4.7751,0.0006,0.0115,-0.1542,-0.1626,0.0016,-0.0750,0.0979,0.0074,0.0088,0.0146,0.0611,-0.0380,
3.4065,RLFSMStateRLLocomotion,0.0000,0.0000,0.0000,0.0011,-0.0565,-0.0000,0.6351,0.0109,0.0439,-0.7711,-0.3206,-0.3221,0.0000,0.0199,0.0092,0.0000,-0.0107,-0.0107,0.0000,0.0000,0.0000,0.4878,0.5047,0.0000,0.0000,-0.1871,-0.1948,0.0000,0.0000,-0.0414,0.0291,-0.3147,-0.3151,-0.0068,0.0452,-0.0307,0.0135,-0.0129,-0.0064,0.0000,0.0004,0.0028,0.4603,0.4587,0.0002,-0.0186,-0.1784,-0.1997,0.0023,0.0036,-0.0442,0.0503,-0.0000,0.0000,0.0000,0.0000,0.0000,0.0000,0.0000,0.0000,0.0000,0.0000,0.0000,0.0000,-0.0000,0.0000,0.0000,0.0767,0.0767,0.0000,0.0000,-0.0000,-0.0000,-0.0589,-0.0605,-0.0274,-0.0192,0.0771,0.0539,-0.0677,-0.0096,-4.8172,0.0015,0.0113,-0.1590,-0.1652,0.0008,-0.0746,0.0865,0.0012,0.0091,0.0145,0.0631,-0.0386,
3.4268,RLFSMStateRLLocomotion,0.0000,0.0000,0.0000,0.0075,-0.0799,-0.0000,0.6350,0.0104,0.0440,-0.7712,-0.3206,-0.3221,0.0000,0.0199,0.0092,0.0000,-0.0107,-0.0107,0.0000,0.0000,0.0000,0.4878,0.5047,0.0000,0.0000,-0.1856,-0.1933,0.0000,0.0000,-0.0414,0.0291,-0.3174,-0.3156,-0.0077,0.0457,-0.0310,0.0135,-0.0133,-0.0064,0.0000,0.0003,0.0030,0.4574,0.4575,0.0002,-0.0187,-0.1844,-0.2038,0.0023,0.0036,-0.0436,0.0496,-0.0000,0.0000,0.0000,0.0000,0.0000,0.0000,0.0000,0.0000,0.0000,0.0000,0.0000,0.0000,-0.0000,0.0000,0.0000,0.0767,0.0767,0.0000,0.0000,-0.0000,-0.0000,-0.0697,-0.0622,-0.0307,-0.0171,0.0762,0.0540,-0.0693,-0.0098,-4.8630,0.0014,0.0118,-0.1706,-0.1700,0.0007,-0.0750,0.0626,-0.0151,0.0093,0.0144,0.0656,-0.0414,
3.4470,RLFSMStateRLLocomotion,0.0000,0.0000,0.0000,0.0138,-0.1012,0.0075,0.6349,0.0096,0.0438,-0.7713,-0.3206,-0.3221,0.0000,0.0199,0.0092,0.0000,-0.0107,-0.0107,0.0000,0.0000,0.0000,0.4878,0.5047,0.0000,0.0000,-0.1856,-0.1933,0.0000,0.0000,-0.0414,0.0291,-0.3201,-0.3160,-0.0083,0.0462,-0.0309,0.0139,-0.0138,-0.0062,0.0000,0.0007,0.0033,0.4548,0.4563,0.0002,-0.0187,-0.1884,-0.2065,0.0024,0.0037,-0.0427,0.0490,-0.0000,0.0000,0.0000,0.0000,0.0000,0.0000,0.0000,0.0000,0.0000,0.0000,0.0000,0.0000,-0.0000,0.0000,0.0000,0.0000,0.0767,0.0000,0.0000,-0.0000,-0.0000,-0.0805,-0.0641,-0.0333,-0.0153,0.0763,0.0555,-0.0711,-0.0089,-4.9078,0.0027,0.0132,-0.1809,-0.1748,0.0006,-0.0747,0.0463,-0.0258,0.0098,0.0148,0.0692,-0.0438,
3.4671,RLFSMStateRLLocomotion,0.0000,0.0000,0.0000,0.0373,-0.1140,0.0053,0.6347,0.0086,0.0434,-0.7715,-0.3206,-0.3221,0.0000,0.0199,0.0092,0.0000,-0.0107,-0.0107,0.0000,0.0000,0.0000,0.4878,0.5047,0.0000,0.0000,-0.1841,-0.1933,0.0000,0.0000,-0.0414,0.0291,-0.3226,-0.3164,-0.0092,0.0465,-0.0311,0.0142,-0.0141,-0.0060,0.0000,0.0009,0.0035,0.4523,0.4552,0.0003,-0.0189,-0.1939,-0.2089,0.0025,0.0038,-0.0419,0.0484,-0.0000,0.0000,0.0000,0.0000,0.0000,0.0000,0.0000,0.0000,0.0000,0.0000,0.0000,0.0000,-0.0000,0.0000,0.0000,0.0767,-0.0000,0.0000,0.0000,-0.0000,-0.0000,-0.0903,-0.0658,-0.0369,-0.0141,0.0757,0.0568,-0.0725,-0.0080,-4.9535,0.0038,0.0141,-0.1908,-0.1791,0.0012,-0.0755,0.0243,-0.0356,0.0100,0.0150,0.0725,-0.0464,
3.4874,RLFSMStateRLLocomotion,0.0000,0.0000,0.0000,0.0330,-0.1076,0.0043,0.6344,0.0077,0.0426,-0.7718,-0.3206,-0.3221,0.0000,0.0199,0.0092,0.0000,-0.0107,-0.0107,0.0000,0.0000,0.0000,0.4878,0.5047,0.0000,0.0000,-0.1825,-0.1917,0.0000,0.0000,-0.0414,0.0291,-0.3247,-0.3165,-0.0095,0.0467,-0.0311,0.0140,-0.0145,-0.0058,0.0000,0.0011,0.0041,0.4505,0.4546,0.0006,-0.0191,-0.1971,-0.2098,0.0026,0.0039,-0.0411,0.0478,-0.0000,0.0000,0.0000,0.0000,0.0000,0.0000,0.0000,0.0000,0.0000,0.0000,0.0000,0.0000,-0.0000,0.0000,0.0000,0.0000,-0.0000,0.0000,0.0000,-0.0000,-0.0000,-0.0989,-0.0659,-0.0381,-0.0132,0.0756,0.0562,-0.0741,-0.0072,-4.9981,0.0044,0.0162,-0.1981,-0.1816,0.0024,-0.0763,0.0117,-0.0392,0.0103,0.0154,0.0758,-0.0487,
3.5076,RLFSMStateRLLocomotion,0.0000,0.0000,0.0000,0.0138,-0.0884,-0.0000,0.6341,0.0067,0.0411,-0.7722,-0.3206,-0.3221,0.0000,0.0199,0.0092,0.0000,-0.0107,-0.0107,0.0000,0.0000,0.0000,0.4878,0.5047,0.0000,0.0000,-0.1795,-0.1917,0.0000,0.0000,-0.0414,0.0291,-0.3264,-0.3163,-0.0095,0.0471,-0.0312,0.0142,-0.0151,-0.0057,0.0000,0.0013,0.0041,0.4486,0.4542,0.0008,-0.0188,-0.1992,-0.2112,0.0027,0.0039,-0.0403,0.0475,-0.0000,0.0000,0.0000,0.0000,0.0000,0.0000,0.0000,0.0000,0.0000,0.0000,0.0000,0.0000,-0.0000,0.0000,0.0000,0.0767,-0.0000,0.0000,0.0000,-0.0000,-0.0000,-0.1056,-0.0652,-0.0378,-0.0116,0.0753,0.0569,-0.0763,-0.0068,-5.0384,0.0053,0.0165,-0.2058,-0.1832,0.0033,-0.0752,0.0032,-0.0449,0.0107,0.0155,0.0789,-0.0501,
3.5280,RLFSMStateRLLocomotion,0.0000,0.0000,0.0000,0.0075,-0.0842,-0.0021,0.6340,0.0064,0.0406,-0.7723,-0.3206,-0.3221,0.0000,0.0199,0.0092,0.0000,-0.0107,-0.0107,0.0000,0.0000,0.0000,0.4878,0.5047,0.0000,0.0000,-0.1795,-0.1917,0.0000,0.0000,-0.0414,0.0291,-0.3279,-0.3160,-0.0095,0.0473,-0.0315,0.0143,-0.0157,-0.0056,0.0000,0.0015,0.0042,0.4465,0.4543,0.0013,-0.0186,-0.2027,-0.2125,0.0028,0.0038,-0.0397,0.0469,-0.0000,0.0000,0.0000,0.0000,0.0000,0.0000,0.0000,0.0000,0.0000,0.0000,0.0000,0.0000,-0.0000,0.0000,0.0000,0.0767,-0.0000,0.0000,0.0000,-0.0000,-0.0000,-0.1118,-0.0638,-0.0379,-0.0109,0.0741,0.0571,-0.0787,-0.0065,-5.0768,0.0062,0.0166,-0.2142,-0.1830,0.0053,-0.0746,-0.0109,-0.0499,0.0112,0.0151,0.0813,-0.0522,
3.5482,RLFSMStateRLLocomotion,0.0000,0.0000,0.0000,0.0021,-0.0767,-0.0011,0.6339,0.0058,0.0395,-0.7723,-0.3206,-0.3221,0.0000,0.0199,0.0092,0.0000,-0.0107,-0.0107,0.0000,0.0000,0.0000,0.4878,0.5047,0.0000,0.0000,-0.1779,-0.1917,0.0000,0.0000,-0.0414,0.0291,-0.3291,-0.3156,-0.0094,0.0474,-0.0315,0.0143,-0.0161,-0.0056,0.0000,0.0017,0.0043,0.4452,0.4545,0.0016,-0.0186,-0.2042,-0.2129,0.0029,0.0038,-0.0392,0.0467,-0.0000,0.0000,0.0000,0.0000,0.0000,0.0000,0.0000,0.0000,0.0000,0.0000,0.0000,0.0000,-0.0000,0.0000,0.0000,0.1533,-0.0000,0.0000,0.0000,-0.0000,-0.0000,-0.1164,-0.0625,-0.0378,-0.0105,0.0739,0.0572,-0.0805,-0.0062,-5.1134,0.0067,0.0173,-0.2190,-0.1821,0.0066,-0.0743,-0.0168,-0.0514,0.0115,0.0152,0.0833,-0.0532,
3.5684,RLFSMStateRLLocomotion,0.0000,0.0000,0.0000,-0.0053,-0.0703,0.0000,0.6340,0.0050,0.0388,-0.7724,-0.3206,-0.3221,0.0000,0.0199,0.0092,0.0000,-0.0107,-0.0107,0.0000,0.0000,0.0000,0.4878,0.5047,0.0000,0.0000,-0.1764,-0.1902,0.0000,0.0000,-0.0414,0.0291,-0.3302,-0.3155,-0.0095,0.0475,-0.0317,0.0143,-0.0165,-0.0055,0.0000,0.0018,0.0044,0.4439,0.4544,0.0019,-0.0186,-0.2069,-0.2138,0.0029,0.0038,-0.0387,0.0463,-0.0000,0.0000,0.0000,0.0000,0.0000,0.0000,0.0000,0.0000,0.0000,0.0000,0.0000,0.0000,-0.0000,0.0000,0.0000,0.0767,0.0767,0.0000,0.0000,-0.0000,-0.0000,-0.1209,-0.0620,-0.0382,-0.0099,0.0733,0.0573,-0.0820,-0.0059,-5.1485,0.0072,0.0175,-0.2245,-0.1822,0.0076,-0.0744,-0.0275,-0.0552,0.0117,0.0150,0.0852,-0.0547,
3.5887,RLFSMStateRLLocomotion,0.0000,0.0000,0.0000,0.0170,-0.0682,0.0021,0.6339,0.0041,0.0381,-0.7724,-0.3206,-0.3221,0.0000,0.0199,0.0092,0.0000,-0.0107,-0.0107,0.0000,0.0000,0.0000,0.4878,0.5047,0.0000,0.0000,-0.1764,-0.1902,0.0000,0.0000,-0.0414,0.0291,-0.3313,-0.3153,-0.0092,0.0477,-0.0317,0.0146,-0.0169,-0.0053,0.0000,0.0021,0.0044,0.4423,0.4541,0.0021,-0.0181,-0.2076,-0.2149,0.0031,0.0038,-0.0381,0.0460,-0.0000,0.0000,0.0000,0.0000,0.0000,0.0000,0.0000,0.0000,0.0000,0.0000,0.0000,0.0000,-0.0000,0.0000,0.0000,0.0000,-0.0000,0.0000,0.0000,-0.0000,-0.0000,-0.1253,-0.0613,-0.0367,-0.0090,0.0734,0.0583,-0.0837,-0.0054,-5.1775,0.0083,0.0175,-0.2309,-0.1835,0.0083,-0.0724,-0.0304,-0.0596,0.0123,0.0151,0.0875,-0.0558,
3.6088,RLFSMStateRLLocomotion,0.0000,0.0000,0.0000,0.0224,-0.0682,0.0043,0.6339,0.0035,0.0379,-0.7725,-0.3206,-0.3221,0.0000,0.0199,0.0092,0.0000,-0.0107,-0.0107,0.0000,0.0000,0.0000,0.4878,0.5047,0.0000,0.0000,-0.1764,-0.1902,0.0000,0.0000,-0.0414,0.0291,-0.3319,-0.3153,-0.0091,0.0477,-0.0316,0.0147,-0.0172,-0.0052,0.0000,0.0021,0.0046,0.4417,0.4536,0.0022,-0.0180,-0.2082,-0.2158,0.0031,0.0038,-0.0379,0.0456,-0.0000,0.0000,0.0000,0.0000,0.0000,0.0000,0.0000,0.0000,0.0000,0.0000,0.0000,0.0000,-0.0000,0.0000,0.0000,0.0000,-0.0000,0.0000,0.0000,-0.0000,-0.0000,-0.1277,-0.0611,-0.0363,-0.0092,0.0734,0.0588,-0.0847,-0.0049,-5.2062,0.0084,0.0185,-0.2333,-0.1856,0.0088,-0.0721,-0.0326,-0.0630,0.0122,0.0152,0.0883,-0.0576,
3.6290,RLFSMStateRLLocomotion,0.0000,0.0000,0.0000,0.0138,-0.0479,0.0107,0.6337,0.0024,0.0373,-0.7727,-0.3206,-0.3221,0.0000,0.0199,0.0092,0.0000,-0.0107,-0.0107,0.0000,0.0000,0.0000,0.4878,0.5047,0.0000,0.0000,-0.1764,-0.1887,0.0000,0.0000,-0.0414,0.0291,-0.3324,-0.3153,-0.0092,0.0477,-0.0316,0.0149,-0.0173,-0.0051,0.0000,0.0023,0.0046,0.4411,0.4534,0.0024,-0.0179,-0.2091,-0.2162,0.0031,0.0039,-0.0376,0.0454,-0.0000,0.0000,0.0000,0.0000,0.0000,0.0000,0.0000,0.0000,0.0000,0.0000,0.0000,0.0000,-0.0000,0.0000,0.0000,0.0000,0.0767,0.0000,0.0000,-0.0000,-0.0000,-0.1296,-0.0610,-0.0366,-0.0093,0.0737,0.0598,-0.0852,-0.0043,-5.2321,0.0092,0.0183,-0.2356,-0.1865,0.0094,-0.0717,-0.0364,-0.0646,0.0124,0.0154,0.0894,-0.0582,
3.6492,RLFSMStateRLLocomotion,0.0000,0.0000,0.0000,0.0160,-0.0202,-0.0000,0.6336,0.0015,0.0370,-0.7728,-0.3206,-0.3221,0.0000,0.0199,0.0092,0.0000,-0.0107,-0.0107,0.0000,0.0000,0.0000,0.4878,0.5047,0.0000,0.0000,-0.1764,-0.1887,0.0000,0.0000,-0.0414,0.0291,-0.3324,-0.3148,-0.0086,0.0478,-0.0315,0.0151,-0.0175,-0.0050,0.0000,0.0024,0.0044,0.4411,0.4534,0.0024,-0.0176,-0.2091,-0.2166,0.0031,0.0038,-0.0374,0.0455,-0.0000,0.0000,0.0000,0.0000,0.0000,0.0000,0.0000,0.0000,0.0000,0.0000,0.0000,0.0000,-0.0000,0.0000,0.0000,0.0000,-0.0000,0.0000,0.0000,-0.0000,-0.0000,-0.1296,-0.0593,-0.0344,-0.0089,0.0740,0.0603,-0.0860,-0.0041,-5.2560,0.0096,0.0178,-0.2357,-0.1864,0.0098,-0.0706,-0.0364,-0.0665,0.0125,0.0153,0.0906,-0.0581,
3.6695,RLFSMStateRLLocomotion,0.0000,0.0000,0.0000,0.0149,-0.0000,-0.0011,0.6334,0.0007,0.0364,-0.7730,-0.3206,-0.3221,0.0000,0.0199,0.0092,0.0000,-0.0107,-0.0107,0.0000,0.0000,0.0000,0.4878,0.5047,0.0000,0.0000,-0.1764,-0.1887,0.0000,0.0000,-0.0414,0.0291,-0.3322,-0.3140,-0.0077,0.0476,-0.0315,0.0148,-0.0178,-0.0051,0.0000,0.0023,0.0047,0.4415,0.4539,0.0029,-0.0175,-0.2074,-0.2150,0.0032,0.0038,-0.0375,0.0455,-0.0000,0.0000,0.0000,0.0000,0.0000,0.0000,0.0000,0.0000,0.0000,0.0000,0.0000,0.0000,-0.0000,0.0000,0.0000,0.0000,-0.0000,0.0000,0.0000,-0.0000,-0.0000,-0.1286,-0.0562,-0.0310,-0.0097,0.0739,0.0593,-0.0872,-0.0043,-5.2763,0.0094,0.0187,-0.2339,-0.1843,0.0115,-0.0698,-0.0295,-0.0602,0.0128,0.0153,0.0900,-0.0580,
3.6898,RLFSMStateRLLocomotion,0.0000,0.0000,0.0000,0.0043,0.0192,-0.0011,0.6333,0.0006,0.0358,-0.7731,-0.3206,-0.3221,0.0000,0.0199,0.0092,0.0000,-0.0107,-0.0107,0.0000,0.0000,0.0000,0.4878,0.5047,0.0000,0.0000,-0.1764,-0.1887,0.0000,0.0000,-0.0414,0.0291,-0.3316,-0.3135,-0.0072,0.0474,-0.0315,0.0148,-0.0179,-0.0051,0.0000,0.0023,0.0046,0.4420,0.4544,0.0030,-0.0173,-0.2059,-0.2141,0.0032,0.0038,-0.0378,0.0456,-0.0000,0.0000,0.0000,0.0000,0.0000,0.0000,0.0000,0.0000,0.0000,0.0000,0.0000,0.0000,-0.0000,0.0000,0.0000,0.0000,-0.0000,0.0000,0.0000,-0.0000,-0.0000,-0.1265,-0.0542,-0.0289,-0.0106,0.0742,0.0594,-0.0877,-0.0042,-5.2921,0.0093,0.0182,-0.2318,-0.1823,0.0121,-0.0692,-0.0236,-0.0563,0.0129,0.0151,0.0890,-0.0575,
3.7102,RLFSMStateRLLocomotion,0.0000,0.0000,0.0000,0.0011,0.0288,-0.0021,0.6333,0.0007,0.0356,-0.7731,-0.3206,-0.3221,0.0000,0.0199,0.0092,0.0000,-0.0107,-0.0107,0.0000,0.0000,0.0000,0.4878,0.5047,0.0000,0.0000,-0.1764,-0.1887,0.0000,0.0000,-0.0414,0.0291,-0.3307,-0.3131,-0.0065,0.0471,-0.0315,0.0147,-0.0179,-0.0051,0.0000,0.0022,0.0045,0.4430,0.4550,0.0031,-0.0172,-0.2037,-0.2129,0.0033,0.0037,-0.0382,0.0457,-0.0000,0.0000,0.0000,0.0000,0.0000,0.0000,0.0000,0.0000,0.0000,0.0000,0.0000,0.0000,-0.0000,0.0000,0.0000,0.0000,-0.0000,0.0000,0.0000,-0.0000,-0.0000,-0.1227,-0.0524,-0.0260,-0.0117,0.0741,0.0587,-0.0877,-0.0043,-5.3050,0.0088,0.0180,-0.2280,-0.1800,0.0125,-0.0687,-0.0149,-0.0515,0.0131,0.0148,0.0872,-0.0570,
3.7305,RLFSMStateRLLocomotion,0.0000,0.0000,0.0000,-0.0021,0.0330,-0.0053,0.6333,0.0008,0.0354,-0.7731,-0.3206,-0.3221,0.0000,0.0199,0.0092,0.0000,-0.0107,-0.0107,0.0000,0.0000,0.0000,0.4878,0.5047,0.0000,0.0000,-0.1764,-0.1887,0.0000,0.0000,-0.0414,0.0291,-0.3301,-0.3128,-0.0061,0.0469,-0.0315,0.0145,-0.0179,-0.0051,0.0000,0.0020,0.0045,0.4436,0.4553,0.0031,-0.0171,-0.2022,-0.2123,0.0033,0.0037,-0.0386,0.0458,-0.0000,0.0000,0.0000,0.0000,0.0000,0.0000,0.0000,0.0000,0.0000,0.0000,0.0000,0.0000,-0.0000,0.0000,0.0000,0.0000,-0.0000,0.0000,0.0000,-0.0000,-0.0000,-0.1203,-0.0513,-0.0245,-0.0124,0.0742,0.0581,-0.0877,-0.0046,-5.3160,0.0081,0.0178,-0.2255,-0.1787,0.0125,-0.0685,-0.0088,-0.0491,0.0131,0.0146,0.0855,-0.0567,
3.7508,RLFSMStateRLLocomotion,0.0000,0.0000,0.0000,-0.0075,0.0543,-0.0011,0.6334,0.0012,0.0354,-0.7730,-0.3206,-0.3221,0.0000,0.0199,0.0092,0.0000,-0.0107,-0.0107,0.0000,0.0000,0.0000,0.4878,0.5047,0.0000,0.0000,-0.1764,-0.1887,0.0000,0.0000,-0.0414,0.0291,-0.3289,-0.3125,-0.0055,0.0467,-0.0315,0.0144,-0.0178,-0.0052,0.0000,0.0019,0.0043,0.4448,0.4558,0.0031,-0.0170,-0.2001,-0.2111,0.0033,0.0036,-0.0391,0.0461,-0.0000,0.0000,0.0000,0.0000,0.0000,0.0000,0.0000,0.0000,0.0000,0.0000,0.0000,0.0000,-0.0000,0.0000,0.0000,0.0000,-0.0000,0.0000,0.0000,-0.0000,-0.0000,-0.1158,-0.0502,-0.0220,-0.0133,0.0742,0.0578,-0.0873,-0.0048,-5.3249,0.0076,0.0173,-0.2210,-0.1769,0.0125,-0.0680,-0.0002,-0.0444,0.0133,0.0144,0.0837,-0.0558,
3.7711,RLFSMStateRLLocomotion,0.0000,0.0000,0.0000,-0.0000,0.0533,-0.0011,0.6335,0.0013,0.0358,-0.7729,-0.3206,-0.3221,0.0000,0.0199,0.0092,0.0000,-0.0107,-0.0107,0.0000,0.0000,0.0000,0.4878,0.5047,0.0000,0.0000,-0.1764,-0.1887,0.0000,0.0000,-0.0414,0.0291,-0.3280,-0.3126,-0.0052,0.0466,-0.0314,0.0145,-0.0176,-0.0053,0.0000,0.0018,0.0042,0.4457,0.4558,0.0030,-0.0170,-0.1987,-0.2105,0.0033,0.0036,-0.0395,0.0463,-0.0000,0.0000,0.0000,0.0000,0.0000,0.0000,0.0000,0.0000,0.0000,0.0000,0.0000,0.0000,-0.0000,0.0000,0.0000,0.0000,-0.0000,0.0000,0.0000,-0.0000,-0.0000,-0.1120,-0.0503,-0.0209,-0.0137,0.0746,0.0579,-0.0865,-0.0050,-5.3322,0.0070,0.0167,-0.2173,-0.1766,0.0120,-0.0679,0.0053,-0.0418,0.0132,0.0144,0.0821,-0.0548,
3.7914,RLFSMStateRLLocomotion,0.0000,0.0000,0.0000,-0.0011,0.0543,-0.0032,0.6335,0.0014,0.0361,-0.7729,-0.3206,-0.3221,0.0000,0.0199,0.0092,0.0000,-0.0107,-0.0107,0.0000,0.0000,0.0000,0.4878,0.5047,0.0000,0.0000,-0.1764,-0.1887,0.0000,0.0000,-0.0414,0.0291,-0.3274,-0.3125,-0.0050,0.0465,-0.0313,0.0144,-0.0175,-0.0054,0.0000,0.0016,0.0042,0.4463,0.4559,0.0029,-0.0170,-0.1976,-0.2100,0.0033,0.0036,-0.0398,0.0465,-0.0000,0.0000,0.0000,0.0000,0.0000,0.0000,0.0000,0.0000,0.0000,0.0000,0.0000,0.0000,-0.0000,0.0000,0.0000,0.0000,-0.0000,0.0000,0.0000,-0.0000,-0.0000,-0.1096,-0.0500,-0.0201,-0.0140,0.0748,0.0577,-0.0861,-0.0054,-5.3392,0.0064,0.0166,-0.2146,-0.1764,0.0118,-0.0678,0.0096,-0.0400,0.0132,0.0144,0.0810,-0.0540,
3.8117,RLFSMStateRLLocomotion,0.0000,0.0000,0.0000,0.0064,0.0501,-0.0000,0.6335,0.0016,0.0368,-0.7729,-0.3206,-0.3221,0.0000,0.0199,0.0092,0.0000,-0.0107,-0.0107,0.0000,0.0000,0.0000,0.4878,0.5047,0.0000,0.0000,-0.1764,-0.1887,0.0000,0.0000,-0.0414,0.0291,-0.3269,-0.3125,-0.0049,0.0465,-0.0312,0.0145,-0.0174,-0.0054,0.0000,0.0015,0.0041,0.4468,0.4559,0.0029,-0.0169,-0.1969,-0.2096,0.0033,0.0036,-0.0400,0.0467,-0.0000,0.0000,0.0000,0.0000,0.0000,0.0000,0.0000,0.0000,0.0000,0.0000,0.0000,0.0000,-0.0000,0.0000,0.0000,0.0000,-0.0000,0.0000,0.0000,-0.0000,-0.0000,-0.1077,-0.0500,-0.0196,-0.0141,0.0750,0.0578,-0.0858,-0.0057,-5.3453,0.0061,0.0163,-0.2127,-0.1762,0.0116,-0.0677,0.0125,-0.0386,0.0132,0.0144,0.0801,-0.0533,
3.8319,RLFSMStateRLLocomotion,0.0000,0.0000,0.0000,0.0075,0.0415,-0.0000,0.6334,0.0020,0.0374,-0.7729,-0.3206,-0.3221,0.0000,0.0199,0.0092,0.0000,-0.0107,-0.0107,0.0000,0.0000,0.0000,0.4878,0.5047,0.0000,0.0000,-0.1779,-0.1887,0.0000,0.0000,-0.0414,0.0291,-0.3268,-0.3127,-0.0050,0.0465,-0.0312,0.0145,-0.0173,-0.0055,0.0000,0.0014,0.0041,0.4470,0.4557,0.0028,-0.0170,-0.1968,-0.2098,0.0033,0.0036,-0.0401,0.0468,-0.0000,0.0000,0.0000,0.0000,0.0000,0.0000,0.0000,0.0000,0.0000,0.0000,0.0000,0.0000,-0.0000,0.0000,0.0000,0.0000,-0.0000,0.0000,0.0000,-0.0000,-0.0000,-0.1070,-0.0509,-0.0201,-0.0140,0.0754,0.0581,-0.0853,-0.0059,-5.3520,0.0057,0.0164,-0.2119,-0.1773,0.0111,-0.0680,0.0128,-0.0393,0.0131,0.0144,0.0796,-0.0530,
3.8522,RLFSMStateRLLocomotion,0.0000,0.0000,0.0000,0.0096,0.0330,-0.0032,0.6334,0.0026,0.0377,-0.7729,-0.3206,-0.3221,0.0000,0.0199,0.0092,0.0000,-0.0107,-0.0107,0.0000,0.0000,0.0000,0.4878,0.5047,0.0000,0.0000,-0.1779,-0.1887,0.0000,0.0000,-0.0414,0.0291,-0.3265,-0.3128,-0.0051,0.0464,-0.0311,0.0145,-0.0172,-0.0055,0.0000,0.0013,0.0042,0.4475,0.4557,0.0026,-0.0169,-0.1951,-0.2095,0.0033,0.0037,-0.0403,0.0469,-0.0000,0.0000,0.0000,0.0000,0.0000,0.0000,0.0000,0.0000,0.0000,0.0000,0.0000,0.0000,-0.0000,0.0000,0.0000,-0.0767,-0.0000,0.0000,0.0000,-0.0000,-0.0000,-0.1058,-0.0513,-0.0203,-0.0142,0.0757,0.0580,-0.0849,-0.0061,-5.3585,0.0054,0.0166,-0.2100,-0.1770,0.0106,-0.0677,0.0195,-0.0380,0.0131,0.0146,0.0789,-0.0524,
3.8726,RLFSMStateRLLocomotion,0.0000,0.0000,0.0000,0.0043,0.0192,-0.0021,0.6333,0.0033,0.0380,-0.7730,-0.3206,-0.3221,0.0000,0.0199,0.0092,0.0000,-0.0107,-0.0107,0.0000,0.0000,0.0000,0.4878,0.5047,0.0000,0.0000,-0.1779,-0.1887,0.0000,0.0000,-0.0414,0.0291,-0.3264,-0.3130,-0.0053,0.0465,-0.0311,0.0144,-0.0172,-0.0056,0.0000,0.0012,0.0041,0.4476,0.4556,0.0026,-0.0170,-0.1958,-0.2099,0.0032,0.0036,-0.0404,0.0469,-0.0000,0.0000,0.0000,0.0000,0.0000,0.0000,0.0000,0.0000,0.0000,0.0000,0.0000,0.0000,-0.0000,0.0000,0.0000,0.0000,-0.0000,0.0000,0.0000,-0.0000,-0.0000,-0.1056,-0.0521,-0.0214,-0.0142,0.0755,0.0578,-0.0847,-0.0063,-5.3666,0.0050,0.0166,-0.2098,-0.1774,0.0103,-0.0681,0.0168,-0.0395,0.0130,0.0145,0.0784,-0.0524,
3.8929,RLFSMStateRLLocomotion,0.0000,0.0000,0.0000,-0.0021,0.0011,0.0000,0.6333,0.0041,0.0382,-0.7729,-0.3206,-0.3221,0.0000,0.0199,0.0092,0.0000,-0.0107,-0.0107,0.0000,0.0000,0.0000,0.4878,0.5047,0.0000,0.0000,-0.1779,-0.1887,0.0000,0.0000,-0.0414,0.0291,-0.3265,-0.3134,-0.0057,0.0466,-0.0312,0.0145,-0.0171,-0.0056,0.0000,0.0013,0.0040,0.4473,0.4556,0.0024,-0.0170,-0.1967,-0.2102,0.0033,0.0036,-0.0403,0.0470,-0.0000,0.0000,0.0000,0.0000,0.0000,0.0000,0.0000,0.0000,0.0000,0.0000,0.0000,0.0000,-0.0000,0.0000,0.0000,0.0000,-0.0000,0.0000,0.0000,-0.0000,-0.0000,-0.1061,-0.0536,-0.0228,-0.0137,0.0754,0.0580,-0.0842,-0.0064,-5.3749,0.0052,0.0161,-0.2109,-0.1777,0.0097,-0.0681,0.0133,-0.0410,0.0131,0.0145,0.0788,-0.0521,
3.9132,RLFSMStateRLLocomotion,0.0000,0.0000,0.0000,-0.0021,-0.0032,-0.0021,0.6333,0.0043,0.0384,-0.7729,-0.3206,-0.3221,0.0000,0.0199,0.0092,0.0000,-0.0107,-0.0107,0.0000,0.0000,0.0000,0.4878,0.5047,0.0000,0.0000,-0.1779,-0.1887,0.0000,0.0000,-0.0414,0.0291,-0.3269,-0.3138,-0.0061,0.0467,-0.0312,0.0145,-0.0170,-0.0056,0.0000,0.0013,0.0040,0.4468,0.4554,0.0023,-0.0171,-0.1978,-0.2109,0.0033,0.0036,-0.0401,0.0470,-0.0000,0.0000,0.0000,0.0000,0.0000,0.0000,0.0000,0.0000,0.0000,0.0000,0.0000,0.0000,-0.0000,0.0000,0.0000,0.0000,-0.0000,0.0000,0.0000,-0.0000,-0.0000,-0.1077,-0.0552,-0.0245,-0.0132,0.0753,0.0580,-0.0839,-0.0064,-5.3841,0.0053,0.0161,-0.2129,-0.1784,0.0093,-0.0682,0.0089,-0.0434,0.0131,0.0146,0.0795,-0.0521,
3.9335,RLFSMStateRLLocomotion,0.0000,0.0000,0.0000,0.0043,-0.0160,-0.0000,0.6333,0.0044,0.0386,-0.7729,-0.3206,-0.3221,0.0000,0.0199,0.0092,0.0000,-0.0107,-0.0107,0.0000,0.0000,0.0000,0.4878,0.5047,0.0000,0.0000,-0.1779,-0.1887,0.0000,0.0000,-0.0414,0.0291,-0.3273,-0.3139,-0.0063,0.0468,-0.0312,0.0145,-0.0170,-0.0056,0.0000,0.0014,0.0041,0.4464,0.4553,0.0023,-0.0171,-0.1985,-0.2113,0.0033,0.0037,-0.0399,0.0469,-0.0000,0.0000,0.0000,0.0000,0.0000,0.0000,0.0000,0.0000,0.0000,0.0000,0.0000,0.0000,-0.0000,0.0000,0.0000,0.0000,-0.0000,0.0000,0.0000,-0.0000,-0.0000,-0.1093,-0.0557,-0.0253,-0.0129,0.0752,0.0578,-0.0840,-0.0064,-5.3939,0.0054,0.0164,-0.2144,-0.1789,0.0093,-0.0683,0.0059,-0.0450,0.0131,0.0146,0.0802,-0.0523,
3.9539,RLFSMStateRLLocomotion,0.0000,0.0000,0.0000,0.0117,-0.0288,0.0021,0.6332,0.0043,0.0388,-0.7730,-0.3206,-0.3221,0.0000,0.0199,0.0092,0.0000,-0.0107,-0.0107,0.0000,0.0000,0.0000,0.4878,0.5047,0.0000,0.0000,-0.1779,-0.1887,0.0000,0.0000,-0.0414,0.0291,-0.3280,-0.3143,-0.0068,0.0469,-0.0312,0.0146,-0.0170,-0.0056,0.0000,0.0014,0.0042,0.4457,0.4547,0.0022,-0.0172,-0.2000,-0.2123,0.0033,0.0037,-0.0397,0.0467,-0.0000,0.0000,0.0000,0.0000,0.0000,0.0000,0.0000,0.0000,0.0000,0.0000,0.0000,0.0000,-0.0000,0.0000,0.0000,0.0000,-0.0000,0.0000,0.0000,-0.0000,-0.0000,-0.1122,-0.0571,-0.0272,-0.0123,0.0753,0.0582,-0.0840,-0.0062,-5.4048,0.0055,0.0168,-0.2172,-0.1810,0.0090,-0.0687,0.0000,-0.0491,0.0130,0.0148,0.0811,-0.0530,
3.9742,RLFSMStateRLLocomotion,0.0000,0.0000,0.0000,0.0202,-0.0352,-0.0000,0.6330,0.0041,0.0388,-0.7732,-0.3206,-0.3221,0.0000,0.0199,0.0092,0.0000,-0.0107,-0.0107,0.0000,0.0000,0.0000,0.4878,0.5047,0.0000,0.0000,-0.1779,-0.1887,0.0000,0.0000,-0.0414,0.0291,-0.3288,-0.3145,-0.0072,0.0470,-0.0312,0.0146,-0.0171,-0.0055,0.0000,0.0014,0.0043,0.4450,0.4543,0.0022,-0.0173,-0.2014,-0.2132,0.0032,0.0037,-0.0395,0.0465,-0.0000,0.0000,0.0000,0.0000,0.0000,0.0000,0.0000,0.0000,0.0000,0.0000,0.0000,0.0000,-0.0000,0.0000,0.0000,0.0000,-0.0000,0.0000,0.0000,-0.0000,-0.0000,-0.1153,-0.0579,-0.0286,-0.0120,0.0753,0.0584,-0.0842,-0.0060,-5.4168,0.0057,0.0174,-0.2201,-0.1828,0.0090,-0.0691,-0.0057,-0.0527,0.0130,0.0150,0.0821,-0.0539,
3.9945,RLFSMStateRLLocomotion,0.0000,0.0000,0.0000,0.0192,-0.0373,-0.0000,0.6329,0.0040,0.0388,-0.7732,-0.3206,-0.3221,0.0000,0.0199,0.0092,0.0000,-0.0107,-0.0107,0.0000,0.0000,0.0000,0.4878,0.5047,0.0000,0.0000,-0.1779,-0.1887,0.0000,0.0000,-0.0414,0.0291,-0.3296,-0.3146,-0.0074,0.0471,-0.0312,0.0146,-0.0172,-0.0055,0.0000,0.0015,0.0045,0.4442,0.4540,0.0023,-0.0173,-0.2027,-0.2139,0.0033,0.0038,-0.0392,0.0463,-0.0000,0.0000,0.0000,0.0000,0.0000,0.0000,0.0000,0.0000,0.0000,0.0000,0.0000,0.0000,-0.0000,0.0000,0.0000,0.0000,-0.0000,0.0000,0.0000,-0.0000,-0.0000,-0.1185,-0.0582,-0.0297,-0.0117,0.0752,0.0585,-0.0847,-0.0058,-5.4293,0.0061,0.0179,-0.2230,-0.1840,0.0092,-0.0693,-0.0107,-0.0557,0.0130,0.0151,0.0832,-0.0549,
4.0146,RLFSMStateRLLocomotion,0.0000,0.0000,0.0000,0.0096,-0.0394,0.0011,0.6328,0.0038,0.0382,-0.7734,-0.3206,-0.3221,0.0000,0.0199,0.0092,0.0000,-0.0107,-0.0107,0.0000,0.0000,0.0000,0.4878,0.5047,0.0000,0.0000,-0.1779,-0.1887,0.0000,0.0000,-0.0414,0.0291,-0.3302,-0.3146,-0.0076,0.0472,-0.0313,0.0147,-0.0173,-0.0054,0.0000,0.0017,0.0045,0.4436,0.4540,0.0024,-0.0173,-0.2038,-0.2144,0.0033,0.0038,-0.0389,0.0462,-0.0000,0.0000,0.0000,0.0000,0.0000,0.0000,0.0000,0.0000,0.0000,0.0000,0.0000,0.0000,-0.0000,0.0000,0.0000,0.0000,-0.0000,0.0000,0.0000,-0.0000,-0.0000,-0.1207,-0.0586,-0.0306,-0.0114,0.0750,0.0587,-0.0850,-0.0055,-5.4410,0.0066,0.0179,-0.2256,-0.1841,0.0095,-0.0692,-0.0151,-0.0575,0.0131,0.0151,0.0843,-0.0554,
4.0348,RLFSMStateRLLocomotion,0.0000,0.0000,0.0000,0.0053,-0.0362,-0.0011,0.6328,0.0037,0.0380,-0.7734,-0.3206,-0.3221,0.0000,0.0199,0.0092,0.0000,-0.0107,-0.0107,0.0000,0.0000,0.0000,0.4878,0.5047,0.0000,0.0000,-0.1779,-0.1887,0.0000,0.0000,-0.0414,0.0291,-0.3307,-0.3146,-0.0077,0.0472,-0.0313,0.0146,-0.0174,-0.0053,0.0000,0.0018,0.0045,0.4430,0.4541,0.0025,-0.0172,-0.2045,-0.2146,0.0033,0.0038,-0.0387,0.0461,-0.0000,0.0000,0.0000,0.0000,0.0000,0.0000,0.0000,0.0000,0.0000,0.0000,0.0000,0.0000,-0.0000,0.0000,0.0000,0.0000,-0.0000,0.0000,0.0000,-0.0000,-0.0000,-0.1227,-0.0582,-0.0310,-0.0112,0.0747,0.0585,-0.0855,-0.0053,-5.4520,0.0070,0.0180,-0.2279,-0.1836,0.0100,-0.0689,-0.0180,-0.0584,0.0133,0.0151,0.0853,-0.0558,
4.0550,RLFSMStateRLLocomotion,0.0000,0.0000,0.0000,0.0043,-0.0330,0.0011,0.6327,0.0033,0.0377,-0.7735,-0.3206,-0.3221,0.0000,0.0199,0.0092,0.0000,-0.0107,-0.0107,0.0000,0.0000,0.0000,0.4878,0.5047,0.0000,0.0000,-0.1779,-0.1887,0.0000,0.0000,-0.0414,0.0291,-0.3310,-0.3145,-0.0078,0.0472,-0.0313,0.0147,-0.0175,-0.0053,0.0000,0.0019,0.0045,0.4427,0.4541,0.0026,-0.0172,-0.2050,-0.2147,0.0033,0.0038,-0.0387,0.0461,-0.0000,0.0000,0.0000,0.0000,0.0000,0.0000,0.0000,0.0000,0.0000,0.0000,0.0000,0.0000,-0.0000,0.0000,0.0000,0.0000,-0.0000,0.0000,0.0000,-0.0000,-0.0000,-0.1240,-0.0580,-0.0311,-0.0111,0.0748,0.0587,-0.0859,-0.0051,-5.4618,0.0074,0.0180,-0.2293,-0.1835,0.0103,-0.0687,-0.0199,-0.0589,0.0134,0.0152,0.0861,-0.0560,
4.0753,RLFSMStateRLLocomotion,0.0000,0.0000,0.0000,0.0053,-0.0298,0.0032,0.6327,0.0031,0.0375,-0.7735,-0.3206,-0.3221,0.0000,0.0199,0.0092,0.0000,-0.0107,-0.0107,0.0000,0.0000,0.0000,0.4878,0.5047,0.0000,0.0000,-0.1779,-0.1887,0.0000,0.0000,-0.0414,0.0291,-0.3310,-0.3145,-0.0078,0.0472,-0.0313,0.0147,-0.0175,-0.0053,0.0000,0.0019,0.0045,0.4427,0.4541,0.0026,-0.0172,-0.2050,-0.2147,0.0033,0.0038,-0.0385,0.0460,-0.0000,0.0000,0.0000,0.0000,0.0000,0.0000,0.0000,0.0000,0.0000,0.0000,0.0000,0.0000,-0.0000,0.0000,0.0000,0.0000,-0.0000,0.0000,0.0000,-0.0000,-0.0000,-0.1244,-0.0580,-0.0310,-0.0111,0.0748,0.0589,-0.0860,-0.0049,-5.4706,0.0076,0.0181,-0.2299,-0.1836,0.0105,-0.0686,-0.0209,-0.0590,0.0134,0.0152,0.0865,-0.0561,
4.0955,RLFSMStateRLLocomotion,0.0000,0.0000,0.0000,0.0107,-0.0213,-0.0000,0.6326,0.0025,0.0371,-0.7736,-0.3206,-0.3221,0.0000,0.0199,0.0092,0.0000,-0.0107,-0.0107,0.0000,0.0000,0.0000,0.4878,0.5047,0.0000,0.0000,-0.1779,-0.1887,0.0000,0.0000,-0.0414,0.0291,-0.3312,-0.3144,-0.0076,0.0472,-0.0313,0.0147,-0.0175,-0.0052,0.0000,0.0019,0.0046,0.4425,0.4541,0.0027,-0.0171,-0.2051,-0.2147,0.0034,0.0038,-0.0383,0.0459,-0.0000,0.0000,0.0000,0.0000,0.0000,0.0000,0.0000,0.0000,0.0000,0.0000,0.0000,0.0000,-0.0000,0.0000,0.0000,0.0000,-0.0000,0.0000,0.0000,-0.0000,-0.0000,-0.1247,-0.0575,-0.0303,-0.0113,0.0748,0.0587,-0.0862,-0.0047,-5.4787,0.0077,0.0183,-0.2299,-0.1836,0.0108,-0.0685,-0.0205,-0.0588,0.0134,0.0152,0.0867,-0.0564,
4.1157,RLFSMStateRLLocomotion,0.0000,0.0000,0.0000,0.0128,-0.0160,-0.0000,0.6325,0.0021,0.0369,-0.7737,-0.3206,-0.3221,0.0000,0.0199,0.0092,0.0000,-0.0107,-0.0107,0.0000,0.0000,0.0000,0.4878,0.5047,0.0000,0.0000,-0.1779,-0.1887,0.0000,0.0000,-0.0414,0.0291,-0.3313,-0.3141,-0.0074,0.0471,-0.0313,0.0146,-0.0176,-0.0051,0.0000,0.0019,0.0047,0.4425,0.4541,0.0028,-0.0171,-0.2049,-0.2146,0.0034,0.0038,-0.0383,0.0458,-0.0000,0.0000,0.0000,0.0000,0.0000,0.0000,0.0000,0.0000,0.0000,0.0000,0.0000,0.0000,-0.0000,0.0000,0.0000,0.0000,-0.0000,0.0000,0.0000,-0.0000,-0.0000,-0.1250,-0.0565,-0.0295,-0.0116,0.0749,0.0585,-0.0865,-0.0046,-5.4857,0.0077,0.0186,-0.2299,-0.1836,0.0113,-0.0685,-0.0195,-0.0584,0.0134,0.0152,0.0866,-0.0568,
4.1359,RLFSMStateRLLocomotion,0.0000,0.0000,0.0000,0.0117,-0.0096,0.0011,0.6324,0.0019,0.0367,-0.7738,-0.3206,-0.3221,0.0000,0.0199,0.0092,0.0000,-0.0107,-0.0107,0.0000,0.0000,0.0000,0.4878,0.5047,0.0000,0.0000,-0.1779,-0.1887,0.0000,0.0000,-0.0414,0.0291,-0.3312,-0.3140,-0.0073,0.0470,-0.0313,0.0146,-0.0177,-0.0051,0.0000,0.0019,0.0047,0.4426,0.4542,0.0029,-0.0171,-0.2046,-0.2145,0.0034,0.0038,-0.0383,0.0458,-0.0000,0.0000,0.0000,0.0000,0.0000,0.0000,0.0000,0.0000,0.0000,0.0000,0.0000,0.0000,-0.0000,0.0000,0.0000,0.0000,-0.0000,0.0000,0.0000,-0.0000,-0.0000,-0.1249,-0.0559,-0.0291,-0.0118,0.0749,0.0585,-0.0868,-0.0046,-5.4920,0.0076,0.0186,-0.2296,-0.1833,0.0115,-0.0685,-0.0184,-0.0579,0.0135,0.0152,0.0864,-0.0569,
4.1562,RLFSMStateRLLocomotion,0.0000,0.0000,0.0000,0.0085,-0.0064,-0.0000,0.6324,0.0018,0.0366,-0.7738,-0.3206,-0.3221,0.0000,0.0199,0.0092,0.0000,-0.0107,-0.0107,0.0000,0.0000,0.0000,0.4878,0.5047,0.0000,0.0000,-0.1779,-0.1887,0.0000,0.0000,-0.0414,0.0291,-0.3312,-0.3140,-0.0073,0.0470,-0.0313,0.0146,-0.0177,-0.0051,0.0000,0.0019,0.0047,0.4426,0.4542,0.0029,-0.0171,-0.2046,-0.2145,0.0034,0.0038,-0.0384,0.0458,-0.0000,0.0000,0.0000,0.0000,0.0000,0.0000,0.0000,0.0000,0.0000,0.0000,0.0000,0.0000,-0.0000,0.0000,0.0000,0.0000,-0.0000,0.0000,0.0000,-0.0000,-0.0000,-0.1245,-0.0553,-0.0285,-0.0121,0.0750,0.0585,-0.0869,-0.0045,-5.4971,0.0077,0.0185,-0.2292,-0.1826,0.0117,-0.0683,-0.0170,-0.0569,0.0135,0.0152,0.0861,-0.0568,
4.1765,RLFSMStateRLLocomotion,0.0000,0.0000,0.0000,0.0043,-0.0011,-0.0011,0.6323,0.0016,0.0363,-0.7739,-0.3206,-0.3221,0.0000,0.0199,0.0092,0.0000,-0.0107,-0.0107,0.0000,0.0000,0.0000,0.4878,0.5047,0.0000,0.0000,-0.1779,-0.1887,0.0000,0.0000,-0.0414,0.0291,-0.3311,-0.3138,-0.0071,0.0470,-0.0313,0.0146,-0.0177,-0.0051,0.0000,0.0019,0.0046,0.4427,0.4543,0.0029,-0.0171,-0.2043,-0.2142,0.0034,0.0038,-0.0385,0.0458,-0.0000,0.0000,0.0000,0.0000,0.0000,0.0000,0.0000,0.0000,0.0000,0.0000,0.0000,0.0000,-0.0000,0.0000,0.0000,0.0000,-0.0000,0.0000,0.0000,-0.0000,-0.0000,-0.1240,-0.0547,-0.0280,-0.0123,0.0749,0.0583,-0.0871,-0.0045,-5.5011,0.0077,0.0184,-0.2289,-0.1819,0.0119,-0.0681,-0.0156,-0.0559,0.0136,0.0151,0.0859,-0.0567,
4.1968,RLFSMStateRLLocomotion,0.0000,0.0000,0.0000,0.0021,0.0011,-0.0000,0.6323,0.0016,0.0362,-0.7739,-0.3206,-0.3221,0.0000,0.0199,0.0092,0.0000,-0.0107,-0.0107,0.0000,0.0000,0.0000,0.4878,0.5047,0.0000,0.0000,-0.1779,-0.1887,0.0000,0.0000,-0.0414,0.0291,-0.3310,-0.3137,-0.0070,0.0469,-0.0313,0.0146,-0.0178,-0.0051,0.0000,0.0019,0.0046,0.4428,0.4545,0.0030,-0.0170,-0.2039,-0.2140,0.0034,0.0038,-0.0385,0.0458,-0.0000,0.0000,0.0000,0.0000,0.0000,0.0000,0.0000,0.0000,0.0000,0.0000,0.0000,0.0000,-0.0000,0.0000,0.0000,0.0000,-0.0000,0.0000,0.0000,-0.0000,-0.0000,-0.1236,-0.0546,-0.0278,-0.0124,0.0750,0.0584,-0.0871,-0.0045,-5.5043,0.0077,0.0182,-0.2285,-0.1815,0.0119,-0.0680,-0.0148,-0.0553,0.0136,0.0151,0.0857,-0.0565,
4.2171,RLFSMStateRLLocomotion,0.0000,0.0000,0.0000,0.0032,0.0021,-0.0011,0.6322,0.0015,0.0362,-0.7739,-0.3206,-0.3221,0.0000,0.0199,0.0092,0.0000,-0.0107,-0.0107,0.0000,0.0000,0.0000,0.4878,0.5047,0.0000,0.0000,-0.1779,-0.1887,0.0000,0.0000,-0.0414,0.0291,-0.3308,-0.3136,-0.0069,0.0469,-0.0312,0.0146,-0.0178,-0.0051,0.0000,0.0019,0.0046,0.4429,0.4546,0.0030,-0.0170,-0.2037,-0.2138,0.0034,0.0038,-0.0386,0.0459,-0.0000,0.0000,0.0000,0.0000,0.0000,0.0000,0.0000,0.0000,0.0000,0.0000,0.0000,0.0000,-0.0000,0.0000,0.0000,0.0000,-0.0000,0.0000,0.0000,-0.0000,-0.0000,-0.1234,-0.0544,-0.0275,-0.0126,0.0750,0.0582,-0.0871,-0.0045,-5.5070,0.0077,0.0183,-0.2283,-0.1814,0.0120,-0.0679,-0.0140,-0.0550,0.0136,0.0151,0.0855,-0.0565,
4.2374,RLFSMStateRLLocomotion,0.0000,0.0000,0.0000,0.0053,0.0011,-0.0011,0.6322,0.0015,0.0362,-0.7739,-0.3206,-0.3221,0.0000,0.0199,0.0092,0.0000,-0.0107,-0.0107,0.0000,0.0000,0.0000,0.4878,0.5047,0.0000,0.0000,-0.1779,-0.1887,0.0000,0.0000,-0.0414,0.0291,-0.3308,-0.3136,-0.0069,0.0469,-0.0312,0.0146,-0.0178,-0.0051,0.0000,0.0019,0.0046,0.4429,0.4547,0.0030,-0.0170,-0.2035,-0.2137,0.0034,0.0038,-0.0386,0.0459,-0.0000,0.0000,0.0000,0.0000,0.0000,0.0000,0.0000,0.0000,0.0000,0.0000,0.0000,0.0000,-0.0000,0.0000,0.0000,0.0000,-0.0000,0.0000,0.0000,-0.0000,-0.0000,-0.1234,-0.0543,-0.0275,-0.0126,0.0750,0.0582,-0.0871,-0.0045,-5.5098,0.0076,0.0184,-0.2282,-0.1816,0.0120,-0.0680,-0.0137,-0.0552,0.0136,0.0151,0.0853,-0.0567,
4.2576,RLFSMStateRLLocomotion,0.0000,0.0000,0.0000,0.0096,0.0032,-0.0000,0.6321,0.0015,0.0363,-0.7740,-0.3206,-0.3221,0.0000,0.0199,0.0092,0.0000,-0.0107,-0.0107,0.0000,0.0000,0.0000,0.4878,0.5047,0.0000,0.0000,-0.1779,-0.1887,0.0000,0.0000,-0.0414,0.0291,-0.3308,-0.3136,-0.0069,0.0468,-0.0312,0.0145,-0.0178,-0.0051,0.0000,0.0019,0.0046,0.4429,0.4546,0.0030,-0.0170,-0.2034,-0.2138,0.0034,0.0038,-0.0387,0.0458,-0.0000,0.0000,0.0000,0.0000,0.0000,0.0000,0.0000,0.0000,0.0000,0.0000,0.0000,0.0000,-0.0000,0.0000,0.0000,0.0000,-0.0000,0.0000,0.0000,-0.0000,-0.0000,-0.1229,-0.0543,-0.0271,-0.0128,0.0751,0.0582,-0.0870,-0.0045,-5.5125,0.0074,0.0184,-0.2275,-0.1819,0.0119,-0.0681,-0.0128,-0.0549,0.0136,0.0151,0.0851,-0.0567,
4.2779,RLFSMStateRLLocomotion,0.0000,0.0000,0.0000,0.0075,0.0021,-0.0000,0.6321,0.0015,0.0363,-0.7741,-0.3206,-0.3221,0.0000,0.0199,0.0092,0.0000,-0.0107,-0.0107,0.0000,0.0000,0.0000,0.4878,0.5047,0.0000,0.0000,-0.1779,-0.1887,0.0000,0.0000,-0.0414,0.0291,-0.3307,-0.3136,-0.0068,0.0468,-0.0312,0.0146,-0.0178,-0.0051,0.0000,0.0019,0.0046,0.4431,0.4545,0.0030,-0.0170,-0.2032,-0.2137,0.0034,0.0038,-0.0387,0.0458,-0.0000,0.0000,0.0000,0.0000,0.0000,0.0000,0.0000,0.0000,0.0000,0.0000,0.0000,0.0000,-0.0000,0.0000,0.0000,0.0000,-0.0000,0.0000,0.0000,-0.0000,-0.0000,-0.1228,-0.0543,-0.0272,-0.0128,0.0751,0.0583,-0.0870,-0.0045,-5.5149,0.0074,0.0183,-0.2275,-0.1818,0.0119,-0.0680,-0.0128,-0.0549,0.0136,0.0151,0.0850,-0.0566,
4.2981,RLFSMStateRLLocomotion,0.0000,0.0000,0.0000,0.0064,0.0000,-0.0000,0.6320,0.0015,0.0363,-0.7741,-0.3206,-0.3221,0.0000,0.0199,0.0092,0.0000,-0.0107,-0.0107,0.0000,0.0000,0.0000,0.4878,0.5047,0.0000,0.0000,-0.1779,-0.1887,0.0000,0.0000,-0.0414,0.0291,-0.3307,-0.3136,-0.0068,0.0468,-0.0312,0.0146,-0.0177,-0.0051,0.0000,0.0019,0.0046,0.4431,0.4546,0.0030,-0.0170,-0.2032,-0.2137,0.0034,0.0038,-0.0387,0.0459,-0.0000,0.0000,0.0000,0.0000,0.0000,0.0000,0.0000,0.0000,0.0000,0.0000,0.0000,0.0000,-0.0000,0.0000,0.0000,0.0000,-0.0000,0.0000,0.0000,-0.0000,-0.0000,-0.1228,-0.0544,-0.0273,-0.0127,0.0751,0.0583,-0.0869,-0.0045,-5.5173,0.0074,0.0183,-0.2275,-0.1818,0.0119,-0.0680,-0.0129,-0.0550,0.0136,0.0151,0.0850,-0.0566,
4.3182,RLFSMStateRLLocomotion,0.0000,0.0000,0.0000,0.0032,-0.0011,-0.0000,0.6320,0.0017,0.0363,-0.7741,-0.3206,-0.3221,0.0000,0.0199,0.0092,0.0000,-0.0107,-0.0107,0.0000,0.0000,0.0000,0.4878,0.5047,0.0000,0.0000,-0.1779,-0.1887,0.0000,0.0000,-0.0414,0.0291,-0.3307,-0.3136,-0.0068,0.0468,-0.0312,0.0146,-0.0177,-0.0051,0.0000,0.0019,0.0046,0.4431,0.4545,0.0030,-0.0170,-0.2032,-0.2138,0.0034,0.0038,-0.0387,0.0459,-0.0000,0.0000,0.0000,0.0000,0.0000,0.0000,0.0000,0.0000,0.0000,0.0000,0.0000,0.0000,-0.0000,0.0000,0.0000,0.0000,-0.0000,0.0000,0.0000,-0.0000,-0.0000,-0.1228,-0.0544,-0.0273,-0.0127,0.0751,0.0583,-0.0869,-0.0045,-5.5173,0.0074,0.0183,-0.2275,-0.1818,0.0119,-0.0680,-0.0129,-0.0550,0.0136,0.0151,0.0850,-0.0566,
4.3384,RLFSMStateRLLocomotion,0.0000,0.0000,0.0000,0.0043,-0.0021,-0.0000,0.6319,0.0017,0.0363,-0.7742,-0.3206,-0.3221,0.0000,0.0199,0.0092,0.0000,-0.0107,-0.0107,0.0000,0.0000,0.0000,0.4878,0.5047,0.0000,0.0000,-0.1779,-0.1887,0.0000,0.0000,-0.0414,0.0291,-0.3307,-0.3137,-0.0069,0.0468,-0.0312,0.0146,-0.0177,-0.0051,0.0000,0.0019,0.0045,0.4430,0.4546,0.0030,-0.0170,-0.2034,-0.2138,0.0034,0.0038,-0.0387,0.0459,-0.0000,0.0000,0.0000,0.0000,0.0000,0.0000,0.0000,0.0000,0.0000,0.0000,0.0000,0.0000,-0.0000,0.0000,0.0000,0.0000,-0.0000,0.0000,0.0000,-0.0000,-0.0000,-0.1232,-0.0548,-0.0278,-0.0126,0.0751,0.0582,-0.0869,-0.0045,-5.5218,0.0075,0.0182,-0.2282,-0.1818,0.0118,-0.0679,-0.0141,-0.0555,0.0137,0.0151,0.0853,-0.0565,
4.3586,RLFSMStateRLLocomotion,0.0000,0.0000,0.0000,0.0053,-0.0032,-0.0000,0.6319,0.0018,0.0363,-0.7742,-0.3206,-0.3221,0.0000,0.0199,0.0092,0.0000,-0.0107,-0.0107,0.0000,0.0000,0.0000,0.4878,0.5047,0.0000,0.0000,-0.1779,-0.1887,0.0000,0.0000,-0.0414,0.0291,-0.3308,-0.3137,-0.0069,0.0469,-0.0312,0.0146,-0.0177,-0.0051,0.0000,0.0019,0.0046,0.4430,0.4546,0.0029,-0.0170,-0.2035,-0.2139,0.0034,0.0038,-0.0387,0.0459,-0.0000,0.0000,0.0000,0.0000,0.0000,0.0000,0.0000,0.0000,0.0000,0.0000,0.0000,0.0000,-0.0000,0.0000,0.0000,0.0000,-0.0000,0.0000,0.0000,-0.0000,-0.0000,-0.1232,-0.0548,-0.0278,-0.0126,0.0751,0.0582,-0.0869,-0.0045,-5.5218,0.0075,0.0182,-0.2282,-0.1818,0.0118,-0.0679,-0.0141,-0.0555,0.0137,0.0151,0.0853,-0.0565,
4.3787,RLFSMStateRLLocomotion,0.0000,0.0000,0.0000,0.0096,-0.0043,-0.0000,0.6318,0.0017,0.0364,-0.7743,-0.3206,-0.3221,0.0000,0.0199,0.0092,0.0000,-0.0107,-0.0107,0.0000,0.0000,0.0000,0.4878,0.5047,0.0000,0.0000,-0.1779,-0.1887,0.0000,0.0000,-0.0414,0.0291,-0.3309,-0.3137,-0.0070,0.0469,-0.0312,0.0145,-0.0177,-0.0051,0.0000,0.0019,0.0046,0.4429,0.4545,0.0029,-0.0170,-0.2036,-0.2140,0.0034,0.0038,-0.0387,0.0458,-0.0000,0.0000,0.0000,0.0000,0.0000,0.0000,0.0000,0.0000,0.0000,0.0000,0.0000,0.0000,-0.0000,0.0000,0.0000,0.0000,-0.0000,0.0000,0.0000,-0.0000,-0.0000,-0.1234,-0.0549,-0.0278,-0.0126,0.0750,0.0582,-0.0869,-0.0045,-5.5241,0.0075,0.0183,-0.2284,-0.1820,0.0118,-0.0680,-0.0146,-0.0560,0.0137,0.0151,0.0853,-0.0566,
4.3989,RLFSMStateRLLocomotion,0.0000,0.0000,0.0000,0.0096,-0.0053,-0.0000,0.6318,0.0017,0.0364,-0.7743,-0.3206,-0.3221,0.0000,0.0199,0.0092,0.0000,-0.0107,-0.0107,0.0000,0.0000,0.0000,0.4878,0.5047,0.0000,0.0000,-0.1779,-0.1887,0.0000,0.0000,-0.0414,0.0291,-0.3309,-0.3137,-0.0070,0.0469,-0.0312,0.0146,-0.0177,-0.0051,0.0000,0.0019,0.0046,0.4429,0.4544,0.0029,-0.0170,-0.2037,-0.2141,0.0034,0.0038,-0.0387,0.0458,-0.0000,0.0000,0.0000,0.0000,0.0000,0.0000,0.0000,0.0000,0.0000,0.0000,0.0000,0.0000,-0.0000,0.0000,0.0000,0.0000,-0.0000,0.0000,0.0000,-0.0000,-0.0000,-0.1237,-0.0550,-0.0278,-0.0126,0.0751,0.0582,-0.0869,-0.0045,-5.5268,0.0074,0.0185,-0.2285,-0.1824,0.0118,-0.0681,-0.0148,-0.0564,0.0136,0.0151,0.0853,-0.0568,
4.4190,RLFSMStateRLLocomotion,0.0000,0.0000,0.0000,0.0075,-0.0053,-0.0000,0.6317,0.0016,0.0364,-0.7744,-0.3206,-0.3221,0.0000,0.0199,0.0092,0.0000,-0.0107,-0.0107,0.0000,0.0000,0.0000,0.4878,0.5047,0.0000,0.0000,-0.1779,-0.1887,0.0000,0.0000,-0.0414,0.0291,-0.3310,-0.3138,-0.0070,0.0469,-0.0312,0.0146,-0.0177,-0.0051,0.0000,0.0019,0.0046,0.4428,0.4543,0.0029,-0.0170,-0.2039,-0.2142,0.0034,0.0038,-0.0386,0.0458,-0.0000,0.0000,0.0000,0.0000,0.0000,0.0000,0.0000,0.0000,0.0000,0.0000,0.0000,0.0000,-0.0000,0.0000,0.0000,0.0000,-0.0000,0.0000,0.0000,-0.0000,-0.0000,-0.1240,-0.0550,-0.0280,-0.0125,0.0751,0.0582,-0.0869,-0.0045,-5.5294,0.0075,0.0185,-0.2288,-0.1826,0.0118,-0.0681,-0.0154,-0.0569,0.0136,0.0151,0.0854,-0.0570,
4.4392,RLFSMStateRLLocomotion,0.0000,0.0000,0.0000,0.0064,-0.0075,-0.0000,0.6316,0.0016,0.0363,-0.7744,-0.3206,-0.3221,0.0000,0.0199,0.0092,0.0000,-0.0107,-0.0107,0.0000,0.0000,0.0000,0.4878,0.5047,0.0000,0.0000,-0.1779,-0.1887,0.0000,0.0000,-0.0414,0.0291,-0.3311,-0.3138,-0.0070,0.0469,-0.0312,0.0146,-0.0178,-0.0051,0.0000,0.0019,0.0046,0.4427,0.4544,0.0030,-0.0170,-0.2040,-0.2142,0.0034,0.0038,-0.0386,0.0458,-0.0000,0.0000,0.0000,0.0000,0.0000,0.0000,0.0000,0.0000,0.0000,0.0000,0.0000,0.0000,-0.0000,0.0000,0.0000,0.0000,-0.0000,0.0000,0.0000,-0.0000,-0.0000,-0.1244,-0.0550,-0.0282,-0.0125,0.0751,0.0583,-0.0870,-0.0045,-5.5318,0.0076,0.0185,-0.2292,-0.1825,0.0119,-0.0680,-0.0161,-0.0570,0.0137,0.0152,0.0856,-0.0569,
4.4593,RLFSMStateRLLocomotion,0.0000,0.0000,0.0000,0.0053,-0.0043,-0.0000,0.6316,0.0016,0.0362,-0.7745,-0.3206,-0.3221,0.0000,0.0199,0.0092,0.0000,-0.0107,-0.0107,0.0000,0.0000,0.0000,0.4878,0.5047,0.0000,0.0000,-0.1779,-0.1887,0.0000,0.0000,-0.0414,0.0291,-0.3312,-0.3138,-0.0071,0.0469,-0.0312,0.0146,-0.0178,-0.0051,0.0000,0.0019,0.0046,0.4425,0.4544,0.0030,-0.0170,-0.2043,-0.2144,0.0034,0.0038,-0.0385,0.0458,-0.0000,0.0000,0.0000,0.0000,0.0000,0.0000,0.0000,0.0000,0.0000,0.0000,0.0000,0.0000,-0.0000,0.0000,0.0000,0.0000,-0.0000,0.0000,0.0000,-0.0000,-0.0000,-0.1250,-0.0552,-0.0285,-0.0124,0.0751,0.0584,-0.0871,-0.0044,-5.5340,0.0077,0.0185,-0.2299,-0.1825,0.0119,-0.0680,-0.0171,-0.0575,0.0137,0.0152,0.0858,-0.0570,
4.4794,RLFSMStateRLLocomotion,0.0000,0.0000,0.0000,0.0064,-0.0021,-0.0000,0.6316,0.0016,0.0362,-0.7745,-0.3206,-0.3221,0.0000,0.0199,0.0092,0.0000,-0.0107,-0.0107,0.0000,0.0000,0.0000,0.4878,0.5047,0.0000,0.0000,-0.1779,-0.1887,0.0000,0.0000,-0.0414,0.0291,-0.3312,-0.3138,-0.0071,0.0469,-0.0312,0.0146,-0.0178,-0.0051,0.0000,0.0019,0.0046,0.4425,0.4544,0.0030,-0.0170,-0.2043,-0.2143,0.0034,0.0038,-0.0385,0.0457,-0.0000,0.0000,0.0000,0.0000,0.0000,0.0000,0.0000,0.0000,0.0000,0.0000,0.0000,0.0000,-0.0000,0.0000,0.0000,0.0000,-0.0000,0.0000,0.0000,-0.0000,-0.0000,-0.1250,-0.0550,-0.0283,-0.0124,0.0750,0.0583,-0.0872,-0.0044,-5.5360,0.0077,0.0185,-0.2300,-0.1824,0.0120,-0.0679,-0.0171,-0.0573,0.0137,0.0152,0.0860,-0.0570,
4.4996,RLFSMStateRLLocomotion,0.0000,0.0000,0.0000,0.0085,-0.0053,-0.0000,0.6315,0.0015,0.0361,-0.7746,-0.3206,-0.3221,0.0000,0.0199,0.0092,0.0000,-0.0107,-0.0107,0.0000,0.0000,0.0000,0.4878,0.5047,0.0000,0.0000,-0.1779,-0.1887,0.0000,0.0000,-0.0414,0.0291,-0.3312,-0.3137,-0.0070,0.0469,-0.0312,0.0146,-0.0178,-0.0051,0.0000,0.0019,0.0046,0.4425,0.4544,0.0030,-0.0170,-0.2042,-0.2143,0.0034,0.0038,-0.0385,0.0458,-0.0000,0.0000,0.0000,0.0000,0.0000,0.0000,0.0000,0.0000,0.0000,0.0000,0.0000,0.0000,-0.0000,0.0000,0.0000,0.0000,-0.0000,0.0000,0.0000,-0.0000,-0.0000,-0.1249,-0.0549,-0.0282,-0.0125,0.0750,0.0583,-0.0872,-0.0044,-5.5378,0.0077,0.0185,-0.2299,-0.1823,0.0121,-0.0679,-0.0169,-0.0571,0.0137,0.0152,0.0860,-0.0570,
4.5198,RLFSMStateRLLocomotion,0.0000,0.0000,0.0000,0.0064,-0.0021,-0.0000,0.6314,0.0015,0.0361,-0.7746,-0.3206,-0.3221,0.0000,0.0199,0.0092,0.0000,-0.0107,-0.0107,0.0000,0.0000,0.0000,0.4878,0.5047,0.0000,0.0000,-0.1779,-0.1887,0.0000,0.0000,-0.0414,0.0291,-0.3313,-0.3137,-0.0071,0.0469,-0.0312,0.0146,-0.0178,-0.0051,0.0000,0.0019,0.0047,0.4424,0.4543,0.0030,-0.0170,-0.2043,-0.2144,0.0034,0.0038,-0.0385,0.0457,-0.0000,0.0000,0.0000,0.0000,0.0000,0.0000,0.0000,0.0000,0.0000,0.0000,0.0000,0.0000,-0.0000,0.0000,0.0000,0.0000,-0.0000,0.0000,0.0000,-0.0000,-0.0000,-0.1253,-0.0550,-0.0283,-0.0125,0.0751,0.0583,-0.0872,-0.0043,-5.5396,0.0077,0.0186,-0.2302,-0.1827,0.0120,-0.0680,-0.0173,-0.0577,0.0137,0.0152,0.0860,-0.0572,
4.5399,RLFSMStateRLLocomotion,0.0000,0.0000,0.0000,0.0053,-0.0011,-0.0000,0.6314,0.0015,0.0361,-0.7746,-0.3206,-0.3221,0.0000,0.0199,0.0092,0.0000,-0.0107,-0.0107,0.0000,0.0000,0.0000,0.4878,0.5047,0.0000,0.0000,-0.1779,-0.1887,0.0000,0.0000,-0.0414,0.0291,-0.3313,-0.3137,-0.0070,0.0469,-0.0312,0.0146,-0.0178,-0.0051,0.0000,0.0019,0.0046,0.4425,0.4544,0.0030,-0.0170,-0.2043,-0.2143,0.0034,0.0038,-0.0385,0.0457,-0.0000,0.0000,0.0000,0.0000,0.0000,0.0000,0.0000,0.0000,0.0000,0.0000,0.0000,0.0000,-0.0000,0.0000,0.0000,0.0000,-0.0000,0.0000,0.0000,-0.0000,-0.0000,-0.1252,-0.0548,-0.0281,-0.0125,0.0750,0.0583,-0.0873,-0.0043,-5.5412,0.0078,0.0186,-0.2301,-0.1824,0.0121,-0.0679,-0.0170,-0.0574,0.0137,0.0152,0.0860,-0.0572,
4.5601,RLFSMStateRLLocomotion,0.0000,0.0000,0.0000,0.0053,-0.0011,-0.0000,0.6313,0.0014,0.0360,-0.7747,-0.3206,-0.3221,0.0000,0.0199,0.0092,0.0000,-0.0107,-0.0107,0.0000,0.0000,0.0000,0.4878,0.5047,0.0000,0.0000,-0.1779,-0.1887,0.0000,0.0000,-0.0414,0.0291,-0.3312,-0.3137,-0.0070,0.0469,-0.0312,0.0146,-0.0178,-0.0051,0.0000,0.0019,0.0046,0.4425,0.4544,0.0030,-0.0170,-0.2042,-0.2142,0.0034,0.0038,-0.0385,0.0457,-0.0000,0.0000,0.0000,0.0000,0.0000,0.0000,0.0000,0.0000,0.0000,0.0000,0.0000,0.0000,-0.0000,0.0000,0.0000,0.0000,-0.0000,0.0000,0.0000,-0.0000,-0.0000,-0.1249,-0.0547,-0.0280,-0.0126,0.0750,0.0583,-0.0873,-0.0043,-5.5425,0.0078,0.0185,-0.2299,-0.1822,0.0122,-0.0679,-0.0166,-0.0570,0.0138,0.0152,0.0860,-0.0571,
4.5803,RLFSMStateRLLocomotion,0.0000,0.0000,0.0000,0.0064,0.0000,-0.0000,0.6313,0.0014,0.0360,-0.7747,-0.3206,-0.3221,0.0000,0.0199,0.0092,0.0000,-0.0107,-0.0107,0.0000,0.0000,0.0000,0.4878,0.5047,0.0000,0.0000,-0.1779,-0.1887,0.0000,0.0000,-0.0414,0.0291,-0.3312,-0.3137,-0.0070,0.0469,-0.0312,0.0146,-0.0178,-0.0051,0.0000,0.0019,0.0046,0.4425,0.4545,0.0030,-0.0170,-0.2041,-0.2142,0.0034,0.0038,-0.0385,0.0457,-0.0000,0.0000,0.0000,0.0000,0.0000,0.0000,0.0000,0.0000,0.0000,0.0000,0.0000,0.0000,-0.0000,0.0000,0.0000,0.0000,-0.0000,0.0000,0.0000,-0.0000,-0.0000,-0.1249,-0.0547,-0.0279,-0.0126,0.0750,0.0582,-0.0872,-0.0043,-5.5436,0.0077,0.0185,-0.2299,-0.1822,0.0122,-0.0678,-0.0164,-0.0569,0.0138,0.0151,0.0859,-0.0571,
4.6005,RLFSMStateRLLocomotion,0.0000,0.0000,0.0000,0.0075,0.0021,-0.0000,0.6312,0.0013,0.0360,-0.7748,-0.3206,-0.3221,0.0000,0.0199,0.0092,0.0000,-0.0107,-0.0107,0.0000,0.0000,0.0000,0.4878,0.5047,0.0000,0.0000,-0.1779,-0.1887,0.0000,0.0000,-0.0414,0.0291,-0.3312,-0.3137,-0.0069,0.0468,-0.0312,0.0145,-0.0178,-0.0051,0.0000,0.0019,0.0046,0.4426,0.4544,0.0030,-0.0170,-0.2040,-0.2142,0.0034,0.0038,-0.0385,0.0457,-0.0000,0.0000,0.0000,0.0000,0.0000,0.0000,0.0000,0.0000,0.0000,0.0000,0.0000,0.0000,-0.0000,0.0000,0.0000,0.0000,-0.0000,0.0000,0.0000,-0.0000,-0.0000,-0.1247,-0.0546,-0.0278,-0.0127,0.0751,0.0582,-0.0872,-0.0043,-5.5446,0.0077,0.0185,-0.2297,-0.1822,0.0122,-0.0678,-0.0161,-0.0569,0.0138,0.0151,0.0858,-0.0571,
4.6207,RLFSMStateRLLocomotion,0.0000,0.0000,0.0000,0.0064,0.0032,-0.0000,0.6312,0.0013,0.0360,-0.7748,-0.3206,-0.3221,0.0000,0.0199,0.0092,0.0000,-0.0107,-0.0107,0.0000,0.0000,0.0000,0.4878,0.5047,0.0000,0.0000,-0.1779,-0.1887,0.0000,0.0000,-0.0414,0.0291,-0.3311,-0.3136,-0.0069,0.0468,-0.0312,0.0145,-0.0178,-0.0051,0.0000,0.0019,0.0046,0.4427,0.4544,0.0030,-0.0170,-0.2039,-0.2141,0.0034,0.0038,-0.0386,0.0457,-0.0000,0.0000,0.0000,0.0000,0.0000,0.0000,0.0000,0.0000,0.0000,0.0000,0.0000,0.0000,-0.0000,0.0000,0.0000,0.0000,-0.0000,0.0000,0.0000,-0.0000,-0.0000,-0.1245,-0.0545,-0.0275,-0.0127,0.0751,0.0582,-0.0872,-0.0043,-5.5455,0.0077,0.0185,-0.2293,-0.1822,0.0122,-0.0678,-0.0154,-0.0565,0.0138,0.0151,0.0857,-0.0571,
4.6409,RLFSMStateRLLocomotion,0.0000,0.0000,0.0000,0.0043,0.0021,-0.0000,0.6311,0.0014,0.0360,-0.7748,-0.3206,-0.3221,0.0000,0.0199,0.0092,0.0000,-0.0107,-0.0107,0.0000,0.0000,0.0000,0.4878,0.5047,0.0000,0.0000,-0.1779,-0.1887,0.0000,0.0000,-0.0414,0.0291,-0.3311,-0.3136,-0.0068,0.0468,-0.0312,0.0145,-0.0178,-0.0051,0.0000,0.0019,0.0046,0.4427,0.4545,0.0031,-0.0169,-0.2037,-0.2140,0.0034,0.0038,-0.0386,0.0457,-0.0000,0.0000,0.0000,0.0000,0.0000,0.0000,0.0000,0.0000,0.0000,0.0000,0.0000,0.0000,-0.0000,0.0000,0.0000,0.0000,-0.0000,0.0000,0.0000,-0.0000,-0.0000,-0.1242,-0.0544,-0.0274,-0.0128,0.0751,0.0581,-0.0872,-0.0043,-5.5461,0.0077,0.0185,-0.2291,-0.1820,0.0122,-0.0678,-0.0150,-0.0562,0.0138,0.0151,0.0856,-0.0570,
4.6611,RLFSMStateRLLocomotion,0.0000,0.0000,0.0000,0.0064,0.0021,-0.0000,0.6311,0.0014,0.0360,-0.7749,-0.3206,-0.3221,0.0000,0.0199,0.0092,0.0000,-0.0107,-0.0107,0.0000,0.0000,0.0000,0.4878,0.5047,0.0000,0.0000,-0.1779,-0.1887,0.0000,0.0000,-0.0414,0.0291,-0.3310,-0.3136,-0.0068,0.0468,-0.0312,0.0145,-0.0178,-0.0051,0.0000,0.0019,0.0046,0.4428,0.4546,0.0031,-0.0169,-0.2037,-0.2140,0.0035,0.0038,-0.0386,0.0458,-0.0000,0.0000,0.0000,0.0000,0.0000,0.0000,0.0000,0.0000,0.0000,0.0000,0.0000,0.0000,-0.0000,0.0000,0.0000,0.0000,-0.0000,0.0000,0.0000,-0.0000,-0.0000,-0.1240,-0.0543,-0.0274,-0.0128,0.0751,0.0582,-0.0872,-0.0043,-5.5465,0.0077,0.0184,-0.2290,-0.1818,0.0122,-0.0677,-0.0148,-0.0559,0.0138,0.0151,0.0856,-0.0569,
4.6813,RLFSMStateRLLocomotion,0.0000,0.0000,0.0000,0.0043,0.0021,-0.0000,0.6310,0.0014,0.0360,-0.7749,-0.3206,-0.3221,0.0000,0.0199,0.0092,0.0000,-0.0107,-0.0107,0.0000,0.0000,0.0000,0.4878,0.5047,0.0000,0.0000,-0.1779,-0.1887,0.0000,0.0000,-0.0414,0.0291,-0.3310,-0.3136,-0.0069,0.0468,-0.0312,0.0145,-0.0178,-0.0051,0.0000,0.0019,0.0046,0.4427,0.4545,0.0030,-0.0169,-0.2037,-0.2140,0.0034,0.0038,-0.0386,0.0458,-0.0000,0.0000,0.0000,0.0000,0.0000,0.0000,0.0000,0.0000,0.0000,0.0000,0.0000,0.0000,-0.0000,0.0000,0.0000,0.0000,-0.0000,0.0000,0.0000,-0.0000,-0.0000,-0.1241,-0.0544,-0.0275,-0.0128,0.0751,0.0582,-0.0872,-0.0043,-5.5469,0.0076,0.0184,-0.2290,-0.1819,0.0122,-0.0677,-0.0148,-0.0560,0.0138,0.0151,0.0855,-0.0569,
4.7014,RLFSMStateRLLocomotion,0.0000,0.0000,0.0000,0.0053,0.0011,-0.0000,0.6310,0.0014,0.0360,-0.7749,-0.3206,-0.3221,0.0000,0.0199,0.0092,0.0000,-0.0107,-0.0107,0.0000,0.0000,0.0000,0.4878,0.5047,0.0000,0.0000,-0.1779,-0.1887,0.0000,0.0000,-0.0414,0.0291,-0.3310,-0.3136,-0.0069,0.0468,-0.0312,0.0145,-0.0178,-0.0051,0.0000,0.0019,0.0046,0.4427,0.4545,0.0030,-0.0169,-0.2037,-0.2140,0.0034,0.0038,-0.0386,0.0458,-0.0000,0.0000,0.0000,0.0000,0.0000,0.0000,0.0000,0.0000,0.0000,0.0000,0.0000,0.0000,-0.0000,0.0000,0.0000,0.0000,-0.0000,0.0000,0.0000,-0.0000,-0.0000,-0.1241,-0.0544,-0.0275,-0.0128,0.0751,0.0582,-0.0872,-0.0043,-5.5472,0.0077,0.0184,-0.2290,-0.1818,0.0122,-0.0677,-0.0149,-0.0560,0.0138,0.0151,0.0856,-0.0568,
4.7217,RLFSMStateRLLocomotion,0.0000,0.0000,0.0000,0.0064,0.0000,-0.0000,0.6310,0.0014,0.0361,-0.7750,-0.3206,-0.3221,0.0000,0.0199,0.0092,0.0000,-0.0107,-0.0107,0.0000,0.0000,0.0000,0.4878,0.5047,0.0000,0.0000,-0.1779,-0.1887,0.0000,0.0000,-0.0414,0.0291,-0.3310,-0.3136,-0.0069,0.0468,-0.0312,0.0145,-0.0178,-0.0051,0.0000,0.0019,0.0046,0.4427,0.4545,0.0030,-0.0169,-0.2037,-0.2140,0.0034,0.0038,-0.0386,0.0458,-0.0000,0.0000,0.0000,0.0000,0.0000,0.0000,0.0000,0.0000,0.0000,0.0000,0.0000,0.0000,-0.0000,0.0000,0.0000,0.0000,-0.0000,0.0000,0.0000,-0.0000,-0.0000,-0.1241,-0.0545,-0.0275,-0.0127,0.0751,0.0582,-0.0871,-0.0043,-5.5477,0.0076,0.0184,-0.2291,-0.1819,0.0121,-0.0677,-0.0150,-0.0561,0.0138,0.0151,0.0855,-0.0569,
4.7419,RLFSMStateRLLocomotion,0.0000,0.0000,0.0000,0.0075,0.0000,-0.0000,0.6309,0.0014,0.0361,-0.7750,-0.3206,-0.3221,0.0000,0.0199,0.0092,0.0000,-0.0107,-0.0107,0.0000,0.0000,0.0000,0.4878,0.5047,0.0000,0.0000,-0.1779,-0.1887,0.0000,0.0000,-0.0414,0.0291,-0.3310,-0.3136,-0.0069,0.0468,-0.0312,0.0145,-0.0178,-0.0051,0.0000,0.0019,0.0046,0.4427,0.4545,0.0030,-0.0169,-0.2037,-0.2141,0.0034,0.0038,-0.0386,0.0458,-0.0000,0.0000,0.0000,0.0000,0.0000,0.0000,0.0000,0.0000,0.0000,0.0000,0.0000,0.0000,-0.0000,0.0000,0.0000,0.0000,-0.0000,0.0000,0.0000,-0.0000,-0.0000,-0.1241,-0.0545,-0.0275,-0.0128,0.0751,0.0582,-0.0871,-0.0043,-5.5483,0.0076,0.0185,-0.2290,-0.1821,0.0121,-0.0678,-0.0150,-0.0563,0.0138,0.0151,0.0855,-0.0569,
4.7623,RLFSMStateRLLocomotion,0.0000,0.0000,0.0000,0.0075,-0.0011,-0.0000,0.6308,0.0015,0.0362,-0.7751,-0.3206,-0.3221,0.0000,0.0199,0.0092,0.0000,-0.0107,-0.0107,0.0000,0.0000,0.0000,0.4878,0.5047,0.0000,0.0000,-0.1779,-0.1887,0.0000,0.0000,-0.0414,0.0291,-0.3311,-0.3136,-0.0069,0.0468,-0.0312,0.0146,-0.0178,-0.0051,0.0000,0.0019,0.0046,0.4427,0.4545,0.0030,-0.0169,-0.2038,-0.2141,0.0034,0.0038,-0.0386,0.0458,-0.0000,0.0000,0.0000,0.0000,0.0000,0.0000,0.0000,0.0000,0.0000,0.0000,0.0000,0.0000,-0.0000,0.0000,0.0000,0.0000,-0.0000,0.0000,0.0000,-0.0000,-0.0000,-0.1243,-0.0546,-0.0277,-0.0127,0.0751,0.0582,-0.0872,-0.0044,-5.5488,0.0076,0.0184,-0.2292,-0.1820,0.0121,-0.0678,-0.0153,-0.0563,0.0138,0.0151,0.0856,-0.0568,
4.7825,RLFSMStateRLLocomotion,0.0000,0.0000,0.0000,0.0053,-0.0011,-0.0000,0.6308,0.0015,0.0362,-0.7751,-0.3206,-0.3221,0.0000,0.0199,0.0092,0.0000,-0.0107,-0.0107,0.0000,0.0000,0.0000,0.4878,0.5047,0.0000,0.0000,-0.1779,-0.1887,0.0000,0.0000,-0.0414,0.0291,-0.3311,-0.3137,-0.0069,0.0468,-0.0312,0.0146,-0.0178,-0.0051,0.0000,0.0019,0.0046,0.4427,0.4544,0.0030,-0.0170,-0.2039,-0.2142,0.0034,0.0038,-0.0386,0.0458,-0.0000,0.0000,0.0000,0.0000,0.0000,0.0000,0.0000,0.0000,0.0000,0.0000,0.0000,0.0000,-0.0000,0.0000,0.0000,0.0000,-0.0000,0.0000,0.0000,-0.0000,-0.0000,-0.1244,-0.0546,-0.0277,-0.0127,0.0751,0.0582,-0.0872,-0.0044,-5.5496,0.0076,0.0185,-0.2293,-0.1822,0.0121,-0.0678,-0.0155,-0.0566,0.0138,0.0151,0.0856,-0.0570,
4.8027,RLFSMStateRLLocomotion,0.0000,0.0000,0.0000,0.0053,-0.0021,-0.0000,0.6308,0.0015,0.0362,-0.7751,-0.3206,-0.3221,0.0000,0.0199,0.0092,0.0000,-0.0107,-0.0107,0.0000,0.0000,0.0000,0.4878,0.5047,0.0000,0.0000,-0.1779,-0.1887,0.0000,0.0000,-0.0414,0.0291,-0.3311,-0.3137,-0.0069,0.0468,-0.0312,0.0146,-0.0178,-0.0051,0.0000,0.0019,0.0046,0.4427,0.4544,0.0030,-0.0170,-0.2039,-0.2142,0.0034,0.0038,-0.0386,0.0458,-0.0000,0.0000,0.0000,0.0000,0.0000,0.0000,0.0000,0.0000,0.0000,0.0000,0.0000,0.0000,-0.0000,0.0000,0.0000,0.0000,-0.0000,0.0000,0.0000,-0.0000,-0.0000,-0.1245,-0.0547,-0.0278,-0.0127,0.0751,0.0582,-0.0872,-0.0044,-5.5503,0.0076,0.0185,-0.2294,-0.1822,0.0121,-0.0678,-0.0157,-0.0567,0.0138,0.0151,0.0856,-0.0570,
4.8230,RLFSMStateRLLocomotion,0.0000,0.0000,0.0000,0.0053,-0.0021,-0.0000,0.6307,0.0015,0.0362,-0.7752,-0.3206,-0.3221,0.0000,0.0199,0.0092,0.0000,-0.0107,-0.0107,0.0000,0.0000,0.0000,0.4878,0.5047,0.0000,0.0000,-0.1779,-0.1887,0.0000,0.0000,-0.0414,0.0291,-0.3312,-0.3137,-0.0070,0.0468,-0.0312,0.0146,-0.0178,-0.0051,0.0000,0.0019,0.0046,0.4426,0.4545,0.0030,-0.0170,-0.2040,-0.2142,0.0034,0.0038,-0.0386,0.0458,-0.0000,0.0000,0.0000,0.0000,0.0000,0.0000,0.0000,0.0000,0.0000,0.0000,0.0000,0.0000,-0.0000,0.0000,0.0000,0.0000,-0.0000,0.0000,0.0000,-0.0000,-0.0000,-0.1247,-0.0547,-0.0280,-0.0126,0.0751,0.0583,-0.0872,-0.0044,-5.5510,0.0077,0.0184,-0.2297,-0.1822,0.0121,-0.0678,-0.0162,-0.0569,0.0138,0.0152,0.0857,-0.0569,
4.8432,RLFSMStateRLLocomotion,0.0000,0.0000,0.0000,0.0053,-0.0021,-0.0000,0.6307,0.0015,0.0362,-0.7752,-0.3206,-0.3221,0.0000,0.0199,0.0092,0.0000,-0.0107,-0.0107,0.0000,0.0000,0.0000,0.4878,0.5047,0.0000,0.0000,-0.1779,-0.1887,0.0000,0.0000,-0.0414,0.0291,-0.3312,-0.3137,-0.0070,0.0469,-0.0312,0.0146,-0.0178,-0.0051,0.0000,0.0019,0.0046,0.4425,0.4545,0.0030,-0.0169,-0.2041,-0.2142,0.0034,0.0038,-0.0385,0.0458,-0.0000,0.0000,0.0000,0.0000,0.0000,0.0000,0.0000,0.0000,0.0000,0.0000,0.0000,0.0000,-0.0000,0.0000,0.0000,0.0000,-0.0000,0.0000,0.0000,-0.0000,-0.0000,-0.1249,-0.0547,-0.0280,-0.0126,0.0751,0.0583,-0.0872,-0.0044,-5.5517,0.0077,0.0185,-0.2298,-0.1822,0.0122,-0.0678,-0.0164,-0.0570,0.0138,0.0152,0.0858,-0.0569,
4.8634,RLFSMStateRLLocomotion,0.0000,0.0000,0.0000,0.0053,-0.0021,-0.0000,0.6307,0.0015,0.0362,-0.7752,-0.3206,-0.3221,0.0000,0.0199,0.0092,0.0000,-0.0107,-0.0107,0.0000,0.0000,0.0000,0.4878,0.5047,0.0000,0.0000,-0.1779,-0.1887,0.0000,0.0000,-0.0414,0.0291,-0.3312,-0.3137,-0.0070,0.0469,-0.0312,0.0146,-0.0178,-0.0051,0.0000,0.0019,0.0046,0.4425,0.4545,0.0030,-0.0169,-0.2041,-0.2143,0.0034,0.0038,-0.0385,0.0458,-0.0000,0.0000,0.0000,0.0000,0.0000,0.0000,0.0000,0.0000,0.0000,0.0000,0.0000,0.0000,-0.0000,0.0000,0.0000,0.0000,-0.0000,0.0000,0.0000,-0.0000,-0.0000,-0.1250,-0.0547,-0.0280,-0.0126,0.0751,0.0583,-0.0873,-0.0044,-5.5523,0.0077,0.0185,-0.2299,-0.1822,0.0122,-0.0678,-0.0166,-0.0570,0.0138,0.0152,0.0859,-0.0570,
4.8837,RLFSMStateRLLocomotion,0.0000,0.0000,0.0000,0.0053,-0.0021,-0.0000,0.6307,0.0015,0.0362,-0.7752,-0.3206,-0.3221,0.0000,0.0199,0.0092,0.0000,-0.0107,-0.0107,0.0000,0.0000,0.0000,0.4878,0.5047,0.0000,0.0000,-0.1779,-0.1887,0.0000,0.0000,-0.0414,0.0291,-0.3313,-0.3137,-0.0070,0.0469,-0.0312,0.0146,-0.0178,-0.0051,0.0000,0.0019,0.0046,0.4425,0.4545,0.0030,-0.0169,-0.2042,-0.2143,0.0034,0.0038,-0.0385,0.0458,-0.0000,0.0000,0.0000,0.0000,0.0000,0.0000,0.0000,0.0000,0.0000,0.0000,0.0000,0.0000,-0.0000,0.0000,0.0000,0.0000,-0.0000,0.0000,0.0000,-0.0000,-0.0000,-0.1250,-0.0547,-0.0280,-0.0126,0.0751,0.0583,-0.0873,-0.0044,-5.5530,0.0077,0.0185,-0.2300,-0.1822,0.0122,-0.0678,-0.0166,-0.0570,0.0138,0.0152,0.0859,-0.0570,
4.9039,RLFSMStateRLLocomotion,0.0000,0.0000,0.0000,0.0053,-0.0021,-0.0000,0.6307,0.0015,0.0362,-0.7752,-0.3206,-0.3221,0.0000,0.0199,0.0092,0.0000,-0.0107,-0.0107,0.0000,0.0000,0.0000,0.4878,0.5047,0.0000,0.0000,-0.1779,-0.1887,0.0000,0.0000,-0.0414,0.0291,-0.3313,-0.3137,-0.0070,0.0469,-0.0312,0.0146,-0.0178,-0.0051,0.0000,0.0019,0.0046,0.4425,0.4544,0.0031,-0.0169,-0.2042,-0.2143,0.0034,0.0038,-0.0385,0.0458,-0.0000,0.0000,0.0000,0.0000,0.0000,0.0000,0.0000,0.0000,0.0000,0.0000,0.0000,0.0000,-0.0000,0.0000,0.0000,0.0000,-0.0000,0.0000,0.0000,-0.0000,-0.0000,-0.1250,-0.0547,-0.0281,-0.0126,0.0751,0.0583,-0.0873,-0.0044,-5.5536,0.0077,0.0185,-0.2300,-0.1822,0.0122,-0.0678,-0.0167,-0.0571,0.0138,0.0152,0.0859,-0.0570,
4.9242,RLFSMStateRLLocomotion,0.0000,0.0000,0.0000,0.0053,-0.0021,-0.0000,0.6307,0.0015,0.0362,-0.7752,-0.3206,-0.3221,0.0000,0.0199,0.0092,0.0000,-0.0107,-0.0107,0.0000,0.0000,0.0000,0.4878,0.5047,0.0000,0.0000,-0.1779,-0.1887,0.0000,0.0000,-0.0414,0.0291,-0.3313,-0.3137,-0.0070,0.0469,-0.0312,0.0146,-0.0178,-0.0051,0.0000,0.0019,0.0046,0.4425,0.4544,0.0031,-0.0169,-0.2042,-0.2143,0.0035,0.0038,-0.0385,0.0458,-0.0000,0.0000,0.0000,0.0000,0.0000,0.0000,0.0000,0.0000,0.0000,0.0000,0.0000,0.0000,-0.0000,0.0000,0.0000,0.0000,-0.0000,0.0000,0.0000,-0.0000,-0.0000,-0.1251,-0.0547,-0.0281,-0.0126,0.0751,0.0583,-0.0873,-0.0044,-5.5542,0.0077,0.0185,-0.2300,-0.1822,0.0122,-0.0678,-0.0167,-0.0571,0.0138,0.0152,0.0859,-0.0570,
4.9444,RLFSMStateRLLocomotion,0.0000,0.0000,0.0000,0.0053,-0.0021,-0.0000,0.6307,0.0015,0.0362,-0.7752,-0.3206,-0.3221,0.0000,0.0199,0.0092,0.0000,-0.0107,-0.0107,0.0000,0.0000,0.0000,0.4878,0.5047,0.0000,0.0000,-0.1779,-0.1887,0.0000,0.0000,-0.0414,0.0291,-0.3313,-0.3137,-0.0070,0.0469,-0.0312,0.0146,-0.0178,-0.0051,0.0000,0.0019,0.0046,0.4425,0.4544,0.0031,-0.0169,-0.2042,-0.2143,0.0035,0.0038,-0.0385,0.0458,-0.0000,0.0000,0.0000,0.0000,0.0000,0.0000,0.0000,0.0000,0.0000,0.0000,0.0000,0.0000,-0.0000,0.0000,0.0000,0.0000,-0.0000,0.0000,0.0000,-0.0000,-0.0000,-0.1251,-0.0547,-0.0281,-0.0126,0.0751,0.0583,-0.0873,-0.0044,-5.5547,0.0077,0.0185,-0.2300,-0.1822,0.0122,-0.0678,-0.0167,-0.0571,0.0138,0.0152,0.0859,-0.0570,
4.9646,RLFSMStateRLLocomotion,0.0000,0.0000,0.0000,0.0064,0.0000,-0.0000,0.6304,0.0014,0.0361,-0.7754,-0.3206,-0.3221,0.0000,0.0199,0.0092,0.0000,-0.0107,-0.0107,0.0000,0.0000,0.0000,0.4878,0.5047,0.0000,0.0000,-0.1779,-0.1887,0.0000,0.0000,-0.0414,0.0291,-0.3312,-0.3136,-0.0070,0.0468,-0.0312,0.0146,-0.0178,-0.0051,0.0000,0.0019,0.0046,0.4425,0.4544,0.0031,-0.0169,-0.2041,-0.2142,0.0034,0.0038,-0.0385,0.0458,-0.0000,0.0000,0.0000,0.0000,0.0000,0.0000,0.0000,0.0000,0.0000,0.0000,0.0000,0.0000,-0.0000,0.0000,0.0000,0.0000,-0.0000,0.0000,0.0000,-0.0000,-0.0000,-0.1250,-0.0546,-0.0278,-0.0127,0.0751,0.0583,-0.0873,-0.0043,-5.5551,0.0077,0.0185,-0.2299,-0.1822,0.0123,-0.0678,-0.0164,-0.0570,0.0138,0.0152,0.0859,-0.0571,
4.9848,RLFSMStateRLLocomotion,0.0000,0.0000,0.0000,0.0064,0.0000,-0.0000,0.6303,0.0014,0.0361,-0.7755,-0.3206,-0.3221,0.0000,0.0199,0.0092,0.0000,-0.0107,-0.0107,0.0000,0.0000,0.0000,0.4878,0.5047,0.0000,0.0000,-0.1779,-0.1887,0.0000,0.0000,-0.0414,0.0291,-0.3312,-0.3136,-0.0069,0.0468,-0.0312,0.0146,-0.0178,-0.0051,0.0000,0.0019,0.0046,0.4426,0.4545,0.0031,-0.0169,-0.2040,-0.2142,0.0035,0.0038,-0.0385,0.0458,-0.0000,0.0000,0.0000,0.0000,0.0000,0.0000,0.0000,0.0000,0.0000,0.0000,0.0000,0.0000,-0.0000,0.0000,0.0000,0.0000,-0.0000,0.0000,0.0000,-0.0000,-0.0000,-0.1248,-0.0545,-0.0277,-0.0127,0.0751,0.0583,-0.0873,-0.0043,-5.5553,0.0077,0.0185,-0.2297,-0.1821,0.0123,-0.0677,-0.0160,-0.0567,0.0138,0.0152,0.0858,-0.0570,
5.0050,RLFSMStateRLLocomotion,0.0000,0.0000,0.0000,0.0064,0.0000,-0.0000,0.6303,0.0014,0.0360,-0.7755,-0.3206,-0.3221,0.0000,0.0199,0.0092,0.0000,-0.0107,-0.0107,0.0000,0.0000,0.0000,0.4878,0.5047,0.0000,0.0000,-0.1779,-0.1887,0.0000,0.0000,-0.0414,0.0291,-0.3312,-0.3136,-0.0069,0.0468,-0.0312,0.0146,-0.0178,-0.0051,0.0000,0.0019,0.0046,0.4425,0.4545,0.0031,-0.0169,-0.2040,-0.2142,0.0035,0.0038,-0.0385,0.0457,-0.0000,0.0000,0.0000,0.0000,0.0000,0.0000,0.0000,0.0000,0.0000,0.0000,0.0000,0.0000,-0.0000,0.0000,0.0000,0.0000,-0.0000,0.0000,0.0000,-0.0000,-0.0000,-0.1249,-0.0545,-0.0278,-0.0127,0.0751,0.0582,-0.0873,-0.0043,-5.5555,0.0077,0.0185,-0.2298,-0.1822,0.0123,-0.0678,-0.0161,-0.0568,0.0138,0.0152,0.0858,-0.0570,
5.0253,RLFSMStateRLLocomotion,0.0000,0.0000,0.0000,0.0064,0.0011,-0.0000,0.6303,0.0014,0.0361,-0.7756,-0.3206,-0.3221,0.0000,0.0199,0.0092,0.0000,-0.0107,-0.0107,0.0000,0.0000,0.0000,0.4878,0.5047,0.0000,0.0000,-0.1779,-0.1887,0.0000,0.0000,-0.0414,0.0291,-0.3312,-0.3136,-0.0069,0.0468,-0.0312,0.0146,-0.0178,-0.0051,0.0000,0.0019,0.0046,0.4426,0.4545,0.0031,-0.0169,-0.2040,-0.2142,0.0035,0.0038,-0.0385,0.0457,-0.0000,0.0000,0.0000,0.0000,0.0000,0.0000,0.0000,0.0000,0.0000,0.0000,0.0000,0.0000,-0.0000,0.0000,0.0000,0.0000,-0.0000,0.0000,0.0000,-0.0000,-0.0000,-0.1247,-0.0545,-0.0276,-0.0127,0.0751,0.0582,-0.0873,-0.0043,-5.5557,0.0077,0.0185,-0.2296,-0.1821,0.0123,-0.0678,-0.0158,-0.0567,0.0138,0.0152,0.0858,-0.0570,
5.0455,RLFSMStateRLLocomotion,0.0000,0.0000,0.0000,0.0053,0.0000,-0.0000,0.6302,0.0014,0.0361,-0.7756,-0.3206,-0.3221,0.0000,0.0199,0.0092,0.0000,-0.0107,-0.0107,0.0000,0.0000,0.0000,0.4878,0.5047,0.0000,0.0000,-0.1779,-0.1887,0.0000,0.0000,-0.0414,0.0291,-0.3312,-0.3136,-0.0069,0.0468,-0.0312,0.0146,-0.0178,-0.0051,0.0000,0.0019,0.0046,0.4426,0.4545,0.0031,-0.0169,-0.2040,-0.2142,0.0035,0.0038,-0.0386,0.0457,-0.0000,0.0000,0.0000,0.0000,0.0000,0.0000,0.0000,0.0000,0.0000,0.0000,0.0000,0.0000,-0.0000,0.0000,0.0000,0.0000,-0.0000,0.0000,0.0000,-0.0000,-0.0000,-0.1248,-0.0545,-0.0278,-0.0127,0.0751,0.0583,-0.0873,-0.0043,-5.5559,0.0077,0.0185,-0.2297,-0.1821,0.0123,-0.0677,-0.0160,-0.0567,0.0138,0.0152,0.0858,-0.0570,
5.0658,RLFSMStateRLLocomotion,0.0000,0.0000,0.0000,0.0064,0.0000,-0.0000,0.6301,0.0014,0.0361,-0.7756,-0.3206,-0.3221,0.0000,0.0199,0.0092,0.0000,-0.0107,-0.0107,0.0000,0.0000,0.0000,0.4878,0.5047,0.0000,0.0000,-0.1779,-0.1887,0.0000,0.0000,-0.0414,0.0291,-0.3312,-0.3136,-0.0069,0.0468,-0.0312,0.0146,-0.0178,-0.0051,0.0000,0.0019,0.0046,0.4426,0.4545,0.0031,-0.0169,-0.2040,-0.2142,0.0035,0.0038,-0.0386,0.0458,-0.0000,0.0000,0.0000,0.0000,0.0000,0.0000,0.0000,0.0000,0.0000,0.0000,0.0000,0.0000,-0.0000,0.0000,0.0000,0.0000,-0.0000,0.0000,0.0000,-0.0000,-0.0000,-0.1248,-0.0545,-0.0278,-0.0127,0.0751,0.0582,-0.0873,-0.0043,-5.5561,0.0077,0.0185,-0.2297,-0.1822,0.0122,-0.0678,-0.0160,-0.0568,0.0138,0.0152,0.0858,-0.0570,
5.0860,RLFSMStateRLLocomotion,0.0000,0.0000,0.0000,0.0064,0.0000,-0.0000,0.6301,0.0014,0.0361,-0.7757,-0.3206,-0.3221,0.0000,0.0199,0.0092,0.0000,-0.0107,-0.0107,0.0000,0.0000,0.0000,0.4878,0.5047,0.0000,0.0000,-0.1779,-0.1887,0.0000,0.0000,-0.0414,0.0291,-0.3312,-0.3136,-0.0069,0.0468,-0.0312,0.0146,-0.0178,-0.0051,0.0000,0.0019,0.0046,0.4426,0.4545,0.0031,-0.0169,-0.2040,-0.2142,0.0035,0.0038,-0.0386,0.0457,-0.0000,0.0000,0.0000,0.0000,0.0000,0.0000,0.0000,0.0000,0.0000,0.0000,0.0000,0.0000,-0.0000,0.0000,0.0000,0.0000,-0.0000,0.0000,0.0000,-0.0000,-0.0000,-0.1248,-0.0545,-0.0278,-0.0127,0.0751,0.0582,-0.0873,-0.0043,-5.5564,0.0077,0.0185,-0.2297,-0.1822,0.0123,-0.0678,-0.0161,-0.0568,0.0138,0.0152,0.0858,-0.0570,
5.1062,RLFSMStateRLLocomotion,0.0000,0.0000,0.0000,0.0064,0.0000,-0.0000,0.6300,0.0014,0.0361,-0.7757,-0.3206,-0.3221,0.0000,0.0199,0.0092,0.0000,-0.0107,-0.0107,0.0000,0.0000,0.0000,0.4878,0.5047,0.0000,0.0000,-0.1779,-0.1887,0.0000,0.0000,-0.0414,0.0291,-0.3312,-0.3136,-0.0069,0.0468,-0.0312,0.0146,-0.0178,-0.0051,0.0000,0.0019,0.0046,0.4426,0.4544,0.0031,-0.0169,-0.2040,-0.2142,0.0035,0.0038,-0.0386,0.0457,-0.0000,0.0000,0.0000,0.0000,0.0000,0.0000,0.0000,0.0000,0.0000,0.0000,0.0000,0.0000,-0.0000,0.0000,0.0000,0.0000,-0.0000,0.0000,0.0000,-0.0000,-0.0000,-0.1248,-0.0545,-0.0278,-0.0127,0.0751,0.0582,-0.0873,-0.0043,-5.5566,0.0077,0.0185,-0.2297,-0.1822,0.0123,-0.0678,-0.0161,-0.0569,0.0138,0.0152,0.0858,-0.0571,
5.1264,RLFSMStateRLLocomotion,0.0000,0.0000,0.0000,0.0064,-0.0011,-0.0000,0.6300,0.0014,0.0361,-0.7758,-0.3206,-0.3221,0.0000,0.0199,0.0092,0.0000,-0.0107,-0.0107,0.0000,0.0000,0.0000,0.4878,0.5047,0.0000,0.0000,-0.1779,-0.1887,0.0000,0.0000,-0.0414,0.0291,-0.3312,-0.3136,-0.0069,0.0468,-0.0312,0.0146,-0.0178,-0.0051,0.0000,0.0019,0.0046,0.4426,0.4544,0.0031,-0.0169,-0.2040,-0.2142,0.0035,0.0038,-0.0386,0.0457,-0.0000,0.0000,0.0000,0.0000,0.0000,0.0000,0.0000,0.0000,0.0000,0.0000,0.0000,0.0000,-0.0000,0.0000,0.0000,0.0000,-0.0000,0.0000,0.0000,-0.0000,-0.0000,-0.1248,-0.0546,-0.0277,-0.0127,0.0751,0.0582,-0.0873,-0.0043,-5.5569,0.0077,0.0185,-0.2296,-0.1822,0.0122,-0.0678,-0.0160,-0.0568,0.0138,0.0152,0.0857,-0.0570,
5.1467,RLFSMStateRLLocomotion,0.0000,0.0000,0.0000,0.0064,0.0000,-0.0000,0.6300,0.0015,0.0361,-0.7758,-0.3206,-0.3221,0.0000,0.0199,0.0092,0.0000,-0.0107,-0.0107,0.0000,0.0000,0.0000,0.4878,0.5047,0.0000,0.0000,-0.1779,-0.1887,0.0000,0.0000,-0.0414,0.0291,-0.3312,-0.3136,-0.0069,0.0468,-0.0312,0.0146,-0.0178,-0.0051,0.0000,0.0019,0.0046,0.4426,0.4545,0.0031,-0.0169,-0.2040,-0.2142,0.0035,0.0038,-0.0386,0.0457,-0.0000,0.0000,0.0000,0.0000,0.0000,0.0000,0.0000,0.0000,0.0000,0.0000,0.0000,0.0000,-0.0000,0.0000,0.0000,0.0000,-0.0000,0.0000,0.0000,-0.0000,-0.0000,-0.1247,-0.0546,-0.0277,-0.0127,0.0751,0.0582,-0.0873,-0.0043,-5.5571,0.0076,0.0185,-0.2296,-0.1822,0.0122,-0.0678,-0.0159,-0.0568,0.0138,0.0152,0.0857,-0.0570,
5.1670,RLFSMStateRLLocomotion,0.0000,0.0000,0.0000,0.0053,-0.0011,-0.0000,0.6299,0.0015,0.0361,-0.7759,-0.3206,-0.3221,0.0000,0.0199,0.0092,0.0000,-0.0107,-0.0107,0.0000,0.0000,0.0000,0.4878,0.5047,0.0000,0.0000,-0.1779,-0.1887,0.0000,0.0000,-0.0414,0.0291,-0.3312,-0.3136,-0.0069,0.0468,-0.0312,0.0146,-0.0178,-0.0051,0.0000,0.0019,0.0046,0.4426,0.4545,0.0031,-0.0169,-0.2040,-0.2142,0.0035,0.0038,-0.0386,0.0457,-0.0000,0.0000,0.0000,0.0000,0.0000,0.0000,0.0000,0.0000,0.0000,0.0000,0.0000,0.0000,-0.0000,0.0000,0.0000,0.0000,-0.0000,0.0000,0.0000,-0.0000,-0.0000,-0.1249,-0.0546,-0.0279,-0.0127,0.0751,0.0583,-0.0873,-0.0043,-5.5573,0.0077,0.0185,-0.2298,-0.1822,0.0122,-0.0677,-0.0162,-0.0569,0.0138,0.0152,0.0858,-0.0570,
5.1873,RLFSMStateRLLocomotion,0.0000,0.0000,0.0000,0.0064,0.0000,-0.0000,0.6298,0.0015,0.0361,-0.7759,-0.3206,-0.3221,0.0000,0.0199,0.0092,0.0000,-0.0107,-0.0107,0.0000,0.0000,0.0000,0.4878,0.5047,0.0000,0.0000,-0.1779,-0.1887,0.0000,0.0000,-0.0414,0.0291,-0.3312,-0.3137,-0.0070,0.0468,-0.0312,0.0146,-0.0178,-0.0051,0.0000,0.0019,0.0046,0.4425,0.4545,0.0031,-0.0169,-0.2041,-0.2142,0.0035,0.0038,-0.0386,0.0458,-0.0000,0.0000,0.0000,0.0000,0.0000,0.0000,0.0000,0.0000,0.0000,0.0000,0.0000,0.0000,-0.0000,0.0000,0.0000,0.0000,-0.0000,0.0000,0.0000,-0.0000,-0.0000,-0.1248,-0.0546,-0.0278,-0.0127,0.0751,0.0583,-0.0873,-0.0043,-5.5575,0.0077,0.0185,-0.2298,-0.1821,0.0123,-0.0677,-0.0161,-0.0568,0.0138,0.0152,0.0858,-0.0570,
5.2077,RLFSMStateRLLocomotion,0.0000,0.0000,0.0000,0.0064,0.0000,-0.0000,0.6298,0.0015,0.0361,-0.7759,-0.3206,-0.3221,0.0000,0.0199,0.0092,0.0000,-0.0107,-0.0107,0.0000,0.0000,0.0000,0.4878,0.5047,0.0000,0.0000,-0.1779,-0.1887,0.0000,0.0000,-0.0414,0.0291,-0.3312,-0.3136,-0.0070,0.0468,-0.0312,0.0146,-0.0178,-0.0051,0.0000,0.0019,0.0046,0.4426,0.4545,0.0031,-0.0169,-0.2040,-0.2142,0.0035,0.0038,-0.0385,0.0458,-0.0000,0.0000,0.0000,0.0000,0.0000,0.0000,0.0000,0.0000,0.0000,0.0000,0.0000,0.0000,-0.0000,0.0000,0.0000,0.0000,-0.0000,0.0000,0.0000,-0.0000,-0.0000,-0.1248,-0.0546,-0.0277,-0.0127,0.0751,0.0582,-0.0873,-0.0043,-5.5577,0.0077,0.0185,-0.2297,-0.1822,0.0122,-0.0678,-0.0160,-0.0568,0.0138,0.0152,0.0858,-0.0570,
5.2279,RLFSMStateRLLocomotion,0.0000,0.0000,0.0000,0.0064,0.0000,-0.0000,0.6298,0.0015,0.0361,-0.7759,-0.3206,-0.3221,0.0000,0.0199,0.0092,0.0000,-0.0107,-0.0107,0.0000,0.0000,0.0000,0.4878,0.5047,0.0000,0.0000,-0.1779,-0.1887,0.0000,0.0000,-0.0414,0.0291,-0.3312,-0.3136,-0.0069,0.0468,-0.0312,0.0146,-0.0178,-0.0051,0.0000,0.0019,0.0046,0.4426,0.4545,0.0031,-0.0169,-0.2040,-0.2142,0.0035,0.0038,-0.0386,0.0457,-0.0000,0.0000,0.0000,0.0000,0.0000,0.0000,0.0000,0.0000,0.0000,0.0000,0.0000,0.0000,-0.0000,0.0000,0.0000,0.0000,-0.0000,0.0000,0.0000,-0.0000,-0.0000,-0.1247,-0.0546,-0.0277,-0.0127,0.0751,0.0582,-0.0873,-0.0043,-5.5579,0.0076,0.0185,-0.2296,-0.1822,0.0122,-0.0678,-0.0159,-0.0568,0.0138,0.0152,0.0857,-0.0570,
5.2482,RLFSMStateRLLocomotion,0.0000,0.0000,0.0000,0.0064,0.0000,-0.0000,0.6297,0.0015,0.0361,-0.7760,-0.3206,-0.3221,0.0000,0.0199,0.0092,0.0000,-0.0107,-0.0107,0.0000,0.0000,0.0000,0.4878,0.5047,0.0000,0.0000,-0.1779,-0.1887,0.0000,0.0000,-0.0414,0.0291,-0.3312,-0.3136,-0.0069,0.0468,-0.0312,0.0146,-0.0178,-0.0051,0.0000,0.0019,0.0046,0.4426,0.4545,0.0031,-0.0169,-0.2040,-0.2142,0.0035,0.0038,-0.0386,0.0457,-0.0000,0.0000,0.0000,0.0000,0.0000,0.0000,0.0000,0.0000,0.0000,0.0000,0.0000,0.0000,-0.0000,0.0000,0.0000,0.0000,-0.0000,0.0000,0.0000,-0.0000,-0.0000,-0.1247,-0.0546,-0.0277,-0.0127,0.0751,0.0582,-0.0873,-0.0043,-5.5581,0.0076,0.0185,-0.2296,-0.1822,0.0122,-0.0678,-0.0159,-0.0568,0.0138,0.0152,0.0857,-0.0570,
5.2686,RLFSMStateRLLocomotion,0.0000,0.0000,0.0000,0.0053,0.0000,-0.0000,0.6297,0.0015,0.0361,-0.7760,-0.3206,-0.3221,0.0000,0.0199,0.0092,0.0000,-0.0107,-0.0107,0.0000,0.0000,0.0000,0.4878,0.5047,0.0000,0.0000,-0.1779,-0.1887,0.0000,0.0000,-0.0414,0.0291,-0.3312,-0.3136,-0.0069,0.0468,-0.0312,0.0146,-0.0178,-0.0051,0.0000,0.0019,0.0046,0.4426,0.4545,0.0031,-0.0169,-0.2040,-0.2142,0.0035,0.0038,-0.0386,0.0457,-0.0000,0.0000,0.0000,0.0000,0.0000,0.0000,0.0000,0.0000,0.0000,0.0000,0.0000,0.0000,-0.0000,0.0000,0.0000,0.0000,-0.0000,0.0000,0.0000,-0.0000,-0.0000,-0.1247,-0.0546,-0.0277,-0.0127,0.0751,0.0582,-0.0873,-0.0043,-5.5582,0.0076,0.0185,-0.2296,-0.1822,0.0122,-0.0678,-0.0159,-0.0568,0.0138,0.0152,0.0857,-0.0570,
5.2889,RLFSMStateRLLocomotion,0.0000,0.0000,0.0000,0.0053,0.0000,-0.0000,0.6296,0.0015,0.0361,-0.7761,-0.3206,-0.3221,0.0000,0.0199,0.0092,0.0000,-0.0107,-0.0107,0.0000,0.0000,0.0000,0.4878,0.5047,0.0000,0.0000,-0.1779,-0.1887,0.0000,0.0000,-0.0414,0.0291,-0.3312,-0.3136,-0.0069,0.0468,-0.0312,0.0146,-0.0178,-0.0051,0.0000,0.0019,0.0046,0.4426,0.4545,0.0031,-0.0169,-0.2040,-0.2142,0.0035,0.0038,-0.0386,0.0457,-0.0000,0.0000,0.0000,0.0000,0.0000,0.0000,0.0000,0.0000,0.0000,0.0000,0.0000,0.0000,-0.0000,0.0000,0.0000,0.0000,-0.0000,0.0000,0.0000,-0.0000,-0.0000,-0.1247,-0.0546,-0.0277,-0.0127,0.0751,0.0582,-0.0873,-0.0043,-5.5582,0.0076,0.0185,-0.2296,-0.1822,0.0122,-0.0678,-0.0159,-0.0568,0.0138,0.0152,0.0857,-0.0570,
5.3092,RLFSMStateRLLocomotion,0.0000,0.0000,0.0000,0.0053,0.0000,-0.0000,0.6296,0.0014,0.0361,-0.7761,-0.3206,-0.3221,0.0000,0.0199,0.0092,0.0000,-0.0107,-0.0107,0.0000,0.0000,0.0000,0.4878,0.5047,0.0000,0.0000,-0.1779,-0.1887,0.0000,0.0000,-0.0414,0.0291,-0.3312,-0.3136,-0.0069,0.0468,-0.0312,0.0146,-0.0178,-0.0051,0.0000,0.0019,0.0046,0.4426,0.4545,0.0031,-0.0169,-0.2040,-0.2142,0.0035,0.0038,-0.0386,0.0458,-0.0000,0.0000,0.0000,0.0000,0.0000,0.0000,0.0000,0.0000,0.0000,0.0000,0.0000,0.0000,-0.0000,0.0000,0.0000,0.0000,-0.0000,0.0000,0.0000,-0.0000,-0.0000,-0.1247,-0.0546,-0.0278,-0.0127,0.0751,0.0583,-0.0873,-0.0043,-5.5583,0.0077,0.0185,-0.2297,-0.1821,0.0123,-0.0677,-0.0159,-0.0567,0.0138,0.0152,0.0857,-0.0570,
5.3294,RLFSMStateRLLocomotion,0.0000,0.0000,0.0000,0.0064,0.0011,-0.0000,0.6295,0.0014,0.0361,-0.7762,-0.3206,-0.3221,0.0000,0.0199,0.0092,0.0000,-0.0107,-0.0107,0.0000,0.0000,0.0000,0.4878,0.5047,0.0000,0.0000,-0.1779,-0.1887,0.0000,0.0000,-0.0414,0.0291,-0.3312,-0.3136,-0.0069,0.0468,-0.0312,0.0146,-0.0178,-0.0051,0.0000,0.0019,0.0046,0.4426,0.4545,0.0031,-0.0169,-0.2040,-0.2142,0.0035,0.0038,-0.0386,0.0458,-0.0000,0.0000,0.0000,0.0000,0.0000,0.0000,0.0000,0.0000,0.0000,0.0000,0.0000,0.0000,-0.0000,0.0000,0.0000,0.0000,-0.0000,0.0000,0.0000,-0.0000,-0.0000,-0.1248,-0.0546,-0.0278,-0.0127,0.0751,0.0583,-0.0873,-0.0043,-5.5583,0.0077,0.0185,-0.2298,-0.1821,0.0123,-0.0677,-0.0161,-0.0568,0.0138,0.0152,0.0858,-0.0570,
5.3497,RLFSMStateRLLocomotion,0.0000,0.0000,0.0000,0.0075,0.0000,-0.0000,0.6295,0.0014,0.0361,-0.7762,-0.3206,-0.3221,0.0000,0.0199,0.0092,0.0000,-0.0107,-0.0107,0.0000,0.0000,0.0000,0.4878,0.5047,0.0000,0.0000,-0.1779,-0.1887,0.0000,0.0000,-0.0414,0.0291,-0.3312,-0.3136,-0.0069,0.0468,-0.0312,0.0146,-0.0178,-0.0051,0.0000,0.0019,0.0046,0.4426,0.4545,0.0031,-0.0169,-0.2040,-0.2142,0.0035,0.0038,-0.0386,0.0457,-0.0000,0.0000,0.0000,0.0000,0.0000,0.0000,0.0000,0.0000,0.0000,0.0000,0.0000,0.0000,-0.0000,0.0000,0.0000,0.0000,-0.0000,0.0000,0.0000,-0.0000,-0.0000,-0.1247,-0.0545,-0.0276,-0.0127,0.0751,0.0582,-0.0873,-0.0043,-5.5584,0.0077,0.0185,-0.2296,-0.1821,0.0123,-0.0677,-0.0158,-0.0567,0.0138,0.0152,0.0857,-0.0570,
5.3699,RLFSMStateRLLocomotion,0.0000,0.0000,0.0000,0.0075,0.0000,-0.0000,0.6294,0.0014,0.0361,-0.7762,-0.3206,-0.3221,0.0000,0.0199,0.0092,0.0000,-0.0107,-0.0107,0.0000,0.0000,0.0000,0.4878,0.5047,0.0000,0.0000,-0.1779,-0.1887,0.0000,0.0000,-0.0414,0.0291,-0.3312,-0.3136,-0.0069,0.0468,-0.0312,0.0146,-0.0178,-0.0051,0.0000,0.0019,0.0046,0.4426,0.4545,0.0031,-0.0169,-0.2040,-0.2142,0.0035,0.0038,-0.0386,0.0457,-0.0000,0.0000,0.0000,0.0000,0.0000,0.0000,0.0000,0.0000,0.0000,0.0000,0.0000,0.0000,-0.0000,0.0000,0.0000,0.0000,-0.0000,0.0000,0.0000,-0.0000,-0.0000,-0.1248,-0.0545,-0.0277,-0.0127,0.0751,0.0582,-0.0873,-0.0043,-5.5585,0.0077,0.0185,-0.2297,-0.1822,0.0123,-0.0677,-0.0159,-0.0568,0.0138,0.0152,0.0857,-0.0570,
5.3901,RLFSMStateRLLocomotion,0.0000,0.0000,0.0000,0.0053,0.0000,-0.0000,0.6294,0.0015,0.0361,-0.7763,-0.3206,-0.3221,0.0000,0.0199,0.0092,0.0000,-0.0107,-0.0107,0.0000,0.0000,0.0000,0.4878,0.5047,0.0000,0.0000,-0.1779,-0.1887,0.0000,0.0000,-0.0414,0.0291,-0.3312,-0.3136,-0.0069,0.0468,-0.0312,0.0146,-0.0178,-0.0051,0.0000,0.0019,0.0046,0.4426,0.4544,0.0031,-0.0169,-0.2040,-0.2142,0.0035,0.0038,-0.0386,0.0457,-0.0000,0.0000,0.0000,0.0000,0.0000,0.0000,0.0000,0.0000,0.0000,0.0000,0.0000,0.0000,-0.0000,0.0000,0.0000,0.0000,-0.0000,0.0000,0.0000,-0.0000,-0.0000,-0.1248,-0.0545,-0.0277,-0.0127,0.0751,0.0582,-0.0873,-0.0043,-5.5587,0.0076,0.0186,-0.2297,-0.1823,0.0122,-0.0678,-0.0159,-0.0569,0.0138,0.0152,0.0857,-0.0571,
5.4103,RLFSMStateRLLocomotion,0.0000,0.0000,0.0000,0.0053,0.0000,-0.0000,0.6294,0.0015,0.0361,-0.7763,-0.3206,-0.3221,0.0000,0.0199,0.0092,0.0000,-0.0107,-0.0107,0.0000,0.0000,0.0000,0.4878,0.5047,0.0000,0.0000,-0.1779,-0.1887,0.0000,0.0000,-0.0414,0.0291,-0.3312,-0.3136,-0.0069,0.0468,-0.0312,0.0146,-0.0178,-0.0051,0.0000,0.0019,0.0046,0.4426,0.4545,0.0031,-0.0169,-0.2040,-0.2142,0.0035,0.0038,-0.0386,0.0458,-0.0000,0.0000,0.0000,0.0000,0.0000,0.0000,0.0000,0.0000,0.0000,0.0000,0.0000,0.0000,-0.0000,0.0000,0.0000,0.0000,-0.0000,0.0000,0.0000,-0.0000,-0.0000,-0.1248,-0.0546,-0.0278,-0.0127,0.0751,0.0583,-0.0873,-0.0043,-5.5588,0.0077,0.0185,-0.2297,-0.1821,0.0123,-0.0677,-0.0160,-0.0568,0.0138,0.0152,0.0857,-0.0570,
5.4305,RLFSMStateRLLocomotion,0.0000,0.0000,0.0000,0.0053,0.0000,-0.0000,0.6294,0.0015,0.0361,-0.7763,-0.3206,-0.3221,0.0000,0.0199,0.0092,0.0000,-0.0107,-0.0107,0.0000,0.0000,0.0000,0.4878,0.5047,0.0000,0.0000,-0.1779,-0.1887,0.0000,0.0000,-0.0414,0.0291,-0.3312,-0.3136,-0.0069,0.0468,-0.0312,0.0146,-0.0178,-0.0051,0.0000,0.0019,0.0046,0.4426,0.4545,0.0031,-0.0169,-0.2040,-0.2142,0.0035,0.0038,-0.0386,0.0458,-0.0000,0.0000,0.0000,0.0000,0.0000,0.0000,0.0000,0.0000,0.0000,0.0000,0.0000,0.0000,-0.0000,0.0000,0.0000,0.0000,-0.0000,0.0000,0.0000,-0.0000,-0.0000,-0.1248,-0.0546,-0.0278,-0.0127,0.0751,0.0583,-0.0873,-0.0043,-5.5588,0.0077,0.0185,-0.2297,-0.1821,0.0123,-0.0677,-0.0160,-0.0567,0.0138,0.0152,0.0858,-0.0570,
5.4507,RLFSMStateRLLocomotion,0.0000,0.0000,0.0000,0.0053,0.0000,-0.0000,0.6294,0.0015,0.0361,-0.7763,-0.3206,-0.3221,0.0000,0.0199,0.0092,0.0000,-0.0107,-0.0107,0.0000,0.0000,0.0000,0.4878,0.5047,0.0000,0.0000,-0.1779,-0.1887,0.0000,0.0000,-0.0414,0.0291,-0.3312,-0.3136,-0.0069,0.0468,-0.0312,0.0146,-0.0178,-0.0051,0.0000,0.0019,0.0046,0.4426,0.4545,0.0031,-0.0169,-0.2040,-0.2142,0.0035,0.0038,-0.0386,0.0458,-0.0000,0.0000,0.0000,0.0000,0.0000,0.0000,0.0000,0.0000,0.0000,0.0000,0.0000,0.0000,-0.0000,0.0000,0.0000,0.0000,-0.0000,0.0000,0.0000,-0.0000,-0.0000,-0.1248,-0.0546,-0.0278,-0.0127,0.0751,0.0583,-0.0873,-0.0043,-5.5589,0.0077,0.0185,-0.2297,-0.1821,0.0123,-0.0677,-0.0160,-0.0567,0.0138,0.0152,0.0858,-0.0569,
5.4709,RLFSMStateRLLocomotion,0.0000,0.0000,0.0000,0.0064,0.0000,-0.0000,0.6292,0.0015,0.0361,-0.7764,-0.3206,-0.3221,0.0000,0.0199,0.0092,0.0000,-0.0107,-0.0107,0.0000,0.0000,0.0000,0.4878,0.5047,0.0000,0.0000,-0.1779,-0.1887,0.0000,0.0000,-0.0414,0.0291,-0.3312,-0.3136,-0.0069,0.0468,-0.0312,0.0146,-0.0178,-0.0051,0.0000,0.0019,0.0046,0.4426,0.4545,0.0031,-0.0169,-0.2040,-0.2142,0.0035,0.0038,-0.0386,0.0458,-0.0000,0.0000,0.0000,0.0000,0.0000,0.0000,0.0000,0.0000,0.0000,0.0000,0.0000,0.0000,-0.0000,0.0000,0.0000,0.0000,-0.0000,0.0000,0.0000,-0.0000,-0.0000,-0.1248,-0.0546,-0.0278,-0.0127,0.0751,0.0583,-0.0873,-0.0043,-5.5589,0.0077,0.0185,-0.2297,-0.1821,0.0123,-0.0677,-0.0160,-0.0567,0.0138,0.0152,0.0858,-0.0569,
5.4912,RLFSMStateRLLocomotion,0.0000,0.0000,0.0000,0.0064,0.0000,-0.0000,0.6291,0.0015,0.0361,-0.7765,-0.3206,-0.3221,0.0000,0.0199,0.0092,0.0000,-0.0107,-0.0107,0.0000,0.0000,0.0000,0.4878,0.5047,0.0000,0.0000,-0.1779,-0.1887,0.0000,0.0000,-0.0414,0.0291,-0.3312,-0.3136,-0.0069,0.0468,-0.0312,0.0146,-0.0178,-0.0051,0.0000,0.0019,0.0046,0.4426,0.4545,0.0031,-0.0169,-0.2040,-0.2142,0.0035,0.0038,-0.0386,0.0457,-0.0000,0.0000,0.0000,0.0000,0.0000,0.0000,0.0000,0.0000,0.0000,0.0000,0.0000,0.0000,-0.0000,0.0000,0.0000,0.0000,-0.0000,0.0000,0.0000,-0.0000,-0.0000,-0.1247,-0.0546,-0.0277,-0.0127,0.0751,0.0582,-0.0873,-0.0043,-5.5590,0.0076,0.0185,-0.2296,-0.1822,0.0122,-0.0677,-0.0159,-0.0568,0.0138,0.0151,0.0857,-0.0570,
5.5116,RLFSMStateRLLocomotion,0.0000,0.0000,0.0000,0.0064,0.0000,-0.0000,0.6291,0.0015,0.0361,-0.7765,-0.3206,-0.3221,0.0000,0.0199,0.0092,0.0000,-0.0107,-0.0107,0.0000,0.0000,0.0000,0.4878,0.5047,0.0000,0.0000,-0.1779,-0.1887,0.0000,0.0000,-0.0414,0.0291,-0.3312,-0.3136,-0.0069,0.0468,-0.0312,0.0145,-0.0178,-0.0051,0.0000,0.0019,0.0046,0.4426,0.4544,0.0031,-0.0169,-0.2040,-0.2142,0.0035,0.0038,-0.0386,0.0457,-0.0000,0.0000,0.0000,0.0000,0.0000,0.0000,0.0000,0.0000,0.0000,0.0000,0.0000,0.0000,-0.0000,0.0000,0.0000,0.0000,-0.0000,0.0000,0.0000,-0.0000,-0.0000,-0.1247,-0.0546,-0.0277,-0.0127,0.0751,0.0582,-0.0872,-0.0043,-5.5592,0.0076,0.0185,-0.2296,-0.1822,0.0122,-0.0678,-0.0158,-0.0568,0.0138,0.0151,0.0857,-0.0571,
5.5319,RLFSMStateRLLocomotion,0.0000,0.0000,0.0000,0.0053,0.0000,-0.0000,0.6290,0.0015,0.0361,-0.7766,-0.3206,-0.3221,0.0000,0.0199,0.0092,0.0000,-0.0107,-0.0107,0.0000,0.0000,0.0000,0.4878,0.5047,0.0000,0.0000,-0.1779,-0.1887,0.0000,0.0000,-0.0414,0.0291,-0.3312,-0.3137,-0.0069,0.0468,-0.0312,0.0145,-0.0178,-0.0051,0.0000,0.0019,0.0046,0.4426,0.4544,0.0031,-0.0169,-0.2040,-0.2142,0.0035,0.0038,-0.0386,0.0457,-0.0000,0.0000,0.0000,0.0000,0.0000,0.0000,0.0000,0.0000,0.0000,0.0000,0.0000,0.0000,-0.0000,0.0000,0.0000,0.0000,-0.0000,0.0000,0.0000,-0.0000,-0.0000,-0.1247,-0.0546,-0.0277,-0.0127,0.0751,0.0582,-0.0872,-0.0043,-5.5594,0.0076,0.0185,-0.2296,-0.1822,0.0122,-0.0678,-0.0158,-0.0568,0.0138,0.0151,0.0857,-0.0571,
5.5521,RLFSMStateRLLocomotion,0.0000,0.0000,0.0000,0.0053,0.0000,-0.0000,0.6290,0.0015,0.0361,-0.7766,-0.3206,-0.3221,0.0000,0.0199,0.0092,0.0000,-0.0107,-0.0107,0.0000,0.0000,0.0000,0.4878,0.5047,0.0000,0.0000,-0.1779,-0.1887,0.0000,0.0000,-0.0414,0.0291,-0.3312,-0.3137,-0.0069,0.0468,-0.0312,0.0146,-0.0178,-0.0051,0.0000,0.0019,0.0046,0.4426,0.4545,0.0031,-0.0169,-0.2040,-0.2142,0.0035,0.0038,-0.0386,0.0457,-0.0000,0.0000,0.0000,0.0000,0.0000,0.0000,0.0000,0.0000,0.0000,0.0000,0.0000,0.0000,-0.0000,0.0000,0.0000,0.0000,-0.0000,0.0000,0.0000,-0.0000,-0.0000,-0.1247,-0.0546,-0.0277,-0.0127,0.0751,0.0582,-0.0872,-0.0043,-5.5594,0.0077,0.0185,-0.2296,-0.1821,0.0122,-0.0677,-0.0159,-0.0568,0.0138,0.0151,0.0857,-0.0570,
5.5724,RLFSMStateRLLocomotion,0.0000,0.0000,0.0000,0.0064,0.0000,-0.0000,0.6289,0.0015,0.0361,-0.7766,-0.3206,-0.3221,0.0000,0.0199,0.0092,0.0000,-0.0107,-0.0107,0.0000,0.0000,0.0000,0.4878,0.5047,0.0000,0.0000,-0.1779,-0.1887,0.0000,0.0000,-0.0414,0.0291,-0.3312,-0.3137,-0.0069,0.0468,-0.0312,0.0145,-0.0178,-0.0051,0.0000,0.0019,0.0046,0.4426,0.4544,0.0031,-0.0169,-0.2040,-0.2142,0.0035,0.0038,-0.0386,0.0457,-0.0000,0.0000,0.0000,0.0000,0.0000,0.0000,0.0000,0.0000,0.0000,0.0000,0.0000,0.0000,-0.0000,0.0000,0.0000,0.0000,-0.0000,0.0000,0.0000,-0.0000,-0.0000,-0.1247,-0.0546,-0.0277,-0.0127,0.0751,0.0582,-0.0872,-0.0043,-5.5596,0.0076,0.0185,-0.2296,-0.1822,0.0122,-0.0677,-0.0158,-0.0568,0.0138,0.0151,0.0857,-0.0570,
5.5926,RLFSMStateRLLocomotion,0.0000,0.0000,0.0000,0.0064,0.0011,-0.0000,0.6289,0.0015,0.0361,-0.7767,-0.3206,-0.3221,0.0000,0.0199,0.0092,0.0000,-0.0107,-0.0107,0.0000,0.0000,0.0000,0.4878,0.5047,0.0000,0.0000,-0.1779,-0.1887,0.0000,0.0000,-0.0414,0.0291,-0.3312,-0.3137,-0.0069,0.0468,-0.0312,0.0145,-0.0178,-0.0051,0.0000,0.0019,0.0046,0.4426,0.4545,0.0031,-0.0169,-0.2040,-0.2142,0.0035,0.0038,-0.0386,0.0457,-0.0000,0.0000,0.0000,0.0000,0.0000,0.0000,0.0000,0.0000,0.0000,0.0000,0.0000,0.0000,-0.0000,0.0000,0.0000,0.0000,-0.0000,0.0000,0.0000,-0.0000,-0.0000,-0.1247,-0.0546,-0.0277,-0.0127,0.0751,0.0582,-0.0872,-0.0043,-5.5596,0.0077,0.0185,-0.2296,-0.1821,0.0122,-0.0677,-0.0159,-0.0568,0.0138,0.0151,0.0857,-0.0570,
5.6128,RLFSMStateRLLocomotion,0.0000,0.0000,0.0000,0.0064,0.0000,-0.0000,0.6288,0.0015,0.0361,-0.7767,-0.3206,-0.3221,0.0000,0.0199,0.0092,0.0000,-0.0107,-0.0107,0.0000,0.0000,0.0000,0.4878,0.5047,0.0000,0.0000,-0.1779,-0.1887,0.0000,0.0000,-0.0414,0.0291,-0.3312,-0.3137,-0.0069,0.0468,-0.0312,0.0145,-0.0178,-0.0051,0.0000,0.0019,0.0046,0.4426,0.4544,0.0031,-0.0169,-0.2040,-0.2142,0.0035,0.0038,-0.0386,0.0457,-0.0000,0.0000,0.0000,0.0000,0.0000,0.0000,0.0000,0.0000,0.0000,0.0000,0.0000,0.0000,-0.0000,0.0000,0.0000,0.0000,-0.0000,0.0000,0.0000,-0.0000,-0.0000,-0.1247,-0.0546,-0.0277,-0.0127,0.0751,0.0582,-0.0872,-0.0043,-5.5598,0.0076,0.0185,-0.2296,-0.1822,0.0122,-0.0677,-0.0158,-0.0568,0.0138,0.0151,0.0857,-0.0570,
5.6329,RLFSMStateRLLocomotion,0.0000,0.0000,0.0000,0.0064,0.0000,-0.0000,0.6288,0.0015,0.0360,-0.7767,-0.3206,-0.3221,0.0000,0.0199,0.0092,0.0000,-0.0107,-0.0107,0.0000,0.0000,0.0000,0.4878,0.5047,0.0000,0.0000,-0.1779,-0.1887,0.0000,0.0000,-0.0414,0.0291,-0.3312,-0.3137,-0.0069,0.0468,-0.0312,0.0145,-0.0178,-0.0051,0.0000,0.0019,0.0046,0.4426,0.4544,0.0031,-0.0169,-0.2040,-0.2142,0.0035,0.0038,-0.0386,0.0457,-0.0000,0.0000,0.0000,0.0000,0.0000,0.0000,0.0000,0.0000,0.0000,0.0000,0.0000,0.0000,-0.0000,0.0000,0.0000,0.0000,-0.0000,0.0000,0.0000,-0.0000,-0.0000,-0.1247,-0.0546,-0.0277,-0.0127,0.0751,0.0582,-0.0872,-0.0043,-5.5599,0.0076,0.0185,-0.2296,-0.1822,0.0122,-0.0678,-0.0158,-0.0568,0.0138,0.0151,0.0857,-0.0571,
5.6532,RLFSMStateRLLocomotion,0.0000,0.0000,0.0000,0.0000,0.0000,0.0000,0.6288,0.0015,0.0360,-0.7768,-0.3206,-0.3221,0.0000,0.0199,0.0092,0.0000,-0.0107,-0.0107,0.0000,0.0000,0.0000,0.4878,0.5047,0.0000,0.0000,-0.1779,-0.1887,0.0000,0.0000,-0.0414,0.0291,-0.3312,-0.3136,-0.0070,0.0468,-0.0312,0.0146,-0.0178,-0.0051,0.0000,0.0020,0.0046,0.4425,0.4546,0.0031,-0.0169,-0.2041,-0.2141,0.0035,0.0038,-0.0385,0.0458,-0.0000,0.0000,0.0000,0.0000,0.0000,0.0000,0.0000,0.0000,0.0000,0.0000,0.0000,0.0000,-0.0000,0.0000,0.0000,0.0000,-0.0000,0.0000,0.0000,-0.0000,-0.0000,-0.1248,-0.0546,-0.0280,-0.0126,0.0751,0.0583,-0.0873,-0.0043,-5.5595,0.0078,0.0183,-0.2300,-0.1817,0.0123,-0.0676,-0.0164,-0.0566,0.0139,0.0152,0.0859,-0.0568,
5.6734,RLFSMStateRLLocomotion,0.0000,0.0000,0.0000,0.0000,0.0000,0.0000,0.6288,0.0015,0.0360,-0.7768,-0.3206,-0.3221,0.0000,0.0199,0.0092,0.0000,-0.0107,-0.0107,0.0000,0.0000,0.0000,0.4878,0.5047,0.0000,0.0000,-0.1779,-0.1887,0.0000,0.0000,-0.0414,0.0291,-0.3312,-0.3137,-0.0070,0.0469,-0.0312,0.0146,-0.0178,-0.0051,0.0000,0.0020,0.0046,0.4425,0.4546,0.0031,-0.0169,-0.2042,-0.2141,0.0035,0.0038,-0.0385,0.0458,-0.0000,0.0000,0.0000,0.0000,0.0000,0.0000,0.0000,0.0000,0.0000,0.0000,0.0000,0.0000,-0.0000,0.0000,0.0000,0.0000,-0.0000,0.0000,0.0000,-0.0000,-0.0000,-0.1250,-0.0546,-0.0281,-0.0126,0.0751,0.0583,-0.0873,-0.0043,-5.5590,0.0079,0.0183,-0.2302,-0.1816,0.0123,-0.0675,-0.0166,-0.0565,0.0139,0.0152,0.0860,-0.0567,
5.6937,RLFSMStateRLLocomotion,0.0000,0.0000,0.0000,0.0000,0.0000,0.0000,0.6288,0.0015,0.0360,-0.7768,-0.3206,-0.3221,0.0000,0.0199,0.0092,0.0000,-0.0107,-0.0107,0.0000,0.0000,0.0000,0.4878,0.5047,0.0000,0.0000,-0.1779,-0.1887,0.0000,0.0000,-0.0414,0.0291,-0.3312,-0.3137,-0.0070,0.0469,-0.0312,0.0146,-0.0178,-0.0051,0.0000,0.0020,0.0046,0.4424,0.4546,0.0031,-0.0169,-0.2042,-0.2141,0.0035,0.0038,-0.0385,0.0458,-0.0000,0.0000,0.0000,0.0000,0.0000,0.0000,0.0000,0.0000,0.0000,0.0000,0.0000,0.0000,-0.0000,0.0000,0.0000,0.0000,-0.0000,0.0000,0.0000,-0.0000,-0.0000,-0.1250,-0.0546,-0.0281,-0.0126,0.0751,0.0583,-0.0873,-0.0043,-5.5586,0.0079,0.0183,-0.2302,-0.1816,0.0123,-0.0675,-0.0167,-0.0566,0.0139,0.0151,0.0861,-0.0567,
5.7138,RLFSMStateRLLocomotion,0.0000,0.0000,0.0000,0.0000,0.0000,0.0000,0.6288,0.0015,0.0360,-0.7768,-0.3206,-0.3221,0.0000,0.0199,0.0092,0.0000,-0.0107,-0.0107,0.0000,0.0000,0.0000,0.4878,0.5047,0.0000,0.0000,-0.1779,-0.1887,0.0000,0.0000,-0.0414,0.0291,-0.3312,-0.3137,-0.0070,0.0469,-0.0312,0.0146,-0.0178,-0.0051,0.0000,0.0020,0.0046,0.4424,0.4546,0.0031,-0.0169,-0.2042,-0.2141,0.0035,0.0038,-0.0385,0.0458,-0.0000,0.0000,0.0000,0.0000,0.0000,0.0000,0.0000,0.0000,0.0000,0.0000,0.0000,0.0000,-0.0000,0.0000,0.0000,0.0000,-0.0000,0.0000,0.0000,-0.0000,-0.0000,-0.1250,-0.0546,-0.0281,-0.0126,0.0751,0.0583,-0.0873,-0.0043,-5.5582,0.0079,0.0183,-0.2302,-0.1816,0.0123,-0.0675,-0.0167,-0.0566,0.0139,0.0151,0.0861,-0.0567,
5.7340,RLFSMStateRLLocomotion,0.0000,0.0000,0.0000,0.0000,0.0000,0.0000,0.6288,0.0015,0.0360,-0.7768,-0.3206,-0.3221,0.0000,0.0199,0.0092,0.0000,-0.0107,-0.0107,0.0000,0.0000,0.0000,0.4878,0.5047,0.0000,0.0000,-0.1779,-0.1887,0.0000,0.0000,-0.0414,0.0291,-0.3313,-0.3137,-0.0070,0.0469,-0.0312,0.0146,-0.0178,-0.0051,0.0000,0.0020,0.0046,0.4424,0.4546,0.0031,-0.0169,-0.2042,-0.2141,0.0035,0.0038,-0.0385,0.0458,-0.0000,0.0000,0.0000,0.0000,0.0000,0.0000,0.0000,0.0000,0.0000,0.0000,0.0000,0.0000,-0.0000,0.0000,0.0000,0.0000,-0.0000,0.0000,0.0000,-0.0000,-0.0000,-0.1250,-0.0546,-0.0281,-0.0126,0.0751,0.0583,-0.0873,-0.0043,-5.5579,0.0079,0.0183,-0.2302,-0.1816,0.0123,-0.0675,-0.0168,-0.0566,0.0139,0.0151,0.0861,-0.0567,
5.7542,RLFSMStateRLLocomotion,0.0000,0.0000,0.0000,0.0000,0.0000,0.0000,0.6288,0.0016,0.0360,-0.7768,-0.3206,-0.3221,0.0000,0.0199,0.0092,0.0000,-0.0107,-0.0107,0.0000,0.0000,0.0000,0.4878,0.5047,0.0000,0.0000,-0.1779,-0.1887,0.0000,0.0000,-0.0414,0.0291,-0.3313,-0.3137,-0.0070,0.0469,-0.0312,0.0146,-0.0178,-0.0051,0.0000,0.0020,0.0046,0.4424,0.4546,0.0031,-0.0169,-0.2042,-0.2141,0.0035,0.0038,-0.0385,0.0458,-0.0000,0.0000,0.0000,0.0000,0.0000,0.0000,0.0000,0.0000,0.0000,0.0000,0.0000,0.0000,-0.0000,0.0000,0.0000,0.0000,-0.0000,0.0000,0.0000,-0.0000,-0.0000,-0.1250,-0.0546,-0.0281,-0.0126,0.0751,0.0583,-0.0873,-0.0043,-5.5575,0.0079,0.0183,-0.2302,-0.1816,0.0123,-0.0675,-0.0168,-0.0566,0.0139,0.0151,0.0861,-0.0567,
5.7744,RLFSMStateRLLocomotion,0.0000,0.0000,0.0000,0.0000,0.0000,0.0000,0.6288,0.0016,0.0360,-0.7768,-0.3206,-0.3221,0.0000,0.0199,0.0092,0.0000,-0.0107,-0.0107,0.0000,0.0000,0.0000,0.4878,0.5047,0.0000,0.0000,-0.1779,-0.1887,0.0000,0.0000,-0.0414,0.0291,-0.3312,-0.3137,-0.0070,0.0469,-0.0312,0.0146,-0.0178,-0.0051,0.0000,0.0020,0.0046,0.4425,0.4546,0.0031,-0.0169,-0.2042,-0.2141,0.0035,0.0038,-0.0385,0.0458,-0.0000,0.0000,0.0000,0.0000,0.0000,0.0000,0.0000,0.0000,0.0000,0.0000,0.0000,0.0000,-0.0000,0.0000,0.0000,0.0000,-0.0000,0.0000,0.0000,-0.0000,-0.0000,-0.1249,-0.0547,-0.0280,-0.0125,0.0751,0.0583,-0.0873,-0.0043,-5.5573,0.0078,0.0183,-0.2302,-0.1816,0.0123,-0.0675,-0.0166,-0.0565,0.0139,0.0151,0.0861,-0.0567,
5.7947,RLFSMStateRLLocomotion,0.0000,0.0000,0.0000,0.0000,0.0000,0.0000,0.6288,0.0016,0.0360,-0.7768,-0.3206,-0.3221,0.0000,0.0199,0.0092,0.0000,-0.0107,-0.0107,0.0000,0.0000,0.0000,0.4878,0.5047,0.0000,0.0000,-0.1779,-0.1887,0.0000,0.0000,-0.0414,0.0291,-0.3312,-0.3137,-0.0070,0.0469,-0.0312,0.0146,-0.0178,-0.0051,0.0000,0.0020,0.0046,0.4425,0.4546,0.0031,-0.0169,-0.2041,-0.2141,0.0035,0.0038,-0.0385,0.0458,-0.0000,0.0000,0.0000,0.0000,0.0000,0.0000,0.0000,0.0000,0.0000,0.0000,0.0000,0.0000,-0.0000,0.0000,0.0000,0.0000,-0.0000,0.0000,0.0000,-0.0000,-0.0000,-0.1249,-0.0547,-0.0280,-0.0126,0.0751,0.0583,-0.0873,-0.0043,-5.5570,0.0078,0.0183,-0.2301,-0.1816,0.0123,-0.0675,-0.0166,-0.0565,0.0139,0.0151,0.0861,-0.0567,
5.8150,RLFSMStateRLLocomotion,0.0000,0.0000,0.0000,0.0000,0.0000,0.0000,0.6288,0.0016,0.0360,-0.7768,-0.3206,-0.3221,0.0000,0.0199,0.0092,0.0000,-0.0107,-0.0107,0.0000,0.0000,0.0000,0.4878,0.5047,0.0000,0.0000,-0.1779,-0.1887,0.0000,0.0000,-0.0414,0.0291,-0.3312,-0.3137,-0.0070,0.0469,-0.0312,0.0146,-0.0178,-0.0051,0.0000,0.0020,0.0046,0.4425,0.4546,0.0031,-0.0169,-0.2041,-0.2141,0.0035,0.0038,-0.0385,0.0458,-0.0000,0.0000,0.0000,0.0000,0.0000,0.0000,0.0000,0.0000,0.0000,0.0000,0.0000,0.0000,-0.0000,0.0000,0.0000,0.0000,-0.0000,0.0000,0.0000,-0.0000,-0.0000,-0.1249,-0.0547,-0.0280,-0.0126,0.0751,0.0583,-0.0873,-0.0043,-5.5568,0.0078,0.0183,-0.2301,-0.1816,0.0123,-0.0675,-0.0165,-0.0565,0.0139,0.0151,0.0860,-0.0567,
5.8353,RLFSMStateRLLocomotion,0.0000,0.0000,0.0000,0.0000,0.0000,0.0000,0.6288,0.0016,0.0360,-0.7768,-0.3206,-0.3221,0.0000,0.0199,0.0092,0.0000,-0.0107,-0.0107,0.0000,0.0000,0.0000,0.4878,0.5047,0.0000,0.0000,-0.1779,-0.1887,0.0000,0.0000,-0.0414,0.0291,-0.3312,-0.3137,-0.0070,0.0469,-0.0312,0.0146,-0.0178,-0.0051,0.0000,0.0020,0.0046,0.4425,0.4546,0.0031,-0.0169,-0.2041,-0.2141,0.0035,0.0038,-0.0385,0.0458,-0.0000,0.0000,0.0000,0.0000,0.0000,0.0000,0.0000,0.0000,0.0000,0.0000,0.0000,0.0000,-0.0000,0.0000,0.0000,0.0000,-0.0000,0.0000,0.0000,-0.0000,-0.0000,-0.1248,-0.0547,-0.0280,-0.0126,0.0751,0.0583,-0.0873,-0.0043,-5.5565,0.0078,0.0183,-0.2301,-0.1816,0.0123,-0.0675,-0.0165,-0.0565,0.0139,0.0151,0.0860,-0.0567,
5.8556,RLFSMStateRLLocomotion,0.0000,0.0000,0.0000,0.0000,0.0000,0.0000,0.6288,0.0016,0.0360,-0.7768,-0.3206,-0.3221,0.0000,0.0199,0.0092,0.0000,-0.0107,-0.0107,0.0000,0.0000,0.0000,0.4878,0.5047,0.0000,0.0000,-0.1779,-0.1887,0.0000,0.0000,-0.0414,0.0291,-0.3312,-0.3137,-0.0070,0.0469,-0.0312,0.0146,-0.0178,-0.0051,0.0000,0.0020,0.0046,0.4425,0.4546,0.0031,-0.0169,-0.2041,-0.2141,0.0035,0.0038,-0.0385,0.0458,-0.0000,0.0000,0.0000,0.0000,0.0000,0.0000,0.0000,0.0000,0.0000,0.0000,0.0000,0.0000,-0.0000,0.0000,0.0000,0.0000,-0.0000,0.0000,0.0000,-0.0000,-0.0000,-0.1248,-0.0547,-0.0280,-0.0126,0.0751,0.0583,-0.0873,-0.0043,-5.5563,0.0078,0.0183,-0.2301,-0.1816,0.0123,-0.0675,-0.0165,-0.0564,0.0139,0.0151,0.0860,-0.0567,
5.8758,RLFSMStateRLLocomotion,0.0000,0.0000,0.0000,0.0000,0.0000,0.0000,0.6288,0.0016,0.0360,-0.7768,-0.3206,-0.3221,0.0000,0.0199,0.0092,0.0000,-0.0107,-0.0107,0.0000,0.0000,0.0000,0.4878,0.5047,0.0000,0.0000,-0.1779,-0.1887,0.0000,0.0000,-0.0414,0.0291,-0.3312,-0.3137,-0.0070,0.0469,-0.0312,0.0146,-0.0178,-0.0051,0.0000,0.0020,0.0046,0.4425,0.4546,0.0031,-0.0169,-0.2041,-0.2141,0.0035,0.0038,-0.0385,0.0458,-0.0000,0.0000,0.0000,0.0000,0.0000,0.0000,0.0000,0.0000,0.0000,0.0000,0.0000,0.0000,-0.0000,0.0000,0.0000,0.0000,-0.0000,0.0000,0.0000,-0.0000,-0.0000,-0.1248,-0.0547,-0.0280,-0.0126,0.0751,0.0583,-0.0873,-0.0043,-5.5560,0.0078,0.0183,-0.2301,-0.1816,0.0123,-0.0675,-0.0165,-0.0564,0.0139,0.0151,0.0860,-0.0567,
5.8961,RLFSMStateRLLocomotion,0.0000,0.0000,0.0000,0.0000,0.0000,0.0000,0.6288,0.0016,0.0360,-0.7768,-0.3206,-0.3221,0.0000,0.0199,0.0092,0.0000,-0.0107,-0.0107,0.0000,0.0000,0.0000,0.4878,0.5047,0.0000,0.0000,-0.1779,-0.1887,0.0000,0.0000,-0.0414,0.0291,-0.3312,-0.3137,-0.0070,0.0469,-0.0312,0.0146,-0.0178,-0.0051,0.0000,0.0020,0.0046,0.4425,0.4546,0.0031,-0.0169,-0.2041,-0.2141,0.0035,0.0038,-0.0385,0.0458,-0.0000,0.0000,0.0000,0.0000,0.0000,0.0000,0.0000,0.0000,0.0000,0.0000,0.0000,0.0000,-0.0000,0.0000,0.0000,0.0000,-0.0000,0.0000,0.0000,-0.0000,-0.0000,-0.1248,-0.0547,-0.0280,-0.0126,0.0751,0.0583,-0.0873,-0.0043,-5.5558,0.0078,0.0183,-0.2301,-0.1816,0.0123,-0.0675,-0.0165,-0.0564,0.0139,0.0151,0.0860,-0.0567,
5.9164,RLFSMStateRLLocomotion,0.0000,0.0000,0.0000,0.0000,0.0000,0.0000,0.6288,0.0016,0.0360,-0.7768,-0.3206,-0.3221,0.0000,0.0199,0.0092,0.0000,-0.0107,-0.0107,0.0000,0.0000,0.0000,0.4878,0.5047,0.0000,0.0000,-0.1779,-0.1887,0.0000,0.0000,-0.0414,0.0291,-0.3312,-0.3137,-0.0070,0.0469,-0.0312,0.0146,-0.0178,-0.0051,0.0000,0.0020,0.0046,0.4425,0.4546,0.0031,-0.0169,-0.2041,-0.2141,0.0035,0.0038,-0.0385,0.0458,-0.0000,0.0000,0.0000,0.0000,0.0000,0.0000,0.0000,0.0000,0.0000,0.0000,0.0000,0.0000,-0.0000,0.0000,0.0000,0.0000,-0.0000,0.0000,0.0000,-0.0000,-0.0000,-0.1248,-0.0547,-0.0280,-0.0126,0.0751,0.0583,-0.0873,-0.0043,-5.5556,0.0078,0.0183,-0.2301,-0.1816,0.0123,-0.0675,-0.0165,-0.0564,0.0139,0.0151,0.0860,-0.0567,
5.9367,RLFSMStateRLLocomotion,0.0000,0.0000,0.0000,0.0000,0.0000,0.0000,0.6288,0.0016,0.0360,-0.7768,-0.3206,-0.3221,0.0000,0.0199,0.0092,0.0000,-0.0107,-0.0107,0.0000,0.0000,0.0000,0.4878,0.5047,0.0000,0.0000,-0.1779,-0.1887,0.0000,0.0000,-0.0414,0.0291,-0.3312,-0.3137,-0.0070,0.0469,-0.0312,0.0146,-0.0178,-0.0051,0.0000,0.0020,0.0046,0.4425,0.4546,0.0031,-0.0169,-0.2041,-0.2141,0.0035,0.0038,-0.0385,0.0458,-0.0000,0.0000,0.0000,0.0000,0.0000,0.0000,0.0000,0.0000,0.0000,0.0000,0.0000,0.0000,-0.0000,0.0000,0.0000,0.0000,-0.0000,0.0000,0.0000,-0.0000,-0.0000,-0.1248,-0.0547,-0.0280,-0.0126,0.0751,0.0583,-0.0873,-0.0043,-5.5554,0.0078,0.0183,-0.2301,-0.1816,0.0123,-0.0675,-0.0165,-0.0564,0.0139,0.0151,0.0860,-0.0567,
5.9569,RLFSMStateRLLocomotion,0.0000,0.0000,0.0000,0.0000,0.0000,0.0000,0.6288,0.0016,0.0360,-0.7768,-0.3206,-0.3221,0.0000,0.0199,0.0092,0.0000,-0.0107,-0.0107,0.0000,0.0000,0.0000,0.4878,0.5047,0.0000,0.0000,-0.1779,-0.1887,0.0000,0.0000,-0.0414,0.0291,-0.3312,-0.3137,-0.0070,0.0469,-0.0312,0.0146,-0.0178,-0.0051,0.0000,0.0020,0.0046,0.4425,0.4546,0.0031,-0.0169,-0.2041,-0.2141,0.0035,0.0038,-0.0385,0.0458,-0.0000,0.0000,0.0000,0.0000,0.0000,0.0000,0.0000,0.0000,0.0000,0.0000,0.0000,0.0000,-0.0000,0.0000,0.0000,0.0000,-0.0000,0.0000,0.0000,-0.0000,-0.0000,-0.1248,-0.0547,-0.0280,-0.0126,0.0751,0.0583,-0.0873,-0.0043,-5.5552,0.0078,0.0183,-0.2300,-0.1816,0.0123,-0.0675,-0.0165,-0.0564,0.0139,0.0151,0.0860,-0.0567,
5.9772,RLFSMStateRLLocomotion,0.0000,0.0000,0.0000,0.0000,0.0000,0.0000,0.6288,0.0016,0.0360,-0.7768,-0.3206,-0.3221,0.0000,0.0199,0.0092,0.0000,-0.0107,-0.0107,0.0000,0.0000,0.0000,0.4878,0.5047,0.0000,0.0000,-0.1779,-0.1887,0.0000,0.0000,-0.0414,0.0291,-0.3312,-0.3137,-0.0070,0.0469,-0.0312,0.0146,-0.0178,-0.0051,0.0000,0.0020,0.0046,0.4425,0.4546,0.0031,-0.0169,-0.2041,-0.2141,0.0035,0.0038,-0.0385,0.0458,-0.0000,0.0000,0.0000,0.0000,0.0000,0.0000,0.0000,0.0000,0.0000,0.0000,0.0000,0.0000,-0.0000,0.0000,0.0000,0.0000,-0.0000,0.0000,0.0000,-0.0000,-0.0000,-0.1248,-0.0547,-0.0280,-0.0126,0.0751,0.0583,-0.0873,-0.0043,-5.5550,0.0078,0.0183,-0.2300,-0.1816,0.0123,-0.0675,-0.0165,-0.0564,0.0139,0.0151,0.0860,-0.0567,
5.9974,RLFSMStateRLLocomotion,0.0000,0.0000,0.0000,0.0000,0.0000,0.0000,0.6288,0.0015,0.0361,-0.7768,-0.3206,-0.3221,0.0000,0.0199,0.0092,0.0000,-0.0107,-0.0107,0.0000,0.0000,0.0000,0.4878,0.5047,0.0000,0.0000,-0.1779,-0.1887,0.0000,0.0000,-0.0414,0.0291,-0.3312,-0.3137,-0.0070,0.0469,-0.0312,0.0146,-0.0178,-0.0051,0.0000,0.0020,0.0046,0.4425,0.4546,0.0031,-0.0169,-0.2041,-0.2141,0.0035,0.0038,-0.0385,0.0458,-0.0000,0.0000,0.0000,0.0000,0.0000,0.0000,0.0000,0.0000,0.0000,0.0000,0.0000,0.0000,-0.0000,0.0000,0.0000,0.0000,-0.0000,0.0000,0.0000,-0.0000,-0.0000,-0.1248,-0.0546,-0.0281,-0.0125,0.0751,0.0583,-0.0873,-0.0043,-5.5548,0.0079,0.0183,-0.2301,-0.1815,0.0123,-0.0675,-0.0165,-0.0564,0.0139,0.0152,0.0861,-0.0566,
6.0176,RLFSMStateRLLocomotion,0.0000,0.0000,0.0000,0.0000,0.0000,0.0000,0.6288,0.0015,0.0361,-0.7768,-0.3206,-0.3221,0.0000,0.0199,0.0092,0.0000,-0.0107,-0.0107,0.0000,0.0000,0.0000,0.4878,0.5047,0.0000,0.0000,-0.1779,-0.1887,0.0000,0.0000,-0.0414,0.0291,-0.3312,-0.3137,-0.0070,0.0469,-0.0312,0.0146,-0.0178,-0.0051,0.0000,0.0020,0.0046,0.4425,0.4546,0.0031,-0.0169,-0.2041,-0.2141,0.0035,0.0038,-0.0385,0.0458,-0.0000,0.0000,0.0000,0.0000,0.0000,0.0000,0.0000,0.0000,0.0000,0.0000,0.0000,0.0000,-0.0000,0.0000,0.0000,0.0000,-0.0000,0.0000,0.0000,-0.0000,-0.0000,-0.1249,-0.0546,-0.0281,-0.0125,0.0751,0.0583,-0.0873,-0.0043,-5.5546,0.0079,0.0183,-0.2301,-0.1815,0.0123,-0.0675,-0.0166,-0.0564,0.0139,0.0152,0.0861,-0.0566,
6.0378,RLFSMStateRLLocomotion,0.0000,0.0000,0.0000,0.0000,0.0000,0.0000,0.6288,0.0015,0.0361,-0.7768,-0.3206,-0.3221,0.0000,0.0199,0.0092,0.0000,-0.0107,-0.0107,0.0000,0.0000,0.0000,0.4878,0.5047,0.0000,0.0000,-0.1779,-0.1887,0.0000,0.0000,-0.0414,0.0291,-0.3312,-0.3137,-0.0070,0.0469,-0.0312,0.0146,-0.0178,-0.0051,0.0000,0.0020,0.0046,0.4425,0.4546,0.0031,-0.0169,-0.2041,-0.2141,0.0035,0.0038,-0.0385,0.0458,-0.0000,0.0000,0.0000,0.0000,0.0000,0.0000,0.0000,0.0000,0.0000,0.0000,0.0000,0.0000,-0.0000,0.0000,0.0000,0.0000,-0.0000,0.0000,0.0000,-0.0000,-0.0000,-0.1249,-0.0546,-0.0281,-0.0125,0.0751,0.0583,-0.0873,-0.0043,-5.5544,0.0079,0.0183,-0.2301,-0.1815,0.0123,-0.0675,-0.0166,-0.0564,0.0139,0.0152,0.0861,-0.0566,
6.0580,RLFSMStateRLLocomotion,0.0000,0.0000,0.0000,0.0000,0.0000,0.0000,0.6288,0.0015,0.0361,-0.7768,-0.3206,-0.3221,0.0000,0.0199,0.0092,0.0000,-0.0107,-0.0107,0.0000,0.0000,0.0000,0.4878,0.5047,0.0000,0.0000,-0.1779,-0.1887,0.0000,0.0000,-0.0414,0.0291,-0.3312,-0.3137,-0.0070,0.0469,-0.0312,0.0146,-0.0178,-0.0051,0.0000,0.0020,0.0046,0.4425,0.4546,0.0031,-0.0169,-0.2041,-0.2141,0.0035,0.0038,-0.0385,0.0458,-0.0000,0.0000,0.0000,0.0000,0.0000,0.0000,0.0000,0.0000,0.0000,0.0000,0.0000,0.0000,-0.0000,0.0000,0.0000,0.0000,-0.0000,0.0000,0.0000,-0.0000,-0.0000,-0.1249,-0.0546,-0.0281,-0.0125,0.0751,0.0583,-0.0873,-0.0043,-5.5542,0.0079,0.0183,-0.2301,-0.1815,0.0123,-0.0675,-0.0166,-0.0564,0.0139,0.0151,0.0861,-0.0566,
6.0782,RLFSMStateRLLocomotion,0.0000,0.0000,0.0000,0.0000,0.0000,0.0000,0.6288,0.0015,0.0361,-0.7768,-0.3206,-0.3221,0.0000,0.0199,0.0092,0.0000,-0.0107,-0.0107,0.0000,0.0000,0.0000,0.4878,0.5047,0.0000,0.0000,-0.1779,-0.1887,0.0000,0.0000,-0.0414,0.0291,-0.3312,-0.3137,-0.0070,0.0469,-0.0312,0.0146,-0.0178,-0.0051,0.0000,0.0020,0.0046,0.4425,0.4546,0.0031,-0.0169,-0.2041,-0.2141,0.0035,0.0038,-0.0385,0.0458,-0.0000,0.0000,0.0000,0.0000,0.0000,0.0000,0.0000,0.0000,0.0000,0.0000,0.0000,0.0000,-0.0000,0.0000,0.0000,0.0000,-0.0000,0.0000,0.0000,-0.0000,-0.0000,-0.1249,-0.0546,-0.0281,-0.0125,0.0751,0.0583,-0.0873,-0.0043,-5.5541,0.0079,0.0183,-0.2301,-0.1815,0.0123,-0.0675,-0.0166,-0.0564,0.0139,0.0151,0.0861,-0.0566,
6.0984,RLFSMStateRLLocomotion,0.0000,0.0000,0.0000,0.0000,0.0000,0.0000,0.6288,0.0015,0.0361,-0.7768,-0.3206,-0.3221,0.0000,0.0199,0.0092,0.0000,-0.0107,-0.0107,0.0000,0.0000,0.0000,0.4878,0.5047,0.0000,0.0000,-0.1779,-0.1887,0.0000,0.0000,-0.0414,0.0291,-0.3312,-0.3137,-0.0070,0.0469,-0.0312,0.0146,-0.0178,-0.0051,0.0000,0.0020,0.0046,0.4425,0.4546,0.0031,-0.0169,-0.2041,-0.2141,0.0035,0.0038,-0.0385,0.0458,-0.0000,0.0000,0.0000,0.0000,0.0000,0.0000,0.0000,0.0000,0.0000,0.0000,0.0000,0.0000,-0.0000,0.0000,0.0000,0.0000,-0.0000,0.0000,0.0000,-0.0000,-0.0000,-0.1249,-0.0546,-0.0281,-0.0125,0.0751,0.0583,-0.0873,-0.0043,-5.5539,0.0079,0.0183,-0.2301,-0.1815,0.0123,-0.0675,-0.0166,-0.0564,0.0139,0.0151,0.0861,-0.0566,
6.1187,RLFSMStateRLLocomotion,0.0000,0.0000,0.0000,0.0000,0.0000,0.0000,0.6288,0.0015,0.0361,-0.7768,-0.3206,-0.3221,0.0000,0.0199,0.0092,0.0000,-0.0107,-0.0107,0.0000,0.0000,0.0000,0.4878,0.5047,0.0000,0.0000,-0.1779,-0.1887,0.0000,0.0000,-0.0414,0.0291,-0.3312,-0.3137,-0.0070,0.0469,-0.0312,0.0146,-0.0178,-0.0051,0.0000,0.0020,0.0046,0.4425,0.4546,0.0031,-0.0169,-0.2041,-0.2141,0.0035,0.0038,-0.0385,0.0458,-0.0000,0.0000,0.0000,0.0000,0.0000,0.0000,0.0000,0.0000,0.0000,0.0000,0.0000,0.0000,-0.0000,0.0000,0.0000,0.0000,-0.0000,0.0000,0.0000,-0.0000,-0.0000,-0.1249,-0.0546,-0.0281,-0.0125,0.0751,0.0583,-0.0873,-0.0043,-5.5537,0.0079,0.0183,-0.2301,-0.1815,0.0123,-0.0675,-0.0166,-0.0564,0.0139,0.0151,0.0861,-0.0566,
6.1389,RLFSMStateRLLocomotion,0.0000,0.0000,0.0000,0.0000,0.0000,0.0000,0.6288,0.0015,0.0361,-0.7768,-0.3206,-0.3221,0.0000,0.0199,0.0092,0.0000,-0.0107,-0.0107,0.0000,0.0000,0.0000,0.4878,0.5047,0.0000,0.0000,-0.1779,-0.1887,0.0000,0.0000,-0.0414,0.0291,-0.3312,-0.3137,-0.0070,0.0469,-0.0312,0.0146,-0.0178,-0.0051,0.0000,0.0020,0.0046,0.4425,0.4546,0.0031,-0.0169,-0.2041,-0.2141,0.0035,0.0038,-0.0385,0.0458,-0.0000,0.0000,0.0000,0.0000,0.0000,0.0000,0.0000,0.0000,0.0000,0.0000,0.0000,0.0000,-0.0000,0.0000,0.0000,0.0000,-0.0000,0.0000,0.0000,-0.0000,-0.0000,-0.1249,-0.0546,-0.0281,-0.0125,0.0751,0.0583,-0.0873,-0.0043,-5.5537,0.0079,0.0183,-0.2301,-0.1815,0.0123,-0.0675,-0.0166,-0.0564,0.0139,0.0151,0.0861,-0.0566,
6.1591,RLFSMStateRLLocomotion,0.0000,0.0000,0.0000,0.0000,0.0000,0.0000,0.6288,0.0015,0.0361,-0.7768,-0.3206,-0.3221,0.0000,0.0199,0.0092,0.0000,-0.0107,-0.0107,0.0000,0.0000,0.0000,0.4878,0.5047,0.0000,0.0000,-0.1779,-0.1887,0.0000,0.0000,-0.0414,0.0291,-0.3312,-0.3137,-0.0070,0.0469,-0.0312,0.0146,-0.0178,-0.0051,0.0000,0.0020,0.0046,0.4425,0.4546,0.0031,-0.0169,-0.2041,-0.2141,0.0035,0.0038,-0.0385,0.0458,-0.0000,0.0000,0.0000,0.0000,0.0000,0.0000,0.0000,0.0000,0.0000,0.0000,0.0000,0.0000,-0.0000,0.0000,0.0000,0.0000,-0.0000,0.0000,0.0000,-0.0000,-0.0000,-0.1249,-0.0546,-0.0281,-0.0125,0.0751,0.0583,-0.0873,-0.0043,-5.5536,0.0079,0.0183,-0.2301,-0.1815,0.0123,-0.0675,-0.0166,-0.0564,0.0139,0.0151,0.0861,-0.0566,
6.1793,RLFSMStateRLLocomotion,0.0000,0.0000,0.0000,0.0000,0.0000,0.0000,0.6288,0.0015,0.0361,-0.7768,-0.3206,-0.3221,0.0000,0.0199,0.0092,0.0000,-0.0107,-0.0107,0.0000,0.0000,0.0000,0.4878,0.5047,0.0000,0.0000,-0.1779,-0.1887,0.0000,0.0000,-0.0414,0.0291,-0.3312,-0.3137,-0.0070,0.0469,-0.0312,0.0146,-0.0178,-0.0051,0.0000,0.0020,0.0046,0.4425,0.4546,0.0031,-0.0169,-0.2041,-0.2141,0.0035,0.0038,-0.0385,0.0458,-0.0000,0.0000,0.0000,0.0000,0.0000,0.0000,0.0000,0.0000,0.0000,0.0000,0.0000,0.0000,-0.0000,0.0000,0.0000,0.0000,-0.0000,0.0000,0.0000,-0.0000,-0.0000,-0.1249,-0.0546,-0.0281,-0.0125,0.0751,0.0583,-0.0873,-0.0043,-5.5534,0.0079,0.0183,-0.2301,-0.1815,0.0123,-0.0675,-0.0166,-0.0564,0.0139,0.0151,0.0861,-0.0566,
6.1996,RLFSMStateRLLocomotion,0.0000,0.0000,0.0000,0.0000,0.0000,0.0000,0.6288,0.0015,0.0361,-0.7768,-0.3206,-0.3221,0.0000,0.0199,0.0092,0.0000,-0.0107,-0.0107,0.0000,0.0000,0.0000,0.4878,0.5047,0.0000,0.0000,-0.1779,-0.1887,0.0000,0.0000,-0.0414,0.0291,-0.3312,-0.3137,-0.0070,0.0469,-0.0312,0.0146,-0.0178,-0.0051,0.0000,0.0020,0.0046,0.4425,0.4546,0.0031,-0.0169,-0.2041,-0.2141,0.0035,0.0038,-0.0385,0.0458,-0.0000,0.0000,0.0000,0.0000,0.0000,0.0000,0.0000,0.0000,0.0000,0.0000,0.0000,0.0000,-0.0000,0.0000,0.0000,0.0000,-0.0000,0.0000,0.0000,-0.0000,-0.0000,-0.1249,-0.0546,-0.0281,-0.0125,0.0751,0.0583,-0.0873,-0.0043,-5.5533,0.0079,0.0183,-0.2301,-0.1815,0.0123,-0.0675,-0.0166,-0.0564,0.0139,0.0151,0.0861,-0.0566,
6.2198,RLFSMStateRLLocomotion,0.0000,0.0000,0.0000,0.0000,0.0000,0.0000,0.6288,0.0016,0.0360,-0.7768,-0.3206,-0.3221,0.0000,0.0199,0.0092,0.0000,-0.0107,-0.0107,0.0000,0.0000,0.0000,0.4878,0.5047,0.0000,0.0000,-0.1779,-0.1887,0.0000,0.0000,-0.0414,0.0291,-0.3312,-0.3137,-0.0070,0.0469,-0.0312,0.0146,-0.0178,-0.0051,0.0000,0.0020,0.0046,0.4425,0.4546,0.0031,-0.0169,-0.2041,-0.2141,0.0035,0.0038,-0.0385,0.0458,-0.0000,0.0000,0.0000,0.0000,0.0000,0.0000,0.0000,0.0000,0.0000,0.0000,0.0000,0.0000,-0.0000,0.0000,0.0000,0.0000,-0.0000,0.0000,0.0000,-0.0000,-0.0000,-0.1249,-0.0546,-0.0281,-0.0125,0.0751,0.0583,-0.0873,-0.0043,-5.5532,0.0079,0.0183,-0.2301,-0.1815,0.0123,-0.0675,-0.0166,-0.0564,0.0139,0.0151,0.0861,-0.0566,
6.2400,RLFSMStateRLLocomotion,0.0000,0.0000,0.0000,0.0000,0.0000,0.0000,0.6288,0.0015,0.0361,-0.7768,-0.3206,-0.3221,0.0000,0.0199,0.0092,0.0000,-0.0107,-0.0107,0.0000,0.0000,0.0000,0.4878,0.5047,0.0000,0.0000,-0.1779,-0.1887,0.0000,0.0000,-0.0414,0.0291,-0.3312,-0.3137,-0.0070,0.0469,-0.0312,0.0146,-0.0178,-0.0051,0.0000,0.0020,0.0046,0.4425,0.4546,0.0031,-0.0169,-0.2041,-0.2141,0.0035,0.0038,-0.0385,0.0458,-0.0000,0.0000,0.0000,0.0000,0.0000,0.0000,0.0000,0.0000,0.0000,0.0000,0.0000,0.0000,-0.0000,0.0000,0.0000,0.0000,-0.0000,0.0000,0.0000,-0.0000,-0.0000,-0.1248,-0.0546,-0.0280,-0.0125,0.0751,0.0583,-0.0873,-0.0043,-5.5531,0.0078,0.0183,-0.2301,-0.1815,0.0123,-0.0675,-0.0165,-0.0564,0.0139,0.0151,0.0861,-0.0567,
6.2602,RLFSMStateRLLocomotion,0.0000,0.0000,0.0000,0.0000,0.0000,0.0000,0.6288,0.0015,0.0361,-0.7768,-0.3206,-0.3221,0.0000,0.0199,0.0092,0.0000,-0.0107,-0.0107,0.0000,0.0000,0.0000,0.4878,0.5047,0.0000,0.0000,-0.1779,-0.1887,0.0000,0.0000,-0.0414,0.0291,-0.3312,-0.3137,-0.0070,0.0469,-0.0312,0.0146,-0.0178,-0.0051,0.0000,0.0020,0.0046,0.4425,0.4546,0.0031,-0.0169,-0.2041,-0.2141,0.0035,0.0038,-0.0385,0.0458,-0.0000,0.0000,0.0000,0.0000,0.0000,0.0000,0.0000,0.0000,0.0000,0.0000,0.0000,0.0000,-0.0000,0.0000,0.0000,0.0000,-0.0000,0.0000,0.0000,-0.0000,-0.0000,-0.1248,-0.0546,-0.0281,-0.0125,0.0751,0.0583,-0.0873,-0.0043,-5.5530,0.0079,0.0183,-0.2301,-0.1815,0.0123,-0.0675,-0.0165,-0.0564,0.0139,0.0152,0.0861,-0.0566,
6.2804,RLFSMStateRLLocomotion,0.0000,0.0000,0.0000,0.0000,0.0000,0.0000,0.6288,0.0015,0.0361,-0.7768,-0.3206,-0.3221,0.0000,0.0199,0.0092,0.0000,-0.0107,-0.0107,0.0000,0.0000,0.0000,0.4878,0.5047,0.0000,0.0000,-0.1779,-0.1887,0.0000,0.0000,-0.0414,0.0291,-0.3312,-0.3137,-0.0070,0.0469,-0.0312,0.0146,-0.0178,-0.0051,0.0000,0.0020,0.0046,0.4425,0.4546,0.0031,-0.0169,-0.2041,-0.2141,0.0035,0.0038,-0.0385,0.0458,-0.0000,0.0000,0.0000,0.0000,0.0000,0.0000,0.0000,0.0000,0.0000,0.0000,0.0000,0.0000,-0.0000,0.0000,0.0000,0.0000,-0.0000,0.0000,0.0000,-0.0000,-0.0000,-0.1249,-0.0546,-0.0281,-0.0125,0.0751,0.0583,-0.0873,-0.0043,-5.5529,0.0079,0.0183,-0.2301,-0.1815,0.0123,-0.0675,-0.0165,-0.0563,0.0139,0.0151,0.0861,-0.0566,
6.3008,RLFSMStateRLLocomotion,0.1000,0.0000,0.0000,0.0000,0.0000,0.0000,0.6288,0.0016,0.0360,-0.7768,-0.3206,-0.3221,0.0000,0.0199,0.0092,0.0000,-0.0107,-0.0107,0.0000,0.0000,0.0000,0.4878,0.5047,0.0000,0.0000,-0.1779,-0.1887,0.0000,0.0000,-0.0414,0.0291,-0.3242,-0.3169,-0.0105,0.0665,-0.0347,0.0108,-0.0232,-0.0086,0.0000,0.0015,0.0090,0.4214,0.4460,0.0018,-0.0113,-0.2476,-0.2345,0.0034,0.0011,-0.0197,0.0450,-0.0000,0.0000,0.0000,0.0000,0.0000,0.0000,0.0000,0.0000,0.0000,0.0000,0.0000,0.0000,-0.0000,0.0000,0.0000,0.0000,-0.0000,0.0000,0.0000,-0.0000,-0.0000,-0.0967,-0.0674,-0.0421,0.0662,0.0613,0.0431,-0.1088,-0.0185,-5.4117,0.0059,0.0359,-0.3143,-0.2158,0.0073,-0.0453,-0.1904,-0.1380,0.0137,0.0043,0.1610,-0.0601,
6.3211,RLFSMStateRLLocomotion,0.1000,0.0000,0.0000,0.0000,0.0000,0.0000,0.6288,0.0016,0.0360,-0.7768,-0.3206,-0.3221,0.0000,0.0199,0.0092,0.0000,-0.0107,-0.0107,0.0000,0.0000,0.0000,0.4878,0.5047,0.0000,0.0000,-0.1779,-0.1887,0.0000,0.0000,-0.0414,0.0291,-0.3275,-0.3168,-0.0099,0.0706,-0.0344,0.0115,-0.0256,-0.0102,0.0000,0.0031,0.0096,0.4095,0.4480,0.0028,-0.0094,-0.2644,-0.2346,0.0039,0.0014,-0.0084,0.0474,-0.0000,0.0000,0.0000,0.0000,0.0000,0.0000,0.0000,0.0000,0.0000,0.0000,0.0000,0.0000,-0.0000,0.0000,0.0000,0.0000,-0.0000,0.0000,0.0000,-0.0000,-0.0000,-0.1099,-0.0671,-0.0397,0.0825,0.0622,0.0458,-0.1184,-0.0248,-5.2954,0.0125,0.0383,-0.3621,-0.2082,0.0113,-0.0378,-0.2575,-0.1384,0.0156,0.0057,0.2063,-0.0505,
6.3414,RLFSMStateRLLocomotion,0.1000,0.0000,-0.0000,0.0000,0.0000,0.0000,0.6288,0.0016,0.0360,-0.7768,-0.3206,-0.3221,0.0000,0.0199,0.0092,0.0000,-0.0107,-0.0107,0.0000,0.0000,0.0000,0.4878,0.5047,0.0000,0.0000,-0.1779,-0.1887,0.0000,0.0000,-0.0414,0.0291,-0.3302,-0.3157,-0.0099,0.0732,-0.0341,0.0123,-0.0270,-0.0109,0.0000,0.0038,0.0099,0.4035,0.4508,0.0037,-0.0088,-0.2713,-0.2329,0.0039,0.0015,-0.0024,0.0493,-0.0000,0.0000,0.0000,0.0000,0.0000,0.0000,0.0000,0.0000,0.0000,0.0000,0.0000,0.0000,-0.0000,0.0000,0.0000,0.0000,-0.0000,0.0000,0.0000,-0.0000,-0.0000,-0.1207,-0.0626,-0.0398,0.0929,0.0637,0.0491,-0.1239,-0.0276,-5.1806,0.0153,0.0395,-0.3859,-0.1966,0.0147,-0.0351,-0.2854,-0.1318,0.0156,0.0059,0.2305,-0.0429,
6.3617,RLFSMStateRLLocomotion,0.1000,0.0000,-0.0000,-0.0032,-0.0053,0.0107,0.6288,0.0016,0.0359,-0.7767,-0.3206,-0.3221,0.0000,0.0199,0.0092,0.0000,-0.0107,-0.0107,0.0000,0.0000,0.0000,0.4878,0.5047,0.0000,0.0000,-0.1779,-0.1887,0.0000,0.0000,-0.0399,0.0291,-0.3315,-0.3150,-0.0100,0.0746,-0.0340,0.0128,-0.0278,-0.0112,0.0000,0.0041,0.0101,0.4008,0.4527,0.0042,-0.0086,-0.2741,-0.2317,0.0038,0.0014,0.0005,0.0502,-0.0000,0.0000,0.0000,0.0000,0.0000,0.0000,0.0000,0.0000,0.0000,0.0000,0.0000,0.0000,-0.0000,0.0000,0.0000,0.0000,-0.0000,0.0000,0.0000,-0.0000,-0.0000,-0.1260,-0.0599,-0.0401,0.0984,0.0641,0.0513,-0.1272,-0.0288,-5.0669,0.0164,0.0402,-0.3969,-0.1890,0.0168,-0.0345,-0.2964,-0.1268,0.0151,0.0057,0.2420,-0.0392,
6.3819,RLFSMStateRLLocomotion,0.1000,0.0000,-0.0009,-0.0352,0.0266,0.0320,0.6289,0.0020,0.0358,-0.7766,-0.3206,-0.3221,0.0000,0.0199,0.0092,0.0000,-0.0123,-0.0107,0.0000,0.0000,0.0000,0.4847,0.5047,0.0000,0.0000,-0.1779,-0.1887,0.0000,0.0000,-0.0368,0.0291,-0.3321,-0.3146,-0.0103,0.0758,-0.0340,0.0135,-0.0283,-0.0115,0.0000,0.0043,0.0100,0.3993,0.4540,0.0044,-0.0086,-0.2757,-0.2308,0.0037,0.0014,0.0026,0.0511,-0.0000,0.0000,0.0000,0.0000,0.0000,0.0000,0.0000,0.0000,0.0000,0.0000,0.0000,0.0000,-0.0000,0.0000,0.0000,0.0000,-0.0000,0.0000,0.0000,0.1533,-0.0000,-0.1283,-0.0585,-0.0412,0.1031,0.0639,0.0541,-0.1293,-0.0298,-4.9547,0.0172,0.0399,-0.4029,-0.1839,0.0174,-0.0344,-0.3028,-0.1230,0.0149,0.0057,0.2502,-0.0357,
6.4021,RLFSMStateRLLocomotion,0.1000,0.0000,-0.0028,-0.0277,0.0831,0.0554,0.6292,0.0028,0.0361,-0.7764,-0.3206,-0.3221,0.0000,0.0215,0.0092,0.0000,-0.0123,-0.0107,0.0000,0.0000,0.0000,0.4832,0.5047,0.0000,0.0000,-0.1779,-0.1887,0.0000,0.0000,-0.0368,0.0291,-0.3303,-0.3136,-0.0088,0.0771,-0.0344,0.0149,-0.0296,-0.0118,0.0000,0.0047,0.0091,0.3990,0.4564,0.0045,-0.0080,-0.2718,-0.2271,0.0039,0.0014,0.0043,0.0535,-0.0000,0.0000,0.0000,0.0767,0.0000,0.0000,-0.0767,0.0000,0.0000,0.0000,0.0000,-0.1533,-0.0000,0.0000,0.0000,0.0000,-0.0000,0.0000,0.0000,0.0767,-0.0000,-0.1212,-0.0544,-0.0354,0.1085,0.0625,0.0595,-0.1343,-0.0313,-4.8378,0.0188,0.0363,-0.4038,-0.1744,0.0179,-0.0322,-0.2872,-0.1084,0.0156,0.0056,0.2572,-0.0262,
6.4223,RLFSMStateRLLocomotion,0.1000,0.0000,-0.0041,-0.0202,0.0096,0.0224,0.6293,0.0026,0.0363,-0.7763,-0.3206,-0.3221,0.0000,0.0215,0.0092,0.0000,-0.0123,-0.0107,0.0000,0.0000,0.0000,0.4801,0.5047,0.0000,0.0000,-0.1779,-0.1887,0.0000,0.0000,-0.0353,0.0291,-0.3270,-0.3134,-0.0070,0.0762,-0.0342,0.0155,-0.0296,-0.0115,0.0000,0.0042,0.0093,0.4028,0.4563,0.0039,-0.0080,-0.2637,-0.2257,0.0035,0.0013,0.0039,0.0535,-0.0000,0.0000,0.0000,0.0000,0.0000,0.0000,0.0000,0.0000,0.0000,0.0000,0.0000,-0.1533,-0.0000,0.0000,0.0000,0.0000,-0.0000,0.0000,0.0000,-0.0000,-0.0000,-0.1081,-0.0535,-0.0279,0.1047,0.0632,0.0620,-0.1343,-0.0301,-4.7280,0.0168,0.0372,-0.3888,-0.1748,0.0157,-0.0319,-0.2546,-0.1028,0.0139,0.0052,0.2557,-0.0259,
6.4427,RLFSMStateRLLocomotion,0.1000,0.0000,-0.0026,-0.0192,0.0266,0.0192,0.6295,0.0021,0.0365,-0.7762,-0.3191,-0.3221,0.0000,0.0230,0.0092,0.0000,-0.0138,-0.0123,0.0000,0.0000,0.0000,0.4786,0.5047,0.0000,0.0000,-0.1779,-0.1887,0.0000,0.0000,-0.0353,0.0291,-0.3261,-0.3136,-0.0073,0.0773,-0.0340,0.0155,-0.0299,-0.0114,0.0000,0.0042,0.0089,0.4026,0.4570,0.0038,-0.0079,-0.2618,-0.2255,0.0032,0.0012,0.0042,0.0539,0.0767,0.0000,0.0000,0.0767,0.0000,0.0000,0.0000,-0.0767,0.0000,0.0000,0.0000,-0.1533,-0.0000,0.0000,0.0000,0.0000,-0.0000,0.0000,0.0000,-0.0000,-0.0000,-0.1044,-0.0546,-0.0292,0.1091,0.0642,0.0618,-0.1355,-0.0298,-4.6229,0.0169,0.0356,-0.3897,-0.1721,0.0151,-0.0316,-0.2471,-0.1020,0.0128,0.0047,0.2566,-0.0243,
6.4629,RLFSMStateRLLocomotion,0.1000,0.0000,-0.0026,-0.0277,0.0309,0.0234,0.6296,0.0021,0.0366,-0.7761,-0.3191,-0.3221,0.0000,0.0230,0.0092,0.0000,-0.0138,-0.0123,0.0000,0.0000,0.0000,0.4786,0.5047,0.0000,0.0000,-0.1779,-0.1887,0.0000,0.0000,-0.0337,0.0291,-0.3238,-0.3139,-0.0068,0.0767,-0.0343,0.0155,-0.0304,-0.0117,0.0000,0.0043,0.0087,0.4038,0.4573,0.0040,-0.0080,-0.2583,-0.2243,0.0030,0.0013,0.0032,0.0544,-0.0000,0.0000,0.0000,0.0767,0.0000,0.0000,-0.0767,-0.0767,0.0000,0.0000,0.0000,0.0000,-0.0000,0.0000,0.0000,0.0000,-0.0000,0.0000,0.0000,0.0767,-0.0000,-0.0954,-0.0556,-0.0271,0.1066,0.0629,0.0622,-0.1376,-0.0307,-4.5258,0.0172,0.0350,-0.3848,-0.1709,0.0159,-0.0320,-0.2332,-0.0972,0.0122,0.0054,0.2527,-0.0225,
6.4831,RLFSMStateRLLocomotion,0.1000,0.0000,-0.0028,-0.0192,0.0234,0.0128,0.6298,0.0022,0.0364,-0.7759,-0.3191,-0.3221,0.0000,0.0245,0.0092,0.0000,-0.0153,-0.0123,0.0000,0.0000,0.0000,0.4786,0.5047,0.0000,0.0000,-0.1779,-0.1887,0.0000,0.0000,-0.0322,0.0291,-0.3223,-0.3137,-0.0066,0.0780,-0.0341,0.0158,-0.0309,-0.0122,0.0000,0.0042,0.0081,0.4029,0.4586,0.0043,-0.0078,-0.2568,-0.2228,0.0031,0.0014,0.0035,0.0552,-0.0000,0.0000,0.0000,0.0000,0.0000,0.0000,-0.0767,0.0000,0.0000,0.0000,0.0000,0.0000,-0.0000,0.0000,0.0000,0.0000,-0.0000,0.0000,0.0000,0.0767,-0.0000,-0.0892,-0.0547,-0.0265,0.1120,0.0635,0.0632,-0.1395,-0.0330,-4.4276,0.0170,0.0324,-0.3883,-0.1656,0.0171,-0.0311,-0.2270,-0.0913,0.0123,0.0055,0.2542,-0.0191,
6.5034,RLFSMStateRLLocomotion,0.1000,0.0000,-0.0026,-0.0309,0.0565,0.0117,0.6301,0.0033,0.0362,-0.7756,-0.3175,-0.3221,0.0000,0.0261,0.0092,0.0000,-0.0153,-0.0138,0.0000,0.0000,0.0000,0.4771,0.5047,0.0000,0.0000,-0.1779,-0.1887,0.0000,0.0000,-0.0322,0.0291,-0.3210,-0.3138,-0.0061,0.0779,-0.0341,0.0157,-0.0316,-0.0122,0.0000,0.0041,0.0082,0.4036,0.4586,0.0043,-0.0078,-0.2546,-0.2224,0.0028,0.0014,0.0029,0.0553,-0.0000,0.0000,0.0000,0.0767,0.0000,0.0000,0.0000,-0.0767,0.0000,0.0000,0.0000,-0.0767,-0.0000,0.0000,0.0000,0.0000,-0.0000,0.0000,0.0000,-0.0000,-0.0000,-0.0840,-0.0551,-0.0246,0.1117,0.0636,0.0629,-0.1422,-0.0328,-4.3357,0.0165,0.0328,-0.3858,-0.1657,0.0171,-0.0313,-0.2183,-0.0898,0.0114,0.0058,0.2517,-0.0189,
6.5237,RLFSMStateRLLocomotion,0.1000,0.0000,-0.0031,-0.0277,0.0383,0.0288,0.6303,0.0042,0.0360,-0.7755,-0.3175,-0.3221,0.0000,0.0276,0.0092,0.0000,-0.0153,-0.0138,0.0000,0.0000,0.0000,0.4755,0.5047,0.0000,0.0000,-0.1779,-0.1887,0.0000,0.0000,-0.0322,0.0291,-0.3177,-0.3140,-0.0051,0.0763,-0.0344,0.0157,-0.0316,-0.0124,0.0000,0.0039,0.0083,0.4063,0.4584,0.0041,-0.0078,-0.2498,-0.2214,0.0027,0.0014,0.0018,0.0549,0.0767,0.0000,0.0000,0.0767,0.0000,0.0000,0.0000,0.0000,0.0000,0.0000,0.0000,0.0000,-0.0000,0.0000,0.0000,0.0000,-0.0000,0.0000,0.0000,-0.0000,-0.0000,-0.0707,-0.0560,-0.0203,0.1050,0.0623,0.0628,-0.1425,-0.0334,-4.2548,0.0158,0.0332,-0.3748,-0.1663,0.0163,-0.0313,-0.1990,-0.0858,0.0107,0.0055,0.2471,-0.0203,
6.5439,RLFSMStateRLLocomotion,0.1000,0.0000,-0.0047,0.0032,0.0234,0.0170,0.6305,0.0045,0.0358,-0.7754,-0.3160,-0.3221,0.0000,0.0291,0.0092,0.0000,-0.0169,-0.0138,0.0000,0.0000,0.0000,0.4740,0.5047,0.0000,0.0000,-0.1779,-0.1887,0.0000,0.0000,-0.0322,0.0291,-0.3157,-0.3145,-0.0045,0.0764,-0.0340,0.0160,-0.0314,-0.0127,0.0000,0.0036,0.0079,0.4077,0.4582,0.0035,-0.0076,-0.2449,-0.2214,0.0027,0.0015,0.0013,0.0552,-0.0000,0.0000,0.0000,0.0767,0.0000,0.0000,-0.0767,0.0000,0.0000,0.0000,0.0000,-0.0767,-0.0000,0.0000,0.0000,0.0000,-0.0000,0.0000,0.0000,-0.0000,-0.0000,-0.0629,-0.0580,-0.0178,0.1058,0.0639,0.0642,-0.1414,-0.0349,-4.1783,0.0145,0.0317,-0.3693,-0.1671,0.0141,-0.0302,-0.1798,-0.0856,0.0108,0.0060,0.2452,-0.0192,
6.5640,RLFSMStateRLLocomotion,0.1000,0.0000,-0.0040,-0.0075,0.0341,0.0032,0.6305,0.0047,0.0360,-0.7754,-0.3160,-0.3221,0.0000,0.0291,0.0092,0.0000,-0.0169,-0.0153,0.0000,0.0000,0.0000,0.4740,0.5047,0.0000,0.0000,-0.1779,-0.1887,0.0000,0.0000,-0.0322,0.0291,-0.3143,-0.3153,-0.0046,0.0752,-0.0342,0.0153,-0.0313,-0.0124,0.0000,0.0034,0.0084,0.4086,0.4564,0.0031,-0.0080,-0.2432,-0.2236,0.0024,0.0017,-0.0013,0.0538,0.0767,0.0000,0.0000,0.0767,0.0000,0.0000,0.0000,-0.0767,0.0000,0.0000,0.0000,-0.0767,-0.0000,0.0000,0.0000,0.0000,-0.0000,0.0000,0.0000,-0.0000,-0.0000,-0.0570,-0.0611,-0.0185,0.1008,0.0634,0.0613,-0.1411,-0.0334,-4.1149,0.0135,0.0338,-0.3655,-0.1744,0.0124,-0.0320,-0.1730,-0.0942,0.0098,0.0066,0.2349,-0.0249,
6.5842,RLFSMStateRLLocomotion,0.1000,0.0000,-0.0026,0.0053,0.0277,-0.0011,0.6305,0.0050,0.0363,-0.7753,-0.3160,-0.3221,0.0000,0.0291,0.0092,0.0000,-0.0169,-0.0153,0.0000,0.0000,0.0000,0.4740,0.5047,0.0000,0.0000,-0.1779,-0.1887,0.0000,0.0000,-0.0322,0.0291,-0.3130,-0.3155,-0.0040,0.0756,-0.0341,0.0150,-0.0315,-0.0127,0.0000,0.0034,0.0082,0.4096,0.4562,0.0035,-0.0079,-0.2407,-0.2231,0.0024,0.0016,-0.0025,0.0536,-0.0000,0.0000,0.0000,0.0000,0.0000,0.0000,0.0000,0.0000,0.0000,0.0000,0.0000,0.0000,-0.0000,0.0000,0.0000,0.0000,-0.0000,0.0000,0.0000,-0.0000,-0.0000,-0.0519,-0.0619,-0.0160,0.1023,0.0636,0.0598,-0.1422,-0.0350,-4.0596,0.0136,0.0327,-0.3616,-0.1753,0.0141,-0.0314,-0.1627,-0.0922,0.0095,0.0064,0.2300,-0.0257,
6.6046,RLFSMStateRLLocomotion,0.1000,0.0000,-0.0033,0.0043,0.0202,0.0085,0.6304,0.0051,0.0364,-0.7754,-0.3145,-0.3221,0.0000,0.0291,0.0092,0.0000,-0.0169,-0.0153,0.0000,0.0000,0.0000,0.4725,0.5047,0.0000,0.0000,-0.1779,-0.1887,0.0000,0.0000,-0.0322,0.0291,-0.3119,-0.3157,-0.0046,0.0753,-0.0342,0.0152,-0.0315,-0.0131,0.0000,0.0033,0.0081,0.4097,0.4559,0.0031,-0.0080,-0.2408,-0.2236,0.0023,0.0017,-0.0029,0.0535,-0.0000,0.0000,0.0000,0.0000,0.0000,0.0000,0.0000,0.0000,0.0000,0.0000,0.0000,-0.0767,-0.0000,0.0000,0.0000,0.0000,-0.0000,0.0000,0.0000,-0.0000,-0.0000,-0.0477,-0.0628,-0.0182,0.1011,0.0633,0.0606,-0.1422,-0.0364,-4.0084,0.0132,0.0324,-0.3614,-0.1766,0.0125,-0.0319,-0.1631,-0.0943,0.0092,0.0067,0.2283,-0.0262,
6.6249,RLFSMStateRLLocomotion,0.1000,0.0000,-0.0028,-0.0000,0.0192,-0.0032,0.6304,0.0061,0.0365,-0.7754,-0.3145,-0.3221,0.0000,0.0291,0.0092,0.0000,-0.0169,-0.0153,0.0000,0.0000,0.0000,0.4725,0.5047,0.0000,0.0000,-0.1795,-0.1887,0.0000,0.0000,-0.0322,0.0291,-0.3115,-0.3160,-0.0042,0.0753,-0.0341,0.0150,-0.0314,-0.0131,0.0000,0.0032,0.0081,0.4101,0.4554,0.0032,-0.0080,-0.2393,-0.2237,0.0022,0.0017,-0.0033,0.0531,-0.0000,0.0000,0.0000,0.0000,0.0000,0.0000,0.0000,0.0000,0.0000,0.0000,0.0000,0.0000,-0.0000,0.0000,0.0000,0.0000,-0.0000,0.0000,0.0000,-0.0000,-0.0000,-0.0459,-0.0641,-0.0167,0.1011,0.0637,0.0602,-0.1417,-0.0365,-3.9615,0.0129,0.0326,-0.3596,-0.1783,0.0129,-0.0318,-0.1570,-0.0950,0.0089,0.0067,0.2267,-0.0276,
6.6452,RLFSMStateRLLocomotion,0.1000,0.0000,-0.0023,-0.0021,0.0085,-0.0021,0.6304,0.0065,0.0365,-0.7754,-0.3145,-0.3221,0.0000,0.0291,0.0092,0.0000,-0.0169,-0.0153,0.0000,0.0000,0.0000,0.4725,0.5047,0.0000,0.0000,-0.1795,-0.1902,0.0000,0.0000,-0.0322,0.0291,-0.3106,-0.3161,-0.0045,0.0747,-0.0343,0.0150,-0.0313,-0.0131,0.0000,0.0033,0.0082,0.4105,0.4555,0.0033,-0.0081,-0.2383,-0.2235,0.0022,0.0017,-0.0040,0.0528,-0.0000,0.0000,0.0000,0.0000,0.0000,0.0000,0.0000,0.0000,0.0000,0.0000,0.0000,0.0000,-0.0000,0.0000,0.0000,-0.0767,-0.0000,0.0000,0.0000,-0.0000,-0.0000,-0.0426,-0.0646,-0.0178,0.0988,0.0630,0.0599,-0.1412,-0.0362,-3.9188,0.0130,0.0327,-0.3579,-0.1780,0.0131,-0.0325,-0.1531,-0.0939,0.0086,0.0067,0.2240,-0.0287,
6.6654,RLFSMStateRLLocomotion,0.1000,0.0000,-0.0023,-0.0032,0.0064,-0.0032,0.6304,0.0067,0.0365,-0.7754,-0.3145,-0.3221,0.0000,0.0291,0.0092,0.0000,-0.0169,-0.0153,0.0000,0.0000,0.0000,0.4725,0.5047,0.0000,0.0000,-0.1795,-0.1902,0.0000,0.0000,-0.0322,0.0291,-0.3102,-0.3163,-0.0044,0.0747,-0.0343,0.0151,-0.0312,-0.0130,0.0000,0.0033,0.0081,0.4109,0.4555,0.0032,-0.0081,-0.2368,-0.2234,0.0021,0.0017,-0.0043,0.0528,-0.0000,0.0000,0.0000,0.0000,0.0000,0.0000,0.0000,0.0000,0.0000,0.0000,0.0000,0.0000,-0.0000,0.0000,0.0000,-0.0767,-0.0767,0.0000,0.0000,-0.0000,-0.0000,-0.0408,-0.0651,-0.0175,0.0987,0.0630,0.0602,-0.1408,-0.0361,-3.8778,0.0131,0.0323,-0.3564,-0.1782,0.0127,-0.0322,-0.1471,-0.0935,0.0084,0.0067,0.2229,-0.0289,
6.6858,RLFSMStateRLLocomotion,0.1000,0.0000,-0.0022,-0.0021,0.0000,-0.0032,0.6304,0.0069,0.0367,-0.7754,-0.3145,-0.3221,0.0000,0.0291,0.0092,0.0000,-0.0169,-0.0153,0.0000,0.0000,0.0000,0.4725,0.5047,0.0000,0.0000,-0.1795,-0.1902,0.0000,0.0000,-0.0322,0.0291,-0.3099,-0.3164,-0.0045,0.0747,-0.0343,0.0149,-0.0312,-0.0130,0.0000,0.0033,0.0081,0.4111,0.4554,0.0032,-0.0082,-0.2373,-0.2228,0.0021,0.0017,-0.0043,0.0528,-0.0000,0.0000,0.0000,0.0000,0.0000,0.0000,0.0000,0.0000,0.0000,0.0000,0.0000,0.0000,-0.0000,0.0000,0.0000,0.0000,-0.0000,0.0000,0.0000,-0.0000,-0.0000,-0.0398,-0.0658,-0.0181,0.0989,0.0626,0.0594,-0.1407,-0.0361,-3.8394,0.0130,0.0324,-0.3555,-0.1782,0.0128,-0.0327,-0.1492,-0.0913,0.0083,0.0068,0.2226,-0.0289,
6.7062,RLFSMStateRLLocomotion,0.1000,0.0000,-0.0023,-0.0011,-0.0021,-0.0032,0.6304,0.0070,0.0367,-0.7754,-0.3145,-0.3221,0.0000,0.0291,0.0092,0.0000,-0.0169,-0.0153,0.0000,0.0000,0.0000,0.4725,0.5047,0.0000,0.0000,-0.1795,-0.1902,0.0000,0.0000,-0.0322,0.0291,-0.3100,-0.3165,-0.0047,0.0749,-0.0343,0.0149,-0.0311,-0.0131,0.0000,0.0032,0.0080,0.4110,0.4554,0.0030,-0.0083,-0.2379,-0.2235,0.0020,0.0017,-0.0042,0.0527,-0.0000,0.0000,0.0000,0.0000,0.0000,0.0000,0.0000,0.0000,0.0000,0.0000,0.0000,0.0000,-0.0000,0.0000,0.0000,0.0000,-0.0000,0.0000,0.0000,-0.0000,-0.0000,-0.0402,-0.0661,-0.0190,0.0994,0.0629,0.0595,-0.1406,-0.0363,-3.8051,0.0129,0.0321,-0.3559,-0.1785,0.0119,-0.0331,-0.1514,-0.0941,0.0079,0.0068,0.2231,-0.0291,
6.7265,RLFSMStateRLLocomotion,0.1000,0.0000,-0.0023,0.0085,-0.0138,0.0032,0.6303,0.0067,0.0372,-0.7754,-0.3145,-0.3221,0.0000,0.0291,0.0092,0.0000,-0.0169,-0.0153,0.0000,0.0000,0.0000,0.4725,0.5047,0.0000,0.0000,-0.1795,-0.1902,0.0000,0.0000,-0.0322,0.0291,-0.3101,-0.3165,-0.0048,0.0749,-0.0343,0.0149,-0.0311,-0.0131,0.0000,0.0033,0.0080,0.4109,0.4554,0.0029,-0.0083,-0.2382,-0.2236,0.0020,0.0017,-0.0041,0.0527,-0.0000,0.0000,0.0000,0.0000,0.0000,0.0000,0.0000,0.0000,0.0000,0.0000,0.0000,0.0000,-0.0000,0.0000,0.0000,0.0000,-0.0000,0.0000,0.0000,-0.0000,-0.0000,-0.0405,-0.0660,-0.0192,0.0996,0.0627,0.0596,-0.1405,-0.0364,-3.7731,0.0131,0.0320,-0.3563,-0.1784,0.0117,-0.0333,-0.1526,-0.0943,0.0078,0.0069,0.2234,-0.0292,
6.7467,RLFSMStateRLLocomotion,0.1000,0.0000,-0.0025,0.0085,-0.0149,0.0021,0.6303,0.0066,0.0373,-0.7754,-0.3145,-0.3221,0.0000,0.0291,0.0092,0.0000,-0.0169,-0.0153,0.0000,0.0000,0.0000,0.4725,0.5047,0.0000,0.0000,-0.1795,-0.1902,0.0000,0.0000,-0.0322,0.0291,-0.3106,-0.3166,-0.0053,0.0752,-0.0341,0.0151,-0.0311,-0.0132,0.0000,0.0033,0.0080,0.4105,0.4553,0.0028,-0.0084,-0.2393,-0.2239,0.0019,0.0018,-0.0038,0.0528,-0.0000,0.0000,0.0000,0.0000,0.0000,0.0000,0.0000,0.0000,0.0000,0.0000,0.0000,0.0000,-0.0000,0.0000,0.0000,0.0000,-0.0000,0.0000,0.0000,-0.0000,-0.0000,-0.0423,-0.0664,-0.0210,0.1008,0.0635,0.0604,-0.1406,-0.0367,-3.7428,0.0133,0.0319,-0.3582,-0.1790,0.0111,-0.0337,-0.1574,-0.0957,0.0076,0.0072,0.2248,-0.0287,
6.7670,RLFSMStateRLLocomotion,0.1000,0.0000,-0.0023,0.0107,-0.0181,0.0011,0.6302,0.0065,0.0373,-0.7755,-0.3129,-0.3221,0.0000,0.0291,0.0092,0.0000,-0.0169,-0.0153,0.0000,0.0000,0.0000,0.4725,0.5047,0.0000,0.0000,-0.1795,-0.1902,0.0000,0.0000,-0.0322,0.0291,-0.3104,-0.3169,-0.0056,0.0753,-0.0342,0.0152,-0.0311,-0.0133,0.0000,0.0032,0.0081,0.4105,0.4551,0.0029,-0.0086,-0.2403,-0.2240,0.0018,0.0018,-0.0038,0.0528,0.0767,0.0000,0.0000,0.0000,0.0000,0.0000,0.0000,0.0000,0.0000,0.0000,0.0000,0.0000,-0.0000,0.0000,0.0000,0.0000,-0.0000,0.0000,0.0000,-0.0000,-0.0000,-0.0418,-0.0676,-0.0225,0.1014,0.0632,0.0607,-0.1403,-0.0372,-3.7160,0.0129,0.0323,-0.3579,-0.1797,0.0114,-0.0343,-0.1614,-0.0961,0.0073,0.0074,0.2249,-0.0287,
6.7872,RLFSMStateRLLocomotion,0.1000,0.0000,-0.0023,0.0000,-0.0128,0.0011,0.6302,0.0065,0.0372,-0.7755,-0.3129,-0.3221,0.0000,0.0291,0.0092,0.0000,-0.0169,-0.0153,0.0000,0.0000,0.0000,0.4725,0.5047,0.0000,0.0000,-0.1795,-0.1902,0.0000,0.0000,-0.0322,0.0291,-0.3103,-0.3167,-0.0058,0.0754,-0.0343,0.0152,-0.0311,-0.0133,0.0000,0.0032,0.0081,0.4105,0.4551,0.0029,-0.0086,-0.2403,-0.2240,0.0018,0.0018,-0.0038,0.0528,-0.0000,0.0000,0.0000,0.0000,0.0000,0.0000,0.0000,0.0000,0.0000,0.0000,0.0000,0.0000,-0.0000,0.0000,0.0000,0.0000,-0.0000,0.0000,0.0000,-0.0000,-0.0000,-0.0413,-0.0670,-0.0233,0.1015,0.0628,0.0610,-0.1404,-0.0372,-3.6898,0.0135,0.0318,-0.3606,-0.1779,0.0113,-0.0345,-0.1663,-0.0943,0.0074,0.0073,0.2266,-0.0276,
6.8075,RLFSMStateRLLocomotion,0.1000,0.0000,-0.0021,-0.0011,-0.0138,-0.0011,0.6301,0.0065,0.0370,-0.7756,-0.3129,-0.3221,0.0000,0.0291,0.0092,0.0000,-0.0169,-0.0153,0.0000,0.0000,0.0000,0.4725,0.5047,0.0000,0.0000,-0.1795,-0.1902,0.0000,0.0000,-0.0322,0.0291,-0.3104,-0.3167,-0.0058,0.0755,-0.0343,0.0152,-0.0311,-0.0133,0.0000,0.0034,0.0080,0.4096,0.4557,0.0028,-0.0087,-0.2419,-0.2234,0.0018,0.0018,-0.0031,0.0531,-0.0000,0.0000,0.0000,0.0000,0.0000,0.0000,0.0000,0.0000,0.0000,0.0000,0.0000,0.0000,-0.0000,0.0000,0.0000,0.0000,-0.0000,0.0000,0.0000,-0.0000,-0.0000,-0.0417,-0.0667,-0.0232,0.1018,0.0629,0.0608,-0.1404,-0.0372,-3.6647,0.0136,0.0320,-0.3614,-0.1773,0.0112,-0.0347,-0.1677,-0.0935,0.0073,0.0073,0.2275,-0.0275,
6.8277,RLFSMStateRLLocomotion,0.1000,0.0000,-0.0022,0.0000,-0.0107,0.0000,0.6302,0.0065,0.0367,-0.7756,-0.3129,-0.3221,0.0000,0.0291,0.0092,0.0000,-0.0169,-0.0153,0.0000,0.0000,0.0000,0.4725,0.5047,0.0000,0.0000,-0.1795,-0.1902,0.0000,0.0000,-0.0322,0.0291,-0.3105,-0.3166,-0.0058,0.0755,-0.0343,0.0152,-0.0311,-0.0133,0.0000,0.0034,0.0080,0.4096,0.4558,0.0028,-0.0087,-0.2420,-0.2233,0.0018,0.0018,-0.0030,0.0531,-0.0000,0.0000,0.0000,0.0000,0.0000,0.0000,0.0000,0.0000,0.0000,0.0000,0.0000,0.0000,-0.0000,0.0000,0.0000,0.0000,-0.0000,0.0000,0.0000,-0.0000,-0.0000,-0.0420,-0.0663,-0.0230,0.1018,0.0626,0.0609,-0.1403,-0.0371,-3.6408,0.0138,0.0319,-0.3618,-0.1769,0.0110,-0.0347,-0.1681,-0.0932,0.0072,0.0073,0.2280,-0.0277,
6.8479,RLFSMStateRLLocomotion,0.1000,0.0000,-0.0022,0.0021,-0.0096,-0.0011,0.6302,0.0064,0.0366,-0.7756,-0.3129,-0.3221,0.0000,0.0291,0.0092,0.0000,-0.0169,-0.0153,0.0000,0.0000,0.0000,0.4725,0.5047,0.0000,0.0000,-0.1795,-0.1902,0.0000,0.0000,-0.0322,0.0291,-0.3104,-0.3165,-0.0057,0.0755,-0.0344,0.0152,-0.0311,-0.0133,0.0000,0.0034,0.0080,0.4097,0.4558,0.0027,-0.0087,-0.2419,-0.2232,0.0018,0.0018,-0.0030,0.0531,-0.0000,0.0000,0.0000,0.0000,0.0000,0.0000,0.0000,0.0000,0.0000,0.0000,0.0000,0.0000,-0.0000,0.0000,0.0000,0.0000,-0.0000,0.0000,0.0000,-0.0000,-0.0000,-0.0417,-0.0660,-0.0227,0.1018,0.0626,0.0609,-0.1403,-0.0370,-3.6183,0.0138,0.0319,-0.3613,-0.1768,0.0110,-0.0348,-0.1674,-0.0928,0.0071,0.0072,0.2280,-0.0278,
6.8680,RLFSMStateRLLocomotion,0.1000,0.0000,-0.0021,0.0043,-0.0043,-0.0000,0.6301,0.0061,0.0365,-0.7756,-0.3129,-0.3221,0.0000,0.0291,0.0092,0.0000,-0.0169,-0.0153,0.0000,0.0000,0.0000,0.4725,0.5047,0.0000,0.0000,-0.1795,-0.1902,0.0000,0.0000,-0.0322,0.0291,-0.3104,-0.3164,-0.0056,0.0754,-0.0344,0.0152,-0.0311,-0.0132,0.0000,0.0035,0.0080,0.4098,0.4557,0.0027,-0.0087,-0.2417,-0.2232,0.0017,0.0018,-0.0031,0.0530,-0.0000,0.0000,0.0000,0.0000,0.0000,0.0000,0.0000,0.0000,0.0000,0.0000,0.0000,0.0000,-0.0000,0.0000,0.0000,0.0000,-0.0000,0.0000,0.0000,-0.0000,-0.0000,-0.0415,-0.0658,-0.0225,0.1017,0.0626,0.0610,-0.1403,-0.0369,-3.5972,0.0138,0.0319,-0.3608,-0.1770,0.0109,-0.0349,-0.1669,-0.0927,0.0069,0.0072,0.2277,-0.0281,
6.8883,RLFSMStateRLLocomotion,0.1000,0.0000,-0.0021,0.0021,-0.0021,-0.0000,0.6301,0.0060,0.0365,-0.7756,-0.3129,-0.3221,0.0000,0.0291,0.0092,0.0000,-0.0169,-0.0153,0.0000,0.0000,0.0000,0.4725,0.5047,0.0000,0.0000,-0.1795,-0.1902,0.0000,0.0000,-0.0322,0.0291,-0.3102,-0.3163,-0.0055,0.0755,-0.0343,0.0153,-0.0311,-0.0132,0.0000,0.0035,0.0079,0.4099,0.4559,0.0028,-0.0087,-0.2415,-0.2228,0.0017,0.0018,-0.0030,0.0531,-0.0000,0.0000,0.0000,0.0000,0.0000,0.0000,0.0000,0.0000,0.0000,0.0000,0.0000,0.0000,-0.0000,0.0000,0.0000,0.0000,-0.0000,0.0000,0.0000,-0.0000,-0.0000,-0.0408,-0.0652,-0.0220,0.1019,0.0626,0.0613,-0.1404,-0.0369,-3.5766,0.0139,0.0316,-0.3602,-0.1763,0.0111,-0.0349,-0.1659,-0.0912,0.0067,0.0072,0.2280,-0.0276,
6.9085,RLFSMStateRLLocomotion,0.1000,0.0000,-0.0021,0.0011,-0.0011,-0.0000,0.6301,0.0059,0.0366,-0.7756,-0.3129,-0.3221,0.0000,0.0291,0.0092,0.0000,-0.0169,-0.0153,0.0000,0.0000,0.0000,0.4725,0.5047,0.0000,0.0000,-0.1795,-0.1902,0.0000,0.0000,-0.0322,0.0291,-0.3100,-0.3162,-0.0054,0.0756,-0.0343,0.0154,-0.0311,-0.0132,0.0000,0.0035,0.0079,0.4101,0.4561,0.0028,-0.0087,-0.2415,-0.2228,0.0017,0.0018,-0.0030,0.0531,-0.0000,0.0000,0.0000,0.0000,0.0000,0.0000,0.0000,0.0000,0.0000,0.0000,0.0000,0.0000,-0.0000,0.0000,0.0000,0.0000,-0.0000,0.0000,0.0000,-0.0000,-0.0000,-0.0399,-0.0649,-0.0217,0.1023,0.0627,0.0615,-0.1406,-0.0370,-3.5566,0.0139,0.0314,-0.3597,-0.1756,0.0111,-0.0348,-0.1649,-0.0899,0.0066,0.0072,0.2284,-0.0270,
6.9288,RLFSMStateRLLocomotion,0.1000,0.0000,-0.0021,-0.0032,0.0032,0.0000,0.6301,0.0057,0.0365,-0.7756,-0.3129,-0.3221,0.0000,0.0291,0.0092,0.0000,-0.0169,-0.0153,0.0000,0.0000,0.0000,0.4725,0.5047,0.0000,0.0000,-0.1795,-0.1902,0.0000,0.0000,-0.0322,0.0291,-0.3098,-0.3162,-0.0054,0.0757,-0.0343,0.0154,-0.0312,-0.0133,0.0000,0.0035,0.0079,0.4101,0.4561,0.0028,-0.0087,-0.2412,-0.2225,0.0016,0.0018,-0.0029,0.0532,-0.0000,0.0000,0.0000,0.0000,0.0000,0.0000,0.0000,0.0000,0.0000,0.0000,0.0000,0.0000,-0.0000,0.0000,0.0000,0.0000,-0.0000,0.0000,0.0000,-0.0000,-0.0000,-0.0392,-0.0648,-0.0214,0.1026,0.0627,0.0616,-0.1407,-0.0370,-3.5377,0.0139,0.0313,-0.3592,-0.1753,0.0111,-0.0348,-0.1639,-0.0892,0.0064,0.0072,0.2285,-0.0268,
6.9491,RLFSMStateRLLocomotion,0.1000,0.0000,-0.0021,-0.0021,0.0043,0.0000,0.6301,0.0057,0.0364,-0.7756,-0.3129,-0.3221,0.0000,0.0291,0.0092,0.0000,-0.0169,-0.0153,0.0000,0.0000,0.0000,0.4725,0.5047,0.0000,0.0000,-0.1795,-0.1902,0.0000,0.0000,-0.0322,0.0291,-0.3095,-0.3161,-0.0052,0.0757,-0.0344,0.0155,-0.0312,-0.0133,0.0000,0.0035,0.0077,0.4104,0.4565,0.0028,-0.0087,-0.2406,-0.2218,0.0016,0.0018,-0.0028,0.0535,-0.0000,0.0000,0.0000,0.0000,0.0000,0.0000,0.0000,0.0000,0.0000,0.0000,0.0000,0.0000,-0.0000,0.0000,0.0000,0.0000,-0.0000,0.0000,0.0000,-0.0000,-0.0000,-0.0381,-0.0643,-0.0208,0.1029,0.0625,0.0619,-0.1409,-0.0371,-3.5191,0.0140,0.0309,-0.3585,-0.1742,0.0112,-0.0346,-0.1623,-0.0874,0.0063,0.0072,0.2290,-0.0261,
6.9693,RLFSMStateRLLocomotion,0.1000,0.0000,-0.0021,-0.0032,0.0075,-0.0011,0.6301,0.0058,0.0363,-0.7756,-0.3129,-0.3221,0.0000,0.0291,0.0092,0.0000,-0.0169,-0.0153,0.0000,0.0000,0.0000,0.4725,0.5047,0.0000,0.0000,-0.1795,-0.1902,0.0000,0.0000,-0.0322,0.0291,-0.3093,-0.3161,-0.0051,0.0758,-0.0344,0.0155,-0.0312,-0.0133,0.0000,0.0035,0.0077,0.4106,0.4565,0.0028,-0.0086,-0.2402,-0.2217,0.0015,0.0018,-0.0028,0.0535,-0.0000,0.0000,0.0000,0.0000,0.0000,0.0000,0.0000,0.0000,0.0000,0.0000,0.0000,0.0000,-0.0000,0.0000,0.0000,0.0000,-0.0000,0.0000,0.0000,-0.0000,-0.0000,-0.0372,-0.0643,-0.0204,0.1031,0.0625,0.0619,-0.1410,-0.0371,-3.5015,0.0139,0.0309,-0.3577,-0.1740,0.0111,-0.0346,-0.1606,-0.0868,0.0062,0.0072,0.2289,-0.0262,
6.9896,RLFSMStateRLLocomotion,0.1000,0.0000,-0.0020,-0.0000,0.0096,-0.0011,0.6301,0.0059,0.0363,-0.7756,-0.3129,-0.3221,0.0000,0.0291,0.0092,0.0000,-0.0169,-0.0153,0.0000,0.0000,0.0000,0.4725,0.5047,0.0000,0.0000,-0.1795,-0.1902,0.0000,0.0000,-0.0322,0.0291,-0.3089,-0.3161,-0.0048,0.0757,-0.0344,0.0154,-0.0312,-0.0132,0.0000,0.0035,0.0077,0.4106,0.4565,0.0028,-0.0086,-0.2402,-0.2217,0.0015,0.0018,-0.0028,0.0535,-0.0000,0.0000,0.0000,0.0000,0.0000,0.0000,0.0000,0.0000,0.0000,0.0000,0.0000,0.0000,-0.0000,0.0000,0.0000,0.0000,-0.0000,0.0000,0.0000,-0.0000,-0.0000,-0.0355,-0.0643,-0.0192,0.1026,0.0624,0.0617,-0.1409,-0.0370,-3.4855,0.0136,0.0310,-0.3556,-0.1745,0.0111,-0.0346,-0.1572,-0.0864,0.0060,0.0071,0.2278,-0.0268,
7.0099,RLFSMStateRLLocomotion,0.1000,0.0000,-0.0022,-0.0000,0.0075,-0.0011,0.6302,0.0059,0.0363,-0.7756,-0.3129,-0.3221,0.0000,0.0291,0.0092,0.0000,-0.0169,-0.0153,0.0000,0.0000,0.0000,0.4725,0.5047,0.0000,0.0000,-0.1795,-0.1902,0.0000,0.0000,-0.0322,0.0291,-0.3086,-0.3161,-0.0048,0.0756,-0.0344,0.0154,-0.0312,-0.0132,0.0000,0.0034,0.0077,0.4111,0.4564,0.0028,-0.0086,-0.2393,-0.2216,0.0015,0.0018,-0.0030,0.0533,-0.0000,0.0000,0.0000,0.0000,0.0000,0.0000,0.0000,0.0000,0.0000,0.0000,0.0000,0.0000,-0.0000,0.0000,0.0000,0.0000,-0.0000,0.0000,0.0000,-0.0000,-0.0000,-0.0346,-0.0644,-0.0190,0.1026,0.0624,0.0617,-0.1409,-0.0370,-3.4708,0.0135,0.0308,-0.3546,-0.1748,0.0109,-0.0345,-0.1556,-0.0864,0.0059,0.0071,0.2273,-0.0270,
7.0301,RLFSMStateRLLocomotion,0.1000,0.0000,-0.0022,0.0000,0.0053,0.0000,0.6302,0.0059,0.0365,-0.7756,-0.3129,-0.3221,0.0000,0.0291,0.0092,0.0000,-0.0169,-0.0153,0.0000,0.0000,0.0000,0.4725,0.5047,0.0000,0.0000,-0.1795,-0.1902,0.0000,0.0000,-0.0322,0.0291,-0.3086,-0.3161,-0.0048,0.0756,-0.0344,0.0154,-0.0312,-0.0133,0.0000,0.0034,0.0077,0.4114,0.4563,0.0027,-0.0086,-0.2389,-0.2216,0.0015,0.0018,-0.0032,0.0532,-0.0000,0.0000,0.0000,0.0000,0.0000,0.0000,0.0000,0.0000,0.0000,0.0000,0.0000,0.0000,-0.0000,0.0000,0.0000,0.0000,-0.0000,0.0000,0.0000,-0.0000,-0.0000,-0.0337,-0.0645,-0.0188,0.1027,0.0624,0.0618,-0.1409,-0.0371,-3.4572,0.0134,0.0307,-0.3537,-0.1748,0.0107,-0.0345,-0.1544,-0.0861,0.0058,0.0072,0.2270,-0.0270,
7.0504,RLFSMStateRLLocomotion,0.1000,0.0000,-0.0022,0.0000,0.0043,0.0000,0.6302,0.0060,0.0365,-0.7756,-0.3129,-0.3221,0.0000,0.0291,0.0092,0.0000,-0.0169,-0.0153,0.0000,0.0000,0.0000,0.4725,0.5047,0.0000,0.0000,-0.1795,-0.1902,0.0000,0.0000,-0.0322,0.0291,-0.3083,-0.3162,-0.0047,0.0758,-0.0344,0.0155,-0.0312,-0.0133,0.0000,0.0034,0.0076,0.4116,0.4563,0.0027,-0.0086,-0.2386,-0.2215,0.0014,0.0018,-0.0032,0.0533,-0.0000,0.0000,0.0000,0.0000,0.0000,0.0000,0.0000,0.0000,0.0000,0.0000,0.0000,0.0000,-0.0000,0.0000,0.0000,0.0000,-0.0000,0.0000,0.0000,-0.0000,-0.0000,-0.0334,-0.0647,-0.0190,0.1030,0.0625,0.0619,-0.1409,-0.0372,-3.4446,0.0134,0.0305,-0.3536,-0.1747,0.0106,-0.0345,-0.1544,-0.0859,0.0057,0.0072,0.2272,-0.0267,
7.0707,RLFSMStateRLLocomotion,0.1000,0.0000,-0.0022,0.0000,-0.0011,0.0000,0.6302,0.0060,0.0366,-0.7756,-0.3129,-0.3221,0.0000,0.0291,0.0092,0.0000,-0.0169,-0.0153,0.0000,0.0000,0.0000,0.4725,0.5047,0.0000,0.0000,-0.1795,-0.1902,0.0000,0.0000,-0.0322,0.0291,-0.3085,-0.3162,-0.0049,0.0759,-0.0344,0.0155,-0.0312,-0.0133,0.0000,0.0034,0.0076,0.4114,0.4563,0.0027,-0.0086,-0.2386,-0.2215,0.0014,0.0018,-0.0032,0.0533,-0.0000,0.0000,0.0000,0.0000,0.0000,0.0000,0.0000,0.0000,0.0000,0.0000,0.0000,0.0000,-0.0000,0.0000,0.0000,0.0000,-0.0000,0.0000,0.0000,-0.0000,-0.0000,-0.0340,-0.0649,-0.0197,0.1034,0.0625,0.0619,-0.1410,-0.0373,-3.4330,0.0135,0.0305,-0.3545,-0.1746,0.0104,-0.0346,-0.1559,-0.0863,0.0056,0.0073,0.2277,-0.0266,
7.0909,RLFSMStateRLLocomotion,0.2000,0.0000,-0.0022,0.0000,-0.0011,0.0000,0.6302,0.0060,0.0366,-0.7756,-0.3129,-0.3221,0.0000,0.0291,0.0092,0.0000,-0.0169,-0.0153,0.0000,0.0000,0.0000,0.4725,0.5047,0.0000,0.0000,-0.1795,-0.1902,0.0000,0.0000,-0.0322,0.0291,-0.3085,-0.3162,-0.0049,0.0759,-0.0344,0.0155,-0.0312,-0.0133,0.0000,0.0034,0.0076,0.4114,0.4564,0.0026,-0.0086,-0.2390,-0.2216,0.0014,0.0018,-0.0031,0.0534,-0.0000,0.0000,0.0000,0.0000,0.0000,0.0000,0.0000,0.0000,0.0000,0.0000,0.0000,0.0000,-0.0000,0.0000,0.0000,0.0000,-0.0000,0.0000,0.0000,-0.0000,-0.0000,0.0090,-0.0810,-0.0396,0.1784,0.0583,0.0268,-0.1475,-0.0503,-3.2807,0.0043,0.0447,-0.4226,-0.1701,-0.0005,-0.0275,-0.3044,-0.1045,0.0029,-0.0006,0.2925,-0.0216,
7.1112,RLFSMStateRLLocomotion,0.2000,0.0000,-0.0022,0.0011,-0.0011,-0.0000,0.6302,0.0061,0.0366,-0.7756,-0.3129,-0.3221,0.0000,0.0291,0.0092,0.0000,-0.0169,-0.0153,0.0000,0.0000,0.0000,0.4725,0.5047,0.0000,0.0000,-0.1795,-0.1902,0.0000,0.0000,-0.0322,0.0291,-0.2978,-0.3202,-0.0099,0.0946,-0.0354,0.0067,-0.0329,-0.0166,0.0000,0.0011,0.0112,0.3944,0.4575,-0.0001,-0.0069,-0.2761,-0.2261,0.0007,-0.0002,0.0131,0.0546,-0.0000,0.0000,0.0000,0.0000,0.0000,0.0000,0.0000,0.0000,0.0000,0.0000,0.0000,0.0000,-0.0000,0.0000,0.0000,0.0000,-0.0000,0.0000,0.0000,-0.0000,-0.0000,0.0075,-0.0804,-0.0392,0.2014,0.0575,0.0242,-0.1526,-0.0625,-3.1321,0.0070,0.0436,-0.4663,-0.1461,-0.0004,-0.0265,-0.3610,-0.0897,0.0032,0.0011,0.3412,-0.0055,
7.1314,RLFSMStateRLLocomotion,0.2000,0.0000,-0.0021,0.0011,-0.0032,-0.0000,0.6301,0.0062,0.0365,-0.7756,-0.3129,-0.3221,0.0000,0.0291,0.0092,0.0000,-0.0169,-0.0153,0.0000,0.0000,0.0000,0.4725,0.5047,0.0000,0.0000,-0.1795,-0.1902,0.0000,0.0000,-0.0322,0.0291,-0.2985,-0.3198,-0.0094,0.1039,-0.0356,0.0065,-0.0351,-0.0208,0.0000,0.0022,0.0108,0.3785,0.4678,0.0005,-0.0064,-0.2945,-0.2195,0.0004,0.0004,0.0253,0.0586,-0.0000,0.0000,0.0000,0.0000,0.0000,0.0000,0.0000,0.0000,0.0000,0.0000,0.0000,0.0000,-0.0000,0.0000,0.0000,0.0000,-0.0000,0.0000,0.0000,-0.0000,-0.0000,0.0062,-0.0790,-0.0377,0.2156,0.0577,0.0261,-0.1562,-0.0672,-2.9847,0.0086,0.0433,-0.4862,-0.1289,0.0018,-0.0255,-0.3782,-0.0782,0.0016,0.0016,0.3674,0.0016,
7.1516,RLFSMStateRLLocomotion,0.2000,0.0000,-0.0021,0.0000,-0.0053,0.0000,0.6301,0.0062,0.0365,-0.7756,-0.3129,-0.3221,0.0000,0.0291,0.0092,0.0000,-0.0169,-0.0153,0.0000,0.0000,0.0000,0.4725,0.5047,0.0000,0.0000,-0.1795,-0.1902,0.0000,0.0000,-0.0322,0.0291,-0.2979,-0.3199,-0.0091,0.1060,-0.0357,0.0069,-0.0357,-0.0212,0.0000,0.0022,0.0108,0.3785,0.4678,0.0005,-0.0064,-0.2945,-0.2195,0.0004,0.0004,0.0319,0.0604,-0.0000,0.0000,0.0000,0.0000,0.0000,0.0000,0.0000,0.0000,0.0000,0.0000,0.0000,0.0000,-0.0000,0.0000,0.0000,0.0000,-0.0000,0.0000,0.0000,-0.0000,-0.0000,0.0086,-0.0796,-0.0365,0.2242,0.0574,0.0274,-0.1586,-0.0689,-2.8429,0.0091,0.0425,-0.4931,-0.1192,0.0036,-0.0248,-0.3814,-0.0714,-0.0002,0.0022,0.3805,0.0041,
7.1718,RLFSMStateRLLocomotion,0.2000,0.0000,-0.0021,0.0000,-0.0064,0.0000,0.6301,0.0061,0.0365,-0.7756,-0.3129,-0.3221,0.0000,0.0291,0.0092,0.0000,-0.0169,-0.0153,0.0000,0.0000,0.0000,0.4725,0.5047,0.0000,0.0000,-0.1795,-0.1902,0.0000,0.0000,-0.0322,0.0291,-0.2979,-0.3199,-0.0091,0.1060,-0.0357,0.0069,-0.0357,-0.0212,0.0000,0.0023,0.0106,0.3767,0.4702,0.0009,-0.0062,-0.2953,-0.2178,-0.0000,0.0005,0.0351,0.0610,-0.0000,0.0000,0.0000,0.0000,0.0000,0.0000,0.0000,0.0000,0.0000,0.0000,0.0000,0.0000,-0.0000,0.0000,0.0000,0.0000,-0.0000,0.0000,0.0000,-0.0000,-0.0000,0.0124,-0.0807,-0.0352,0.2295,0.0572,0.0281,-0.1601,-0.0696,-2.7092,0.0092,0.0416,-0.4944,-0.1138,0.0045,-0.0244,-0.3801,-0.0670,-0.0018,0.0027,0.3874,0.0049,
7.1921,RLFSMStateRLLocomotion,0.2000,0.0000,-0.0021,0.0011,-0.0043,-0.0000,0.6301,0.0060,0.0365,-0.7756,-0.3129,-0.3221,0.0000,0.0291,0.0092,0.0000,-0.0169,-0.0153,0.0000,0.0000,0.0000,0.4725,0.5047,0.0000,0.0000,-0.1795,-0.1902,0.0000,0.0000,-0.0322,0.0291,-0.2969,-0.3202,-0.0088,0.1074,-0.0357,0.0070,-0.0360,-0.0214,0.0000,0.0023,0.0104,0.3764,0.4715,0.0011,-0.0061,-0.2950,-0.2168,-0.0004,0.0007,0.0368,0.0612,-0.0000,0.0000,0.0000,0.0000,0.0000,0.0000,0.0000,0.0000,0.0000,0.0000,0.0000,0.0000,-0.0000,0.0000,0.0000,0.0000,-0.0000,0.0000,0.0000,-0.0000,-0.0000,0.0167,-0.0814,-0.0338,0.2330,0.0571,0.0286,-0.1612,-0.0701,-2.5839,0.0091,0.0406,-0.4931,-0.1106,0.0048,-0.0242,-0.3766,-0.0637,-0.0032,0.0032,0.3911,0.0050,
7.2124,RLFSMStateRLLocomotion,0.2000,0.0000,-0.0021,0.0053,-0.0096,-0.0000,0.6301,0.0059,0.0365,-0.7756,-0.3129,-0.3221,0.0000,0.0291,0.0092,0.0000,-0.0169,-0.0153,0.0000,0.0000,0.0000,0.4725,0.5047,0.0000,0.0000,-0.1795,-0.1902,0.0000,0.0000,-0.0322,0.0291,-0.2958,-0.3204,-0.0084,0.1083,-0.0357,0.0071,-0.0363,-0.0215,0.0000,0.0023,0.0101,0.3767,0.4724,0.0012,-0.0060,-0.2942,-0.2159,-0.0008,0.0008,0.0378,0.0613,-0.0000,0.0000,0.0000,0.0000,0.0000,0.0000,0.0000,0.0000,0.0000,0.0000,0.0000,0.0000,-0.0000,0.0000,0.0000,0.0000,-0.0000,0.0000,0.0000,-0.0000,-0.0000,0.0195,-0.0824,-0.0333,0.2354,0.0572,0.0286,-0.1618,-0.0702,-2.4679,0.0089,0.0399,-0.4919,-0.1091,0.0045,-0.0241,-0.3747,-0.0625,-0.0043,0.0038,0.3929,0.0042,
7.2326,RLFSMStateRLLocomotion,0.2000,0.0000,-0.0064,0.0117,-0.0117,0.0554,0.6301,0.0057,0.0361,-0.7757,-0.3083,-0.3221,0.0000,0.0337,0.0092,0.0000,-0.0169,-0.0153,0.0000,0.0000,0.0000,0.4694,0.5047,0.0000,0.0000,-0.1795,-0.1902,0.0000,0.0000,-0.0291,0.0291,-0.2951,-0.3206,-0.0083,0.1088,-0.0357,0.0072,-0.0364,-0.0215,0.0000,0.0022,0.0100,0.3770,0.4727,0.0011,-0.0060,-0.2937,-0.2156,-0.0011,0.0009,0.0382,0.0611,0.1533,0.0000,0.0000,0.0767,0.0000,0.0000,0.0000,0.0000,0.0000,0.0000,0.0000,-0.0767,-0.0000,0.0000,0.0000,0.0000,-0.0000,0.0000,0.0000,-0.0000,-0.0000,0.0382,-0.0928,-0.0357,0.2365,0.0572,0.0315,-0.1507,-0.0688,-2.3671,0.0102,0.0378,-0.4831,-0.1127,0.0024,-0.0244,-0.3749,-0.0578,-0.0054,0.0059,0.3975,0.0106,
7.2528,RLFSMStateRLLocomotion,0.2000,0.0000,-0.0064,0.1012,0.0000,0.1044,0.6297,0.0058,0.0359,-0.7760,-0.3068,-0.3221,0.0000,0.0337,0.0077,0.0000,-0.0169,-0.0153,0.0000,0.0000,0.0000,0.4679,0.5047,0.0000,0.0000,-0.1795,-0.1902,0.0000,0.0000,-0.0276,0.0291,-0.2904,-0.3232,-0.0089,0.1091,-0.0357,0.0079,-0.0337,-0.0212,0.0000,0.0025,0.0094,0.3792,0.4718,0.0006,-0.0061,-0.2937,-0.2144,-0.0013,0.0015,0.0394,0.0627,0.1533,0.0000,0.0000,0.1533,0.0000,0.0000,0.0000,0.0000,0.0000,0.0000,0.0000,-0.1533,-0.0000,0.0000,0.0000,0.0000,-0.0000,0.0000,0.0000,0.2300,-0.0000,0.0382,-0.0928,-0.0357,0.2365,0.0572,0.0315,-0.1507,-0.0688,-2.3671,0.0102,0.0378,-0.4831,-0.1127,0.0024,-0.0244,-0.3749,-0.0578,-0.0054,0.0059,0.3975,0.0106,
7.2732,RLFSMStateRLLocomotion,0.2000,0.0000,-0.0098,0.0543,0.0011,0.1726,0.6291,0.0061,0.0351,-0.7765,-0.3022,-0.3221,0.0000,0.0353,0.0061,0.0000,-0.0169,-0.0153,0.0000,0.0000,0.0000,0.4633,0.5047,0.0000,0.0000,-0.1795,-0.1902,0.0000,0.0000,-0.0215,0.0291,-0.2863,-0.3259,-0.0088,0.1088,-0.0354,0.0078,-0.0300,-0.0208,0.0000,0.0025,0.0094,0.3837,0.4668,-0.0012,-0.0067,-0.2935,-0.2165,-0.0014,0.0020,0.0373,0.0615,0.1533,0.0000,0.0000,0.0767,-0.0767,0.0000,0.0000,0.0000,0.0000,0.0000,0.0000,-0.3066,-0.0000,0.0000,0.0000,0.0000,-0.0000,0.0000,0.0000,0.2300,-0.0000,0.0549,-0.1035,-0.0354,0.2350,0.0583,0.0311,-0.1361,-0.0670,-2.2835,0.0099,0.0376,-0.4652,-0.1328,-0.0046,-0.0268,-0.3740,-0.0660,-0.0057,0.0081,0.3893,0.0060,
7.2935,RLFSMStateRLLocomotion,0.2000,0.0000,-0.0143,-0.0703,0.0469,0.1087,0.6292,0.0066,0.0349,-0.7765,-0.2991,-0.3221,0.0000,0.0353,0.0046,0.0000,-0.0169,-0.0153,0.0000,0.0000,0.0000,0.4571,0.5047,0.0000,0.0000,-0.1810,-0.1902,0.0000,0.0000,-0.0199,0.0291,-0.2798,-0.3280,-0.0094,0.1121,-0.0360,0.0093,-0.0270,-0.0216,0.0000,0.0036,0.0070,0.3841,0.4678,-0.0021,-0.0064,-0.2964,-0.2122,-0.0012,0.0024,0.0424,0.0659,0.2300,0.0000,0.0000,0.0000,-0.0767,0.0000,0.0000,0.0000,0.0000,0.0000,0.0000,-0.2300,-0.0000,0.0000,0.0000,-0.0767,-0.0000,0.0000,0.0000,0.1533,-0.0000,0.0809,-0.1121,-0.0376,0.2485,0.0561,0.0373,-0.1241,-0.0704,-2.2081,0.0146,0.0281,-0.4634,-0.1286,-0.0083,-0.0255,-0.3856,-0.0489,-0.0048,0.0095,0.4095,0.0237,
7.3137,RLFSMStateRLLocomotion,0.2000,0.0000,-0.0093,-0.0149,0.0309,0.0490,0.6295,0.0065,0.0355,-0.7762,-0.2961,-0.3221,0.0000,0.0353,0.0046,0.0000,-0.0169,-0.0153,0.0000,0.0000,0.0000,0.4541,0.5047,0.0000,0.0000,-0.1810,-0.1902,0.0000,0.0000,-0.0199,0.0291,-0.2732,-0.3267,-0.0045,0.1172,-0.0381,0.0102,-0.0297,-0.0240,0.0000,0.0040,0.0054,0.3822,0.4756,-0.0000,-0.0049,-0.2838,-0.2040,-0.0009,0.0018,0.0493,0.0713,0.1533,0.0000,0.0000,0.0000,-0.0767,0.0000,0.0000,0.0000,0.0000,0.0000,0.0000,-0.1533,-0.0000,0.0000,0.0000,0.0000,-0.0000,0.0000,0.0000,-0.0000,-0.0000,0.1071,-0.1066,-0.0182,0.2688,0.0478,0.0408,-0.1348,-0.0799,-2.1142,0.0159,0.0214,-0.4710,-0.0974,-0.0000,-0.0195,-0.3350,-0.0162,-0.0036,0.0074,0.4372,0.0451,
7.3339,RLFSMStateRLLocomotion,0.2000,0.0000,-0.0051,0.0096,-0.0160,0.0447,0.6293,0.0063,0.0352,-0.7763,-0.2945,-0.3237,0.0000,0.0368,0.0046,0.0000,-0.0169,-0.0153,0.0000,0.0000,0.0000,0.4525,0.5047,0.0000,0.0000,-0.1825,-0.1902,0.0000,0.0000,-0.0199,0.0291,-0.2681,-0.3273,-0.0030,0.1179,-0.0369,0.0089,-0.0322,-0.0241,0.0000,0.0021,0.0070,0.3837,0.4769,0.0010,-0.0046,-0.2754,-0.2042,-0.0018,0.0016,0.0487,0.0692,0.0767,-0.0767,0.0000,0.0767,0.0000,0.0000,0.0000,0.0000,0.0000,0.0000,0.0000,-0.0767,-0.0000,0.0000,0.0000,-0.0767,-0.0000,0.0000,0.0000,-0.0000,-0.0000,0.1278,-0.1094,-0.0121,0.2714,0.0525,0.0357,-0.1449,-0.0803,-2.0215,0.0083,0.0279,-0.4652,-0.0925,0.0040,-0.0185,-0.3016,-0.0168,-0.0070,0.0064,0.4350,0.0370,
7.3541,RLFSMStateRLLocomotion,0.2000,0.0000,-0.0044,0.0128,0.0085,0.0075,0.6292,0.0074,0.0347,-0.7764,-0.2930,-0.3237,0.0000,0.0399,0.0046,0.0000,-0.0169,-0.0184,0.0000,0.0000,0.0000,0.4495,0.5047,0.0000,0.0000,-0.1841,-0.1902,0.0000,0.0000,-0.0199,0.0291,-0.2672,-0.3288,-0.0043,0.1157,-0.0368,0.0083,-0.0323,-0.0235,0.0000,0.0015,0.0076,0.3827,0.4754,0.0009,-0.0051,-0.2744,-0.2062,-0.0019,0.0020,0.0461,0.0673,-0.0000,0.0000,0.0000,0.1533,0.0000,0.0000,0.0000,-0.0767,0.0000,0.0000,0.0000,-0.1533,-0.0000,0.0000,0.0000,0.0000,-0.0000,0.0000,0.0000,-0.0000,-0.0000,0.1314,-0.1151,-0.0172,0.2628,0.0527,0.0333,-0.1452,-0.0781,-1.9325,0.0059,0.0305,-0.4690,-0.0983,0.0035,-0.0203,-0.2977,-0.0248,-0.0076,0.0081,0.4242,0.0293,
7.3743,RLFSMStateRLLocomotion,0.2000,0.0000,-0.0013,0.0266,-0.0128,0.0170,0.6291,0.0081,0.0336,-0.7766,-0.2899,-0.3237,0.0000,0.0414,0.0046,0.0000,-0.0169,-0.0199,0.0000,0.0000,0.0000,0.4479,0.5047,0.0000,0.0000,-0.1841,-0.1902,0.0000,0.0000,-0.0199,0.0276,-0.2669,-0.3286,-0.0046,0.1108,-0.0370,0.0071,-0.0325,-0.0237,0.0000,0.0010,0.0088,0.3835,0.4738,0.0007,-0.0055,-0.2710,-0.2084,-0.0020,0.0022,0.0410,0.0653,0.1533,0.0000,0.0000,0.0000,0.0000,0.0000,0.0000,-0.0767,0.0000,0.0000,0.0000,0.0000,-0.0000,0.0000,0.0000,0.0000,-0.0000,0.0000,0.0000,-0.0000,-0.0767,0.1325,-0.1143,-0.0183,0.2434,0.0522,0.0285,-0.1459,-0.0790,-1.8546,0.0039,0.0353,-0.4660,-0.1048,0.0028,-0.0221,-0.2841,-0.0335,-0.0078,0.0088,0.4041,0.0211,
7.3947,RLFSMStateRLLocomotion,0.2000,0.0000,-0.0019,0.0671,0.0011,0.0107,0.6289,0.0085,0.0331,-0.7767,-0.2884,-0.3237,0.0000,0.0430,0.0046,0.0000,-0.0169,-0.0199,0.0000,0.0000,0.0000,0.4464,0.5047,0.0000,0.0000,-0.1841,-0.1902,0.0000,0.0000,-0.0199,0.0276,-0.2665,-0.3294,-0.0052,0.1104,-0.0364,0.0066,-0.0318,-0.0242,0.0000,0.0005,0.0087,0.3834,0.4718,0.0009,-0.0055,-0.2698,-0.2102,-0.0016,0.0022,0.0377,0.0642,0.1533,0.0000,0.0000,0.1533,0.0000,0.0000,0.0000,-0.0767,0.0000,0.0000,0.0000,-0.1533,-0.0000,0.0000,0.0000,0.0000,-0.0000,0.0000,0.0000,-0.0000,-0.0767,0.1341,-0.1177,-0.0206,0.2416,0.0545,0.0264,-0.1431,-0.0807,-1.7874,0.0019,0.0349,-0.4664,-0.1126,0.0035,-0.0219,-0.2792,-0.0409,-0.0065,0.0089,0.3906,0.0169,
7.4149,RLFSMStateRLLocomotion,0.2000,0.0000,-0.0011,0.0053,0.0138,0.0107,0.6285,0.0092,0.0327,-0.7770,-0.2869,-0.3237,0.0000,0.0430,0.0046,0.0000,-0.0169,-0.0199,0.0000,0.0000,0.0000,0.4449,0.5047,0.0000,0.0000,-0.1841,-0.1902,0.0000,0.0000,-0.0199,0.0276,-0.2661,-0.3299,-0.0052,0.1054,-0.0362,0.0056,-0.0302,-0.0236,0.0000,0.0001,0.0100,0.3865,0.4675,0.0002,-0.0061,-0.2677,-0.2141,-0.0018,0.0025,0.0326,0.0616,0.0767,0.0000,0.0000,0.0000,0.0000,0.0000,0.0000,0.0000,0.0000,0.0000,0.0000,-0.0767,-0.0000,0.0000,0.0000,0.0000,-0.0000,0.0000,0.0000,-0.0000,-0.0000,0.1358,-0.1196,-0.0210,0.2217,0.0552,0.0225,-0.1369,-0.0783,-1.7301,0.0005,0.0398,-0.4541,-0.1301,0.0007,-0.0243,-0.2708,-0.0564,-0.0070,0.0102,0.3702,0.0065,
7.4351,RLFSMStateRLLocomotion,0.2000,0.0000,-0.0006,0.0138,-0.0011,0.0117,0.6285,0.0098,0.0321,-0.7771,-0.2838,-0.3237,0.0000,0.0430,0.0046,0.0000,-0.0169,-0.0215,0.0000,0.0000,0.0000,0.4449,0.5047,0.0000,0.0000,-0.1841,-0.1902,0.0000,0.0000,-0.0199,0.0276,-0.2650,-0.3288,-0.0054,0.1065,-0.0368,0.0063,-0.0308,-0.0243,0.0000,0.0004,0.0087,0.3849,0.4697,0.0004,-0.0057,-0.2678,-0.2117,-0.0013,0.0022,0.0328,0.0630,0.0767,0.0000,0.0000,0.0000,0.0000,0.0000,0.0000,0.0000,0.0000,0.0000,0.0000,0.0000,-0.0000,0.0000,0.0000,0.0000,-0.0000,0.0000,0.0000,-0.0000,-0.0000,0.1400,-0.1151,-0.0216,0.2259,0.0528,0.0251,-0.1393,-0.0810,-1.6774,0.0017,0.0347,-0.4604,-0.1213,0.0014,-0.0228,-0.2711,-0.0469,-0.0053,0.0089,0.3712,0.0119,
7.4553,RLFSMStateRLLocomotion,0.2000,0.0000,0.0008,0.0011,0.0202,-0.0096,0.6283,0.0104,0.0319,-0.7772,-0.2792,-0.3237,0.0000,0.0430,0.0046,0.0000,-0.0169,-0.0215,0.0000,0.0000,0.0000,0.4449,0.5047,0.0000,0.0000,-0.1841,-0.1902,0.0000,0.0000,-0.0199,0.0276,-0.2630,-0.3301,-0.0055,0.1059,-0.0370,0.0054,-0.0308,-0.0247,0.0000,-0.0004,0.0091,0.3856,0.4687,0.0007,-0.0059,-0.2668,-0.2124,-0.0013,0.0022,0.0307,0.0614,0.1533,0.0000,0.0000,0.0000,0.0000,0.0000,0.0000,0.0000,0.0000,0.0000,0.0000,0.0000,-0.0000,0.0000,0.0000,0.0000,-0.0000,0.0000,0.0000,-0.0000,-0.0000,0.1478,-0.1203,-0.0219,0.2236,0.0519,0.0215,-0.1393,-0.0829,-1.6281,-0.0015,0.0364,-0.4578,-0.1254,0.0030,-0.0235,-0.2672,-0.0495,-0.0050,0.0089,0.3629,0.0058,
7.4755,RLFSMStateRLLocomotion,0.2000,0.0000,0.0013,-0.0075,0.0202,-0.0032,0.6283,0.0107,0.0318,-0.7772,-0.2792,-0.3237,0.0000,0.0430,0.0046,0.0000,-0.0169,-0.0215,0.0000,0.0000,0.0000,0.4449,0.5047,0.0000,0.0000,-0.1841,-0.1902,0.0000,0.0000,-0.0199,0.0276,-0.2606,-0.3304,-0.0058,0.1047,-0.0373,0.0050,-0.0310,-0.0252,0.0000,-0.0008,0.0090,0.3861,0.4684,0.0008,-0.0061,-0.2670,-0.2121,-0.0012,0.0023,0.0290,0.0610,0.1533,0.0000,0.0000,0.0000,0.0000,0.0000,0.0000,0.0000,0.0000,0.0000,0.0000,0.0000,-0.0000,0.0000,0.0000,0.0000,-0.0000,0.0000,0.0000,-0.0000,-0.0000,0.1575,-0.1216,-0.0234,0.2188,0.0507,0.0198,-0.1398,-0.0849,-1.5824,-0.0030,0.0361,-0.4555,-0.1263,0.0031,-0.0245,-0.2681,-0.0483,-0.0047,0.0091,0.3561,0.0041,
7.4957,RLFSMStateRLLocomotion,0.2000,0.0000,0.0008,-0.0107,0.0096,-0.0075,0.6284,0.0110,0.0319,-0.7771,-0.2792,-0.3237,0.0000,0.0430,0.0046,0.0000,-0.0169,-0.0215,0.0000,0.0000,0.0000,0.4449,0.5047,0.0000,0.0000,-0.1841,-0.1902,0.0000,0.0000,-0.0199,0.0276,-0.2596,-0.3306,-0.0057,0.1048,-0.0373,0.0051,-0.0309,-0.0254,0.0000,-0.0007,0.0086,0.3864,0.4688,0.0006,-0.0062,-0.2668,-0.2113,-0.0012,0.0022,0.0292,0.0613,0.0767,0.0000,0.0000,0.0000,0.0000,0.0000,0.0000,0.0000,0.0000,0.0000,0.0000,0.0000,-0.0000,0.0000,0.0000,0.0000,-0.0000,0.0000,0.0000,-0.0000,-0.0000,0.1614,-0.1224,-0.0228,0.2191,0.0509,0.0203,-0.1397,-0.0855,-1.5390,-0.0028,0.0345,-0.4543,-0.1246,0.0025,-0.0246,-0.2671,-0.0453,-0.0047,0.0089,0.3569,0.0053,
7.5159,RLFSMStateRLLocomotion,0.2000,0.0000,0.0010,-0.0107,0.0096,-0.0075,0.6284,0.0110,0.0319,-0.7771,-0.2792,-0.3237,0.0000,0.0430,0.0046,0.0000,-0.0169,-0.0215,0.0000,0.0000,0.0000,0.4449,0.5047,0.0000,0.0000,-0.1841,-0.1902,0.0000,0.0000,-0.0199,0.0276,-0.2596,-0.3307,-0.0061,0.1048,-0.0374,0.0049,-0.0310,-0.0254,0.0000,-0.0007,0.0086,0.3856,0.4692,0.0004,-0.0062,-0.2680,-0.2114,-0.0012,0.0023,0.0294,0.0612,0.0767,0.0000,0.0000,0.0000,0.0000,0.0000,0.0000,0.0000,0.0000,0.0000,0.0000,0.0000,-0.0000,0.0000,0.0000,0.0000,-0.0000,0.0000,0.0000,-0.0000,-0.0000,0.1614,-0.1229,-0.0246,0.2191,0.0505,0.0198,-0.1402,-0.0857,-1.4977,-0.0029,0.0343,-0.4576,-0.1232,0.0015,-0.0247,-0.2720,-0.0456,-0.0046,0.0091,0.3575,0.0050,
7.5360,RLFSMStateRLLocomotion,0.2000,0.0000,0.0010,-0.0107,0.0096,-0.0075,0.6284,0.0110,0.0319,-0.7771,-0.2792,-0.3237,0.0000,0.0430,0.0046,0.0000,-0.0169,-0.0215,0.0000,0.0000,0.0000,0.4449,0.5047,0.0000,0.0000,-0.1841,-0.1902,0.0000,0.0000,-0.0199,0.0276,-0.2598,-0.3307,-0.0063,0.1049,-0.0374,0.0050,-0.0311,-0.0254,0.0000,-0.0007,0.0085,0.3852,0.4696,0.0003,-0.0062,-0.2686,-0.2113,-0.0012,0.0023,0.0297,0.0613,0.0767,0.0000,0.0000,0.0000,0.0000,0.0000,0.0000,0.0000,0.0000,0.0000,0.0000,0.0000,-0.0000,0.0000,0.0000,0.0000,-0.0000,0.0000,0.0000,-0.0000,-0.0000,0.1606,-0.1227,-0.0251,0.2195,0.0505,0.0199,-0.1404,-0.0858,-1.4597,-0.0027,0.0340,-0.4592,-0.1218,0.0012,-0.0248,-0.2746,-0.0452,-0.0048,0.0091,0.3587,0.0051,
7.5561,RLFSMStateRLLocomotion,0.2000,0.0000,0.0010,-0.0107,0.0096,-0.0075,0.6284,0.0110,0.0319,-0.7771,-0.2792,-0.3237,0.0000,0.0430,0.0046,0.0000,-0.0169,-0.0215,0.0000,0.0000,0.0000,0.4449,0.5047,0.0000,0.0000,-0.1841,-0.1902,0.0000,0.0000,-0.0199,0.0276,-0.2599,-0.3307,-0.0063,0.1050,-0.0374,0.0050,-0.0312,-0.0254,0.0000,-0.0006,0.0085,0.3850,0.4698,0.0003,-0.0062,-0.2689,-0.2112,-0.0012,0.0023,0.0299,0.0613,0.0767,0.0000,0.0000,0.0000,0.0000,0.0000,0.0000,0.0000,0.0000,0.0000,0.0000,0.0000,-0.0000,0.0000,0.0000,0.0000,-0.0000,0.0000,0.0000,-0.0000,-0.0000,0.1602,-0.1227,-0.0253,0.2201,0.0505,0.0200,-0.1406,-0.0857,-1.4247,-0.0026,0.0338,-0.4598,-0.1207,0.0012,-0.0248,-0.2758,-0.0447,-0.0049,0.0091,0.3596,0.0051,
7.5764,RLFSMStateRLLocomotion,0.2000,0.0000,0.0005,0.0096,0.0064,0.0032,0.6284,0.0106,0.0329,-0.7771,-0.2746,-0.3237,0.0000,0.0430,0.0046,0.0000,-0.0169,-0.0215,0.0000,0.0000,0.0000,0.4449,0.5047,0.0000,0.0000,-0.1841,-0.1902,0.0000,0.0000,-0.0199,0.0276,-0.2577,-0.3320,-0.0075,0.1046,-0.0373,0.0047,-0.0306,-0.0256,0.0000,-0.0011,0.0086,0.3856,0.4687,0.0002,-0.0066,-0.2718,-0.2114,-0.0013,0.0025,0.0289,0.0609,-0.0000,0.0000,0.0000,0.0000,0.0000,0.0000,0.0000,0.0000,0.0000,0.0000,0.0000,0.0000,-0.0000,0.0000,0.0000,0.0000,-0.0000,0.0000,0.0000,-0.0000,-0.0000,0.1692,-0.1279,-0.0299,0.2185,0.0509,0.0188,-0.1385,-0.0865,-1.3936,-0.0042,0.0343,-0.4576,-0.1252,0.0009,-0.0264,-0.2870,-0.0456,-0.0052,0.0100,0.3554,0.0035,
7.5966,RLFSMStateRLLocomotion,0.2000,0.0000,0.0002,0.0011,0.0064,0.0021,0.6284,0.0107,0.0330,-0.7771,-0.2730,-0.3237,0.0000,0.0430,0.0046,0.0000,-0.0169,-0.0215,0.0000,0.0000,0.0000,0.4449,0.5047,0.0000,0.0000,-0.1841,-0.1902,0.0000,0.0000,-0.0199,0.0276,-0.2575,-0.3322,-0.0081,0.1046,-0.0373,0.0047,-0.0303,-0.0259,0.0000,-0.0009,0.0083,0.3845,0.4689,-0.0001,-0.0068,-0.2746,-0.2112,-0.0012,0.0026,0.0295,0.0612,0.0767,0.0000,0.0000,0.0000,0.0000,0.0000,0.0000,0.0000,0.0000,0.0000,0.0000,0.0000,-0.0000,0.0000,0.0000,0.0000,-0.0000,0.0000,0.0000,-0.0000,-0.0000,0.1700,-0.1286,-0.0323,0.2184,0.0509,0.0189,-0.1373,-0.0875,-1.3651,-0.0035,0.0331,-0.4620,-0.1243,-0.0003,-0.0271,-0.2984,-0.0447,-0.0048,0.0103,0.3579,0.0046,
7.6168,RLFSMStateRLLocomotion,0.2000,0.0000,0.0009,-0.0138,0.0202,-0.0021,0.6285,0.0110,0.0331,-0.7771,-0.2715,-0.3237,0.0000,0.0430,0.0046,0.0000,-0.0169,-0.0215,0.0000,0.0000,0.0000,0.4449,0.5047,0.0000,0.0000,-0.1841,-0.1902,0.0000,0.0000,-0.0199,0.0276,-0.2568,-0.3320,-0.0078,0.1050,-0.0376,0.0047,-0.0306,-0.0263,0.0000,-0.0009,0.0081,0.3845,0.4700,0.0002,-0.0069,-0.2746,-0.2098,-0.0012,0.0025,0.0301,0.0618,0.0767,0.0000,0.0000,0.0000,0.0000,0.0000,0.0000,0.0000,0.0000,0.0000,0.0000,0.0000,-0.0000,0.0000,0.0000,0.0000,-0.0000,0.0000,0.0000,-0.0000,-0.0000,0.1729,-0.1280,-0.0314,0.2200,0.0497,0.0189,-0.1382,-0.0890,-1.3382,-0.0037,0.0323,-0.4620,-0.1200,0.0008,-0.0275,-0.2985,-0.0392,-0.0047,0.0099,0.3606,0.0072,
7.6370,RLFSMStateRLLocomotion,0.2000,0.0000,0.0003,-0.0107,0.0192,0.0000,0.6285,0.0113,0.0332,-0.7770,-0.2684,-0.3252,0.0000,0.0430,0.0046,0.0000,-0.0169,-0.0215,0.0000,0.0000,0.0000,0.4449,0.5047,0.0000,0.0000,-0.1841,-0.1902,0.0000,0.0000,-0.0199,0.0276,-0.2546,-0.3325,-0.0083,0.1051,-0.0375,0.0044,-0.0302,-0.0265,0.0000,-0.0012,0.0080,0.3850,0.4698,0.0002,-0.0071,-0.2759,-0.2095,-0.0011,0.0026,0.0300,0.0617,0.0767,-0.0767,0.0000,0.0000,0.0000,0.0000,0.0000,0.0000,0.0000,0.0000,0.0000,0.0000,-0.0000,0.0000,0.0000,0.0000,-0.0000,0.0000,0.0000,-0.0000,-0.0000,0.1818,-0.1301,-0.0331,0.2204,0.0501,0.0178,-0.1370,-0.0901,-1.3132,-0.0049,0.0320,-0.4601,-0.1206,0.0007,-0.0284,-0.3036,-0.0379,-0.0046,0.0103,0.3600,0.0069,
7.6573,RLFSMStateRLLocomotion,0.2000,0.0000,0.0003,-0.0032,0.0085,-0.0021,0.6286,0.0115,0.0332,-0.7769,-0.2669,-0.3252,0.0000,0.0430,0.0046,0.0000,-0.0169,-0.0215,0.0000,0.0000,0.0000,0.4449,0.5047,0.0000,0.0000,-0.1841,-0.1902,0.0000,0.0000,-0.0199,0.0276,-0.2534,-0.3336,-0.0086,0.1046,-0.0376,0.0042,-0.0299,-0.0268,0.0000,-0.0014,0.0080,0.3851,0.4696,0.0002,-0.0074,-0.2774,-0.2087,-0.0011,0.0027,0.0294,0.0616,0.0767,0.0000,0.0000,0.0000,0.0000,0.0000,0.0000,0.0000,0.0000,0.0000,0.0000,0.0000,-0.0000,0.0000,0.0000,0.0000,-0.0000,0.0000,0.0000,-0.0000,-0.0000,0.1862,-0.1342,-0.0343,0.2182,0.0496,0.0169,-0.1354,-0.0913,-1.2896,-0.0057,0.0319,-0.4596,-0.1218,0.0009,-0.0296,-0.3097,-0.0346,-0.0044,0.0106,0.3574,0.0063,
7.6776,RLFSMStateRLLocomotion,0.2000,0.0000,0.0002,0.0011,-0.0011,-0.0000,0.6286,0.0113,0.0332,-0.7769,-0.2669,-0.3252,0.0000,0.0430,0.0046,0.0000,-0.0169,-0.0215,0.0000,0.0000,0.0000,0.4449,0.5047,0.0000,0.0000,-0.1841,-0.1902,0.0000,0.0000,-0.0199,0.0276,-0.2534,-0.3345,-0.0093,0.1039,-0.0376,0.0039,-0.0294,-0.0269,0.0000,-0.0016,0.0082,0.3848,0.4687,0.0001,-0.0077,-0.2794,-0.2094,-0.0011,0.0027,0.0285,0.0609,0.0767,0.0000,0.0000,0.0000,0.0000,0.0000,0.0000,0.0000,0.0000,0.0000,0.0000,0.0000,-0.0000,0.0000,0.0000,0.0000,-0.0000,0.0000,0.0000,-0.0000,-0.0000,0.1862,-0.1382,-0.0371,0.2155,0.0495,0.0154,-0.1338,-0.0915,-1.2675,-0.0065,0.0327,-0.4609,-0.1253,0.0003,-0.0307,-0.3174,-0.0376,-0.0045,0.0109,0.3540,0.0038,
7.6978,RLFSMStateRLLocomotion,0.2000,0.0000,0.0001,0.0053,0.0053,-0.0000,0.6286,0.0111,0.0333,-0.7769,-0.2654,-0.3252,0.0000,0.0430,0.0046,0.0000,-0.0169,-0.0215,0.0000,0.0000,0.0000,0.4449,0.5047,0.0000,0.0000,-0.1841,-0.1902,0.0000,0.0000,-0.0199,0.0276,-0.2542,-0.3345,-0.0097,0.1037,-0.0376,0.0038,-0.0292,-0.0270,0.0000,-0.0015,0.0081,0.3841,0.4685,-0.0000,-0.0078,-0.2811,-0.2097,-0.0011,0.0028,0.0286,0.0609,0.0767,0.0000,0.0000,0.0000,0.0000,0.0000,0.0000,0.0000,0.0000,0.0000,0.0000,0.0000,-0.0000,0.0000,0.0000,0.0000,-0.0000,0.0000,0.0000,-0.0000,-0.0000,0.1834,-0.1380,-0.0389,0.2147,0.0497,0.0153,-0.1328,-0.0918,-1.2486,-0.0060,0.0325,-0.4635,-0.1258,-0.0000,-0.0313,-0.3243,-0.0389,-0.0044,0.0110,0.3545,0.0037,
7.7181,RLFSMStateRLLocomotion,0.2000,0.0000,0.0002,0.0053,0.0053,-0.0000,0.6286,0.0111,0.0333,-0.7769,-0.2654,-0.3252,0.0000,0.0430,0.0046,0.0000,-0.0169,-0.0215,0.0000,0.0000,0.0000,0.4449,0.5047,0.0000,0.0000,-0.1841,-0.1902,0.0000,0.0000,-0.0199,0.0276,-0.2538,-0.3346,-0.0101,0.1033,-0.0376,0.0037,-0.0290,-0.0270,0.0000,-0.0016,0.0082,0.3840,0.4682,0.0000,-0.0080,-0.2824,-0.2098,-0.0011,0.0028,0.0282,0.0607,0.0767,0.0000,0.0000,0.0000,0.0000,0.0000,0.0000,0.0000,0.0000,0.0000,0.0000,0.0000,-0.0000,0.0000,0.0000,0.0000,-0.0000,0.0000,0.0000,-0.0000,-0.0000,0.1846,-0.1384,-0.0403,0.2134,0.0495,0.0150,-0.1320,-0.0921,-1.2322,-0.0063,0.0328,-0.4638,-0.1271,0.0001,-0.0321,-0.3295,-0.0392,-0.0044,0.0112,0.3529,0.0029,
7.7384,RLFSMStateRLLocomotion,0.2000,0.0000,0.0002,-0.0075,0.0224,0.0000,0.6286,0.0112,0.0335,-0.7770,-0.2638,-0.3252,0.0000,0.0430,0.0046,0.0000,-0.0169,-0.0230,0.0000,0.0000,0.0000,0.4449,0.5047,0.0000,0.0000,-0.1841,-0.1902,0.0000,0.0000,-0.0199,0.0276,-0.2528,-0.3347,-0.0102,0.1032,-0.0377,0.0037,-0.0289,-0.0272,0.0000,-0.0016,0.0081,0.3843,0.4684,0.0001,-0.0080,-0.2824,-0.2098,-0.0011,0.0028,0.0282,0.0607,-0.0000,0.0000,0.0000,0.0000,0.0000,0.0000,0.0000,-0.0767,0.0000,0.0000,0.0000,0.0000,-0.0000,0.0000,0.0000,0.0000,-0.0000,0.0000,0.0000,-0.0000,-0.0000,0.1888,-0.1388,-0.0407,0.2127,0.0491,0.0149,-0.1317,-0.0928,-1.2168,-0.0066,0.0323,-0.4630,-0.1263,0.0005,-0.0327,-0.3320,-0.0365,-0.0043,0.0111,0.3522,0.0037,
7.7587,RLFSMStateRLLocomotion,0.2000,0.0000,0.0003,0.0032,0.0213,-0.0011,0.6286,0.0114,0.0336,-0.7769,-0.2638,-0.3267,0.0000,0.0430,0.0046,0.0000,-0.0169,-0.0230,0.0000,0.0000,0.0000,0.4449,0.5047,0.0000,0.0000,-0.1841,-0.1902,0.0000,0.0000,-0.0199,0.0276,-0.2520,-0.3348,-0.0101,0.1030,-0.0379,0.0035,-0.0290,-0.0276,0.0000,-0.0017,0.0080,0.3842,0.4684,0.0000,-0.0082,-0.2830,-0.2089,-0.0010,0.0028,0.0277,0.0606,-0.0000,0.0000,0.0000,0.0000,0.0000,0.0000,0.0000,0.0000,0.0000,0.0000,0.0000,0.0000,-0.0000,0.0000,0.0000,0.0000,-0.0000,0.0000,0.0000,-0.0000,-0.0000,0.1922,-0.1393,-0.0405,0.2120,0.0485,0.0140,-0.1319,-0.0942,-1.2023,-0.0067,0.0319,-0.4632,-0.1262,0.0001,-0.0329,-0.3319,-0.0357,-0.0040,0.0111,0.3508,0.0025,
7.7789,RLFSMStateRLLocomotion,0.2000,0.0000,0.0003,-0.0032,0.0117,-0.0011,0.6286,0.0115,0.0337,-0.7769,-0.2638,-0.3267,0.0000,0.0430,0.0046,0.0000,-0.0169,-0.0230,0.0000,0.0000,0.0000,0.4449,0.5047,0.0000,0.0000,-0.1841,-0.1902,0.0000,0.0000,-0.0199,0.0276,-0.2525,-0.3349,-0.0108,0.1030,-0.0377,0.0035,-0.0289,-0.0281,0.0000,-0.0017,0.0078,0.3832,0.4688,-0.0000,-0.0084,-0.2850,-0.2084,-0.0010,0.0029,0.0280,0.0609,-0.0000,-0.0767,0.0000,0.0000,0.0000,0.0000,0.0000,0.0000,0.0000,0.0000,0.0000,0.0000,-0.0000,0.0000,0.0000,0.0000,-0.0000,0.0000,0.0000,-0.0000,-0.0000,0.1902,-0.1398,-0.0431,0.2120,0.0493,0.0141,-0.1314,-0.0962,-1.1892,-0.0069,0.0312,-0.4671,-0.1247,-0.0000,-0.0337,-0.3401,-0.0334,-0.0038,0.0114,0.3520,0.0034,
7.7992,RLFSMStateRLLocomotion,0.2000,0.0000,0.0002,-0.0021,0.0011,-0.0011,0.6286,0.0114,0.0336,-0.7769,-0.2638,-0.3267,0.0000,0.0430,0.0046,0.0000,-0.0169,-0.0230,0.0000,0.0000,0.0000,0.4449,0.5047,0.0000,0.0000,-0.1841,-0.1902,0.0000,0.0000,-0.0199,0.0276,-0.2533,-0.3353,-0.0111,0.1029,-0.0378,0.0035,-0.0288,-0.0280,0.0000,-0.0017,0.0079,0.3825,0.4689,-0.0000,-0.0085,-0.2862,-0.2085,-0.0010,0.0029,0.0280,0.0609,-0.0000,0.0000,0.0000,0.0000,0.0000,0.0000,0.0000,0.0000,0.0000,0.0000,0.0000,0.0000,-0.0000,0.0000,0.0000,0.0000,-0.0000,0.0000,0.0000,-0.0000,-0.0000,0.1866,-0.1413,-0.0445,0.2116,0.0487,0.0141,-0.1311,-0.0960,-1.1770,-0.0067,0.0318,-0.4700,-0.1244,-0.0001,-0.0341,-0.3448,-0.0341,-0.0041,0.0113,0.3523,0.0026,
7.8195,RLFSMStateRLLocomotion,0.2000,0.0000,0.0002,-0.0021,0.0011,-0.0011,0.6286,0.0114,0.0336,-0.7769,-0.2638,-0.3267,0.0000,0.0430,0.0046,0.0000,-0.0169,-0.0230,0.0000,0.0000,0.0000,0.4449,0.5047,0.0000,0.0000,-0.1841,-0.1902,0.0000,0.0000,-0.0199,0.0276,-0.2539,-0.3353,-0.0114,0.1029,-0.0378,0.0036,-0.0287,-0.0280,0.0000,-0.0016,0.0080,0.3820,0.4690,0.0000,-0.0086,-0.2871,-0.2086,-0.0010,0.0028,0.0283,0.0607,-0.0000,0.0000,0.0000,0.0000,0.0000,0.0000,0.0000,0.0000,0.0000,0.0000,0.0000,0.0000,-0.0000,0.0000,0.0000,0.0000,-0.0000,0.0000,0.0000,-0.0000,-0.0000,0.1843,-0.1411,-0.0456,0.2117,0.0487,0.0143,-0.1309,-0.0960,-1.1668,-0.0064,0.0318,-0.4720,-0.1238,0.0000,-0.0343,-0.3486,-0.0346,-0.0041,0.0113,0.3532,0.0027,
7.8397,RLFSMStateRLLocomotion,0.2000,0.0000,0.0002,-0.0021,0.0011,-0.0011,0.6286,0.0114,0.0336,-0.7769,-0.2638,-0.3267,0.0000,0.0430,0.0046,0.0000,-0.0169,-0.0230,0.0000,0.0000,0.0000,0.4449,0.5047,0.0000,0.0000,-0.1841,-0.1902,0.0000,0.0000,-0.0199,0.0276,-0.2543,-0.3352,-0.0115,0.1030,-0.0378,0.0036,-0.0287,-0.0280,0.0000,-0.0016,0.0080,0.3817,0.4692,0.0000,-0.0086,-0.2878,-0.2087,-0.0010,0.0028,0.0285,0.0607,-0.0000,0.0000,0.0000,0.0000,0.0000,0.0000,0.0000,0.0000,0.0000,0.0000,0.0000,0.0000,-0.0000,0.0000,0.0000,0.0000,-0.0000,0.0000,0.0000,-0.0000,-0.0000,0.1829,-0.1408,-0.0462,0.2119,0.0487,0.0145,-0.1308,-0.0959,-1.1579,-0.0063,0.0319,-0.4734,-0.1233,0.0001,-0.0344,-0.3511,-0.0347,-0.0042,0.0113,0.3540,0.0027,
7.8599,RLFSMStateRLLocomotion,0.2000,0.0000,0.0002,-0.0021,0.0011,-0.0011,0.6286,0.0114,0.0336,-0.7769,-0.2638,-0.3267,0.0000,0.0430,0.0046,0.0000,-0.0169,-0.0230,0.0000,0.0000,0.0000,0.4449,0.5047,0.0000,0.0000,-0.1841,-0.1902,0.0000,0.0000,-0.0199,0.0276,-0.2545,-0.3352,-0.0116,0.1030,-0.0378,0.0037,-0.0287,-0.0280,0.0000,-0.0015,0.0080,0.3815,0.4693,0.0001,-0.0086,-0.2881,-0.2087,-0.0010,0.0028,0.0286,0.0607,-0.0000,0.0000,0.0000,0.0000,0.0000,0.0000,0.0000,0.0000,0.0000,0.0000,0.0000,0.0000,-0.0000,0.0000,0.0000,0.0000,-0.0000,0.0000,0.0000,-0.0000,-0.0000,0.1821,-0.1407,-0.0465,0.2121,0.0486,0.0146,-0.1308,-0.0959,-1.1500,-0.0062,0.0319,-0.4741,-0.1229,0.0002,-0.0344,-0.3525,-0.0347,-0.0042,0.0113,0.3545,0.0028,
7.8801,RLFSMStateRLLocomotion,0.2000,0.0000,0.0002,-0.0021,0.0011,-0.0011,0.6286,0.0114,0.0336,-0.7769,-0.2638,-0.3267,0.0000,0.0430,0.0046,0.0000,-0.0169,-0.0230,0.0000,0.0000,0.0000,0.4449,0.5047,0.0000,0.0000,-0.1841,-0.1902,0.0000,0.0000,-0.0199,0.0276,-0.2546,-0.3351,-0.0117,0.1031,-0.0378,0.0037,-0.0287,-0.0280,0.0000,-0.0015,0.0080,0.3813,0.4693,0.0001,-0.0086,-0.2883,-0.2086,-0.0011,0.0028,0.0287,0.0607,-0.0000,0.0000,0.0000,0.0000,0.0000,0.0000,0.0000,0.0000,0.0000,0.0000,0.0000,0.0000,-0.0000,0.0000,0.0000,0.0000,-0.0000,0.0000,0.0000,-0.0000,-0.0000,0.1816,-0.1406,-0.0467,0.2123,0.0486,0.0147,-0.1309,-0.0959,-1.1429,-0.0061,0.0319,-0.4746,-0.1226,0.0003,-0.0345,-0.3534,-0.0346,-0.0042,0.0113,0.3549,0.0028,
7.9003,RLFSMStateRLLocomotion,0.2000,0.0000,0.0002,0.0000,0.0107,0.0000,0.6286,0.0117,0.0340,-0.7769,-0.2623,-0.3267,0.0000,0.0430,0.0046,0.0000,-0.0169,-0.0230,0.0000,0.0000,0.0000,0.4449,0.5047,0.0000,0.0000,-0.1841,-0.1902,0.0000,0.0000,-0.0199,0.0276,-0.2532,-0.3356,-0.0116,0.1029,-0.0379,0.0037,-0.0287,-0.0280,0.0000,-0.0015,0.0080,0.3813,0.4693,0.0001,-0.0086,-0.2883,-0.2086,-0.0011,0.0028,0.0287,0.0607,-0.0000,0.0000,0.0000,0.0000,0.0000,0.0000,0.0000,0.0000,0.0000,0.0000,0.0000,0.0000,-0.0000,0.0000,0.0000,0.0000,-0.0000,0.0000,0.0000,-0.0000,-0.0000,0.1871,-0.1422,-0.0465,0.2114,0.0485,0.0142,-0.1305,-0.0962,-1.1358,-0.0069,0.0319,-0.4715,-0.1240,0.0005,-0.0348,-0.3525,-0.0339,-0.0043,0.0115,0.3527,0.0022,
7.9206,RLFSMStateRLLocomotion,0.2000,0.0000,0.0002,-0.0011,0.0085,0.0000,0.6286,0.0117,0.0341,-0.7769,-0.2623,-0.3267,0.0000,0.0430,0.0046,0.0000,-0.0169,-0.0230,0.0000,0.0000,0.0000,0.4449,0.5047,0.0000,0.0000,-0.1841,-0.1902,0.0000,0.0000,-0.0199,0.0276,-0.2532,-0.3356,-0.0116,0.1029,-0.0379,0.0035,-0.0286,-0.0281,0.0000,-0.0017,0.0080,0.3821,0.4690,0.0001,-0.0087,-0.2881,-0.2085,-0.0011,0.0029,0.0282,0.0606,-0.0000,0.0000,0.0000,0.0000,0.0000,0.0000,0.0000,0.0000,0.0000,0.0000,0.0000,0.0000,-0.0000,0.0000,0.0000,0.0000,-0.0000,0.0000,0.0000,-0.0000,-0.0000,0.1890,-0.1428,-0.0462,0.2115,0.0487,0.0140,-0.1304,-0.0967,-1.1285,-0.0070,0.0314,-0.4707,-0.1239,0.0004,-0.0349,-0.3518,-0.0331,-0.0042,0.0115,0.3528,0.0026,
7.9409,RLFSMStateRLLocomotion,0.2000,0.0000,0.0002,0.0000,0.0000,0.0000,0.6286,0.0118,0.0341,-0.7769,-0.2623,-0.3267,0.0000,0.0430,0.0046,0.0000,-0.0169,-0.0230,0.0000,0.0000,0.0000,0.4449,0.5047,0.0000,0.0000,-0.1841,-0.1902,0.0000,0.0000,-0.0199,0.0276,-0.2528,-0.3357,-0.0115,0.1029,-0.0378,0.0035,-0.0286,-0.0282,0.0000,-0.0018,0.0078,0.3823,0.4690,0.0001,-0.0087,-0.2880,-0.2083,-0.0011,0.0029,0.0282,0.0606,-0.0000,0.0000,0.0000,0.0000,0.0000,0.0000,0.0000,0.0000,0.0000,0.0000,0.0000,0.0000,-0.0000,0.0000,0.0000,0.0000,-0.0000,0.0000,0.0000,-0.0000,-0.0000,0.1884,-0.1433,-0.0470,0.2119,0.0487,0.0137,-0.1302,-0.0969,-1.1215,-0.0070,0.0313,-0.4719,-0.1238,0.0000,-0.0350,-0.3538,-0.0337,-0.0042,0.0116,0.3533,0.0025,
7.9611,RLFSMStateRLLocomotion,0.2000,0.0000,0.0002,-0.0000,-0.0000,-0.0011,0.6286,0.0118,0.0341,-0.7769,-0.2623,-0.3267,0.0000,0.0430,0.0046,0.0000,-0.0169,-0.0230,0.0000,0.0000,0.0000,0.4449,0.5047,0.0000,0.0000,-0.1841,-0.1902,0.0000,0.0000,-0.0199,0.0276,-0.2531,-0.3358,-0.0118,0.1030,-0.0378,0.0034,-0.0285,-0.0282,0.0000,-0.0018,0.0078,0.3820,0.4691,0.0000,-0.0087,-0.2884,-0.2084,-0.0010,0.0029,0.0283,0.0606,-0.0000,0.0000,0.0000,0.0000,0.0000,0.0000,0.0000,0.0000,0.0000,0.0000,0.0000,0.0000,-0.0000,0.0000,0.0000,0.0000,-0.0000,0.0000,0.0000,-0.0000,-0.0000,0.1878,-0.1433,-0.0472,0.2119,0.0487,0.0136,-0.1302,-0.0969,-1.1154,-0.0070,0.0314,-0.4725,-0.1237,0.0000,-0.0350,-0.3547,-0.0341,-0.0042,0.0116,0.3535,0.0023,
7.9815,RLFSMStateRLLocomotion,0.2000,0.0000,0.0002,-0.0000,-0.0000,-0.0011,0.6286,0.0118,0.0341,-0.7769,-0.2623,-0.3267,0.0000,0.0430,0.0046,0.0000,-0.0169,-0.0230,0.0000,0.0000,0.0000,0.4449,0.5047,0.0000,0.0000,-0.1841,-0.1902,0.0000,0.0000,-0.0199,0.0276,-0.2531,-0.3358,-0.0118,0.1030,-0.0378,0.0034,-0.0285,-0.0282,0.0000,-0.0018,0.0078,0.3819,0.4691,0.0000,-0.0088,-0.2887,-0.2085,-0.0010,0.0029,0.0284,0.0606,-0.0000,0.0000,0.0000,0.0000,0.0000,0.0000,0.0000,0.0000,0.0000,0.0000,0.0000,0.0000,-0.0000,0.0000,0.0000,0.0000,-0.0000,0.0000,0.0000,-0.0000,-0.0000,0.1874,-0.1432,-0.0474,0.2120,0.0487,0.0136,-0.1302,-0.0969,-1.1099,-0.0070,0.0314,-0.4728,-0.1236,0.0001,-0.0350,-0.3553,-0.0342,-0.0042,0.0116,0.3536,0.0023,
8.0019,RLFSMStateRLLocomotion,0.2000,0.0000,0.0002,0.0011,0.0000,-0.0000,0.6286,0.0118,0.0342,-0.7769,-0.2623,-0.3267,0.0000,0.0430,0.0046,0.0000,-0.0169,-0.0230,0.0000,0.0000,0.0000,0.4449,0.5047,0.0000,0.0000,-0.1841,-0.1902,0.0000,0.0000,-0.0199,0.0276,-0.2532,-0.3358,-0.0118,0.1030,-0.0378,0.0034,-0.0285,-0.0282,0.0000,-0.0017,0.0078,0.3818,0.4691,0.0000,-0.0088,-0.2888,-0.2085,-0.0010,0.0029,0.0284,0.0606,-0.0000,0.0000,0.0000,0.0000,0.0000,0.0000,0.0000,0.0000,0.0000,0.0000,0.0000,0.0000,-0.0000,0.0000,0.0000,0.0000,-0.0000,0.0000,0.0000,-0.0000,-0.0000,0.1872,-0.1432,-0.0475,0.2120,0.0486,0.0136,-0.1302,-0.0969,-1.1050,-0.0069,0.0314,-0.4730,-0.1235,0.0001,-0.0351,-0.3557,-0.0342,-0.0042,0.0116,0.3537,0.0023,
8.0221,RLFSMStateRLLocomotion,0.2000,0.0000,0.0002,0.0000,0.0000,0.0000,0.6286,0.0118,0.0343,-0.7769,-0.2623,-0.3267,0.0000,0.0430,0.0046,0.0000,-0.0169,-0.0230,0.0000,0.0000,0.0000,0.4449,0.5047,0.0000,0.0000,-0.1841,-0.1902,0.0000,0.0000,-0.0199,0.0276,-0.2532,-0.3358,-0.0119,0.1031,-0.0378,0.0034,-0.0285,-0.0282,0.0000,-0.0017,0.0078,0.3817,0.4691,0.0000,-0.0088,-0.2889,-0.2085,-0.0011,0.0029,0.0284,0.0606,-0.0000,0.0000,0.0000,0.0000,0.0000,0.0000,0.0000,0.0000,0.0000,0.0000,0.0000,0.0000,-0.0000,0.0000,0.0000,0.0000,-0.0000,0.0000,0.0000,-0.0000,-0.0000,0.1874,-0.1433,-0.0476,0.2123,0.0487,0.0138,-0.1302,-0.0970,-1.1004,-0.0069,0.0312,-0.4731,-0.1232,0.0001,-0.0350,-0.3561,-0.0338,-0.0042,0.0116,0.3542,0.0026,
8.0425,RLFSMStateRLLocomotion,0.2000,0.0000,0.0002,0.0000,0.0000,0.0000,0.6286,0.0118,0.0342,-0.7769,-0.2623,-0.3267,0.0000,0.0430,0.0046,0.0000,-0.0169,-0.0230,0.0000,0.0000,0.0000,0.4449,0.5047,0.0000,0.0000,-0.1841,-0.1902,0.0000,0.0000,-0.0199,0.0276,-0.2532,-0.3358,-0.0119,0.1031,-0.0378,0.0034,-0.0285,-0.0282,0.0000,-0.0017,0.0078,0.3817,0.4692,0.0000,-0.0088,-0.2890,-0.2085,-0.0011,0.0029,0.0285,0.0606,-0.0000,0.0000,0.0000,0.0000,0.0000,0.0000,0.0000,0.0000,0.0000,0.0000,0.0000,0.0000,-0.0000,0.0000,0.0000,0.0000,-0.0000,0.0000,0.0000,-0.0000,-0.0000,0.1875,-0.1434,-0.0475,0.2125,0.0487,0.0137,-0.1302,-0.0970,-1.0961,-0.0069,0.0312,-0.4731,-0.1231,0.0001,-0.0350,-0.3561,-0.0338,-0.0043,0.0116,0.3543,0.0025,
8.0628,RLFSMStateRLLocomotion,0.2000,0.0000,0.0002,0.0000,0.0000,0.0000,0.6286,0.0118,0.0342,-0.7769,-0.2623,-0.3267,0.0000,0.0430,0.0046,0.0000,-0.0169,-0.0230,0.0000,0.0000,0.0000,0.4449,0.5047,0.0000,0.0000,-0.1841,-0.1902,0.0000,0.0000,-0.0199,0.0276,-0.2531,-0.3358,-0.0119,0.1031,-0.0378,0.0034,-0.0285,-0.0282,0.0000,-0.0017,0.0078,0.3817,0.4692,0.0000,-0.0088,-0.2890,-0.2085,-0.0011,0.0029,0.0286,0.0606,-0.0000,0.0000,0.0000,0.0000,0.0000,0.0000,0.0000,0.0000,0.0000,0.0000,0.0000,0.0000,-0.0000,0.0000,0.0000,0.0000,-0.0000,0.0000,0.0000,-0.0000,-0.0000,0.1876,-0.1434,-0.0475,0.2125,0.0487,0.0137,-0.1301,-0.0970,-1.0922,-0.0069,0.0311,-0.4731,-0.1230,0.0001,-0.0350,-0.3561,-0.0338,-0.0043,0.0116,0.3544,0.0025,
8.0829,RLFSMStateRLLocomotion,0.2000,0.0000,0.0002,0.0000,0.0000,0.0000,0.6286,0.0118,0.0341,-0.7769,-0.2623,-0.3267,0.0000,0.0430,0.0046,0.0000,-0.0169,-0.0230,0.0000,0.0000,0.0000,0.4449,0.5047,0.0000,0.0000,-0.1841,-0.1902,0.0000,0.0000,-0.0199,0.0276,-0.2531,-0.3359,-0.0119,0.1031,-0.0378,0.0034,-0.0285,-0.0282,0.0000,-0.0017,0.0078,0.3817,0.4693,0.0000,-0.0088,-0.2890,-0.2084,-0.0011,0.0029,0.0286,0.0606,-0.0000,0.0000,0.0000,0.0000,0.0000,0.0000,0.0000,0.0000,0.0000,0.0000,0.0000,0.0000,-0.0000,0.0000,0.0000,0.0000,-0.0000,0.0000,0.0000,-0.0000,-0.0000,0.1875,-0.1434,-0.0475,0.2125,0.0486,0.0137,-0.1301,-0.0970,-1.0887,-0.0069,0.0311,-0.4732,-0.1229,0.0001,-0.0350,-0.3562,-0.0338,-0.0043,0.0116,0.3544,0.0024,
8.1031,RLFSMStateRLLocomotion,0.2000,0.0000,0.0002,0.0000,0.0000,0.0000,0.6286,0.0118,0.0341,-0.7769,-0.2623,-0.3267,0.0000,0.0430,0.0046,0.0000,-0.0169,-0.0230,0.0000,0.0000,0.0000,0.4449,0.5047,0.0000,0.0000,-0.1841,-0.1902,0.0000,0.0000,-0.0199,0.0276,-0.2531,-0.3359,-0.0119,0.1031,-0.0378,0.0034,-0.0285,-0.0282,0.0000,-0.0017,0.0078,0.3817,0.4693,0.0000,-0.0088,-0.2890,-0.2085,-0.0011,0.0029,0.0286,0.0606,-0.0000,0.0000,0.0000,0.0000,0.0000,0.0000,0.0000,0.0000,0.0000,0.0000,0.0000,0.0000,-0.0000,0.0000,0.0000,0.0000,-0.0000,0.0000,0.0000,-0.0000,-0.0000,0.1875,-0.1434,-0.0475,0.2125,0.0486,0.0137,-0.1301,-0.0969,-1.0854,-0.0069,0.0311,-0.4732,-0.1229,0.0001,-0.0350,-0.3562,-0.0338,-0.0043,0.0116,0.3544,0.0024,
8.1234,RLFSMStateRLLocomotion,0.2000,0.0000,0.0002,0.0000,0.0000,0.0000,0.6286,0.0118,0.0342,-0.7769,-0.2623,-0.3267,0.0000,0.0430,0.0046,0.0000,-0.0169,-0.0230,0.0000,0.0000,0.0000,0.4449,0.5047,0.0000,0.0000,-0.1841,-0.1902,0.0000,0.0000,-0.0199,0.0276,-0.2531,-0.3359,-0.0119,0.1031,-0.0378,0.0034,-0.0285,-0.0282,0.0000,-0.0017,0.0078,0.3817,0.4693,0.0000,-0.0088,-0.2891,-0.2085,-0.0011,0.0029,0.0286,0.0606,-0.0000,0.0000,0.0000,0.0000,0.0000,0.0000,0.0000,0.0000,0.0000,0.0000,0.0000,0.0000,-0.0000,0.0000,0.0000,0.0000,-0.0000,0.0000,0.0000,-0.0000,-0.0000,0.1875,-0.1434,-0.0475,0.2125,0.0486,0.0137,-0.1301,-0.0969,-1.0854,-0.0069,0.0311,-0.4732,-0.1229,0.0001,-0.0350,-0.3562,-0.0338,-0.0043,0.0116,0.3544,0.0024,
8.1437,RLFSMStateRLLocomotion,0.2000,0.0000,0.0002,0.0000,0.0011,0.0000,0.6286,0.0118,0.0342,-0.7769,-0.2623,-0.3267,0.0000,0.0430,0.0046,0.0000,-0.0169,-0.0230,0.0000,0.0000,0.0000,0.4449,0.5047,0.0000,0.0000,-0.1841,-0.1902,0.0000,0.0000,-0.0199,0.0276,-0.2531,-0.3359,-0.0119,0.1032,-0.0378,0.0034,-0.0285,-0.0282,0.0000,-0.0017,0.0078,0.3817,0.4693,0.0000,-0.0088,-0.2891,-0.2084,-0.0011,0.0029,0.0286,0.0606,-0.0000,0.0000,0.0000,0.0000,0.0000,0.0000,0.0000,0.0000,0.0000,0.0000,0.0000,0.0000,-0.0000,0.0000,0.0000,0.0000,-0.0000,0.0000,0.0000,-0.0000,-0.0000,0.1875,-0.1434,-0.0475,0.2126,0.0486,0.0137,-0.1301,-0.0970,-1.0824,-0.0068,0.0310,-0.4732,-0.1227,0.0001,-0.0350,-0.3563,-0.0337,-0.0043,0.0116,0.3545,0.0025,
8.1640,RLFSMStateRLLocomotion,0.2000,0.0000,0.0002,0.0000,0.0011,0.0000,0.6286,0.0118,0.0342,-0.7769,-0.2623,-0.3267,0.0000,0.0430,0.0046,0.0000,-0.0169,-0.0230,0.0000,0.0000,0.0000,0.4449,0.5047,0.0000,0.0000,-0.1841,-0.1902,0.0000,0.0000,-0.0199,0.0276,-0.2531,-0.3358,-0.0119,0.1032,-0.0378,0.0034,-0.0286,-0.0282,0.0000,-0.0017,0.0077,0.3817,0.4694,0.0000,-0.0088,-0.2890,-0.2083,-0.0011,0.0029,0.0287,0.0607,-0.0000,0.0000,0.0000,0.0000,0.0000,0.0000,0.0000,0.0000,0.0000,0.0000,0.0000,0.0000,-0.0000,0.0000,0.0000,0.0000,-0.0000,0.0000,0.0000,-0.0000,-0.0000,0.1878,-0.1434,-0.0474,0.2128,0.0486,0.0138,-0.1302,-0.0970,-1.0796,-0.0068,0.0310,-0.4730,-0.1225,0.0001,-0.0350,-0.3560,-0.0333,-0.0043,0.0116,0.3547,0.0026,
8.1844,RLFSMStateRLLocomotion,0.2000,0.0000,0.0002,0.0000,0.0011,0.0000,0.6286,0.0118,0.0342,-0.7769,-0.2623,-0.3267,0.0000,0.0430,0.0046,0.0000,-0.0169,-0.0230,0.0000,0.0000,0.0000,0.4449,0.5047,0.0000,0.0000,-0.1841,-0.1902,0.0000,0.0000,-0.0199,0.0276,-0.2530,-0.3359,-0.0118,0.1032,-0.0378,0.0034,-0.0286,-0.0282,0.0000,-0.0017,0.0077,0.3818,0.4694,0.0000,-0.0087,-0.2889,-0.2083,-0.0011,0.0029,0.0287,0.0607,-0.0000,0.0000,0.0000,0.0000,0.0000,0.0000,0.0000,0.0000,0.0000,0.0000,0.0000,0.0000,-0.0000,0.0000,0.0000,0.0000,-0.0000,0.0000,0.0000,-0.0000,-0.0000,0.1880,-0.1434,-0.0473,0.2129,0.0486,0.0138,-0.1302,-0.0970,-1.0769,-0.0069,0.0309,-0.4729,-0.1224,0.0002,-0.0350,-0.3557,-0.0332,-0.0043,0.0116,0.3547,0.0026,
8.2047,RLFSMStateRLLocomotion,0.2000,0.0000,0.0002,-0.0011,0.0011,0.0000,0.6286,0.0118,0.0342,-0.7769,-0.2623,-0.3267,0.0000,0.0430,0.0046,0.0000,-0.0169,-0.0230,0.0000,0.0000,0.0000,0.4449,0.5047,0.0000,0.0000,-0.1841,-0.1902,0.0000,0.0000,-0.0199,0.0276,-0.2530,-0.3359,-0.0118,0.1032,-0.0378,0.0034,-0.0286,-0.0282,0.0000,-0.0017,0.0077,0.3818,0.4694,0.0000,-0.0087,-0.2889,-0.2083,-0.0011,0.0029,0.0287,0.0607,-0.0000,0.0000,0.0000,0.0000,0.0000,0.0000,0.0000,0.0000,0.0000,0.0000,0.0000,0.0000,-0.0000,0.0000,0.0000,0.0000,-0.0000,0.0000,0.0000,-0.0000,-0.0000,0.1881,-0.1435,-0.0473,0.2129,0.0486,0.0137,-0.1303,-0.0970,-1.0744,-0.0069,0.0309,-0.4728,-0.1224,0.0002,-0.0350,-0.3555,-0.0332,-0.0044,0.0116,0.3547,0.0026,
8.2250,RLFSMStateRLLocomotion,0.2000,0.0000,0.0002,-0.0011,0.0011,0.0000,0.6286,0.0118,0.0342,-0.7769,-0.2623,-0.3267,0.0000,0.0430,0.0046,0.0000,-0.0169,-0.0230,0.0000,0.0000,0.0000,0.4449,0.5047,0.0000,0.0000,-0.1841,-0.1902,0.0000,0.0000,-0.0199,0.0276,-0.2529,-0.3359,-0.0118,0.1032,-0.0379,0.0034,-0.0286,-0.0283,0.0000,-0.0017,0.0077,0.3818,0.4694,0.0000,-0.0087,-0.2888,-0.2083,-0.0011,0.0029,0.0287,0.0607,-0.0000,0.0000,0.0000,0.0000,0.0000,0.0000,0.0000,0.0000,0.0000,0.0000,0.0000,0.0000,-0.0000,0.0000,0.0000,0.0000,-0.0000,0.0000,0.0000,-0.0000,-0.0000,0.1884,-0.1436,-0.0472,0.2129,0.0486,0.0137,-0.1303,-0.0970,-1.0720,-0.0069,0.0308,-0.4727,-0.1222,0.0001,-0.0349,-0.3553,-0.0331,-0.0043,0.0116,0.3547,0.0026,
8.2453,RLFSMStateRLLocomotion,0.2000,0.0000,0.0002,0.0000,0.0011,0.0000,0.6286,0.0118,0.0342,-0.7769,-0.2623,-0.3267,0.0000,0.0430,0.0046,0.0000,-0.0169,-0.0230,0.0000,0.0000,0.0000,0.4449,0.5047,0.0000,0.0000,-0.1841,-0.1902,0.0000,0.0000,-0.0199,0.0276,-0.2529,-0.3359,-0.0118,0.1032,-0.0379,0.0034,-0.0286,-0.0283,0.0000,-0.0017,0.0077,0.3819,0.4695,0.0000,-0.0087,-0.2888,-0.2083,-0.0011,0.0029,0.0287,0.0607,-0.0000,0.0000,0.0000,0.0000,0.0000,0.0000,0.0000,0.0000,0.0000,0.0000,0.0000,0.0000,-0.0000,0.0000,0.0000,0.0000,-0.0000,0.0000,0.0000,-0.0000,-0.0000,0.1885,-0.1436,-0.0472,0.2130,0.0486,0.0137,-0.1303,-0.0970,-1.0697,-0.0069,0.0308,-0.4726,-0.1222,0.0001,-0.0349,-0.3551,-0.0330,-0.0044,0.0116,0.3547,0.0026,
8.2655,RLFSMStateRLLocomotion,0.2000,0.0000,0.0002,0.0000,0.0011,0.0000,0.6286,0.0118,0.0343,-0.7769,-0.2623,-0.3267,0.0000,0.0430,0.0046,0.0000,-0.0169,-0.0230,0.0000,0.0000,0.0000,0.4449,0.5047,0.0000,0.0000,-0.1841,-0.1902,0.0000,0.0000,-0.0199,0.0276,-0.2528,-0.3359,-0.0118,0.1032,-0.0378,0.0034,-0.0286,-0.0282,0.0000,-0.0017,0.0077,0.3819,0.4694,0.0000,-0.0087,-0.2887,-0.2083,-0.0011,0.0029,0.0286,0.0606,-0.0000,0.0000,0.0000,0.0000,0.0000,0.0000,0.0000,0.0000,0.0000,0.0000,0.0000,0.0000,-0.0000,0.0000,0.0000,0.0000,-0.0000,0.0000,0.0000,-0.0000,-0.0000,0.1886,-0.1437,-0.0471,0.2129,0.0486,0.0136,-0.1303,-0.0970,-1.0676,-0.0069,0.0308,-0.4724,-0.1224,0.0001,-0.0349,-0.3548,-0.0332,-0.0044,0.0116,0.3546,0.0025,
8.2857,RLFSMStateRLLocomotion,0.2000,0.0000,0.0002,0.0011,0.0000,-0.0000,0.6286,0.0119,0.0343,-0.7769,-0.2623,-0.3267,0.0000,0.0430,0.0046,0.0000,-0.0169,-0.0230,0.0000,0.0000,0.0000,0.4449,0.5047,0.0000,0.0000,-0.1841,-0.1902,0.0000,0.0000,-0.0199,0.0276,-0.2528,-0.3359,-0.0118,0.1032,-0.0378,0.0034,-0.0286,-0.0283,0.0000,-0.0017,0.0077,0.3819,0.4694,0.0000,-0.0087,-0.2887,-0.2083,-0.0011,0.0029,0.0286,0.0606,-0.0000,0.0000,0.0000,0.0000,0.0000,0.0000,0.0000,0.0000,0.0000,0.0000,0.0000,0.0000,-0.0000,0.0000,0.0000,0.0000,-0.0000,0.0000,0.0000,-0.0000,-0.0000,0.1887,-0.1437,-0.0471,0.2129,0.0486,0.0137,-0.1303,-0.0970,-1.0656,-0.0069,0.0308,-0.4723,-0.1223,0.0001,-0.0349,-0.3548,-0.0331,-0.0044,0.0116,0.3546,0.0025,
8.3060,RLFSMStateRLLocomotion,0.2000,0.0000,0.0002,0.0000,0.0000,0.0000,0.6286,0.0119,0.0343,-0.7769,-0.2623,-0.3267,0.0000,0.0430,0.0046,0.0000,-0.0169,-0.0230,0.0000,0.0000,0.0000,0.4449,0.5047,0.0000,0.0000,-0.1841,-0.1902,0.0000,0.0000,-0.0199,0.0276,-0.2528,-0.3360,-0.0118,0.1032,-0.0378,0.0034,-0.0286,-0.0282,0.0000,-0.0017,0.0077,0.3819,0.4694,0.0000,-0.0087,-0.2887,-0.2084,-0.0011,0.0029,0.0286,0.0606,-0.0000,0.0000,0.0000,0.0000,0.0000,0.0000,0.0000,0.0000,0.0000,0.0000,0.0000,0.0000,-0.0000,0.0000,0.0000,0.0000,-0.0000,0.0000,0.0000,-0.0000,-0.0000,0.1886,-0.1438,-0.0472,0.2129,0.0487,0.0136,-0.1302,-0.0970,-1.0638,-0.0070,0.0308,-0.4723,-0.1226,0.0001,-0.0349,-0.3549,-0.0334,-0.0044,0.0116,0.3545,0.0024,
8.3264,RLFSMStateRLLocomotion,0.2000,0.0000,0.0002,0.0000,0.0000,0.0000,0.6286,0.0119,0.0343,-0.7769,-0.2623,-0.3267,0.0000,0.0430,0.0046,0.0000,-0.0169,-0.0230,0.0000,0.0000,0.0000,0.4449,0.5047,0.0000,0.0000,-0.1841,-0.1902,0.0000,0.0000,-0.0199,0.0276,-0.2529,-0.3359,-0.0118,0.1032,-0.0378,0.0034,-0.0286,-0.0283,0.0000,-0.0017,0.0077,0.3819,0.4694,0.0000,-0.0087,-0.2888,-0.2083,-0.0011,0.0029,0.0286,0.0606,-0.0000,0.0000,0.0000,0.0000,0.0000,0.0000,0.0000,0.0000,0.0000,0.0000,0.0000,0.0000,-0.0000,0.0000,0.0000,0.0000,-0.0000,0.0000,0.0000,-0.0000,-0.0000,0.1886,-0.1438,-0.0473,0.2130,0.0486,0.0136,-0.1303,-0.0970,-1.0622,-0.0069,0.0307,-0.4725,-0.1224,0.0001,-0.0349,-0.3552,-0.0333,-0.0044,0.0116,0.3546,0.0025,
8.3468,RLFSMStateRLLocomotion,0.2000,0.0000,0.0002,0.0000,0.0000,0.0000,0.6286,0.0118,0.0342,-0.7769,-0.2623,-0.3267,0.0000,0.0430,0.0046,0.0000,-0.0169,-0.0230,0.0000,0.0000,0.0000,0.4449,0.5047,0.0000,0.0000,-0.1841,-0.1902,0.0000,0.0000,-0.0199,0.0276,-0.2529,-0.3360,-0.0118,0.1032,-0.0379,0.0034,-0.0286,-0.0282,0.0000,-0.0017,0.0077,0.3819,0.4694,0.0000,-0.0087,-0.2888,-0.2083,-0.0011,0.0029,0.0286,0.0606,-0.0000,0.0000,0.0000,0.0000,0.0000,0.0000,0.0000,0.0000,0.0000,0.0000,0.0000,0.0000,-0.0000,0.0000,0.0000,0.0000,-0.0000,0.0000,0.0000,-0.0000,-0.0000,0.1885,-0.1438,-0.0473,0.2129,0.0486,0.0136,-0.1302,-0.0970,-1.0607,-0.0070,0.0308,-0.4725,-0.1224,0.0001,-0.0349,-0.3552,-0.0334,-0.0044,0.0116,0.3546,0.0024,
8.3670,RLFSMStateRLLocomotion,0.2000,0.0000,0.0002,0.0000,0.0000,0.0000,0.6286,0.0118,0.0342,-0.7769,-0.2623,-0.3267,0.0000,0.0430,0.0046,0.0000,-0.0169,-0.0230,0.0000,0.0000,0.0000,0.4449,0.5047,0.0000,0.0000,-0.1841,-0.1902,0.0000,0.0000,-0.0199,0.0276,-0.2529,-0.3359,-0.0118,0.1032,-0.0379,0.0034,-0.0286,-0.0282,0.0000,-0.0017,0.0077,0.3818,0.4694,0.0000,-0.0087,-0.2888,-0.2083,-0.0011,0.0029,0.0286,0.0606,-0.0000,0.0000,0.0000,0.0000,0.0000,0.0000,0.0000,0.0000,0.0000,0.0000,0.0000,0.0000,-0.0000,0.0000,0.0000,0.0000,-0.0000,0.0000,0.0000,-0.0000,-0.0000,0.1884,-0.1438,-0.0473,0.2129,0.0486,0.0136,-0.1302,-0.0970,-1.0594,-0.0069,0.0307,-0.4726,-0.1223,0.0001,-0.0349,-0.3554,-0.0334,-0.0044,0.0116,0.3546,0.0024,
8.3872,RLFSMStateRLLocomotion,0.2000,0.0000,0.0002,0.0000,0.0000,0.0000,0.6286,0.0118,0.0342,-0.7769,-0.2623,-0.3267,0.0000,0.0430,0.0046,0.0000,-0.0169,-0.0230,0.0000,0.0000,0.0000,0.4449,0.5047,0.0000,0.0000,-0.1841,-0.1902,0.0000,0.0000,-0.0199,0.0276,-0.2529,-0.3359,-0.0118,0.1032,-0.0379,0.0034,-0.0286,-0.0282,0.0000,-0.0017,0.0077,0.3818,0.4694,0.0000,-0.0087,-0.2889,-0.2083,-0.0011,0.0029,0.0286,0.0606,-0.0000,0.0000,0.0000,0.0000,0.0000,0.0000,0.0000,0.0000,0.0000,0.0000,0.0000,0.0000,-0.0000,0.0000,0.0000,0.0000,-0.0000,0.0000,0.0000,-0.0000,-0.0000,0.1883,-0.1437,-0.0473,0.2129,0.0486,0.0136,-0.1302,-0.0970,-1.0583,-0.0069,0.0307,-0.4727,-0.1223,0.0001,-0.0349,-0.3555,-0.0334,-0.0044,0.0116,0.3546,0.0024,
8.4074,RLFSMStateRLLocomotion,0.2000,0.0000,0.0002,0.0000,0.0011,0.0000,0.6286,0.0118,0.0342,-0.7769,-0.2623,-0.3267,0.0000,0.0430,0.0046,0.0000,-0.0169,-0.0230,0.0000,0.0000,0.0000,0.4449,0.5047,0.0000,0.0000,-0.1841,-0.1902,0.0000,0.0000,-0.0199,0.0276,-0.2529,-0.3359,-0.0118,0.1032,-0.0379,0.0034,-0.0286,-0.0282,0.0000,-0.0017,0.0077,0.3819,0.4694,0.0000,-0.0087,-0.2888,-0.2083,-0.0011,0.0029,0.0286,0.0606,-0.0000,0.0000,0.0000,0.0000,0.0000,0.0000,0.0000,0.0000,0.0000,0.0000,0.0000,0.0000,-0.0000,0.0000,0.0000,0.0000,-0.0000,0.0000,0.0000,-0.0000,-0.0000,0.1885,-0.1437,-0.0472,0.2129,0.0486,0.0136,-0.1302,-0.0970,-1.0572,-0.0069,0.0307,-0.4725,-0.1223,0.0001,-0.0349,-0.3552,-0.0333,-0.0044,0.0116,0.3546,0.0024,
8.4277,RLFSMStateRLLocomotion,0.2000,0.0000,0.0002,0.0000,0.0000,0.0000,0.6286,0.0118,0.0342,-0.7769,-0.2623,-0.3267,0.0000,0.0430,0.0046,0.0000,-0.0169,-0.0230,0.0000,0.0000,0.0000,0.4449,0.5047,0.0000,0.0000,-0.1841,-0.1902,0.0000,0.0000,-0.0199,0.0276,-0.2529,-0.3359,-0.0118,0.1032,-0.0379,0.0034,-0.0286,-0.0282,0.0000,-0.0017,0.0077,0.3819,0.4694,0.0000,-0.0087,-0.2887,-0.2083,-0.0011,0.0029,0.0286,0.0606,-0.0000,0.0000,0.0000,0.0000,0.0000,0.0000,0.0000,0.0000,0.0000,0.0000,0.0000,0.0000,-0.0000,0.0000,0.0000,0.0000,-0.0000,0.0000,0.0000,-0.0000,-0.0000,0.1886,-0.1437,-0.0471,0.2129,0.0486,0.0136,-0.1302,-0.0970,-1.0562,-0.0069,0.0307,-0.4723,-0.1223,0.0001,-0.0349,-0.3549,-0.0332,-0.0044,0.0116,0.3545,0.0024,
8.4479,RLFSMStateRLLocomotion,0.3000,0.0000,0.0002,0.0000,0.0011,0.0000,0.6286,0.0118,0.0342,-0.7769,-0.2623,-0.3267,0.0000,0.0430,0.0046,0.0000,-0.0169,-0.0230,0.0000,0.0000,0.0000,0.4449,0.5047,0.0000,0.0000,-0.1841,-0.1902,0.0000,0.0000,-0.0199,0.0276,-0.2385,-0.3469,-0.0207,0.1177,-0.0363,-0.0068,-0.0269,-0.0322,0.0000,-0.0029,0.0084,0.3652,0.4761,-0.0014,-0.0085,-0.3274,-0.2113,-0.0017,0.0001,0.0422,0.0595,-0.0000,0.0000,0.0000,0.0000,0.0000,0.0000,0.0000,0.0000,0.0000,0.0000,0.0000,0.0000,-0.0000,0.0000,0.0000,0.0000,-0.0000,0.0000,0.0000,-0.0000,-0.0000,0.2460,-0.1877,-0.0829,0.2709,0.0547,-0.0270,-0.1238,-0.1128,-0.8766,-0.0116,0.0337,-0.5393,-0.0955,-0.0057,-0.0341,-0.5096,-0.0452,-0.0068,0.0003,0.4087,-0.0018,
8.4681,RLFSMStateRLLocomotion,0.3000,0.0000,0.0002,0.0000,0.0011,0.0000,0.6286,0.0118,0.0342,-0.7769,-0.2623,-0.3267,0.0000,0.0430,0.0046,0.0000,-0.0169,-0.0230,0.0000,0.0000,0.0000,0.4449,0.5047,0.0000,0.0000,-0.1841,-0.1902,0.0000,0.0000,-0.0199,0.0276,-0.2371,-0.3489,-0.0218,0.1249,-0.0368,-0.0086,-0.0274,-0.0371,0.0000,-0.0018,0.0073,0.3519,0.4850,-0.0012,-0.0094,-0.3441,-0.2083,-0.0014,0.0007,0.0555,0.0618,-0.0000,0.0000,0.0000,0.0000,0.0000,0.0000,0.0000,0.0000,0.0000,0.0000,0.0000,0.0000,-0.0000,0.0000,0.0000,0.0000,-0.0000,0.0000,0.0000,-0.0000,-0.0000,0.2518,-0.1957,-0.0872,0.2995,0.0527,-0.0344,-0.1255,-0.1325,-0.7206,-0.0072,0.0292,-0.5922,-0.0601,-0.0049,-0.0378,-0.5765,-0.0331,-0.0056,0.0029,0.4619,0.0073,
8.4884,RLFSMStateRLLocomotion,0.3000,0.0000,0.0002,-0.0011,0.0032,0.0000,0.6286,0.0119,0.0342,-0.7769,-0.2623,-0.3267,0.0000,0.0430,0.0046,0.0000,-0.0169,-0.0230,0.0000,0.0000,0.0000,0.4449,0.5047,0.0000,0.0000,-0.1841,-0.1902,0.0000,0.0000,-0.0199,0.0276,-0.2360,-0.3501,-0.0216,0.1294,-0.0369,-0.0088,-0.0278,-0.0392,0.0000,-0.0013,0.0071,0.3457,0.4910,-0.0006,-0.0099,-0.3493,-0.2059,-0.0017,0.0010,0.0625,0.0626,-0.0000,0.0000,0.0000,0.0000,0.0000,0.0000,0.0000,0.0000,0.0000,0.0000,0.0000,0.0000,-0.0000,0.0000,0.0000,0.0000,-0.0000,0.0000,0.0000,-0.0000,-0.0000,0.2558,-0.2005,-0.0865,0.3176,0.0525,-0.0351,-0.1271,-0.1406,-0.5808,-0.0051,0.0283,-0.6173,-0.0361,-0.0022,-0.0395,-0.5973,-0.0236,-0.0070,0.0038,0.4901,0.0102,
8.5088,RLFSMStateRLLocomotion,0.3000,0.0000,0.0002,0.0096,0.0394,0.0170,0.6287,0.0122,0.0344,-0.7768,-0.2577,-0.3283,0.0000,0.0430,0.0046,0.0000,-0.0169,-0.0245,0.0000,0.0000,0.0000,0.4418,0.5047,0.0000,0.0000,-0.1841,-0.1902,0.0000,0.0000,-0.0199,0.0276,-0.2338,-0.3514,-0.0208,0.1322,-0.0371,-0.0089,-0.0282,-0.0400,0.0000,-0.0011,0.0067,0.3438,0.4947,0.0001,-0.0100,-0.3492,-0.2042,-0.0020,0.0010,0.0662,0.0629,-0.0000,-0.0767,0.0000,0.0000,0.0000,0.0000,0.0000,-0.0767,0.0000,0.0000,0.0000,-0.0767,-0.0000,0.0000,0.0000,0.0000,-0.0000,0.0000,0.0000,-0.0000,-0.0000,0.2650,-0.2057,-0.0832,0.3289,0.0516,-0.0357,-0.1289,-0.1440,-0.4520,-0.0044,0.0268,-0.6249,-0.0214,0.0003,-0.0400,-0.5969,-0.0168,-0.0082,0.0041,0.5049,0.0116,
8.5291,RLFSMStateRLLocomotion,0.3000,0.0000,-0.0014,0.0330,0.0575,0.0703,0.6283,0.0125,0.0346,-0.7771,-0.2531,-0.3298,0.0000,0.0430,0.0046,0.0000,-0.0169,-0.0276,0.0000,0.0000,0.0000,0.4372,0.5047,0.0000,0.0000,-0.1841,-0.1902,0.0000,0.0000,-0.0199,0.0276,-0.2274,-0.3544,-0.0207,0.1330,-0.0366,-0.0096,-0.0264,-0.0404,0.0000,-0.0014,0.0063,0.3455,0.4944,0.0003,-0.0103,-0.3494,-0.2032,-0.0023,0.0012,0.0665,0.0620,0.2300,-0.0767,0.0000,0.0000,0.0000,0.0000,0.0000,-0.0767,0.0000,0.0000,0.0000,-0.3066,-0.0000,0.0000,0.0000,0.0000,-0.0000,0.0000,0.0000,-0.0000,-0.0000,0.2903,-0.2177,-0.0827,0.3320,0.0535,-0.0383,-0.1217,-0.1455,-0.3327,-0.0057,0.0253,-0.6178,-0.0225,0.0012,-0.0411,-0.5977,-0.0127,-0.0094,0.0048,0.5061,0.0078,
8.5495,RLFSMStateRLLocomotion,0.3000,0.0000,-0.0046,0.0021,0.1044,0.0660,0.6283,0.0126,0.0347,-0.7771,-0.2516,-0.3313,0.0000,0.0430,0.0046,0.0000,-0.0169,-0.0276,0.0000,0.0000,0.0000,0.4372,0.5047,0.0000,0.0000,-0.1856,-0.1902,0.0000,0.0000,-0.0199,0.0276,-0.2151,-0.3601,-0.0178,0.1346,-0.0365,-0.0098,-0.0225,-0.0420,0.0000,-0.0010,0.0042,0.3524,0.4935,0.0005,-0.0107,-0.3434,-0.1994,-0.0028,0.0012,0.0675,0.0624,0.2300,-0.0767,0.0000,0.0000,0.0000,0.0000,0.0000,-0.0767,0.0000,0.0000,0.0000,-0.3066,-0.0000,0.0000,0.0000,-0.0767,-0.0000,0.0000,0.0000,-0.0000,-0.0000,0.3394,-0.2405,-0.0713,0.3384,0.0540,-0.0391,-0.1061,-0.1521,-0.2304,-0.0040,0.0168,-0.5905,-0.0258,0.0020,-0.0428,-0.5735,0.0024,-0.0114,0.0047,0.5099,0.0096,
8.5699,RLFSMStateRLLocomotion,0.3000,0.0000,-0.0046,0.0522,0.0575,0.0309,0.6278,0.0124,0.0358,-0.7775,-0.2485,-0.3344,0.0000,0.0445,0.0046,0.0000,-0.0169,-0.0291,0.0000,0.0000,0.0000,0.4341,0.5047,0.0000,0.0000,-0.1887,-0.1902,0.0000,0.0000,-0.0199,0.0276,-0.2083,-0.3619,-0.0155,0.1366,-0.0364,-0.0108,-0.0214,-0.0435,0.0000,-0.0009,0.0030,0.3554,0.4941,0.0002,-0.0110,-0.3382,-0.1979,-0.0028,0.0012,0.0694,0.0627,-0.0000,-0.0767,0.0000,0.0000,0.0000,0.0000,0.0000,0.0000,0.0000,0.0000,0.0000,-0.0767,-0.0000,0.0000,0.0000,-0.1533,-0.0000,0.0000,0.0000,-0.0000,-0.0000,0.3668,-0.2477,-0.0622,0.3464,0.0542,-0.0431,-0.1018,-0.1581,-0.1318,-0.0035,0.0121,-0.5786,-0.0237,0.0008,-0.0438,-0.5527,0.0086,-0.0111,0.0047,0.5176,0.0107,
8.5902,RLFSMStateRLLocomotion,0.3000,0.0000,-0.0010,0.0405,0.0937,0.0415,0.6273,0.0126,0.0362,-0.7778,-0.2470,-0.3375,0.0000,0.0445,0.0046,0.0000,-0.0153,-0.0307,0.0000,0.0000,0.0000,0.4326,0.5062,0.0000,0.0000,-0.1902,-0.1902,0.0000,0.0000,-0.0199,0.0276,-0.2071,-0.3627,-0.0167,0.1340,-0.0353,-0.0121,-0.0227,-0.0449,0.0000,-0.0024,0.0044,0.3526,0.4928,0.0001,-0.0112,-0.3362,-0.1993,-0.0023,0.0015,0.0659,0.0605,0.0767,-0.0767,0.0000,0.0767,0.0000,0.0000,0.0767,-0.0767,0.0000,0.0000,0.0000,-0.0767,-0.0000,0.0000,0.0000,0.0000,-0.0000,0.0000,0.0000,-0.0000,-0.0000,0.3717,-0.2508,-0.0668,0.3359,0.0587,-0.0485,-0.1068,-0.1637,-0.0202,-0.0097,0.0177,-0.5897,-0.0287,0.0002,-0.0450,-0.5447,0.0029,-0.0091,0.0060,0.5035,0.0020,
8.6106,RLFSMStateRLLocomotion,0.3000,0.0000,-0.0012,0.0618,0.1513,0.0330,0.6270,0.0136,0.0366,-0.7780,-0.2408,-0.3421,0.0000,0.0460,0.0046,0.0000,-0.0153,-0.0337,0.0000,0.0000,0.0000,0.4326,0.5093,0.0000,0.0000,-0.1917,-0.1902,0.0000,0.0000,-0.0199,0.0276,-0.2039,-0.3648,-0.0168,0.1322,-0.0350,-0.0124,-0.0219,-0.0451,0.0000,-0.0028,0.0044,0.3538,0.4927,0.0006,-0.0118,-0.3357,-0.1985,-0.0024,0.0015,0.0640,0.0598,0.3066,-0.2300,0.0000,0.0767,0.0000,0.0000,0.0000,-0.1533,0.0000,0.0000,0.0000,0.0000,0.1533,0.0000,0.0000,-0.0767,-0.0000,0.0000,0.0000,-0.0000,-0.0000,0.3843,-0.2593,-0.0672,0.3287,0.0601,-0.0494,-0.1035,-0.1644,0.0878,-0.0110,0.0175,-0.5847,-0.0291,0.0025,-0.0470,-0.5426,0.0062,-0.0096,0.0060,0.4961,-0.0010,
8.6309,RLFSMStateRLLocomotion,0.3000,0.0000,0.0000,0.0618,0.1513,0.0330,0.6270,0.0136,0.0366,-0.7780,-0.2408,-0.3421,0.0000,0.0460,0.0046,0.0000,-0.0153,-0.0337,0.0000,0.0000,0.0000,0.4326,0.5093,0.0000,0.0000,-0.1917,-0.1902,0.0000,0.0000,-0.0199,0.0276,-0.1967,-0.3672,-0.0146,0.1304,-0.0344,-0.0140,-0.0207,-0.0462,0.0000,-0.0040,0.0043,0.3599,0.4893,0.0017,-0.0125,-0.3276,-0.1975,-0.0022,0.0017,0.0594,0.0580,0.3066,-0.2300,0.0000,0.0767,0.0000,0.0000,0.0000,-0.1533,0.0000,0.0000,0.0000,0.0000,0.1533,0.0000,0.0000,-0.0767,-0.0000,0.0000,0.0000,-0.0000,-0.0000,0.4133,-0.2689,-0.0583,0.3216,0.0623,-0.0559,-0.0990,-0.1687,0.1958,-0.0161,0.0173,-0.5603,-0.0426,0.0068,-0.0499,-0.5103,0.0099,-0.0090,0.0070,0.4776,-0.0082,
8.6510,RLFSMStateRLLocomotion,0.3000,0.0000,0.0027,0.0192,0.1811,0.0011,0.6264,0.0170,0.0385,-0.7784,-0.2286,-0.3497,0.0000,0.0506,0.0046,0.0000,-0.0138,-0.0399,0.0000,0.0000,0.0000,0.4310,0.5108,0.0000,0.0000,-0.1917,-0.1902,0.0000,0.0000,-0.0199,0.0276,-0.1856,-0.3715,-0.0141,0.1218,-0.0339,-0.0170,-0.0188,-0.0489,0.0000,-0.0062,0.0045,0.3678,0.4869,0.0030,-0.0142,-0.3211,-0.1933,-0.0016,0.0024,0.0487,0.0567,0.1533,-0.1533,0.0000,0.1533,0.0000,0.0000,0.0000,-0.1533,0.0000,0.0000,0.0000,-0.0767,-0.0000,0.0000,0.0000,0.0000,-0.0000,0.0000,0.0000,-0.0000,-0.0000,0.4574,-0.2861,-0.0564,0.2871,0.0643,-0.0680,-0.0912,-0.1795,0.3116,-0.0248,0.0181,-0.5289,-0.0523,0.0121,-0.0569,-0.4846,0.0268,-0.0066,0.0098,0.4348,-0.0133,
8.6713,RLFSMStateRLLocomotion,0.3000,0.0000,0.0025,0.0447,0.1374,0.0160,0.6262,0.0175,0.0385,-0.7785,-0.2286,-0.3513,0.0000,0.0506,0.0046,0.0000,-0.0138,-0.0399,0.0000,0.0000,0.0000,0.4295,0.5108,0.0000,0.0000,-0.1917,-0.1917,0.0000,0.0000,-0.0199,0.0276,-0.1853,-0.3731,-0.0160,0.1193,-0.0333,-0.0176,-0.0182,-0.0495,0.0000,-0.0069,0.0042,0.3673,0.4848,0.0027,-0.0148,-0.3220,-0.1948,-0.0014,0.0024,0.0443,0.0553,0.1533,-0.1533,0.0000,0.0000,0.0000,0.0000,0.0000,-0.1533,0.0000,0.0000,0.0000,-0.0767,-0.0000,0.0000,0.0000,0.0000,-0.0767,0.0000,0.0000,-0.0000,-0.0000,0.4586,-0.2925,-0.0640,0.2772,0.0667,-0.0703,-0.0890,-0.1819,0.4337,-0.0275,0.0168,-0.5307,-0.0609,0.0110,-0.0591,-0.4880,0.0210,-0.0054,0.0098,0.4172,-0.0187,
8.6916,RLFSMStateRLLocomotion,0.3000,0.0000,0.0014,-0.0202,0.0863,0.0234,0.6262,0.0190,0.0379,-0.7785,-0.2240,-0.3528,0.0000,0.0506,0.0046,0.0000,-0.0138,-0.0414,0.0000,0.0000,0.0000,0.4249,0.5123,0.0000,0.0000,-0.1933,-0.1948,0.0000,0.0000,-0.0199,0.0276,-0.1859,-0.3745,-0.0184,0.1195,-0.0340,-0.0170,-0.0176,-0.0504,0.0000,-0.0062,0.0030,0.3626,0.4879,0.0026,-0.0151,-0.3279,-0.1942,-0.0014,0.0024,0.0443,0.0553,0.1533,0.0000,0.0000,0.0000,0.0000,0.0000,0.0000,0.0000,0.0000,0.0000,0.0000,-0.1533,0.0767,0.0000,0.0000,0.0000,-0.0767,0.0000,0.0000,-0.0000,-0.0000,0.4565,-0.2980,-0.0738,0.2779,0.0642,-0.0681,-0.0866,-0.1856,0.5486,-0.0247,0.0119,-0.5495,-0.0482,0.0104,-0.0603,-0.5117,0.0230,-0.0048,0.0093,0.4241,-0.0142,
8.7119,RLFSMStateRLLocomotion,0.3000,0.0000,0.0021,-0.0160,0.0245,0.0096,0.6263,0.0198,0.0375,-0.7785,-0.2194,-0.3543,0.0000,0.0506,0.0046,0.0000,-0.0123,-0.0430,0.0000,0.0000,0.0000,0.4234,0.5123,0.0000,0.0000,-0.1933,-0.1963,0.0000,0.0000,-0.0199,0.0276,-0.1872,-0.3762,-0.0214,0.1160,-0.0340,-0.0171,-0.0164,-0.0513,0.0000,-0.0067,0.0036,0.3601,0.4866,0.0028,-0.0160,-0.3328,-0.1968,-0.0011,0.0026,0.0435,0.0546,0.1533,-0.0767,0.0000,0.0000,0.0000,0.0000,0.0000,-0.0767,0.0000,0.0000,0.0000,-0.1533,-0.0000,0.0000,0.0000,0.0000,-0.0767,0.0000,0.0000,-0.0000,-0.0000,0.4511,-0.3047,-0.0855,0.2641,0.0641,-0.0686,-0.0814,-0.1893,0.6633,-0.0270,0.0145,-0.5596,-0.0535,0.0112,-0.0640,-0.5310,0.0130,-0.0044,0.0103,0.4140,-0.0217,
8.7322,RLFSMStateRLLocomotion,0.3000,0.0000,0.0029,-0.0490,-0.0043,0.0128,0.6264,0.0200,0.0371,-0.7784,-0.2178,-0.3543,0.0000,0.0506,0.0046,0.0000,-0.0123,-0.0445,0.0000,0.0000,0.0000,0.4218,0.5123,0.0000,0.0000,-0.1933,-0.1979,0.0000,0.0000,-0.0199,0.0276,-0.1911,-0.3759,-0.0241,0.1152,-0.0339,-0.0170,-0.0153,-0.0514,0.0000,-0.0067,0.0038,0.3549,0.4875,0.0035,-0.0168,-0.3409,-0.1970,-0.0008,0.0027,0.0440,0.0546,0.1533,-0.0767,0.0000,0.0000,0.0000,0.0000,0.0767,-0.0767,0.0000,0.0000,0.0000,-0.0767,-0.0000,0.0000,0.0000,0.0000,-0.1533,0.0000,0.0000,-0.0000,-0.0000,0.4355,-0.3036,-0.0963,0.2607,0.0644,-0.0679,-0.0770,-0.1897,0.7747,-0.0266,0.0152,-0.5803,-0.0500,0.0138,-0.0672,-0.5637,0.0120,-0.0032,0.0107,0.4159,-0.0216,
8.7526,RLFSMStateRLLocomotion,0.3000,0.0000,0.0029,0.0575,0.0937,-0.0075,0.6266,0.0208,0.0365,-0.7782,-0.2132,-0.3543,0.0000,0.0506,0.0046,0.0000,-0.0123,-0.0445,0.0000,0.0000,0.0000,0.4203,0.5123,0.0000,0.0000,-0.1963,-0.2010,0.0000,0.0000,-0.0199,0.0276,-0.1938,-0.3762,-0.0267,0.1154,-0.0346,-0.0164,-0.0151,-0.0525,0.0000,-0.0060,0.0032,0.3471,0.4909,0.0045,-0.0174,-0.3499,-0.1953,-0.0005,0.0027,0.0440,0.0546,0.1533,0.0000,0.0000,0.0000,0.0000,0.0000,0.0000,0.0000,0.0000,0.0000,0.0000,-0.0767,-0.0000,0.0000,0.0000,-0.1533,-0.0767,0.0000,0.0000,-0.0000,-0.0000,0.4248,-0.3049,-0.1069,0.2616,0.0614,-0.0655,-0.0765,-0.1940,0.8825,-0.0242,0.0129,-0.6117,-0.0365,0.0182,-0.0697,-0.5996,0.0188,-0.0020,0.0105,0.4270,-0.0168,
8.7730,RLFSMStateRLLocomotion,0.3000,0.0000,0.0036,0.1545,0.1427,0.0096,0.6259,0.0223,0.0376,-0.7787,-0.2132,-0.3559,0.0000,0.0506,0.0046,0.0000,-0.0107,-0.0460,0.0000,0.0000,0.0000,0.4203,0.5123,0.0000,0.0000,-0.1994,-0.2010,0.0000,0.0000,-0.0199,0.0276,-0.1866,-0.3766,-0.0231,0.1110,-0.0323,-0.0167,-0.0135,-0.0518,0.0000,-0.0060,0.0032,0.3471,0.4909,0.0045,-0.0174,-0.3499,-0.1953,-0.0005,0.0026,0.0468,0.0558,-0.0000,0.0000,0.0000,0.0000,0.0000,0.0000,0.0767,-0.0767,0.0000,0.0000,0.0000,0.0000,-0.0000,0.0000,0.0000,-0.1533,-0.0000,0.0000,0.0000,-0.0000,-0.0000,0.4538,-0.3064,-0.0925,0.2442,0.0706,-0.0666,-0.0702,-0.1912,1.0029,-0.0323,0.0235,-0.5703,-0.0710,0.0193,-0.0712,-0.5340,-0.0104,-0.0040,0.0109,0.3909,-0.0425,
8.7934,RLFSMStateRLLocomotion,0.3000,0.0000,0.0039,0.1502,0.1427,0.0138,0.6253,0.0230,0.0382,-0.7791,-0.2132,-0.3559,0.0000,0.0506,0.0046,0.0000,-0.0092,-0.0460,0.0000,0.0000,0.0000,0.4203,0.5123,0.0000,0.0000,-0.2010,-0.2010,0.0000,0.0000,-0.0199,0.0276,-0.1803,-0.3780,-0.0216,0.1046,-0.0312,-0.0180,-0.0111,-0.0507,0.0000,-0.0096,0.0068,0.3696,0.4706,0.0043,-0.0182,-0.3183,-0.2105,-0.0008,0.0032,0.0260,0.0436,-0.0000,-0.0767,0.0000,0.0000,0.0000,0.0000,0.0767,-0.0767,0.0000,0.0000,0.0000,0.0000,-0.0000,0.0000,0.0000,-0.1533,-0.0000,0.0000,0.0000,-0.0000,-0.0000,0.4786,-0.3120,-0.0866,0.2183,0.0753,-0.0719,-0.0605,-0.1866,1.1287,-0.0385,0.0272,-0.5215,-0.1178,0.0174,-0.0727,-0.4733,-0.0420,-0.0032,0.0130,0.3439,-0.0656,
8.8137,RLFSMStateRLLocomotion,0.3000,0.0000,0.0053,0.0756,0.1949,0.0266,0.6239,0.0251,0.0396,-0.7801,-0.2132,-0.3590,0.0000,0.0506,0.0046,0.0000,-0.0046,-0.0460,0.0000,0.0000,0.0000,0.4172,0.5123,0.0000,0.0000,-0.2071,-0.2025,0.0000,0.0000,-0.0199,0.0276,-0.1762,-0.3779,-0.0200,0.1013,-0.0314,-0.0181,-0.0101,-0.0510,0.0000,-0.0096,0.0059,0.3762,0.4684,0.0050,-0.0184,-0.3054,-0.2107,-0.0006,0.0030,0.0209,0.0436,-0.0000,-0.0767,0.0000,0.0000,0.0000,0.0000,0.0767,0.0000,0.0000,0.0000,0.0000,-0.0767,-0.0000,0.0000,0.0000,-0.2300,-0.0767,0.0000,0.0000,-0.0000,-0.0000,0.4951,-0.3117,-0.0799,0.2052,0.0742,-0.0725,-0.0563,-0.1881,1.2469,-0.0386,0.0236,-0.4950,-0.1263,0.0200,-0.0736,-0.4217,-0.0429,-0.0024,0.0119,0.3236,-0.0663,
8.8339,RLFSMStateRLLocomotion,0.3000,0.0000,0.0049,0.0756,0.1949,0.0266,0.6239,0.0251,0.0396,-0.7801,-0.2132,-0.3590,0.0000,0.0506,0.0046,0.0000,-0.0046,-0.0460,0.0000,0.0000,0.0000,0.4172,0.5123,0.0000,0.0000,-0.2071,-0.2025,0.0000,0.0000,-0.0199,0.0276,-0.1706,-0.3795,-0.0178,0.0996,-0.0309,-0.0181,-0.0087,-0.0507,0.0000,-0.0096,0.0053,0.3827,0.4673,0.0061,-0.0183,-0.2919,-0.2094,-0.0008,0.0030,0.0209,0.0434,-0.0000,-0.0767,0.0000,0.0000,0.0000,0.0000,0.0767,0.0000,0.0000,0.0000,0.0000,-0.0767,-0.0000,0.0000,0.0000,-0.2300,-0.0767,0.0000,0.0000,-0.0000,-0.0000,0.5177,-0.3179,-0.0713,0.1982,0.0763,-0.0723,-0.0506,-0.1868,1.3636,-0.0385,0.0212,-0.4694,-0.1306,0.0243,-0.0733,-0.3676,-0.0377,-0.0031,0.0110,0.3101,-0.0664,
8.8542,RLFSMStateRLLocomotion,0.3000,0.0000,0.0044,0.0703,0.1800,0.0320,0.6229,0.0273,0.0412,-0.7807,-0.2117,-0.3620,0.0000,0.0506,0.0046,0.0000,-0.0015,-0.0430,0.0000,0.0000,0.0000,0.4157,0.5123,0.0000,0.0000,-0.2086,-0.2056,0.0000,0.0000,-0.0199,0.0261,-0.1623,-0.3818,-0.0162,0.0977,-0.0291,-0.0184,-0.0055,-0.0503,0.0000,-0.0100,0.0048,0.3912,0.4648,0.0073,-0.0188,-0.2805,-0.2094,-0.0012,0.0027,0.0151,0.0431,0.0767,-0.0767,0.0000,0.0000,0.0000,0.0000,0.1533,0.1533,0.0000,0.0000,0.0000,-0.0767,-0.0000,0.0000,0.0000,-0.0767,-0.0767,0.0000,0.0000,-0.0000,-0.0000,0.5507,-0.3270,-0.0650,0.1907,0.0835,-0.0738,-0.0380,-0.1854,1.4749,-0.0400,0.0193,-0.4352,-0.1409,0.0290,-0.0750,-0.3220,-0.0375,-0.0047,0.0109,0.3003,-0.0677,
8.8744,RLFSMStateRLLocomotion,0.3000,0.0000,0.0082,0.0490,0.1481,0.0021,0.6224,0.0280,0.0420,-0.7811,-0.2117,-0.3620,0.0000,0.0506,0.0046,0.0000,0.0000,-0.0414,0.0000,0.0000,0.0000,0.4157,0.5123,0.0000,0.0000,-0.2086,-0.2086,0.0000,0.0000,-0.0199,0.0230,-0.1655,-0.3809,-0.0177,0.0934,-0.0298,-0.0190,-0.0066,-0.0501,0.0000,-0.0110,0.0059,0.3922,0.4635,0.0081,-0.0192,-0.2755,-0.2117,-0.0007,0.0030,0.0108,0.0423,-0.0000,0.0000,0.0000,0.0000,0.0000,0.0000,0.0767,0.0000,0.0000,0.0000,0.0000,0.0000,-0.0000,0.0000,0.0000,0.0000,-0.1533,0.0000,0.0000,-0.0000,-0.0767,0.5378,-0.3237,-0.0707,0.1735,0.0806,-0.0762,-0.0425,-0.1843,1.5923,-0.0439,0.0234,-0.4313,-0.1458,0.0323,-0.0767,-0.3019,-0.0468,-0.0027,0.0120,0.2833,-0.0706,
8.8948,RLFSMStateRLLocomotion,0.3000,0.0000,0.0083,-0.0639,0.1822,0.0085,0.6225,0.0295,0.0429,-0.7808,-0.2117,-0.3620,0.0000,0.0506,0.0046,0.0000,0.0000,-0.0414,0.0000,0.0000,0.0000,0.4157,0.5123,0.0000,0.0000,-0.2102,-0.2102,0.0000,0.0000,-0.0199,0.0215,-0.1636,-0.3817,-0.0170,0.0939,-0.0310,-0.0179,-0.0084,-0.0505,0.0000,-0.0104,0.0040,0.3904,0.4693,0.0100,-0.0190,-0.2707,-0.2078,-0.0007,0.0030,0.0108,0.0423,-0.0000,0.0000,0.0000,0.0000,0.0000,0.0000,0.0000,0.0767,0.0000,0.0000,0.0000,0.0000,-0.0000,0.0000,0.0000,-0.0767,-0.1533,0.0000,0.0000,-0.0000,-0.1533,0.5458,-0.3268,-0.0679,0.1755,0.0759,-0.0718,-0.0496,-0.1860,1.7054,-0.0416,0.0161,-0.4386,-0.1227,0.0401,-0.0762,-0.2826,-0.0312,-0.0029,0.0104,0.2823,-0.0608,
8.9152,RLFSMStateRLLocomotion,0.3000,0.0000,0.0079,0.0724,0.1300,0.0170,0.6225,0.0314,0.0443,-0.7808,-0.2071,-0.3620,0.0000,0.0506,0.0046,0.0000,0.0015,-0.0430,0.0000,0.0000,0.0000,0.4157,0.5108,0.0000,0.0000,-0.2102,-0.2132,0.0000,0.0000,-0.0199,0.0184,-0.1604,-0.3833,-0.0173,0.0894,-0.0293,-0.0191,-0.0060,-0.0498,0.0000,-0.0121,0.0040,0.3904,0.4693,0.0100,-0.0190,-0.2707,-0.2078,-0.0007,0.0026,0.0106,0.0448,0.1533,0.0000,0.0000,0.0000,0.0000,0.0000,0.0000,0.0000,0.0000,0.0000,0.0000,0.0000,-0.0000,0.0000,0.0000,0.0000,-0.0767,0.0000,0.0000,-0.0000,-0.0767,0.5584,-0.3332,-0.0693,0.1575,0.0828,-0.0762,-0.0401,-0.1831,1.8232,-0.0484,0.0217,-0.4070,-0.1497,0.0442,-0.0774,-0.2384,-0.0517,-0.0047,0.0124,0.2542,-0.0802,
8.9354,RLFSMStateRLLocomotion,0.3000,0.0000,0.0077,-0.0075,0.1395,0.0011,0.6223,0.0327,0.0451,-0.7808,-0.2071,-0.3620,0.0000,0.0506,0.0046,0.0000,0.0015,-0.0430,0.0000,0.0000,0.0000,0.4157,0.5108,0.0000,0.0000,-0.2117,-0.2148,0.0000,0.0000,-0.0199,0.0153,-0.1582,-0.3824,-0.0176,0.0817,-0.0282,-0.0203,-0.0033,-0.0489,0.0000,-0.0132,0.0063,0.4106,0.4541,0.0114,-0.0198,-0.2415,-0.2184,-0.0014,0.0036,-0.0062,0.0364,0.0767,0.0000,0.0000,0.0000,0.0000,0.0000,0.0767,0.0000,0.0000,0.0000,0.0000,0.0000,-0.0767,0.0000,0.0000,-0.0767,-0.0767,0.0000,0.0000,-0.0000,-0.0767,0.5672,-0.3298,-0.0705,0.1267,0.0870,-0.0811,-0.0292,-0.1797,1.9346,-0.0530,0.0252,-0.3577,-0.1835,0.0456,-0.0793,-0.1661,-0.0738,-0.0056,0.0145,0.2150,-0.0945,
8.9557,RLFSMStateRLLocomotion,0.3000,0.0000,0.0091,0.0266,0.1577,-0.0075,0.6222,0.0334,0.0457,-0.7808,-0.2071,-0.3620,0.0000,0.0506,0.0046,0.0000,0.0015,-0.0445,0.0000,0.0000,0.0000,0.4157,0.5108,0.0000,0.0000,-0.2132,-0.2163,0.0000,0.0000,-0.0199,0.0153,-0.1563,-0.3805,-0.0177,0.0756,-0.0285,-0.0209,-0.0038,-0.0488,0.0000,-0.0135,0.0058,0.4189,0.4544,0.0124,-0.0199,-0.2209,-0.2194,-0.0014,0.0034,-0.0141,0.0361,-0.0000,0.0000,0.0000,0.0000,0.0000,0.0000,0.0000,0.0000,0.0000,0.0000,0.0000,0.0000,-0.0000,0.0000,0.0000,-0.0767,-0.0767,0.0000,0.0000,-0.0000,-0.0767,0.5746,-0.3218,-0.0710,0.1025,0.0861,-0.0837,-0.0312,-0.1794,2.0370,-0.0541,0.0233,-0.3243,-0.1823,0.0495,-0.0795,-0.0837,-0.0776,-0.0057,0.0137,0.1836,-0.0958,
8.9761,RLFSMStateRLLocomotion,0.3000,0.0000,0.0102,0.0394,0.1161,-0.0107,0.6222,0.0347,0.0467,-0.7807,-0.2071,-0.3620,0.0000,0.0506,0.0046,0.0000,0.0031,-0.0476,0.0000,0.0000,0.0000,0.4157,0.5108,0.0000,0.0000,-0.2132,-0.2163,0.0000,0.0000,-0.0199,0.0153,-0.1531,-0.3777,-0.0179,0.0660,-0.0277,-0.0227,-0.0020,-0.0486,0.0000,-0.0158,0.0072,0.4368,0.4470,0.0124,-0.0199,-0.2209,-0.2194,-0.0014,0.0034,-0.0141,0.0361,-0.0000,0.0000,0.0000,0.0000,0.0000,0.0000,0.0000,-0.1533,0.0000,0.0000,0.0000,0.0000,-0.0000,0.0000,0.0000,-0.0767,-0.0767,0.0000,0.0000,-0.0000,-0.0000,0.5878,-0.3108,-0.0717,0.0640,0.0893,-0.0910,-0.0239,-0.1785,2.1375,-0.0631,0.0289,-0.2527,-0.2121,0.0512,-0.0797,0.0618,-0.1043,-0.0077,0.0157,0.1290,-0.1134,
8.9963,RLFSMStateRLLocomotion,0.3000,0.0000,0.0101,0.0341,0.1342,-0.0234,0.6217,0.0367,0.0481,-0.7809,-0.2071,-0.3620,0.0000,0.0506,0.0046,0.0000,0.0031,-0.0476,0.0000,0.0000,0.0000,0.4172,0.5108,0.0000,0.0000,-0.2148,-0.2209,0.0000,0.0000,-0.0230,0.0138,-0.1451,-0.3777,-0.0179,0.0660,-0.0277,-0.0227,-0.0020,-0.0486,0.0000,-0.0158,0.0072,0.4368,0.4470,0.0128,-0.0199,-0.1846,-0.2261,-0.0019,0.0039,-0.0277,0.0316,-0.0000,0.0000,0.0000,0.0000,0.0000,0.0000,0.0000,0.0000,0.0000,0.0000,0.0000,0.0000,-0.0000,0.0000,0.0000,-0.0767,-0.0767,0.0000,0.0000,-0.1533,-0.0000,0.6195,-0.2965,-0.0705,0.0109,0.0949,-0.1007,-0.0109,-0.1735,2.2182,-0.0693,0.0299,-0.1421,-0.2348,0.0553,-0.0813,0.2751,-0.1205,-0.0117,0.0162,0.0622,-0.1209,
9.0168,RLFSMStateRLLocomotion,0.3000,0.0000,0.0127,0.0149,0.1246,-0.0320,0.6216,0.0374,0.0486,-0.7809,-0.2071,-0.3620,0.0000,0.0506,0.0046,0.0000,0.0031,-0.0476,0.0000,0.0000,0.0000,0.4172,0.5108,0.0000,0.0000,-0.2148,-0.2224,0.0000,0.0000,-0.0245,0.0138,-0.1390,-0.3645,-0.0140,0.0342,-0.0269,-0.0281,0.0027,-0.0460,0.0000,-0.0188,0.0079,0.5010,0.4362,0.0145,-0.0201,-0.0508,-0.2338,-0.0031,0.0045,-0.0687,0.0261,-0.0000,0.0000,0.0000,0.0000,0.0000,0.0000,0.0000,0.0000,0.0000,0.0000,0.0000,0.0767,-0.0000,0.0000,0.0000,-0.0767,-0.0767,0.0000,0.0000,-0.0767,-0.0767,0.6441,-0.2579,-0.0558,-0.0634,0.0923,-0.1123,-0.0052,-0.1678,2.2841,-0.0750,0.0317,0.0040,-0.2554,0.0580,-0.0804,0.5969,-0.1352,-0.0123,0.0180,-0.0347,-0.1356,
9.0370,RLFSMStateRLLocomotion,0.3000,0.0000,0.0125,-0.0469,0.1119,-0.0320,0.6217,0.0386,0.0494,-0.7808,-0.2071,-0.3620,0.0000,0.0506,0.0046,0.0000,0.0031,-0.0476,0.0000,0.0000,0.0000,0.4188,0.5108,0.0000,0.0000,-0.2163,-0.2255,0.0000,0.0000,-0.0291,0.0123,-0.1353,-0.3505,-0.0083,0.0159,-0.0304,-0.0303,0.0040,-0.0414,0.0000,-0.0181,0.0069,0.5384,0.4373,0.0143,-0.0189,0.0371,-0.2280,-0.0028,0.0048,-0.0958,0.0222,-0.0000,0.0000,0.0000,0.0000,0.0000,0.0000,0.0000,0.0000,0.0000,0.0000,0.0000,0.0767,-0.0000,0.0000,0.0000,-0.0767,-0.1533,0.0000,0.0000,-0.2300,-0.0767,0.6586,-0.2022,-0.0331,-0.1364,0.0783,-0.1213,0.0002,-0.1494,2.3269,-0.0722,0.0275,0.1536,-0.2509,0.0573,-0.0755,0.9484,-0.1121,-0.0110,0.0193,-0.1432,-0.1513,
9.0572,RLFSMStateRLLocomotion,0.3000,0.0000,0.0113,0.0032,0.1172,-0.0245,0.6217,0.0398,0.0504,-0.7806,-0.2071,-0.3620,0.0000,0.0506,0.0046,0.0000,0.0031,-0.0476,0.0000,0.0000,0.0000,0.4203,0.5108,0.0000,0.0000,-0.2163,-0.2286,0.0000,0.0000,-0.0337,0.0107,-0.1386,-0.3282,0.0025,0.0022,-0.0408,-0.0302,0.0059,-0.0335,0.0000,-0.0181,0.0069,0.5384,0.4373,0.0143,-0.0189,0.0371,-0.2280,-0.0028,0.0048,-0.0958,0.0222,-0.0000,0.0000,0.0000,0.0000,0.0000,0.0000,0.0000,0.0000,0.0000,0.0000,0.0000,0.0767,-0.0000,0.0000,0.0000,0.0000,-0.1533,0.0000,0.0000,-0.2300,-0.0767,0.6457,-0.1127,0.0099,-0.1912,0.0370,-0.1209,0.0076,-0.1182,2.3585,-0.0625,0.0244,0.2777,-0.2318,0.0481,-0.0664,1.2437,-0.0555,-0.0029,0.0219,-0.2432,-0.1758,
9.0775,RLFSMStateRLLocomotion,0.3000,0.0000,0.0119,0.0394,0.0863,-0.0245,0.6216,0.0410,0.0512,-0.7806,-0.2056,-0.3620,0.0000,0.0476,0.0046,0.0000,0.0031,-0.0476,0.0000,0.0000,0.0000,0.4249,0.5108,0.0000,0.0000,-0.2194,-0.2301,0.0000,0.0000,-0.0399,0.0077,-0.1386,-0.3282,0.0025,0.0022,-0.0408,-0.0302,0.0059,-0.0335,0.0000,-0.0156,0.0061,0.5694,0.4420,0.0120,-0.0166,0.1109,-0.2139,-0.0007,0.0055,-0.1208,0.0160,-0.0000,0.0000,0.0000,-0.0767,0.0000,0.0000,0.0000,0.0000,0.0000,0.0000,0.0000,0.1533,-0.0000,0.0000,0.0000,-0.2300,-0.1533,0.0000,0.0000,-0.3066,-0.1533,0.5859,0.0079,0.0555,-0.2277,-0.0377,-0.1053,0.0217,-0.0817,2.3673,-0.0496,0.0201,0.3298,-0.2059,0.0405,-0.0610,1.3948,0.0040,0.0132,0.0227,-0.3153,-0.2270,
9.0978,RLFSMStateRLLocomotion,0.3000,0.0000,0.0153,0.0138,-0.0565,-0.1129,0.6215,0.0411,0.0517,-0.7806,-0.2056,-0.3590,0.0000,0.0476,0.0046,0.0000,0.0031,-0.0476,0.0000,0.0000,0.0000,0.4387,0.5108,0.0000,0.0000,-0.2117,-0.2332,0.0000,0.0000,-0.0506,0.0061,-0.1535,-0.2980,0.0139,-0.0069,-0.0594,-0.0263,0.0094,-0.0244,0.0000,-0.0124,0.0050,0.5825,0.4485,0.0101,-0.0152,0.1487,-0.1990,0.0033,0.0057,-0.1388,0.0032,0.0767,0.0767,0.0000,-0.0767,0.0000,0.0000,0.0000,0.0000,0.0000,0.0000,0.0000,0.5366,-0.0000,0.0000,0.0000,0.4599,-0.0767,0.0000,0.0000,-0.5366,-0.0767,0.4730,0.1505,0.0932,-0.2477,-0.1478,-0.0786,0.0415,-0.0458,2.3748,-0.0408,0.0177,0.3077,-0.1853,0.0388,-0.0596,1.3596,0.0622,0.0331,0.0222,-0.3570,-0.3088,
9.1181,RLFSMStateRLLocomotion,0.3000,0.0000,0.0199,0.0820,-0.2802,-0.1097,0.6209,0.0391,0.0511,-0.7812,-0.2056,-0.3513,0.0000,0.0414,0.0046,0.0000,0.0031,-0.0476,0.0000,0.0000,0.0000,0.4525,0.5108,0.0000,0.0000,-0.2040,-0.2347,0.0000,0.0000,-0.0552,0.0046,-0.2429,-0.2185,0.0220,-0.0071,-0.1384,-0.0022,0.0225,-0.0026,0.0000,-0.0083,0.0029,0.5528,0.4463,0.0097,-0.0149,0.1399,-0.1845,0.0083,0.0055,-0.1493,-0.0172,-0.0000,0.2300,0.0000,0.0000,0.0000,0.0000,0.0000,0.0000,0.0000,0.0000,0.0000,0.6132,-0.0000,0.0000,0.0000,0.3833,-0.0767,0.0000,0.0000,-0.2300,-0.0767,0.2285,0.3259,0.0880,-0.2286,-0.3535,-0.0090,0.0741,0.0057,2.4068,-0.0333,0.0114,0.2112,-0.2148,0.0380,-0.0565,0.9397,0.0693,0.0539,0.0138,-0.3167,-0.4559,
9.1384,RLFSMStateRLLocomotion,0.3000,0.0000,0.0160,0.0831,-0.5007,-0.0554,0.6207,0.0376,0.0496,-0.7816,-0.2056,-0.3436,0.0000,0.0353,0.0046,0.0000,0.0031,-0.0460,0.0000,0.0000,0.0000,0.4617,0.5108,0.0000,0.0000,-0.2010,-0.2347,0.0000,0.0000,-0.0629,0.0046,-0.2969,-0.2046,0.0171,0.0125,-0.1883,0.0233,0.0225,-0.0026,0.0000,-0.0083,0.0029,0.5528,0.4463,0.0095,-0.0141,0.0349,-0.1827,0.0135,0.0035,-0.1392,-0.0540,-0.0000,0.6899,0.0000,-0.4599,0.0000,0.0000,0.0000,0.0000,0.0000,0.0000,0.0000,0.8432,-0.0000,0.0000,0.0000,0.3833,-0.0767,0.0000,0.0000,-0.2300,-0.0767,0.0123,0.3815,0.0683,-0.1498,-0.5530,0.0931,0.0916,0.0798,2.5102,-0.0192,0.0010,0.0447,-0.3096,0.0449,-0.0651,0.2808,0.0234,0.0633,-0.0104,-0.1869,-0.6002,
9.1587,RLFSMStateRLLocomotion,0.3000,0.0000,0.0091,0.1310,-0.6210,0.0490,0.6199,0.0335,0.0457,-0.7827,-0.2056,-0.3267,0.0000,0.0230,0.0046,0.0000,0.0000,-0.0414,0.0000,0.0000,0.0000,0.4817,0.5108,0.0000,0.0000,-0.1948,-0.2347,0.0000,0.0000,-0.0782,0.0031,-0.2969,-0.2046,0.0171,0.0125,-0.1883,0.0233,0.0269,0.0159,0.0000,-0.0048,0.0002,0.5112,0.4226,0.0112,-0.0163,-0.1298,-0.1941,0.0158,-0.0026,-0.1067,-0.0900,-0.0000,0.8432,0.0000,-0.6132,-0.0767,0.0000,-0.1533,0.1533,0.0000,0.0000,0.0000,0.9199,-0.0000,0.0000,0.0000,0.3066,-0.0000,0.0000,0.0000,-0.6899,-0.1533,-0.0677,0.3091,0.0235,-0.1042,-0.6746,0.1883,0.0833,0.1404,2.6014,-0.0045,-0.0068,0.0279,-0.4799,0.0424,-0.0621,-0.1761,-0.1219,0.0361,-0.0350,-0.0544,-0.6950,
9.1789,RLFSMStateRLLocomotion,0.3000,0.0000,0.0020,0.1236,-0.7670,0.2993,0.6178,0.0277,0.0374,-0.7849,-0.2056,-0.2976,0.0000,0.0123,-0.0092,0.0000,-0.0015,-0.0322,0.0000,0.0000,0.0000,0.5154,0.5093,0.0000,0.0000,-0.1795,-0.2316,0.0000,0.0000,-0.0982,-0.0138,-0.3169,-0.2227,0.0059,0.0240,-0.2187,0.0471,0.0248,0.0311,0.0000,-0.0011,-0.0017,0.5070,0.3800,0.0106,-0.0155,-0.2440,-0.2305,0.0090,-0.0088,-0.0736,-0.1138,-0.0000,0.9965,0.0000,-0.5366,-0.3833,0.0000,-0.1533,0.3066,0.0000,0.0000,0.0000,1.1498,-0.0000,0.0000,0.0000,0.5366,0.1533,0.0000,0.0000,-0.6132,-0.4599,-0.0617,0.1948,-0.0253,-0.1079,-0.6599,0.2537,0.0738,0.1671,2.5960,0.0081,-0.0227,0.1165,-0.6199,0.0376,-0.0496,-0.2870,-0.2661,0.0029,-0.0459,-0.0097,-0.7138,
9.1991,RLFSMStateRLLocomotion,0.3000,0.0000,-0.0172,0.0543,-0.7617,0.4293,0.6172,0.0275,0.0305,-0.7857,-0.2117,-0.2777,0.0000,0.0031,-0.0245,0.0000,0.0046,-0.0261,0.0000,0.0000,0.0000,0.5323,0.5093,0.0000,0.0000,-0.1565,-0.2316,0.0000,0.0000,-0.1058,-0.0169,-0.3083,-0.2771,-0.0162,0.0098,-0.1793,0.0870,0.0189,0.0509,0.0000,0.0109,-0.0219,0.5393,0.3312,0.0102,-0.0112,-0.2894,-0.2665,0.0007,-0.0115,-0.0624,-0.1184,-0.1533,0.9199,0.0000,-0.4599,-0.6132,0.0000,0.1533,0.3833,0.0000,0.0000,0.0000,0.9965,-0.0767,0.0000,0.0000,0.9965,-0.0000,0.0000,0.0000,-0.4599,-0.3833,-0.0330,0.0918,-0.0650,-0.1606,-0.5171,0.3479,0.0597,0.2195,2.4663,0.0435,-0.0877,0.1571,-0.6754,0.0408,-0.0447,-0.3575,-0.2823,-0.0129,-0.0413,0.0181,-0.6833,
9.2193,RLFSMStateRLLocomotion,0.3000,0.0000,-0.0113,0.0149,-0.6722,0.3654,0.6166,0.0268,0.0249,-0.7864,-0.2224,-0.2562,0.0000,0.0015,-0.0414,0.0000,0.0107,-0.0184,0.0000,0.0000,0.0000,0.5430,0.5001,0.0000,0.0000,-0.1197,-0.2316,0.0000,0.0000,-0.1089,-0.0261,-0.3119,-0.2772,-0.0214,0.0098,-0.1793,0.0870,0.0189,0.0509,0.0000,0.0109,-0.0219,0.5393,0.3312,0.0102,-0.0112,-0.2894,-0.2706,-0.0032,-0.0103,-0.0555,-0.1108,-0.3833,1.0732,0.0000,0.0000,-0.8432,0.0000,0.3066,0.3066,0.0000,0.0000,0.0000,0.6899,-0.1533,0.0000,0.0000,1.7631,-0.0000,0.0000,0.0000,-0.1533,-0.3833,-0.0475,0.0913,-0.0854,-0.1808,-0.3888,0.3714,0.0313,0.1990,2.3257,0.0552,-0.1170,0.1386,-0.6384,0.0340,-0.0397,-0.3145,-0.2689,-0.0208,-0.0334,0.0178,-0.5918,
9.2396,RLFSMStateRLLocomotion,0.3000,0.0000,-0.0151,0.0053,-0.5507,0.4048,0.6171,0.0260,0.0191,-0.7862,-0.2500,-0.2378,0.0000,0.0031,-0.0537,0.0000,0.0153,-0.0138,0.0000,0.0000,0.0000,0.5430,0.4832,0.0000,0.0000,-0.0828,-0.2301,0.0000,0.0000,-0.1028,-0.0261,-0.3119,-0.2772,-0.0214,0.0048,-0.1472,0.0928,0.0118,0.0457,0.0000,0.0138,-0.0292,0.5346,0.3404,0.0085,-0.0099,-0.2786,-0.2672,-0.0052,-0.0083,-0.0555,-0.0879,-1.1498,0.9965,0.0000,0.0767,-0.6899,0.0000,0.3833,0.2300,0.0000,0.0000,0.0000,0.2300,-0.6132,0.0000,0.0000,1.8397,-0.0000,0.0000,0.0000,0.0767,-0.1533,-0.0460,0.1124,-0.0976,-0.1650,-0.3172,0.3479,0.0371,0.1833,2.2173,0.0638,-0.1261,0.1288,-0.6061,0.0072,-0.0315,-0.1984,-0.2855,-0.0328,-0.0340,-0.0144,-0.5116,
9.2599,RLFSMStateRLLocomotion,0.3000,0.0000,-0.0086,0.1193,-0.4421,0.3270,0.6169,0.0254,0.0167,-0.7865,-0.2623,-0.2316,0.0000,0.0031,-0.0583,0.0000,0.0199,-0.0107,0.0000,0.0000,0.0000,0.5400,0.4740,0.0000,0.0000,-0.0660,-0.2301,0.0000,0.0000,-0.0966,-0.0261,-0.3115,-0.2719,-0.0244,0.0087,-0.1293,0.0870,0.0133,0.0418,0.0000,0.0159,-0.0315,0.5322,0.3485,0.0018,-0.0079,-0.2496,-0.2714,-0.0082,-0.0085,-0.0636,-0.0679,-1.3031,0.6899,0.0000,0.0767,-0.5366,0.0000,0.1533,0.2300,0.0000,0.0000,0.0000,-0.0767,-0.8432,0.0000,0.0000,1.8397,-0.0000,0.0000,0.0000,0.0767,-0.0000,-0.0683,0.1671,-0.1028,-0.1345,-0.3183,0.2990,0.0462,0.1700,2.1337,0.0543,-0.0988,0.1403,-0.5917,-0.0167,-0.0161,-0.0848,-0.3431,-0.0341,-0.0348,-0.0606,-0.4943,
9.2801,RLFSMStateRLLocomotion,0.3000,0.0000,0.0166,0.0394,-0.1140,-0.0842,0.6153,0.0239,0.0164,-0.7878,-0.2853,-0.2224,0.0000,-0.0046,-0.0675,0.0000,0.0215,-0.0061,0.0000,0.0000,0.0000,0.5354,0.4510,0.0000,0.0000,-0.0261,-0.2270,0.0000,0.0000,-0.0782,-0.0261,-0.3171,-0.2582,-0.0257,0.0164,-0.1296,0.0748,0.0155,0.0385,0.0000,0.0136,-0.0247,0.5351,0.3521,-0.0042,-0.0040,-0.2212,-0.2858,-0.0085,-0.0087,-0.0752,-0.0636,-0.7665,0.3833,0.0000,-0.2300,-0.4599,0.0000,0.2300,0.1533,0.0000,0.0000,0.0000,-0.2300,-0.9199,0.0000,0.0000,1.3031,0.0767,0.0000,0.0000,0.6132,-0.0000,-0.1975,0.3310,-0.0846,-0.0692,-0.3675,0.2383,0.0290,0.1223,2.0616,0.0254,-0.0564,0.1088,-0.5495,-0.0229,0.0063,0.0401,-0.4165,-0.0233,-0.0450,-0.0781,-0.4907,
9.3004,RLFSMStateRLLocomotion,0.3000,0.0000,0.0310,-0.0458,-0.0575,-0.1609,0.6152,0.0226,0.0182,-0.7878,-0.2930,-0.2255,0.0000,-0.0061,-0.0675,0.0000,0.0215,-0.0061,0.0000,0.0000,0.0000,0.5354,0.4479,0.0000,0.0000,-0.0153,-0.2224,0.0000,0.0000,-0.0629,-0.0261,-0.3494,-0.2172,-0.0212,0.0327,-0.1419,0.0596,0.0113,0.0266,0.0000,0.0063,-0.0141,0.5272,0.3626,-0.0057,0.0016,-0.1900,-0.3041,-0.0058,-0.0112,-0.0795,-0.0627,-0.4599,0.0767,0.0000,-0.0767,0.0000,0.0000,0.0000,0.0000,0.0000,0.0000,0.0000,-0.0767,-0.5366,0.0000,0.0000,0.6132,0.1533,0.0000,0.0000,0.9199,-0.0000,-0.2967,0.4685,-0.0524,-0.0351,-0.4636,0.1951,0.0531,0.0984,1.9766,0.0136,-0.0225,0.0963,-0.5666,-0.0150,0.0222,0.0989,-0.4593,-0.0112,-0.0617,-0.0627,-0.5392,
9.3208,RLFSMStateRLLocomotion,0.3000,0.0000,0.0293,-0.0927,0.0160,-0.1182,0.6155,0.0219,0.0188,-0.7876,-0.2961,-0.2316,0.0000,-0.0061,-0.0675,0.0000,0.0215,-0.0061,0.0000,0.0000,0.0000,0.5354,0.4479,0.0000,0.0000,-0.0153,-0.2209,0.0000,0.0000,-0.0598,-0.0245,-0.3742,-0.1829,-0.0131,0.0412,-0.1659,0.0488,0.0173,0.0206,0.0000,0.0034,-0.0056,0.5241,0.3584,-0.0038,0.0056,-0.1753,-0.3148,-0.0028,-0.0154,-0.0757,-0.0748,-0.3066,-0.3833,0.0000,-0.0767,0.0000,0.0000,0.0000,0.0000,0.0000,0.0000,0.0000,0.0000,-0.0000,0.0000,0.0000,0.6132,0.1533,0.0000,0.0000,0.3066,0.0767,-0.3303,0.5267,-0.0257,-0.0342,-0.5076,0.1857,0.0671,0.1021,1.8460,0.0148,-0.0209,0.1002,-0.5886,-0.0114,0.0268,0.1065,-0.4387,-0.0060,-0.0673,-0.0471,-0.5770,
9.3411,RLFSMStateRLLocomotion,0.3000,0.0000,0.0342,-0.1385,0.1715,-0.2077,0.6170,0.0224,0.0217,-0.7863,-0.3068,-0.2485,0.0000,-0.0077,-0.0675,0.0000,0.0199,-0.0061,0.0000,0.0000,0.0000,0.5338,0.4479,0.0000,0.0000,-0.0291,-0.2163,0.0000,0.0000,-0.0614,-0.0153,-0.3826,-0.1683,-0.0064,0.0414,-0.1769,0.0464,0.0208,0.0215,0.0000,0.0037,-0.0052,0.5251,0.3528,-0.0029,0.0067,-0.1734,-0.3097,-0.0015,-0.0168,-0.0718,-0.0843,-0.3066,-0.6132,0.0000,0.0000,0.0000,0.0000,-0.0767,0.0000,0.0000,0.0000,0.0000,0.0000,-0.0000,0.0000,0.0000,-0.3833,0.1533,0.0000,0.0000,-0.0000,0.2300,-0.3579,0.5745,0.0062,-0.0341,-0.5282,0.1601,0.0701,0.0936,1.6757,0.0087,-0.0157,0.0937,-0.5572,-0.0064,0.0208,0.1247,-0.3780,-0.0011,-0.0642,-0.0329,-0.5995,
9.3614,RLFSMStateRLLocomotion,0.3000,0.0000,0.0399,-0.0660,0.0916,-0.2951,0.6179,0.0211,0.0238,-0.7857,-0.3129,-0.2592,0.0000,-0.0031,-0.0660,0.0000,0.0184,-0.0061,0.0000,0.0000,0.0000,0.5308,0.4479,0.0000,0.0000,-0.0476,-0.2148,0.0000,0.0000,-0.0660,-0.0107,-0.3895,-0.1564,0.0015,0.0415,-0.1820,0.0400,0.0215,0.0194,0.0000,0.0022,-0.0039,0.5234,0.3607,-0.0016,0.0052,-0.1688,-0.2945,-0.0003,-0.0160,-0.0682,-0.0899,-0.3833,-0.5366,0.0000,0.2300,0.0000,0.0000,-0.0767,0.0000,0.0000,0.0000,0.0000,-0.0767,-0.0000,0.0000,0.0000,-0.8432,0.1533,0.0000,0.0000,-0.2300,0.3066,-0.3579,0.5745,0.0062,-0.0341,-0.5282,0.1601,0.0701,0.0936,1.6757,0.0087,-0.0157,0.0937,-0.5572,-0.0064,0.0208,0.1247,-0.3780,-0.0011,-0.0642,-0.0329,-0.5995,
9.3816,RLFSMStateRLLocomotion,0.3000,0.0000,0.0434,-0.3515,-0.0874,-0.4144,0.6195,0.0188,0.0248,-0.7844,-0.3191,-0.2608,0.0000,0.0015,-0.0629,0.0000,0.0184,-0.0077,0.0000,0.0000,0.0000,0.5292,0.4479,0.0000,0.0000,-0.0598,-0.2132,0.0000,0.0000,-0.0675,-0.0092,-0.3922,-0.1571,0.0040,0.0421,-0.1801,0.0319,0.0252,0.0121,0.0000,-0.0000,0.0002,0.5237,0.3617,-0.0023,0.0034,-0.1609,-0.2983,-0.0017,-0.0151,-0.0690,-0.0905,-0.3066,-0.3833,0.0000,0.2300,0.0767,0.0000,0.0000,0.0000,0.0000,0.0000,0.0000,-0.1533,-0.0000,0.0000,0.0000,-0.8432,0.1533,0.0000,0.0000,-0.1533,0.2300,-0.3687,0.5717,0.0159,-0.0315,-0.5205,0.1277,0.0849,0.0643,1.5108,-0.0001,0.0006,0.0946,-0.5531,-0.0094,0.0138,0.1563,-0.3932,-0.0070,-0.0604,-0.0361,-0.6021,
9.4019,RLFSMStateRLLocomotion,0.3000,0.0000,0.0434,-0.4186,-0.3036,-0.5316,0.6225,0.0133,0.0240,-0.7822,-0.3237,-0.2592,0.0000,0.0061,-0.0583,0.0000,0.0184,-0.0107,0.0000,0.0000,0.0000,0.5354,0.4479,0.0000,0.0000,-0.0982,-0.2102,0.0000,0.0000,-0.0690,-0.0077,-0.3972,-0.1548,0.0040,0.0425,-0.1832,0.0275,0.0263,0.0059,0.0000,-0.0008,0.0013,0.5195,0.3648,-0.0016,0.0008,-0.1649,-0.3020,-0.0011,-0.0150,-0.0678,-0.0915,-0.2300,-0.0767,0.0000,0.1533,0.2300,0.0000,0.0000,-0.1533,0.0000,0.0000,0.0000,-0.0767,-0.0000,0.0000,0.0000,-1.2265,0.0767,0.0000,0.0000,-0.0767,-0.0000,-0.3887,0.5809,0.0161,-0.0301,-0.5328,0.1100,0.0891,0.0396,1.3551,-0.0032,0.0050,0.0778,-0.5410,-0.0065,0.0031,0.1406,-0.4082,-0.0046,-0.0600,-0.0310,-0.6061,
9.4220,RLFSMStateRLLocomotion,0.3000,0.0000,0.0520,-0.4602,-0.4037,-0.5422,0.6244,0.0094,0.0231,-0.7807,-0.3237,-0.2562,0.0000,0.0061,-0.0568,0.0000,0.0184,-0.0138,0.0000,0.0000,0.0000,0.5369,0.4479,0.0000,0.0000,-0.1120,-0.2086,0.0000,0.0000,-0.0690,-0.0077,-0.4062,-0.1718,-0.0096,0.0489,-0.1862,0.0176,0.0247,-0.0123,0.0000,-0.0014,0.0046,0.5044,0.3651,-0.0006,-0.0061,-0.1901,-0.3324,-0.0025,-0.0163,-0.0528,-0.0873,-0.1533,0.2300,0.0000,0.1533,0.2300,0.0000,0.0000,-0.2300,0.0000,0.0000,0.0000,0.3066,-0.0000,0.0000,0.0000,-1.3031,0.0767,0.0000,0.0000,-0.0000,0.0767,-0.4246,0.5129,-0.0383,-0.0046,-0.5450,0.0706,0.0829,-0.0332,1.2360,-0.0058,0.0183,0.0178,-0.5398,-0.0024,-0.0244,0.0398,-0.5294,-0.0100,-0.0652,0.0289,-0.5891,
9.4422,RLFSMStateRLLocomotion,0.3000,0.0000,0.0499,-0.8352,-0.4804,-0.4240,0.6326,-0.0003,0.0192,-0.7743,-0.3237,-0.2408,0.0000,0.0077,-0.0552,0.0000,0.0199,-0.0245,0.0000,0.0000,0.0000,0.5384,0.4479,0.0000,0.0000,-0.1427,-0.2056,0.0000,0.0000,-0.0660,-0.0077,-0.4081,-0.1895,-0.0218,0.0551,-0.1776,0.0122,0.0215,-0.0243,0.0000,-0.0017,0.0072,0.4898,0.3669,-0.0007,-0.0110,-0.2144,-0.3459,-0.0031,-0.0178,-0.0439,-0.0807,-0.0000,0.4599,0.0000,0.0000,0.0767,0.0000,0.0767,-0.3066,0.0000,0.0000,0.0000,0.0767,-0.0000,0.0000,0.0000,-0.9965,0.1533,0.0000,0.0000,0.0767,-0.0000,-0.4323,0.4422,-0.0872,0.0204,-0.5104,0.0488,0.0699,-0.0811,1.1075,-0.0069,0.0288,-0.0406,-0.5322,-0.0028,-0.0439,-0.0574,-0.5834,-0.0123,-0.0710,0.0643,-0.5629,
9.4626,RLFSMStateRLLocomotion,0.3000,0.0000,0.0279,-0.9460,-0.4059,-0.4059,0.6361,-0.0027,0.0181,-0.7714,-0.3237,-0.2362,0.0000,0.0077,-0.0552,0.0000,0.0199,-0.0261,0.0000,0.0000,0.0000,0.5384,0.4479,0.0000,0.0000,-0.1519,-0.2056,0.0000,0.0000,-0.0644,-0.0077,-0.4093,-0.2068,-0.0470,0.0660,-0.1441,0.0123,0.0020,-0.0340,0.0000,0.0029,0.0035,0.4414,0.4197,0.0005,-0.0177,-0.2883,-0.3187,-0.0000,-0.0143,-0.0201,-0.0410,-0.0000,0.4599,0.0000,0.0000,0.0000,0.0000,0.0767,-0.3833,0.0000,0.0000,0.0000,0.0767,-0.0000,0.0000,0.0000,-0.9199,-0.0000,0.0000,0.0000,0.1533,-0.0000,-0.4373,0.3728,-0.1878,0.0639,-0.3763,0.0493,-0.0079,-0.1201,0.9597,0.0116,0.0141,-0.2344,-0.3210,0.0021,-0.0707,-0.3532,-0.4746,-0.0001,-0.0572,0.1596,-0.4038,
9.4829,RLFSMStateRLLocomotion,0.3000,0.0000,0.0210,-1.2069,-0.2024,-0.3345,0.6494,-0.0073,0.0186,-0.7602,-0.3329,-0.2301,0.0000,0.0061,-0.0552,0.0000,0.0215,-0.0368,0.0000,0.0000,0.0000,0.5384,0.4479,0.0000,0.0000,-0.1580,-0.2056,0.0000,0.0000,-0.0506,-0.0077,-0.4022,-0.2285,-0.0604,0.0693,-0.0870,0.0074,-0.0185,-0.0394,0.0000,0.0078,0.0072,0.3822,0.4796,0.0027,-0.0207,-0.3394,-0.2733,0.0006,-0.0103,-0.0064,0.0036,-0.0767,0.3066,0.0000,-0.0767,0.0000,0.0000,0.0000,-0.3066,0.0000,0.0000,0.0000,0.0000,-0.0000,0.0000,0.0000,-0.4599,-0.0000,0.0000,0.0000,0.3066,-0.0000,-0.4088,0.2859,-0.2416,0.0774,-0.1479,0.0296,-0.0901,-0.1415,0.7782,0.0312,0.0289,-0.4712,-0.0817,0.0109,-0.0829,-0.5578,-0.2931,0.0022,-0.0412,0.2143,-0.2255,
9.5031,RLFSMStateRLLocomotion,0.3000,0.0000,-0.0056,-1.2943,-0.1896,-0.3004,0.6546,-0.0089,0.0194,-0.7556,-0.3390,-0.2286,0.0000,0.0046,-0.0552,0.0000,0.0230,-0.0414,0.0000,0.0000,0.0000,0.5384,0.4479,0.0000,0.0000,-0.1534,-0.2071,0.0000,0.0000,-0.0445,-0.0077,-0.3619,-0.2779,-0.0578,0.0694,-0.0353,-0.0047,-0.0258,-0.0433,0.0000,0.0152,0.0070,0.3429,0.5098,0.0122,-0.0287,-0.3715,-0.2361,-0.0020,-0.0043,-0.0085,0.0459,-0.5366,0.1533,0.0000,-0.0767,0.0000,0.0000,0.0000,-0.3833,0.0000,0.0000,0.0000,0.0000,-0.0000,0.0000,0.0000,0.4599,-0.0767,0.0000,0.0000,0.6132,-0.0000,-0.2476,0.0883,-0.2312,0.0778,0.0586,-0.0187,-0.1192,-0.1574,0.5831,0.0608,0.0279,-0.6284,0.0392,0.0489,-0.1149,-0.6861,-0.1444,-0.0078,-0.0174,0.2059,-0.0565,
9.5234,RLFSMStateRLLocomotion,0.3000,0.0000,-0.0167,-1.5542,-0.0746,-0.3164,0.6715,-0.0147,0.0243,-0.7405,-0.3605,-0.2270,0.0000,0.0031,-0.0552,0.0000,0.0261,-0.0491,0.0000,0.0000,0.0000,0.5384,0.4479,0.0000,0.0000,-0.1534,-0.2071,0.0000,0.0000,-0.0245,-0.0077,-0.3380,-0.3058,-0.0496,0.0742,-0.0253,-0.0155,-0.0233,-0.0524,0.0000,0.0185,0.0055,0.3194,0.5083,0.0188,-0.0387,-0.3859,-0.2328,-0.0040,0.0003,-0.0101,0.0625,-0.6899,0.0767,0.0000,-0.0767,0.0000,0.0000,0.0767,-0.2300,0.0000,0.0000,0.0000,0.0000,-0.0000,0.0000,0.0000,0.0000,-0.0000,0.0000,0.0000,0.6132,-0.0000,-0.1522,-0.0233,-0.1984,0.0968,0.0990,-0.0619,-0.1092,-0.1937,0.4404,0.0740,0.0219,-0.7225,0.0331,0.0753,-0.1546,-0.7437,-0.1312,-0.0159,0.0012,0.1998,0.0101,
9.5437,RLFSMStateRLLocomotion,0.3000,0.0000,-0.0426,-1.5819,-0.0256,-0.3313,0.6773,-0.0166,0.0266,-0.7350,-0.3666,-0.2270,0.0000,0.0031,-0.0552,0.0000,0.0261,-0.0522,0.0000,0.0000,0.0000,0.5369,0.4479,0.0000,0.0000,-0.1534,-0.2086,0.0000,0.0000,-0.0169,-0.0077,-0.3213,-0.3263,-0.0337,0.0453,-0.0007,-0.0297,-0.0104,-0.0704,0.0000,0.0286,0.0013,0.2977,0.5013,0.0336,-0.0576,-0.3705,-0.2436,-0.0086,0.0040,-0.0416,0.0717,-0.6132,0.0767,0.0000,-0.0767,0.0000,0.0000,0.0767,-0.3066,0.0000,0.0000,0.0000,0.0000,-0.0000,0.0000,0.0000,0.0000,-0.0767,0.0000,0.0000,0.6899,-0.0000,-0.0854,-0.1052,-0.1349,-0.0189,0.1974,-0.1188,-0.0575,-0.2655,0.2946,0.1143,0.0054,-0.8093,0.0053,0.1345,-0.2306,-0.6818,-0.1743,-0.0342,0.0158,0.0734,0.0467,
9.5641,RLFSMStateRLLocomotion,0.3000,0.0000,-0.0509,-1.3540,-0.0895,-0.0852,0.6873,-0.0208,0.0302,-0.7255,-0.3712,-0.2240,0.0000,-0.0015,-0.0537,0.0000,0.0261,-0.0552,0.0000,0.0000,0.0000,0.5292,0.4479,0.0000,0.0000,-0.1534,-0.2086,0.0000,0.0000,0.0000,0.0031,-0.3138,-0.3347,-0.0226,0.0187,0.0242,-0.0429,-0.0024,-0.0833,0.0000,0.0331,-0.0001,0.2816,0.4974,0.0469,-0.0687,-0.3566,-0.2507,-0.0127,0.0078,-0.0706,0.0751,-0.4599,0.0767,0.0000,-0.1533,0.0000,0.0000,0.0000,-0.1533,0.0000,0.0000,0.0000,-0.2300,-0.0000,0.0000,0.0000,0.0000,-0.0000,0.0000,0.0000,0.7665,0.1533,-0.0551,-0.1389,-0.0904,-0.1251,0.2966,-0.1717,-0.0256,-0.3170,0.2143,0.1324,-0.0006,-0.8734,-0.0104,0.1876,-0.2749,-0.6263,-0.2026,-0.0510,0.0313,-0.0425,0.0603,
9.5844,RLFSMStateRLLocomotion,0.3000,0.0000,-0.0966,-1.3582,0.0288,-0.0117,0.6974,-0.0252,0.0330,-0.7155,-0.3743,-0.2316,0.0000,-0.0046,-0.0491,0.0000,0.0261,-0.0568,0.0000,0.0000,0.0000,0.5139,0.4556,0.0000,0.0000,-0.1519,-0.2117,0.0000,0.0000,0.0138,0.0215,-0.3102,-0.3405,-0.0190,0.0052,0.0488,-0.0481,0.0188,-0.0998,0.0000,0.0384,-0.0074,0.2606,0.4898,0.0545,-0.0746,-0.3645,-0.2575,-0.0192,0.0080,-0.0936,0.0774,-0.0767,0.0000,0.0000,-0.1533,0.1533,0.0000,0.0000,-0.0767,0.0000,0.0000,0.0000,-0.6132,0.1533,0.0000,0.0000,0.0767,-0.1533,0.0000,0.0000,0.6899,0.6899,-0.0408,-0.1618,-0.0759,-0.1794,0.3953,-0.1926,0.0593,-0.3833,0.1277,0.1535,-0.0294,-0.9576,-0.0407,0.2180,-0.2985,-0.6579,-0.2300,-0.0767,0.0321,-0.1345,0.0696,
9.6047,RLFSMStateRLLocomotion,0.3000,0.0000,-0.1101,-1.3252,0.3558,0.0788,0.7077,-0.0276,0.0394,-0.7049,-0.3666,-0.2500,0.0000,-0.0077,-0.0399,0.0000,0.0261,-0.0552,0.0000,0.0000,0.0000,0.5047,0.4694,0.0000,0.0000,-0.1503,-0.2148,0.0000,0.0000,0.0199,0.0383,-0.3085,-0.3488,-0.0124,-0.0158,0.0685,-0.0537,0.0334,-0.1159,0.0000,0.0440,-0.0126,0.2408,0.4923,0.0642,-0.0824,-0.3598,-0.2639,-0.0232,0.0091,-0.1177,0.0795,-0.0000,-0.8432,0.0000,-0.1533,0.3833,0.0000,0.0000,0.0000,0.0000,0.0000,0.0000,-0.6132,0.4599,0.0000,0.0000,0.0767,-0.1533,0.0000,0.0000,0.4599,0.8432,-0.0341,-0.1951,-0.0494,-0.2631,0.4740,-0.2149,0.1174,-0.4477,0.0714,0.1762,-0.0505,-1.0367,-0.0308,0.2570,-0.3294,-0.6392,-0.2557,-0.0930,0.0363,-0.2309,0.0780,
9.6250,RLFSMStateRLLocomotion,0.3000,0.0000,-0.1478,-1.2464,0.5444,0.3728,0.7165,-0.0261,0.0469,-0.6955,-0.3497,-0.2684,0.0000,-0.0123,-0.0353,0.0000,0.0261,-0.0568,0.0000,0.0000,0.0000,0.4924,0.4847,0.0000,0.0000,-0.1503,-0.2148,0.0000,0.0000,0.0215,0.0491,-0.2606,-0.3733,0.0241,-0.0336,0.0918,-0.0676,0.0430,-0.1298,0.0000,0.0434,-0.0229,0.2575,0.4716,0.0729,-0.0811,-0.3233,-0.2487,-0.0303,0.0108,-0.1323,0.0889,0.8432,-0.8432,0.0000,-0.2300,0.3066,0.0000,0.0000,0.0767,0.0000,0.0000,0.0000,-0.4599,0.6899,0.0000,0.0000,0.0000,-0.0000,0.0000,0.0000,0.1533,0.8432,0.1576,-0.2930,0.0962,-0.3343,0.5673,-0.2704,0.1560,-0.5034,0.0386,0.1734,-0.0917,-0.9700,-0.1138,0.2917,-0.3245,-0.4933,-0.1946,-0.1212,0.0432,-0.2893,0.1155,
9.6453,RLFSMStateRLLocomotion,0.3000,0.0000,-0.1925,-0.9129,0.4943,0.6125,0.7286,-0.0184,0.0523,-0.6827,-0.3375,-0.2945,0.0000,-0.0276,-0.0199,0.0000,0.0291,-0.0706,0.0000,0.0000,0.0000,0.4495,0.5001,0.0000,0.0000,-0.1503,-0.2163,0.0000,0.0000,0.0077,0.0583,-0.2107,-0.3970,0.0470,-0.0381,0.1067,-0.0900,0.0594,-0.1536,0.0000,0.0409,-0.0387,0.2627,0.4686,0.0770,-0.0744,-0.3031,-0.2434,-0.0367,0.0117,-0.1284,0.0946,0.2300,-0.6899,0.0000,-0.5366,0.4599,0.0000,0.0767,-0.5366,0.0000,0.0000,0.0000,-1.5331,0.4599,0.0000,0.0000,0.0000,-0.0000,0.0000,0.0000,-0.6132,0.3066,0.3571,-0.3879,0.1880,-0.3523,0.6269,-0.3599,0.2215,-0.5986,0.0994,0.1636,-0.1550,-0.9493,-0.1257,0.3081,-0.2976,-0.4124,-0.1738,-0.1467,0.0468,-0.2737,0.1383,
9.6656,RLFSMStateRLLocomotion,0.3000,0.0000,-0.2132,-0.8213,0.4666,0.4751,0.7348,-0.0151,0.0553,-0.6759,-0.3329,-0.3053,0.0000,-0.0368,-0.0153,0.0000,0.0353,-0.0782,0.0000,0.0000,0.0000,0.4096,0.5016,0.0000,0.0000,-0.1503,-0.2194,0.0000,0.0000,-0.0138,0.0583,-0.1798,-0.4014,0.0509,-0.0084,0.0925,-0.0959,0.0701,-0.1560,0.0000,0.0381,-0.0385,0.2796,0.4721,0.0688,-0.0598,-0.2832,-0.2416,-0.0367,0.0072,-0.0944,0.0833,0.2300,-0.4599,0.0000,-0.4599,0.2300,0.0000,0.2300,-0.3066,0.0000,0.0000,0.0000,-1.8397,0.1533,0.0000,0.0000,0.0000,-0.0767,0.0000,0.0000,-0.9965,0.0767,0.4807,-0.4054,0.2035,-0.2335,0.5701,-0.3835,0.2646,-0.6079,0.2329,0.1526,-0.1538,-0.8815,-0.1116,0.2752,-0.2391,-0.3327,-0.1662,-0.1466,0.0287,-0.1375,0.0931,
9.6858,RLFSMStateRLLocomotion,0.3000,0.0000,-0.2130,-0.7883,0.5177,0.3292,0.7375,-0.0141,0.0580,-0.6728,-0.3329,-0.3099,0.0000,-0.0414,-0.0107,0.0000,0.0383,-0.0844,0.0000,0.0000,0.0000,0.3912,0.5016,0.0000,0.0000,-0.1503,-0.2240,0.0000,0.0000,-0.0245,0.0583,-0.1613,-0.3985,0.0527,0.0173,0.0771,-0.0928,0.0758,-0.1539,0.0000,0.0365,-0.0350,0.2988,0.4784,0.0596,-0.0459,-0.2514,-0.2348,-0.0318,0.0036,-0.0555,0.0765,0.2300,-0.4599,0.0000,-0.3833,0.2300,0.0000,0.3066,-0.4599,0.0000,0.0000,0.0000,-1.8397,0.1533,0.0000,0.0000,0.0000,-0.2300,0.0000,0.0000,-0.9965,-0.0000,0.5548,-0.3939,0.2106,-0.1306,0.5083,-0.3711,0.2872,-0.5995,0.3305,0.1460,-0.1398,-0.8048,-0.0865,0.2383,-0.1836,-0.2056,-0.1391,-0.1270,0.0146,0.0180,0.0660,
9.7060,RLFSMStateRLLocomotion,0.3000,0.0000,-0.2110,-0.6679,0.5720,0.3164,0.7422,-0.0113,0.0644,-0.6669,-0.3313,-0.3237,0.0000,-0.0383,0.0015,0.0000,0.0383,-0.0966,0.0000,0.0000,0.0000,0.3574,0.5001,0.0000,0.0000,-0.1503,-0.2286,0.0000,0.0000,-0.0491,0.0568,-0.1370,-0.3922,0.0554,0.0544,0.0559,-0.0858,0.0782,-0.1470,0.0000,0.0329,-0.0297,0.3271,0.4814,0.0498,-0.0306,-0.2100,-0.2232,-0.0261,-0.0002,-0.0101,0.0689,-0.0000,-0.5366,0.0000,0.0767,0.3833,0.0000,-0.0767,-0.6132,0.0000,0.0000,0.0000,-1.8397,-0.0767,0.0000,0.0000,0.0000,-0.3066,0.0000,0.0000,-1.2265,-0.0767,0.6521,-0.3687,0.2217,0.0176,0.4237,-0.3430,0.2970,-0.5720,0.4062,0.1317,-0.1187,-0.6915,-0.0743,0.1994,-0.1226,-0.0399,-0.0927,-0.1045,-0.0009,0.1995,0.0356,
9.7264,RLFSMStateRLLocomotion,0.3000,0.0000,-0.2135,-0.6679,0.5720,0.3164,0.7422,-0.0113,0.0644,-0.6669,-0.3313,-0.3237,0.0000,-0.0383,0.0015,0.0000,0.0383,-0.0966,0.0000,0.0000,0.0000,0.3574,0.5001,0.0000,0.0000,-0.1503,-0.2286,0.0000,0.0000,-0.0491,0.0568,-0.1261,-0.3767,0.0440,0.1025,0.0082,-0.0733,0.0855,-0.1344,0.0000,0.0272,-0.0277,0.3629,0.4881,0.0367,-0.0106,-0.1873,-0.2079,-0.0167,-0.0047,0.0406,0.0687,-0.0000,-0.5366,0.0000,0.0767,0.3833,0.0000,-0.0767,-0.6132,0.0000,0.0000,0.0000,-1.8397,-0.0767,0.0000,0.0000,0.0000,-0.3066,0.0000,0.0000,-1.2265,-0.0767,0.6958,-0.3070,0.1760,0.2102,0.2329,-0.2932,0.3260,-0.5218,0.3963,0.1088,-0.1110,-0.5484,-0.0478,0.1467,-0.0422,0.0509,-0.0316,-0.0668,-0.0187,0.4025,0.0346,
9.7466,RLFSMStateRLLocomotion,0.3000,0.0000,-0.2176,-0.2759,0.3206,0.2951,0.7470,-0.0069,0.0684,-0.6612,-0.3145,-0.3436,0.0000,-0.0199,0.0199,0.0000,0.0414,-0.1135,0.0000,0.0000,0.0000,0.3175,0.5001,0.0000,0.0000,-0.1534,-0.2255,0.0000,0.0000,-0.0736,0.0506,-0.1142,-0.3740,0.0336,0.1502,-0.0220,-0.0600,0.0941,-0.1251,0.0000,0.0231,-0.0214,0.3773,0.4897,0.0229,0.0026,-0.1861,-0.2025,-0.0076,-0.0124,0.0961,0.0573,0.6132,-0.6132,0.0000,0.5366,0.6899,0.0000,0.0767,-0.4599,0.0000,0.0000,0.0000,-1.2265,-0.0000,0.0000,0.0000,0.0000,0.1533,0.0000,0.0000,-0.6899,-0.1533,0.7432,-0.2958,0.1344,0.4007,0.1119,-0.2400,0.3603,-0.4845,0.3467,0.0923,-0.0856,-0.4907,-0.0412,0.0918,0.0105,0.0557,-0.0099,-0.0304,-0.0497,0.6246,-0.0107,
9.7669,RLFSMStateRLLocomotion,0.3000,0.0000,-0.2258,0.0543,-0.0756,0.3686,0.7473,-0.0053,0.0654,-0.6612,-0.2930,-0.3482,0.0000,0.0000,0.0322,0.0000,0.0445,-0.1212,0.0000,0.0000,0.0000,0.2961,0.5077,0.0000,0.0000,-0.1580,-0.2209,0.0000,0.0000,-0.0767,0.0399,-0.1035,-0.3919,0.0298,0.1615,-0.0171,-0.0531,0.1074,-0.1254,0.0000,0.0197,-0.0185,0.3671,0.4776,0.0163,0.0036,-0.2063,-0.2072,-0.0056,-0.0152,0.1310,0.0406,1.0732,-0.3833,0.0000,0.7665,0.5366,0.0000,0.2300,-0.3066,0.0000,0.0000,0.0000,-1.3031,0.2300,0.0000,0.0000,-0.2300,0.2300,0.0000,0.0000,-0.2300,-0.3833,0.7862,-0.3676,0.1193,0.4461,0.1317,-0.2123,0.4135,-0.4856,0.2556,0.0789,-0.0742,-0.5316,-0.0895,0.0652,0.0143,-0.0252,-0.0288,-0.0223,-0.0608,0.7641,-0.0775,
9.7871,RLFSMStateRLLocomotion,0.3000,0.0000,-0.2104,1.1537,-0.6551,0.1406,0.7391,-0.0114,0.0528,-0.6714,-0.2531,-0.3451,0.0000,0.0506,0.0568,0.0000,0.0644,-0.1258,0.0000,0.0000,0.0000,0.2991,0.5246,0.0000,0.0000,-0.1611,-0.2194,0.0000,0.0000,-0.0644,0.0199,-0.1233,-0.4058,-0.0015,0.1227,-0.0140,-0.0607,0.1239,-0.1158,0.0000,0.0077,-0.0120,0.3696,0.4423,0.0054,-0.0078,-0.2243,-0.2262,-0.0092,-0.0146,0.0963,0.0162,0.9199,0.0767,0.0000,1.2265,0.6899,0.0000,0.4599,-0.0767,0.0000,0.0000,0.0000,0.0767,0.4599,0.0000,0.0000,0.0000,-0.0000,0.0000,0.0000,0.3833,-0.5366,0.7067,-0.4231,-0.0058,0.2907,0.1440,-0.2426,0.4795,-0.4473,0.1802,0.0308,-0.0481,-0.5215,-0.2307,0.0215,-0.0310,-0.0970,-0.1048,-0.0369,-0.0583,0.6253,-0.1753,
9.8074,RLFSMStateRLLocomotion,0.3000,0.0000,-0.1938,1.1537,-0.6551,0.1406,0.7356,-0.0120,0.0500,-0.6755,-0.2454,-0.3436,0.0000,0.0675,0.0568,0.0000,0.0721,-0.1335,0.0000,0.0000,0.0000,0.3053,0.5292,0.0000,0.0000,-0.1611,-0.2194,0.0000,0.0000,-0.0537,0.0169,-0.1221,-0.4204,-0.0415,0.0666,-0.0145,-0.0650,0.1348,-0.0866,0.0000,-0.0045,-0.0056,0.4480,0.3975,-0.0055,-0.0247,-0.1633,-0.2634,-0.0118,-0.0094,0.0265,0.0025,0.9199,0.0767,0.0000,1.4564,0.6899,0.0000,0.6899,-0.0767,0.0000,0.0000,0.0000,0.0767,0.3833,0.0000,0.0000,0.0000,-0.0000,0.0000,0.0000,0.3833,-0.3833,0.7116,-0.4816,-0.1662,0.0665,0.1420,-0.2600,0.5233,-0.3303,0.1122,-0.0179,-0.0226,-0.2078,-0.4100,-0.0221,-0.0987,0.1468,-0.2537,-0.0472,-0.0375,0.3462,-0.2301,
9.8277,RLFSMStateRLLocomotion,0.3000,0.0000,-0.1876,2.0059,-0.5710,0.6445,0.7248,-0.0100,0.0410,-0.6877,-0.2224,-0.3436,0.0000,0.0966,0.0583,0.0000,0.0890,-0.1381,0.0000,0.0000,0.0000,0.3206,0.5338,0.0000,0.0000,-0.1611,-0.2117,0.0000,0.0000,-0.0230,0.0092,-0.1317,-0.4256,-0.0624,0.0230,-0.0238,-0.0707,0.1410,-0.0571,0.0000,-0.0064,-0.0071,0.5322,0.3595,-0.0130,-0.0314,-0.0606,-0.3009,-0.0109,-0.0091,-0.0154,0.0014,0.8432,0.1533,0.0000,1.4564,0.0767,0.0000,0.8432,-0.4599,0.0000,0.0000,0.0000,0.6899,0.2300,0.0000,0.0000,0.0000,0.1533,0.0000,0.0000,1.1498,-0.3066,0.6731,-0.5022,-0.2495,-0.1081,0.1049,-0.2827,0.5479,-0.2125,-0.0347,-0.0256,-0.0285,0.1288,-0.5620,-0.0519,-0.1257,0.5578,-0.4035,-0.0436,-0.0364,0.1784,-0.2346,
9.8479,RLFSMStateRLLocomotion,0.3000,0.0000,-0.2100,2.4192,-0.3334,0.8895,0.7093,-0.0040,0.0308,-0.7043,-0.2010,-0.3436,0.0000,0.1120,0.0583,0.0000,0.1012,-0.1396,0.0000,0.0000,0.0000,0.3283,0.5338,0.0000,0.0000,-0.1611,-0.2117,0.0000,0.0000,0.0153,-0.0031,-0.1933,-0.3838,-0.0453,0.0107,-0.0727,-0.0029,0.1244,0.0117,0.0000,0.0142,-0.0211,0.5768,0.3788,-0.0407,-0.0263,-0.0754,-0.2444,0.0069,-0.0061,-0.0687,0.0125,1.0732,0.0000,0.0000,1.0732,0.0000,0.0000,0.6132,-0.1533,0.0000,0.0000,0.0000,0.4599,-0.0000,0.0000,0.0000,0.0000,0.2300,0.0000,0.0000,1.6098,-0.5366,0.4270,-0.3353,-0.1810,-0.1574,-0.0907,-0.0116,0.4815,0.0628,-0.2649,0.0568,-0.0843,0.3072,-0.4848,-0.1627,-0.1051,0.4983,-0.1777,0.0276,-0.0245,-0.0349,-0.1901,
9.8682,RLFSMStateRLLocomotion,0.3000,0.0000,-0.1803,2.7399,-0.0820,0.6818,0.6900,0.0043,0.0222,-0.7235,-0.1825,-0.3513,0.0000,0.1181,0.0598,0.0000,0.1135,-0.1396,0.0000,0.0000,0.0000,0.3359,0.5338,0.0000,0.0000,-0.1611,-0.2102,0.0000,0.0000,0.0537,-0.0199,-0.2733,-0.3197,-0.0182,0.0534,-0.0633,0.0490,0.0801,0.0431,0.0000,0.0270,-0.0210,0.4940,0.4195,-0.0479,-0.0170,-0.2211,-0.1693,0.0198,-0.0057,-0.0782,0.0454,1.0732,-0.4599,0.0000,0.2300,0.0767,0.0000,0.5366,0.0000,0.0000,0.0000,0.0000,0.3066,-0.0000,0.0000,0.0000,0.0000,0.0767,0.0000,0.0000,1.9164,-0.7665,0.1067,-0.0788,-0.0729,0.0136,-0.0531,0.1960,0.3044,0.1882,-0.7148,0.1081,-0.0840,-0.0242,-0.3221,-0.1917,-0.0680,-0.0845,0.1228,0.0793,-0.0229,-0.0728,-0.0583,
9.8885,RLFSMStateRLLocomotion,0.3000,0.0000,-0.1282,2.9465,0.2386,0.5923,0.6680,0.0125,0.0180,-0.7439,-0.1703,-0.3651,0.0000,0.1197,0.0598,0.0000,0.1273,-0.1396,0.0000,0.0000,0.0000,0.3405,0.5338,0.0000,0.0000,-0.1611,-0.2102,0.0000,0.0000,0.0690,-0.0276,-0.2647,-0.2901,-0.0217,0.0554,-0.0193,0.0415,0.0831,0.0404,0.0000,0.0235,-0.0114,0.5032,0.4406,-0.0444,-0.0137,-0.2540,-0.1478,0.0192,-0.0077,-0.0939,0.0871,0.8432,-0.6899,0.0000,0.0767,0.0000,0.0000,0.6899,0.0000,0.0000,0.0000,0.0000,0.5366,-0.0000,0.0000,0.0000,0.0000,-0.0000,0.0000,0.0000,1.7631,-0.7665,0.1412,0.0396,-0.0867,0.0218,0.1228,0.1661,0.3165,0.1774,-1.0026,0.0940,-0.0457,0.0127,-0.2375,-0.1775,-0.0550,-0.2159,0.2089,0.0768,-0.0308,-0.1355,0.1084,
9.9089,RLFSMStateRLLocomotion,0.3000,0.0000,-0.0924,3.0999,0.4698,0.5465,0.6447,0.0224,0.0146,-0.7639,-0.1626,-0.3835,0.0000,0.1197,0.0660,0.0000,0.1319,-0.1396,0.0000,0.0000,0.0000,0.3636,0.5308,0.0000,0.0000,-0.1626,-0.2086,0.0000,0.0000,0.1058,-0.0430,-0.2760,-0.2372,-0.0037,0.0551,-0.0120,0.0327,0.0876,0.0449,0.0000,0.0338,-0.0077,0.5104,0.4841,-0.0457,0.0088,-0.2859,-0.1199,0.0295,-0.0104,-0.1117,0.1228,0.3833,-0.9199,0.0000,0.0767,0.3066,0.0000,0.3066,0.0000,0.0000,0.0000,0.0000,0.8432,-0.1533,0.0000,0.0000,-0.0767,0.0767,0.0000,0.0000,1.4564,-0.4599,0.0960,0.2511,-0.0149,0.0202,0.1521,0.1310,0.3342,0.1958,-1.0689,0.1351,-0.0308,0.0417,-0.0636,-0.1829,0.0351,-0.3436,0.3206,0.1178,-0.0415,-0.2067,0.2512,
9.9292,RLFSMStateRLLocomotion,0.3000,0.0000,-0.0444,3.1979,0.5539,0.4314,0.6185,0.0327,0.0117,-0.7850,-0.1595,-0.4019,0.0000,0.1120,0.0675,0.0000,0.1319,-0.1381,0.0000,0.0000,0.0000,0.3896,0.5277,0.0000,0.0000,-0.1611,-0.2086,0.0000,0.0000,0.1135,-0.0460,-0.3001,-0.1721,0.0245,0.0402,0.0116,0.0139,0.0893,0.0328,0.0000,0.0379,-0.0009,0.5174,0.5152,-0.0373,0.0304,-0.2933,-0.0864,0.0371,-0.0162,-0.1245,0.1602,0.0767,-0.9199,0.0000,-0.1533,0.0767,0.0000,0.0767,0.0000,0.0000,0.0000,0.0000,1.3031,-0.1533,0.0000,0.0000,0.0000,-0.0000,0.0000,0.0000,0.2300,-0.3066,-0.0005,0.5117,0.0980,-0.0391,0.2465,0.0555,0.3413,0.1472,-0.8296,0.1515,-0.0035,0.0697,0.0609,-0.1492,0.1216,-0.3733,0.4546,0.1485,-0.0647,-0.2581,0.4006,
9.9494,RLFSMStateRLLocomotion,0.3000,0.0000,-0.0199,3.3140,0.3057,0.5252,0.5905,0.0425,0.0075,-0.8059,-0.1611,-0.4065,0.0000,0.0966,0.0690,0.0000,0.1227,-0.1258,0.0000,0.0000,0.0000,0.4203,0.5262,0.0000,0.0000,-0.1611,-0.2086,0.0000,0.0000,0.1058,-0.0445,-0.3270,-0.1170,0.0484,0.0224,0.0319,0.0025,0.0910,0.0115,0.0000,0.0388,0.0070,0.5212,0.5280,-0.0266,0.0469,-0.2818,-0.0562,0.0430,-0.0217,-0.1312,0.2012,-0.0767,-0.1533,0.0000,-0.6132,0.0767,0.0000,-0.2300,0.2300,0.0000,0.0000,0.0000,1.4564,-0.0767,0.0000,0.0000,0.0767,-0.0000,0.0000,0.0000,-0.4599,-0.0000,-0.1080,0.7320,0.1936,-0.1105,0.3277,0.0101,0.3478,0.0620,-0.3229,0.1551,0.0279,0.0847,0.1120,-0.1063,0.1875,-0.3271,0.5753,0.1721,-0.0869,-0.2849,0.5648,
9.9697,RLFSMStateRLLocomotion,0.3000,0.0000,0.0140,3.2725,-0.0756,0.4996,0.5613,0.0469,-0.0012,-0.8263,-0.1749,-0.4065,0.0000,0.0706,0.0690,0.0000,0.1104,-0.1089,0.0000,0.0000,0.0000,0.4464,0.5185,0.0000,0.0000,-0.1611,-0.2071,0.0000,0.0000,0.0798,-0.0368,-0.3706,-0.0893,0.0666,-0.0186,0.0811,0.0023,0.0865,-0.0139,0.0000,0.0375,0.0148,0.5172,0.4993,-0.0129,0.0604,-0.2652,0.0038,0.0506,-0.0237,-0.1365,0.2778,-0.6899,0.0000,0.0000,-1.0732,0.0000,0.0000,-0.6132,0.6899,0.0000,0.0000,0.0000,1.3031,-0.3066,0.0000,0.0000,0.0000,0.1533,0.0000,0.0000,-1.3798,0.2300,-0.2826,0.8429,0.2666,-0.2745,0.5243,0.0093,0.3300,-0.0397,0.4075,0.1499,0.0590,0.0687,-0.0028,-0.0518,0.2416,-0.2608,0.8150,0.2026,-0.0949,-0.3060,0.8710,
9.9900,RLFSMStateRLLocomotion,0.3000,0.0000,0.0865,2.7164,0.0522,0.2919,0.5363,0.0512,-0.0080,-0.8424,-0.1764,-0.4034,0.0000,0.0460,0.0690,0.0000,0.1028,-0.0905,0.0000,0.0000,0.0000,0.4909,0.5108,0.0000,0.0000,-0.1549,-0.2010,0.0000,0.0000,0.0399,-0.0153,-0.4022,-0.0874,0.0829,-0.0851,0.1511,0.0348,0.0841,-0.0554,0.0000,0.0258,0.0231,0.5100,0.4337,0.0025,0.0668,-0.2332,0.0739,0.0527,-0.0189,-0.1350,0.3516,-0.0767,0.1533,0.0000,-1.2265,0.0000,0.0000,-0.4599,0.7665,0.0000,0.0000,0.0000,2.1463,-0.4599,0.0000,0.0000,0.0000,0.3066,0.0000,0.0000,-1.9164,0.6132,-0.4088,0.8505,0.3314,-0.5406,0.8043,0.1392,0.3205,-0.2056,1.0581,0.1030,0.0924,0.0398,-0.2653,0.0102,0.2673,-0.1329,1.0958,0.2109,-0.0758,-0.2998,1.1665,
10.0103,RLFSMStateRLLocomotion,0.3000,0.0000,0.1363,2.2200,0.0469,0.0490,0.5153,0.0561,-0.0111,-0.8551,-0.1825,-0.4004,0.0000,0.0261,0.0752,0.0000,0.1012,-0.0706,0.0000,0.0000,0.0000,0.5139,0.5047,0.0000,0.0000,-0.1580,-0.1887,0.0000,0.0000,-0.0077,0.0184,-0.4580,-0.0824,0.0907,-0.1499,0.2062,0.0631,0.1075,-0.0632,0.0000,0.0262,0.0365,0.4810,0.3777,0.0202,0.0852,-0.2458,0.1906,0.0535,-0.0221,-0.1233,0.4057,-0.3066,0.1533,0.0000,-1.1498,0.2300,0.0000,-0.2300,0.9965,0.0000,0.0000,0.0000,1.2265,-0.2300,0.0000,0.0000,0.3066,0.5366,0.0000,0.0000,-2.2996,1.3798,-0.6319,0.8706,0.3628,-0.7997,1.0248,0.2522,0.4140,-0.2368,1.7699,0.1047,0.1459,-0.0761,-0.4892,0.0808,0.3410,-0.1831,1.5626,0.2140,-0.0884,-0.2531,1.3828,
10.0304,RLFSMStateRLLocomotion,0.3000,0.0000,0.1950,1.4615,-0.3313,-0.5412,0.4997,0.0534,-0.0113,-0.8645,-0.1994,-0.3804,0.0000,0.0153,0.0890,0.0000,0.0936,-0.0506,0.0000,0.0000,0.0000,0.5216,0.5016,0.0000,0.0000,-0.1657,-0.1718,0.0000,0.0000,-0.0476,0.0598,-0.4751,-0.1086,0.0724,-0.2404,0.3070,0.1199,0.1396,-0.0872,0.0000,0.0279,0.0366,0.4763,0.3462,0.0199,0.1084,-0.2648,0.4205,0.0468,-0.0253,-0.0963,0.5151,-0.7665,0.8432,0.0000,-0.7665,0.6132,0.0000,-0.0767,1.0732,0.0000,0.0000,0.0000,0.4599,-0.1533,0.0000,0.0000,-0.2300,0.9199,0.0000,0.0000,-1.9930,1.9164,-0.7005,0.7655,0.2895,-1.1616,1.4281,0.4796,0.5424,-0.3330,2.4275,0.1118,0.1465,-0.0950,-0.6152,0.0795,0.4335,-0.2593,2.4819,0.1874,-0.1013,-0.1452,1.8205,
10.0507,RLFSMStateRLLocomotion,0.3000,0.0000,0.2547,0.3196,-1.3348,-1.6032,0.4928,0.0392,-0.0088,-0.8692,-0.2255,-0.3513,0.0000,0.0061,0.1120,0.0000,0.0874,-0.0430,0.0000,0.0000,0.0000,0.5231,0.4955,0.0000,0.0000,-0.1779,-0.1457,0.0000,0.0000,-0.0844,0.1043,-0.4575,-0.1460,0.0382,-0.2939,0.4371,0.2057,0.1477,-0.1203,0.0000,0.0290,0.0380,0.4483,0.4206,0.0089,0.1438,-0.3110,0.7693,0.0382,-0.0548,-0.0491,0.6519,-1.2265,1.3798,0.0000,-0.3066,1.1498,0.0000,-0.6132,0.8432,0.0000,0.0000,0.0000,0.0767,-0.3833,0.0000,0.0000,-0.5366,1.2265,0.0000,0.0000,-1.7631,1.9930,-0.6299,0.6162,0.1530,-1.3757,1.9482,0.8229,0.5748,-0.4651,3.5132,0.1159,0.1522,-0.2070,-0.3177,0.0356,0.5750,-0.4439,3.8770,0.1528,-0.2194,0.0437,2.3676,
10.0711,RLFSMStateRLLocomotion,0.3000,0.0000,0.3000,-0.4027,-1.6693,-2.0432,0.4935,0.0170,-0.0029,-0.8696,-0.2592,-0.3114,0.0000,0.0015,0.1457,0.0000,0.0874,-0.0445,0.0000,0.0000,0.0000,0.5231,0.4970,0.0000,0.0000,-0.1902,-0.1227,0.0000,0.0000,-0.1089,0.1534,-0.2456,-0.3324,0.0470,-0.0373,0.4761,0.2257,0.0522,-0.1043,0.0000,-0.0199,0.0156,0.4512,0.6914,-0.0301,0.1820,-0.3232,0.9882,0.0372,-0.1011,0.1164,0.7037,-1.6864,1.9164,0.0000,-0.4599,1.4564,0.0000,0.0000,-0.0767,0.0000,0.0000,0.0000,0.0000,-0.0000,0.0000,0.0000,-0.6132,1.0732,0.0000,0.0000,-1.1498,2.1463,0.2174,-0.1296,0.1882,-0.3491,2.1044,0.9027,0.1929,-0.4013,5.6257,-0.0796,0.0626,-0.1951,0.7656,-0.1204,0.7281,-0.4927,4.7526,0.1490,-0.4045,0.7055,2.5747,
10.0915,RLFSMStateRLLocomotion,0.3000,0.0000,0.3000,-0.9289,-1.8269,-2.1944,0.4985,-0.0056,0.0025,-0.8668,-0.2991,-0.2746,0.0000,0.0000,0.1779,0.0000,0.0890,-0.0537,0.0000,0.0000,0.0000,0.5139,0.5062,0.0000,0.0000,-0.1963,-0.0951,0.0000,0.0000,-0.1120,0.2071,-0.0093,-0.5909,-0.0287,0.4270,0.1121,0.0749,-0.1496,-0.0008,0.0000,-0.1172,-0.0102,0.5851,0.8869,-0.0907,0.2357,-0.2280,0.2930,-0.0193,-0.1092,0.2730,0.2337,-1.8397,1.8397,0.0000,-0.1533,1.6864,0.0000,0.0000,-0.5366,0.0000,0.0000,0.0000,-0.3833,0.4599,0.0000,0.0000,-0.1533,1.3798,0.0000,0.0000,-0.4599,2.4530,1.1629,-1.1635,-0.1149,1.5080,0.6486,0.2996,-0.6144,0.0130,7.1201,-0.4688,-0.0408,0.3403,1.5474,-0.3628,0.9429,-0.1121,1.9722,-0.0770,-0.4370,1.3319,0.6949,
10.1118,RLFSMStateRLLocomotion,0.3000,0.0000,0.3000,-0.6807,-1.8014,-1.3145,0.5027,-0.0304,0.0083,-0.8639,-0.3283,-0.2270,0.0000,-0.0169,0.2010,0.0000,0.0905,-0.0629,0.0000,0.0000,0.0000,0.5292,0.5016,0.0000,0.0000,-0.1871,-0.0644,0.0000,0.0000,-0.0859,0.2761,-0.2548,-0.4271,-0.0187,0.2973,-0.1046,-0.1189,-0.1134,0.0078,0.0000,-0.0625,0.0083,0.3834,0.6677,-0.0555,0.2357,-0.2280,0.2930,-0.0193,-0.1092,0.2730,0.2337,-1.7631,2.1463,0.0000,-0.5366,1.4564,0.0000,0.1533,-0.4599,0.0000,0.0000,0.0000,0.5366,-0.0767,0.0000,0.0000,0.3833,1.4564,0.0000,0.0000,1.2265,2.6829,0.1808,-0.5086,-0.0748,0.9891,-0.2183,-0.4755,-0.4695,0.0472,6.1704,-0.2499,0.0331,-0.4663,0.6707,-0.2219,0.4323,-0.0170,-0.3791,-0.1236,-0.1012,1.1149,-0.5686,
10.1322,RLFSMStateRLLocomotion,0.3000,0.0000,0.2391,-0.6530,-1.0397,-0.6402,0.5084,-0.0416,0.0067,-0.8601,-0.3375,-0.2010,0.0000,-0.0414,0.2224,0.0000,0.0936,-0.0798,0.0000,0.0000,0.0000,0.5308,0.4939,0.0000,0.0000,-0.1856,-0.0230,0.0000,0.0000,-0.0568,0.3497,-0.3684,-0.3266,-0.0593,0.1317,-0.0173,-0.0888,-0.0843,-0.0439,0.0000,-0.0251,-0.0040,0.2494,0.5718,-0.0119,0.0056,-0.3049,-0.2330,-0.0065,0.0135,0.1357,-0.0083,-0.3833,1.6864,0.0000,-0.6132,0.9199,0.0000,0.0767,-0.7665,0.0000,0.0000,0.0000,0.2300,-0.3066,0.0000,0.0000,0.0767,1.9164,0.0000,0.0000,1.4564,3.4495,-0.2736,-0.1062,-0.2372,0.3269,0.1310,-0.3550,-0.3530,-0.1598,5.0213,-0.1004,-0.0159,-1.0024,0.2871,-0.0478,0.0225,-0.4195,-0.1322,-0.0261,0.0541,0.7827,-0.2733,
10.1525,RLFSMStateRLLocomotion,0.3000,0.0000,0.2357,-0.7041,-0.5294,-1.1995,0.5150,-0.0473,0.0132,-0.8558,-0.3513,-0.1963,0.0000,-0.0598,0.2240,0.0000,0.0936,-0.0844,0.0000,0.0000,0.0000,0.5308,0.4863,0.0000,0.0000,-0.1856,0.0276,0.0000,0.0000,-0.0230,0.4249,-0.3672,-0.3317,-0.0279,0.1030,0.0267,-0.0813,-0.0774,-0.0557,0.0000,-0.0115,-0.0196,0.2502,0.5441,-0.0167,-0.0469,-0.2974,-0.2317,-0.0089,0.0180,0.0925,0.0028,-0.6899,0.3833,0.0000,-1.3798,0.1533,0.0000,0.0767,-0.2300,0.0000,0.0000,0.0000,0.0000,-0.3833,0.0000,0.0000,0.0000,2.2996,0.0000,0.0000,1.5331,3.6028,-0.2689,-0.1267,-0.1116,0.2119,0.3068,-0.3250,-0.3254,-0.2068,3.8871,-0.0462,-0.0785,-0.9991,0.1766,-0.0669,-0.1877,-0.3898,-0.1268,-0.0356,0.0720,0.6101,-0.2288,
10.1727,RLFSMStateRLLocomotion,0.3000,0.0000,0.2560,-0.5081,-0.3899,-1.1196,0.5172,-0.0568,0.0298,-0.8535,-0.3543,-0.1963,0.0000,-0.0598,0.2316,0.0000,0.0874,-0.0859,0.0000,0.0000,0.0000,0.5308,0.4832,0.0000,0.0000,-0.1841,0.0844,0.0000,0.0000,0.0276,0.4970,-0.3725,-0.3195,-0.0235,0.1425,0.0087,-0.0581,-0.0683,-0.0342,0.0000,-0.0234,-0.0389,0.2719,0.5203,-0.0362,-0.0496,-0.3115,-0.2228,0.0011,0.0181,0.1052,0.0075,-0.2300,0.0000,0.0000,-0.5366,0.3833,0.0000,0.0000,-0.0767,0.0000,0.0000,0.0000,0.0000,-0.2300,0.0000,0.0000,0.0767,2.7596,0.0000,0.0000,2.2230,3.2962,-0.2900,-0.0780,-0.0942,0.3702,0.2348,-0.2325,-0.2893,-0.1210,2.8672,-0.0937,-0.1556,-0.9126,0.0811,-0.1449,-0.1985,-0.4461,-0.0913,0.0044,0.0724,0.6608,-0.2101,
10.1929,RLFSMStateRLLocomotion,0.3000,0.0000,0.2243,-0.3174,-0.3228,-0.6530,0.5199,-0.0628,0.0395,-0.8510,-0.3543,-0.2086,0.0000,-0.0660,0.2439,0.0000,0.0736,-0.0828,0.0000,0.0000,0.0000,0.5308,0.4817,0.0000,0.0000,-0.1841,0.1565,0.0000,0.0000,0.0859,0.5553,-0.3903,-0.2968,-0.0312,0.1430,-0.0212,-0.0866,-0.0682,-0.0635,0.0000,-0.0299,-0.0389,0.3020,0.5303,-0.0135,-0.0365,-0.2857,-0.2007,-0.0014,0.0292,0.0957,0.0353,-0.0000,-0.3066,0.0000,0.0000,0.3833,0.0000,-0.4599,0.1533,0.0000,0.0000,0.0000,0.0000,-0.1533,0.0000,0.0000,0.0000,3.2962,0.0000,0.0000,2.8362,2.7596,-0.3614,0.0129,-0.1248,0.3720,0.1152,-0.3466,-0.2890,-0.2380,1.9376,-0.1194,-0.1554,-0.7919,0.1212,-0.0540,-0.1461,-0.3429,-0.0028,-0.0056,0.1168,0.6228,-0.0986,
10.2132,RLFSMStateRLLocomotion,0.3000,0.0000,0.1899,-0.1662,-0.0937,-0.3228,0.5215,-0.0643,0.0446,-0.8496,-0.3543,-0.2332,0.0000,-0.0813,0.2577,0.0000,0.0552,-0.0706,0.0000,0.0000,0.0000,0.5308,0.4893,0.0000,0.0000,-0.1810,0.2255,0.0000,0.0000,0.1381,0.5952,-0.3748,-0.3171,-0.0257,0.1790,-0.0479,-0.0807,-0.0734,-0.0687,0.0000,-0.0468,-0.0607,0.3411,0.5424,0.0073,-0.0258,-0.2745,-0.2082,0.0044,0.0361,0.0853,0.0489,-0.0000,-1.1498,0.0000,-0.4599,0.8432,0.0000,-0.8432,0.5366,0.0000,0.0000,0.0000,0.0000,0.2300,0.0000,0.0000,0.0767,3.5261,0.0000,0.0000,2.7596,1.8397,-0.2991,-0.0684,-0.1029,0.5161,0.0083,-0.3228,-0.3096,-0.2586,1.0683,-0.1874,-0.2429,-0.6354,0.1697,0.0291,-0.1032,-0.2982,-0.0326,0.0177,0.1443,0.5811,-0.0445,
10.2335,RLFSMStateRLLocomotion,0.3000,0.0000,0.1843,-0.5657,-0.4005,-0.3505,0.5258,-0.0652,0.0465,-0.8469,-0.3559,-0.2577,0.0000,-0.0859,0.2577,0.0000,0.0430,-0.0430,0.0000,0.0000,0.0000,0.5308,0.4985,0.0000,0.0000,-0.1733,0.2746,0.0000,0.0000,0.1749,0.6105,-0.3698,-0.3386,-0.0267,0.1376,-0.0471,-0.0870,-0.0600,-0.0947,0.0000,-0.0567,-0.0814,0.3385,0.5469,0.0550,-0.0308,-0.2743,-0.2031,0.0058,0.0527,0.0385,0.0905,-0.0767,-1.2265,0.0000,-0.6899,0.1533,0.0000,-0.6899,1.3031,0.0000,0.0000,0.0000,0.0000,0.3833,0.0000,0.0000,0.3833,2.6063,0.0000,0.0000,1.9930,0.7665,-0.2791,-0.1544,-0.1070,0.3505,0.0117,-0.3481,-0.2559,-0.3630,0.2294,-0.2267,-0.3257,-0.6459,0.1875,0.2202,-0.1232,-0.2971,-0.0123,0.0232,0.2106,0.3941,0.1219,
10.2539,RLFSMStateRLLocomotion,0.3000,0.0000,0.1759,-0.6690,-0.2141,-0.4985,0.5311,-0.0681,0.0491,-0.8432,-0.3620,-0.2807,0.0000,-0.0890,0.2577,0.0000,0.0261,-0.0261,0.0000,0.0000,0.0000,0.5262,0.5062,0.0000,0.0000,-0.1549,0.3206,0.0000,0.0000,0.1902,0.6213,-0.3524,-0.3681,-0.0143,0.0942,-0.0283,-0.0845,-0.0516,-0.1127,0.0000,-0.0624,-0.0980,0.3291,0.5515,0.0900,-0.0361,-0.2747,-0.2030,0.0039,0.0606,0.0088,0.1138,-0.2300,-1.0732,0.0000,-0.0767,0.0000,0.0000,-0.7665,0.9199,0.0000,0.0000,0.0000,-0.0767,0.4599,0.0000,0.0000,0.8432,2.2230,0.0000,0.0000,1.0732,0.5366,-0.2097,-0.2726,-0.0573,0.1767,0.0870,-0.3378,-0.2224,-0.4348,-0.3313,-0.2494,-0.3921,-0.6836,0.2061,0.3601,-0.1443,-0.2988,-0.0121,0.0158,0.2423,0.2753,0.2153,
10.2742,RLFSMStateRLLocomotion,0.3000,0.0000,0.1782,-0.8565,-0.1949,-0.6029,0.5341,-0.0709,0.0518,-0.8408,-0.3636,-0.2884,0.0000,-0.0890,0.2577,0.0000,0.0184,-0.0199,0.0000,0.0000,0.0000,0.5246,0.5062,0.0000,0.0000,-0.1442,0.3436,0.0000,0.0000,0.1933,0.6259,-0.3557,-0.3848,-0.0180,0.0953,-0.0246,-0.0709,-0.0444,-0.1188,0.0000,-0.0655,-0.1118,0.3031,0.5618,0.1102,-0.0442,-0.3080,-0.2177,0.0068,0.0649,0.0009,0.1237,-0.2300,-0.9199,0.0000,-0.0767,0.0000,0.0000,-0.7665,0.9199,0.0000,0.0000,0.0000,-0.2300,0.1533,0.0000,0.0000,0.8432,2.2996,0.0000,0.0000,0.3066,0.5366,-0.2227,-0.3392,-0.0721,0.1813,0.1015,-0.2836,-0.1935,-0.4592,-0.6652,-0.2620,-0.4470,-0.7875,0.2471,0.4407,-0.1769,-0.4319,-0.0706,0.0270,0.2598,0.2435,0.2550,
10.2945,RLFSMStateRLLocomotion,0.3000,0.0000,0.1867,-0.9289,-0.2514,-0.7308,0.5375,-0.0741,0.0548,-0.8382,-0.3666,-0.2961,0.0000,-0.0890,0.2577,0.0000,0.0092,-0.0169,0.0000,0.0000,0.0000,0.5246,0.5062,0.0000,0.0000,-0.1319,0.3712,0.0000,0.0000,0.1933,0.6274,-0.3592,-0.4167,-0.0177,0.0593,-0.0123,-0.0651,-0.0325,-0.1395,0.0000,-0.0697,-0.1405,0.2612,0.5670,0.1571,-0.0650,-0.3479,-0.2357,0.0087,0.0762,-0.0323,0.1481,-0.2300,-0.9199,0.0000,0.0000,0.0000,0.0000,-0.7665,0.5366,0.0000,0.0000,0.0000,-0.2300,0.1533,0.0000,0.0000,1.0732,2.2996,0.0000,0.0000,0.3066,0.3066,-0.2370,-0.4667,-0.0708,0.0374,0.1510,-0.2605,-0.1459,-0.5420,-0.9500,-0.2789,-0.5620,-0.9552,0.2680,0.6286,-0.2598,-0.5916,-0.1428,0.0350,0.3048,0.1107,0.3523,
10.3147,RLFSMStateRLLocomotion,0.3000,0.0000,0.1679,-0.8490,-0.3451,-0.7137,0.5479,-0.0867,0.0642,-0.8296,-0.3666,-0.3145,0.0000,-0.0844,0.2562,0.0000,-0.0169,-0.0184,0.0000,0.0000,0.0000,0.5170,0.5077,0.0000,0.0000,-0.1028,0.4587,0.0000,0.0000,0.1933,0.6259,-0.3784,-0.4483,-0.0213,0.0244,0.0166,-0.0650,-0.0199,-0.1747,0.0000,-0.0800,-0.1712,0.2117,0.5775,0.2064,-0.0835,-0.3896,-0.2621,0.0101,0.0927,-0.0764,0.1669,-0.0000,-0.6132,0.0000,0.0000,-0.0767,0.0000,-0.9199,0.0000,0.0000,0.0000,0.0000,-0.3833,-0.0000,0.0000,0.0000,0.9965,2.8362,0.0000,0.0000,-0.0000,0.0767,-0.3137,-0.5933,-0.0852,-0.1023,0.2664,-0.2601,-0.0958,-0.6827,-1.2599,-0.3200,-0.6848,-1.1533,0.3101,0.8255,-0.3340,-0.7584,-0.2483,0.0402,0.3709,-0.0657,0.4275,
10.3349,RLFSMStateRLLocomotion,0.3000,0.0000,0.1679,-0.8224,-0.1981,-0.5880,0.5575,-0.0982,0.0737,-0.8211,-0.3636,-0.3359,0.0000,-0.0644,0.2470,0.0000,-0.0230,-0.0430,0.0000,0.0000,0.0000,0.5016,0.5170,0.0000,0.0000,-0.0844,0.5354,0.0000,0.0000,0.1856,0.5967,-0.3946,-0.4609,-0.0306,-0.0033,0.0574,-0.0521,-0.0060,-0.1984,0.0000,-0.0800,-0.1712,0.2117,0.5775,0.2064,-0.0835,-0.3896,-0.2621,0.0101,0.0927,-0.0764,0.1669,0.0767,-0.6132,0.0000,0.6132,-0.1533,0.0000,-0.0767,-0.7665,0.0000,0.0000,0.0000,-0.3833,0.3066,0.0000,0.0000,0.6132,2.5296,0.0000,0.0000,-0.2300,-0.9199,-0.3785,-0.6435,-0.1224,-0.2133,0.4297,-0.2082,-0.0400,-0.7775,-1.4910,-0.3095,-0.7437,-1.3905,0.3765,0.9149,-0.4263,-0.9013,-0.3979,0.0358,0.3785,-0.1940,0.4329,
10.3552,RLFSMStateRLLocomotion,0.3000,0.0000,0.1229,-0.7244,0.1055,-0.0799,0.5638,-0.1019,0.0783,-0.8158,-0.3636,-0.3559,0.0000,-0.0552,0.2393,0.0000,-0.0230,-0.0568,0.0000,0.0000,0.0000,0.4939,0.5216,0.0000,0.0000,-0.0828,0.5553,0.0000,0.0000,0.1825,0.5844,-0.3946,-0.4609,-0.0306,-0.0033,0.0574,-0.0521,-0.0060,-0.1984,0.0000,-0.0774,-0.1859,0.1524,0.5941,0.2287,-0.1066,-0.4253,-0.2995,0.0089,0.0946,-0.1085,0.1682,0.0767,-0.9199,0.0000,0.9199,-0.6132,0.0000,0.0000,-0.7665,0.0000,0.0000,0.0000,-0.6899,0.3833,0.0000,0.0000,0.6132,2.1463,0.0000,0.0000,-0.3066,-0.9199,-0.4159,-0.6935,-0.1487,-0.4414,0.5291,-0.2409,0.0582,-0.9387,-1.7268,-0.3129,-0.7624,-1.4816,0.3789,1.0187,-0.4351,-0.9068,-0.3712,0.0200,0.4320,-0.3844,0.4944,
10.3755,RLFSMStateRLLocomotion,0.3000,0.0000,0.0676,-0.6115,0.1758,0.1481,0.5671,-0.1022,0.0798,-0.8134,-0.3636,-0.3666,0.0000,-0.0353,0.2163,0.0000,-0.0199,-0.0844,0.0000,0.0000,0.0000,0.4801,0.5308,0.0000,0.0000,-0.0828,0.5844,0.0000,0.0000,0.1749,0.5384,-0.3913,-0.4836,-0.0403,-0.0909,0.1139,-0.0725,0.0450,-0.2520,0.0000,-0.0687,-0.1710,0.1439,0.5921,0.2450,-0.0899,-0.4078,-0.2762,-0.0044,0.1080,-0.1561,0.1836,-0.0000,-0.9965,0.0000,0.9199,-1.0732,0.0000,0.0000,-1.3798,0.0000,0.0000,0.0000,-0.6899,0.4599,0.0000,0.0000,0.1533,1.3798,0.0000,0.0000,-0.3833,-1.3798,-0.3653,-0.7343,-0.1611,-0.5637,0.6556,-0.2902,0.1640,-0.9920,-1.7828,-0.2747,-0.6838,-1.4244,0.3685,0.9801,-0.3595,-0.8313,-0.3047,-0.0175,0.4274,-0.4766,0.4641,
10.3958,RLFSMStateRLLocomotion,0.3000,0.0000,0.0258,-0.7052,0.4772,0.7084,0.5791,-0.0952,0.0792,-0.8058,-0.3620,-0.3912,0.0000,-0.0184,0.1611,0.0000,-0.0107,-0.1181,0.0000,0.0000,0.0000,0.4433,0.5384,0.0000,0.0000,-0.0828,0.5967,0.0000,0.0000,0.1488,0.4372,-0.3605,-0.5082,-0.0220,-0.1422,0.1417,-0.1023,0.0705,-0.2699,0.0000,-0.0557,-0.1564,0.1633,0.5889,0.2505,-0.0781,-0.3601,-0.2563,-0.0044,0.1069,-0.1791,0.1760,0.0767,-0.9199,0.0000,0.3833,-1.6098,0.0000,0.3066,-1.2265,0.0000,0.0000,0.0000,-1.0732,0.3066,0.0000,0.0000,0.0000,0.6899,0.0000,0.0000,-0.6132,-3.2962,-0.2421,-0.8329,-0.0881,-0.7689,0.7669,-0.4090,0.2661,-1.0635,-1.6059,-0.2228,-0.6255,-1.3468,0.3558,1.0019,-0.3125,-0.6403,-0.2254,-0.0642,0.4365,-0.6342,0.4768,
10.4161,RLFSMStateRLLocomotion,0.3000,0.0000,0.0026,-0.8970,0.6796,0.5518,0.5869,-0.0890,0.0807,-0.8007,-0.3620,-0.3988,0.0000,-0.0215,0.1273,0.0000,-0.0031,-0.1258,0.0000,0.0000,0.0000,0.4188,0.5384,0.0000,0.0000,-0.0844,0.5937,0.0000,0.0000,0.1335,0.4019,-0.3605,-0.5082,-0.0220,-0.1422,0.1417,-0.1023,0.0705,-0.2699,0.0000,-0.0557,-0.1564,0.1633,0.5889,0.2505,-0.0781,-0.3601,-0.2563,-0.0160,0.1091,-0.2186,0.1792,-0.0000,-0.5366,0.0000,-0.0767,-1.9164,0.0000,0.3833,-0.5366,0.0000,0.0000,0.0000,-1.3031,0.1533,0.0000,0.0000,-0.0767,-0.1533,0.0000,0.0000,-1.3031,-3.6028,-0.0196,-0.9975,0.0910,-0.9668,0.9798,-0.5077,0.3087,-1.1058,-1.1637,-0.1938,-0.5924,-1.3059,0.2967,1.0171,-0.3060,-0.4128,-0.1529,-0.0952,0.4429,-0.8531,0.4849,
10.4364,RLFSMStateRLLocomotion,0.3000,0.0000,0.0135,-1.0535,0.7755,0.4208,0.5915,-0.0863,0.0837,-0.7973,-0.3620,-0.4019,0.0000,-0.0215,0.1104,0.0000,0.0015,-0.1258,0.0000,0.0000,0.0000,0.4111,0.5384,0.0000,0.0000,-0.0844,0.5752,0.0000,0.0000,0.0936,0.3252,-0.2241,-0.6073,0.1007,-0.2693,0.2752,-0.1752,0.0736,-0.2969,0.0000,-0.0474,-0.1518,0.1692,0.5536,0.2751,-0.0990,-0.2054,-0.2220,-0.0289,0.1244,-0.3514,0.1816,-0.0000,-0.3833,0.0000,-0.0767,-1.6098,0.0000,0.3833,-0.0767,0.0000,0.0000,0.0000,-0.9965,-0.0000,0.0000,0.0000,0.0000,-0.7665,0.0000,0.0000,-1.8397,-3.4495,0.3038,-1.2290,0.4028,-1.2772,1.3010,-0.7009,0.2786,-1.1714,-0.5839,-0.1895,-0.6072,-1.3231,0.2144,1.1004,-0.3962,-0.0218,-0.0880,-0.1156,0.4975,-1.1656,0.4862,
10.4565,RLFSMStateRLLocomotion,0.3000,0.0000,-0.0042,-1.4477,1.0333,0.4506,0.6027,-0.0789,0.0911,-0.7888,-0.3651,-0.4096,0.0000,-0.0230,0.0813,0.0000,0.0077,-0.1381,0.0000,0.0000,0.0000,0.3958,0.5430,0.0000,0.0000,-0.0844,0.5430,0.0000,0.0000,0.0537,0.2638,-0.1051,-0.6891,0.1847,-0.3546,0.3629,-0.2329,0.0730,-0.3152,0.0000,-0.0523,-0.1644,0.1809,0.5536,0.2751,-0.0990,-0.2054,-0.2220,-0.0289,0.1244,-0.3514,0.1816,-0.1533,-0.3066,0.0000,-0.0767,-1.4564,0.0000,0.4599,-0.7665,0.0000,0.0000,0.0000,-0.7665,0.1533,0.0000,0.0000,0.0000,-1.3798,0.0000,0.0000,-1.9930,-2.9129,0.7798,-1.5564,0.7390,-1.6185,1.6515,-0.9316,0.2759,-1.2449,0.0505,-0.2092,-0.6576,-1.2765,0.1471,1.2751,-0.4966,0.4412,-0.0330,-0.1393,0.6002,-1.5100,0.5215,
10.4768,RLFSMStateRLLocomotion,0.3000,0.0000,-0.0207,-1.1707,1.1175,0.9033,0.6229,-0.0598,0.0997,-0.7736,-0.3804,-0.4188,0.0000,-0.0353,0.0414,0.0000,0.0291,-0.1626,0.0000,0.0000,0.0000,0.3467,0.5568,0.0000,0.0000,-0.0844,0.4587,0.0000,0.0000,-0.0046,0.2010,0.0076,-0.7550,0.2333,-0.3794,0.4139,-0.2329,0.0730,-0.3152,0.0000,-0.0523,-0.1644,0.1809,0.5368,0.3188,-0.1241,-0.0897,-0.2083,-0.0348,0.1501,-0.4375,0.1904,-0.3833,-0.3066,0.0000,-0.3833,-1.2265,0.0000,0.8432,-0.7665,0.0000,0.0000,0.0000,-1.1498,0.3833,0.0000,0.0000,0.0000,-2.2230,0.0000,0.0000,-1.8397,-2.0697,1.2303,-1.8200,0.9330,-1.7175,1.8555,-1.0747,0.2792,-1.3049,0.6084,-0.2890,-0.6950,-1.1907,0.1747,1.4188,-0.5262,0.8239,-0.0584,-0.1389,0.6496,-1.6809,0.5537,
10.4970,RLFSMStateRLLocomotion,0.3000,0.0000,-0.0844,-1.3561,1.2687,1.0141,0.6287,-0.0526,0.1008,-0.7693,-0.3835,-0.4234,0.0000,-0.0430,0.0291,0.0000,0.0399,-0.1703,0.0000,0.0000,0.0000,0.3252,0.5630,0.0000,0.0000,-0.0859,0.4234,0.0000,0.0000,-0.0261,0.1795,0.0076,-0.7550,0.2333,-0.3794,0.4139,-0.2687,0.0738,-0.3302,0.0000,-0.0723,-0.1738,0.2023,0.5437,0.3547,-0.1315,0.0060,-0.2146,-0.0347,0.1624,-0.4802,0.1984,-0.4599,-0.3833,0.0000,-0.3833,-1.3031,0.0000,0.8432,-0.7665,0.0000,0.0000,0.0000,-1.9930,0.4599,0.0000,0.0000,-0.0767,-3.2195,0.0000,0.0000,-1.9930,-2.0697,1.5399,-1.8821,1.0590,-1.7676,2.0674,-1.1381,0.2601,-1.3194,1.2981,-0.2041,-0.5926,-1.0781,0.1693,1.3469,-0.4754,1.1361,-0.0344,-0.1983,0.5782,-1.6786,0.4439,
10.5174,RLFSMStateRLLocomotion,0.3000,0.0000,-0.1378,-1.2474,1.3145,1.4850,0.6402,-0.0334,0.1012,-0.7608,-0.3866,-0.4387,0.0000,-0.0644,0.0031,0.0000,0.0568,-0.2010,0.0000,0.0000,0.0000,0.2684,0.5722,0.0000,0.0000,-0.0874,0.3436,0.0000,0.0000,-0.0767,0.1549,0.0850,-0.7705,0.2647,-0.3919,0.4669,-0.2845,0.0690,-0.3339,0.0000,-0.0510,-0.1482,0.2305,0.5423,0.3367,-0.1189,0.0840,-0.2086,-0.0496,0.1446,-0.4797,0.1710,-0.2300,-0.6132,0.0000,-0.7665,-1.4564,0.0000,0.8432,-1.4564,0.0000,0.0000,0.0000,-2.5296,0.6899,0.0000,0.0000,-0.0767,-3.7561,0.0000,0.0000,-2.2996,-1.1498,1.8275,-1.9332,1.1520,-1.6155,2.0875,-1.0782,0.2454,-1.2794,1.9215,-0.1368,-0.5692,-0.9548,0.1075,1.1904,-0.3623,1.3652,0.0235,-0.2169,0.5090,-1.4880,0.3408,
10.5377,RLFSMStateRLLocomotion,0.3000,0.0000,-0.1424,-0.8852,1.4381,1.4125,0.6477,-0.0149,0.1030,-0.7547,-0.3866,-0.4617,0.0000,-0.0890,-0.0107,0.0000,0.0690,-0.2224,0.0000,0.0000,0.0000,0.2163,0.5706,0.0000,0.0000,-0.0890,0.2592,0.0000,0.0000,-0.1442,0.1488,0.2173,-0.7824,0.3021,-0.2779,0.4719,-0.2696,0.0654,-0.3239,0.0000,-0.0342,-0.1423,0.2613,0.5269,0.2976,-0.0906,0.1413,-0.1941,-0.0542,0.1273,-0.4320,0.1452,-0.0000,-1.0732,0.0000,-1.1498,-0.7665,0.0000,0.8432,-1.0732,0.0000,0.0000,0.0000,-2.8362,-0.0000,0.0000,0.0000,0.0000,-3.9861,0.0000,0.0000,-2.9895,-0.3833,2.0693,-1.9297,1.2086,-1.3117,1.9882,-0.9071,0.2140,-1.1580,2.3173,-0.0502,-0.5383,-0.8155,0.0532,0.8897,-0.2557,1.5851,0.2099,-0.2271,0.4367,-1.0791,0.2024,
10.5580,RLFSMStateRLLocomotion,0.3000,0.0000,-0.1533,-0.4623,1.4008,1.4765,0.6518,0.0034,0.1075,-0.7507,-0.3881,-0.4955,0.0000,-0.1089,-0.0123,0.0000,0.0598,-0.2470,0.0000,0.0000,0.0000,0.1749,0.5676,0.0000,0.0000,-0.0982,0.1687,0.0000,0.0000,-0.2163,0.1519,0.2173,-0.7824,0.3021,-0.2779,0.4471,-0.2268,0.0575,-0.2935,0.0000,-0.0126,-0.1346,0.2961,0.5133,0.2224,-0.0639,0.1963,-0.1475,-0.0568,0.1092,-0.3298,0.1106,-0.0767,-1.6098,0.0000,-1.3031,-0.2300,0.0000,0.4599,-1.1498,0.0000,0.0000,0.0000,-1.9930,-0.1533,0.0000,0.0000,-0.5366,-4.4460,0.0000,0.0000,-3.5261,0.0767,2.3224,-1.9399,1.2445,-0.7153,1.6686,-0.6478,0.1864,-0.9848,2.5437,0.0627,-0.5018,-0.5847,-0.0938,0.5297,-0.1488,1.8295,0.3979,-0.1903,0.3579,-0.4203,0.0366,
10.5784,RLFSMStateRLLocomotion,0.3000,0.0000,-0.1801,0.1811,0.6541,1.8376,0.6504,0.0175,0.1019,-0.7525,-0.3881,-0.5308,0.0000,-0.1442,0.0000,0.0000,0.0583,-0.2700,0.0000,0.0000,0.0000,0.1503,0.5660,0.0000,0.0000,-0.1243,0.0905,0.0000,0.0000,-0.2807,0.1565,0.2806,-0.7850,0.3111,-0.1288,0.3671,-0.1620,0.0506,-0.2502,0.0000,0.0157,-0.1255,0.3538,0.4766,0.1324,-0.0372,0.2574,-0.1005,-0.0476,0.0895,-0.1651,0.0692,-0.0000,-1.6864,0.0000,-0.9965,0.3066,0.0000,-0.5366,-1.1498,0.0000,0.0000,0.0000,-1.6098,-0.1533,0.0000,0.0000,-1.0732,-3.9861,0.0000,0.0000,-3.2962,0.3833,2.3760,-1.8113,0.9833,-0.0243,1.0513,-0.2980,0.3276,-0.7957,2.7330,0.0475,-0.4427,0.0608,-0.2437,0.2086,-0.0406,2.4022,0.0843,-0.1305,0.2094,0.3806,-0.2940,
10.5986,RLFSMStateRLLocomotion,0.3000,0.0000,-0.1678,0.3356,-0.1513,1.7758,0.6454,0.0256,0.0860,-0.7585,-0.3850,-0.5461,0.0000,-0.1626,0.0061,0.0000,0.0706,-0.2730,0.0000,0.0000,0.0000,0.1457,0.5691,0.0000,0.0000,-0.1396,0.0169,0.0000,0.0000,-0.3559,0.1534,0.2940,-0.7528,0.2458,0.0439,0.2128,-0.0745,0.0859,-0.2029,0.0000,0.0119,-0.1107,0.5152,0.4391,0.0521,-0.0102,0.4006,-0.1789,-0.0326,0.0523,0.0352,-0.0135,-0.0000,-1.1498,0.0000,-1.7631,0.6132,0.0000,-0.1533,-0.2300,0.0000,0.0000,0.0000,-0.5366,0.0767,0.0000,0.0000,-0.9965,-3.6794,0.0000,0.0000,-3.6028,-0.2300,1.9870,-1.4188,0.6916,0.2107,0.6199,-0.0731,0.5541,-0.6723,2.7220,0.0178,-0.3377,0.4432,-0.2710,0.0565,-0.0601,2.7533,-0.1667,-0.0465,0.0716,0.7340,-0.3875,
10.6189,RLFSMStateRLLocomotion,0.3000,0.0000,-0.1678,0.3356,-0.1513,1.7758,0.6454,0.0256,0.0860,-0.7585,-0.3850,-0.5461,0.0000,-0.1626,0.0061,0.0000,0.0706,-0.2730,0.0000,0.0000,0.0000,0.1457,0.5691,0.0000,0.0000,-0.1396,0.0169,0.0000,0.0000,-0.3559,0.1534,0.1968,-0.6547,0.1729,0.1027,0.1050,-0.0183,0.1425,-0.1721,0.0000,0.0045,-0.0844,0.6108,0.4323,0.0141,-0.0150,0.4883,-0.2417,-0.0116,0.0179,0.1235,-0.0369,-0.0000,-1.1498,0.0000,-1.7631,0.6132,0.0000,-0.1533,-0.2300,0.0000,0.0000,0.0000,-0.5366,0.0767,0.0000,0.0000,-0.9965,-3.6794,0.0000,0.0000,-3.6028,-0.2300,1.7914,-1.2160,0.6644,0.2379,0.5076,0.0226,0.7001,-0.6123,2.6425,0.0146,-0.2681,0.5590,-0.3519,0.0495,-0.0649,2.7596,-0.1550,0.0096,0.0086,0.7695,-0.3205,
10.6391,RLFSMStateRLLocomotion,0.3000,0.0000,-0.1678,0.3356,-0.1513,1.7758,0.6454,0.0256,0.0860,-0.7585,-0.3850,-0.5461,0.0000,-0.1626,0.0061,0.0000,0.0706,-0.2730,0.0000,0.0000,0.0000,0.1457,0.5691,0.0000,0.0000,-0.1396,0.0169,0.0000,0.0000,-0.3559,0.1534,0.1479,-0.6040,0.1661,0.1095,0.0769,0.0056,0.1790,-0.1571,0.0000,0.0037,-0.0670,0.6398,0.4120,0.0124,-0.0162,0.4899,-0.2387,0.0024,0.0022,0.1324,-0.0201,-0.0000,-1.1498,0.0000,-1.7631,0.6132,0.0000,-0.1533,-0.2300,0.0000,0.0000,0.0000,-0.5366,0.0767,0.0000,0.0000,-0.9965,-3.6794,0.0000,0.0000,-3.6028,-0.2300,1.7353,-1.1533,0.6713,0.2347,0.4628,0.0635,0.7281,-0.5831,2.5407,0.0040,-0.2443,0.6042,-0.3723,0.0592,-0.0656,2.7546,-0.1738,0.0236,-0.0296,0.7299,-0.2950,
10.6593,RLFSMStateRLLocomotion,0.3000,0.0000,-0.1678,0.3356,-0.1513,1.7758,0.6454,0.0256,0.0860,-0.7585,-0.3850,-0.5461,0.0000,-0.1626,0.0061,0.0000,0.0706,-0.2730,0.0000,0.0000,0.0000,0.1457,0.5691,0.0000,0.0000,-0.1396,0.0169,0.0000,0.0000,-0.3559,0.1534,0.1338,-0.5883,0.1678,0.1087,0.0657,0.0159,0.1860,-0.1498,0.0000,0.0010,-0.0611,0.6511,0.4069,0.0148,-0.0164,0.4886,-0.2435,0.0059,-0.0074,0.1225,-0.0137,-0.0000,-1.1498,0.0000,-1.7631,0.6132,0.0000,-0.1533,-0.2300,0.0000,0.0000,0.0000,-0.5366,0.0767,0.0000,0.0000,-0.9965,-3.6794,0.0000,0.0000,-3.6028,-0.2300,1.7353,-1.1533,0.6713,0.2347,0.4628,0.0635,0.7281,-0.5831,2.5407,0.0040,-0.2443,0.6042,-0.3723,0.0592,-0.0656,2.7546,-0.1738,0.0236,-0.0296,0.7299,-0.2950,
10.6795,RLFSMStateRLLocomotion,0.3000,0.0000,-0.1678,3.0126,-1.6533,1.2059,0.5892,0.0209,0.0273,-0.8073,-0.3022,-0.5461,0.0000,-0.1657,0.0414,0.0000,0.0506,-0.2163,0.0000,0.0000,0.0000,0.1442,0.5660,0.0000,0.0000,-0.0276,-0.1335,0.0000,0.0000,-0.4801,0.0537,0.1287,-0.5837,0.1698,0.1048,0.0660,0.0162,0.1870,-0.1476,0.0000,-0.0003,-0.0598,0.6540,0.4047,0.0166,-0.0162,0.4906,-0.2443,0.0060,-0.0094,0.1154,-0.0106,1.4564,0.0000,0.0000,0.0000,0.6132,0.0000,-0.0767,1.1498,0.0000,0.0000,0.0000,0.0000,-0.1533,0.0000,0.0000,1.8397,-1.1498,0.0000,0.0000,-0.6132,-1.6098,1.7150,-1.1348,0.6791,0.2193,0.4640,0.0648,0.7321,-0.5743,2.4282,-0.0013,-0.2393,0.6158,-0.3811,0.0666,-0.0650,2.7625,-0.1773,0.0238,-0.0374,0.7016,-0.2825,
10.6998,RLFSMStateRLLocomotion,0.3000,0.0000,-0.0368,3.6688,-1.8802,1.2123,0.5622,0.0141,0.0061,-0.8268,-0.2500,-0.5461,0.0000,-0.1657,0.0583,0.0000,0.0491,-0.1994,0.0000,0.0000,0.0000,0.1473,0.5630,0.0000,0.0000,0.0399,-0.1396,0.0000,0.0000,-0.4786,0.0215,-0.3487,-0.3649,0.0749,-0.0027,-0.1308,0.1249,0.0301,-0.0624,0.0000,0.0282,-0.0944,0.4099,0.4181,-0.0736,0.0125,-0.0959,-0.2204,0.0231,-0.0081,-0.1675,0.0408,2.2230,0.0000,0.0000,0.0000,0.9199,0.0000,-0.0767,0.9199,0.0000,0.0000,0.0000,0.0000,-0.0000,0.0000,0.0000,2.8362,-0.2300,0.0000,0.0000,-0.0767,-1.8397,-0.1947,-0.2595,0.2997,-0.2107,-0.3232,0.4997,0.1045,-0.2335,1.5516,0.1126,-0.3777,-0.3603,-0.3276,-0.2943,0.0501,0.4165,-0.0814,0.0925,-0.0324,-0.4299,-0.0768,
10.7199,RLFSMStateRLLocomotion,0.3000,0.0000,0.0022,3.9330,-2.2797,1.1931,0.5273,0.0028,-0.0211,-0.8494,-0.1902,-0.5461,0.0000,-0.1657,0.0736,0.0000,0.0629,-0.1810,0.0000,0.0000,0.0000,0.1611,0.5446,0.0000,0.0000,0.0752,-0.1595,0.0000,0.0000,-0.4755,-0.0061,-0.3711,-0.4647,-0.0316,0.0561,0.0360,0.0836,-0.0198,-0.0596,0.0000,-0.0305,-0.0581,0.4947,0.3268,-0.1156,-0.0246,-0.0460,-0.3371,-0.0184,-0.0153,-0.2337,0.0883,2.9129,0.0000,0.0000,0.0000,0.8432,0.0000,0.6899,0.8432,0.0000,0.0000,0.0000,0.3833,-0.5366,0.0000,0.0000,2.2230,-0.5366,0.0000,0.0000,0.1533,-1.3798,-0.2846,-0.6587,-0.1263,0.0243,0.3439,0.3344,-0.0951,-0.2224,1.1966,-0.1219,-0.2326,-0.0213,-0.6927,-0.4625,-0.0983,0.6160,-0.5484,-0.0735,-0.0611,-0.6948,0.1133,
10.7401,RLFSMStateRLLocomotion,0.3000,0.0000,0.0538,3.5399,-2.3468,1.0227,0.4939,-0.0095,-0.0475,-0.8682,-0.1304,-0.5461,0.0000,-0.1657,0.0752,0.0000,0.0844,-0.1657,0.0000,0.0000,0.0000,0.1764,0.5231,0.0000,0.0000,0.1197,-0.1672,0.0000,0.0000,-0.4694,-0.0353,-0.3904,-0.5264,-0.1229,0.0396,0.0917,0.1038,-0.0305,-0.0812,0.0000,-0.0273,-0.0469,0.5769,0.2921,-0.1505,-0.0265,-0.0652,-0.3776,-0.0048,-0.0119,-0.2220,0.2008,2.9129,0.0000,0.0000,0.0000,0.4599,0.0000,0.9965,0.8432,0.0000,0.0000,0.0000,0.7665,-0.8432,0.0000,0.0000,2.0697,-1.0732,0.0000,0.0000,0.2300,-1.3031,-0.3618,-0.9055,-0.4915,-0.0415,0.5667,0.4151,-0.1381,-0.3088,0.5538,-0.1092,-0.1875,0.3074,-0.8316,-0.6020,-0.1059,0.5392,-0.7103,-0.0193,-0.0477,-0.6478,0.5634,
10.7604,RLFSMStateRLLocomotion,0.3000,0.0000,0.1147,3.9042,-2.3500,0.2940,0.4628,-0.0229,-0.0668,-0.8836,-0.0859,-0.5461,0.0000,-0.1672,0.0752,0.0000,0.1028,-0.1396,0.0000,0.0000,0.0000,0.2071,0.4955,0.0000,0.0000,0.1534,-0.1779,0.0000,0.0000,-0.4357,-0.0506,-0.3663,-0.5740,-0.2008,0.0233,0.1629,0.1196,-0.0212,-0.1224,0.0000,-0.0316,-0.0380,0.6475,0.2550,-0.1704,-0.0213,-0.0862,-0.4067,0.0051,-0.0205,-0.1969,0.3118,2.5296,0.0000,0.0000,-0.0767,0.0000,0.0000,0.9965,1.0732,0.0000,0.0000,0.0000,0.8432,-1.1498,0.0000,0.0000,1.9164,-0.2300,0.0000,0.0000,0.3833,-1.2265,-0.2651,-1.0962,-0.8034,-0.1069,0.8517,0.4785,-0.1009,-0.4735,-0.1718,-0.1262,-0.1521,0.5902,-0.9799,-0.6815,-0.0850,0.4551,-0.8266,0.0205,-0.0822,-0.5476,1.0070,
10.7806,RLFSMStateRLLocomotion,0.3000,0.0000,0.2163,4.5700,-2.5407,0.1097,0.4242,-0.0382,-0.0785,-0.9014,-0.0276,-0.5476,0.0000,-0.1657,0.1074,0.0000,0.0920,-0.1289,0.0000,0.0000,0.0000,0.2500,0.4633,0.0000,0.0000,0.1672,-0.1902,0.0000,0.0000,-0.3559,-0.0460,-0.3735,-0.5797,-0.2669,0.0143,0.2253,0.1355,0.0124,-0.1644,0.0000,-0.0290,-0.0184,0.6859,0.2586,-0.1680,-0.0046,-0.1515,-0.3745,0.0201,-0.0221,-0.1698,0.4411,2.4530,-0.0767,0.0000,0.0767,0.1533,0.0000,-0.5366,0.7665,0.0000,0.0000,0.0000,2.1463,-1.3798,0.0000,0.0000,1.0732,-0.4599,0.0000,0.0000,2.9129,-0.2300,-0.2939,-1.1186,-1.0676,-0.1430,1.1012,0.5421,0.0336,-0.6416,-0.8176,-0.1158,-0.0735,0.7437,-0.9656,-0.6721,-0.0185,0.1940,-0.6979,0.0806,-0.0884,-0.4391,1.5243,
10.8008,RLFSMStateRLLocomotion,0.3000,0.0000,0.2837,4.4027,-2.6397,-0.2876,0.3817,-0.0592,-0.0886,-0.9181,0.0261,-0.5476,0.0000,-0.1549,0.1626,0.0000,0.0890,-0.1135,0.0000,0.0000,0.0000,0.3007,0.4280,0.0000,0.0000,0.1703,-0.2056,0.0000,0.0000,-0.2730,-0.0307,-0.4039,-0.5405,-0.3156,-0.0087,0.2593,0.1706,0.0435,-0.2017,0.0000,-0.0271,-0.0125,0.7150,0.2775,-0.1130,0.0329,-0.2601,-0.3259,0.0607,-0.0143,-0.1422,0.6084,2.9129,0.0000,0.0000,0.4599,2.2996,0.0000,-0.0767,0.6132,0.0000,0.0000,0.0000,1.9930,-1.6864,0.0000,0.0000,0.2300,-0.6899,0.0000,0.0000,4.0627,0.4599,-0.4155,-0.9620,-1.2625,-0.2348,1.2372,0.6824,0.1579,-0.7908,-1.3173,-0.1083,-0.0501,0.8601,-0.8899,-0.4521,0.1316,-0.2404,-0.5037,0.2428,-0.0570,-0.3287,2.1937,
10.8211,RLFSMStateRLLocomotion,0.3000,0.0000,0.3000,4.4027,-2.6397,-0.2876,0.3817,-0.0592,-0.0886,-0.9181,0.0261,-0.5476,0.0000,-0.1549,0.1626,0.0000,0.0890,-0.1135,0.0000,0.0000,0.0000,0.3007,0.4280,0.0000,0.0000,0.1703,-0.2056,0.0000,0.0000,-0.2730,-0.0307,-0.4071,-0.5025,-0.3752,-0.0467,0.3299,0.1790,0.0959,-0.2400,0.0000,-0.0332,-0.0035,0.7595,0.2530,-0.0505,0.0692,-0.3590,-0.3240,0.0966,-0.0341,-0.1089,0.7954,2.9129,0.0000,0.0000,0.4599,2.2996,0.0000,-0.0767,0.6132,0.0000,0.0000,0.0000,1.9930,-1.6864,0.0000,0.0000,0.2300,-0.6899,0.0000,0.0000,4.0627,0.4599,-0.4284,-0.8101,-1.5008,-0.3867,1.5195,0.7159,0.3674,-0.9440,-1.7386,-0.1328,-0.0140,1.0378,-0.9881,-0.2020,0.2768,-0.6358,-0.4960,0.3864,-0.1363,-0.1955,2.9418,
10.8414,RLFSMStateRLLocomotion,0.3000,0.0000,0.3000,4.4027,-2.6397,-0.2876,0.3817,-0.0592,-0.0886,-0.9181,0.0261,-0.5476,0.0000,-0.1549,0.1626,0.0000,0.0890,-0.1135,0.0000,0.0000,0.0000,0.3007,0.4280,0.0000,0.0000,0.1703,-0.2056,0.0000,0.0000,-0.2730,-0.0307,-0.4408,-0.4866,-0.4235,-0.0442,0.3614,0.2184,0.1211,-0.2445,0.0000,-0.0419,0.0076,0.7715,0.2373,-0.0121,0.1051,-0.3989,-0.3761,0.1236,-0.0565,-0.1341,0.9017,2.9129,0.0000,0.0000,0.4599,2.2996,0.0000,-0.0767,0.6132,0.0000,0.0000,0.0000,1.9930,-1.6864,0.0000,0.0000,0.2300,-0.6899,0.0000,0.0000,4.0627,0.4599,-0.5630,-0.7465,-1.6940,-0.3768,1.6457,0.8735,0.4684,-0.9621,-2.4121,-0.1676,0.0304,1.0859,-1.0508,-0.0485,0.4205,-0.7956,-0.7043,0.4945,-0.2258,-0.2966,3.3667,
10.8617,RLFSMStateRLLocomotion,0.3000,0.0000,0.3000,4.4027,-2.6397,-0.2876,0.3817,-0.0592,-0.0886,-0.9181,0.0261,-0.5476,0.0000,-0.1549,0.1626,0.0000,0.0890,-0.1135,0.0000,0.0000,0.0000,0.3007,0.4280,0.0000,0.0000,0.1703,-0.2056,0.0000,0.0000,-0.2730,-0.0307,-0.4506,-0.5045,-0.4793,-0.0147,0.3721,0.2636,0.1347,-0.2405,0.0000,-0.0547,0.0078,0.7865,0.2404,0.0143,0.1298,-0.4279,-0.4247,0.1395,-0.0734,-0.1573,0.9662,2.9129,0.0000,0.0000,0.4599,2.2996,0.0000,-0.0767,0.6132,0.0000,0.0000,0.0000,1.9930,-1.6864,0.0000,0.0000,0.2300,-0.6899,0.0000,0.0000,4.0627,0.4599,-0.6024,-0.8180,-1.9173,-0.2588,1.6882,1.0543,0.5230,-0.9461,-3.2631,-0.2188,0.0310,1.1460,-1.0384,0.0573,0.5191,-0.9115,-0.8987,0.5580,-0.2937,-0.3891,3.6246,
10.8819,RLFSMStateRLLocomotion,0.3000,0.0000,0.3000,2.8240,-2.0315,-0.7563,0.2953,-0.0963,-0.1128,-0.9438,0.0798,-0.5262,0.0000,-0.1089,0.2531,0.0000,0.0583,-0.0905,0.0000,0.0000,0.0000,0.4909,0.3267,0.0000,0.0000,0.2163,-0.2654,0.0000,0.0000,-0.1749,0.0506,-0.3235,-0.4990,-0.5986,-0.0147,0.4937,0.1971,0.2220,-0.2818,0.0000,-0.0778,-0.0076,0.8906,0.2846,0.0417,0.1694,-0.6275,-0.3513,0.1727,-0.1099,-0.0123,1.0885,0.3833,0.5366,0.0000,1.1498,1.2265,0.0000,-0.6899,0.2300,0.0000,0.0000,0.0000,3.9094,-1.9930,0.0000,0.0000,1.4564,-1.3031,0.0000,0.0000,1.1498,1.5331,-0.0939,-0.7960,-2.3943,-0.2589,2.1748,0.7886,0.8721,-1.1114,-3.6760,-0.3111,-0.0302,1.5624,-0.8618,0.1670,0.6777,-1.7101,-0.6052,0.6910,-0.4395,0.1907,4.1139,
10.9021,RLFSMStateRLLocomotion,0.3000,0.0000,0.3000,0.5870,-1.0301,-1.6245,0.2555,-0.1315,-0.1153,-0.9508,0.0153,-0.4970,0.0000,-0.0660,0.2178,0.0000,0.0414,-0.0920,0.0000,0.0000,0.0000,0.6872,0.2577,0.0000,0.0000,0.2777,-0.3252,0.0000,0.0000,-0.1411,0.1749,-0.3433,-0.4663,-0.6711,0.0132,0.4533,0.2005,0.1895,-0.2433,0.0000,-0.1168,0.0065,0.9047,0.3674,0.0661,0.2570,-0.6886,-0.4429,0.2078,-0.1214,-0.0619,1.1266,-1.2265,0.6132,0.0000,0.8432,-0.6899,0.0000,-0.0767,0.0000,0.0000,0.0000,0.0000,4.1394,-0.9199,0.0000,0.0000,1.0732,-0.9965,0.0000,0.0000,0.4599,2.3763,-0.1731,-0.6653,-2.6843,-0.1470,2.0132,0.8019,0.7422,-0.9572,-3.9832,-0.4673,0.0259,1.6189,-0.5304,0.2646,1.0281,-1.9543,-0.9717,0.8312,-0.4858,-0.0075,4.2666,
10.9225,RLFSMStateRLLocomotion,0.3000,0.0000,0.3000,0.2376,-0.1630,-1.7737,0.2441,-0.1433,-0.1037,-0.9535,-0.0491,-0.4878,0.0000,-0.0506,0.1917,0.0000,0.0491,-0.1104,0.0000,0.0000,0.0000,0.7394,0.2500,0.0000,0.0000,0.2807,-0.3421,0.0000,0.0000,-0.1319,0.2424,-0.2684,-0.5709,-0.8117,0.2388,0.5602,0.1719,0.2373,-0.3828,0.0000,-0.0906,-0.0873,0.8146,0.6744,0.0997,0.0776,-0.8577,-0.3170,0.1728,-0.1230,0.2468,1.1752,-2.6829,0.6899,0.0000,0.6899,-1.1498,0.0000,0.2300,-0.3833,0.0000,0.0000,0.0000,3.4495,-0.2300,0.0000,0.0000,0.4599,-0.7665,0.0000,0.0000,0.3833,3.3728,0.1264,-1.0836,-3.2468,0.7551,2.4410,0.6877,0.9332,-1.5150,-4.3902,-0.3623,-0.3492,1.2585,0.6978,0.3986,0.3102,-2.6308,-0.4681,0.6913,-0.4920,1.2273,4.4609,
10.9429,RLFSMStateRLLocomotion,0.3000,0.0000,0.3000,0.4602,0.9982,-2.2839,0.2290,-0.1453,-0.0799,-0.9592,-0.0966,-0.4863,0.0000,-0.0445,0.1764,0.0000,0.0690,-0.1365,0.0000,0.0000,0.0000,0.7885,0.2470,0.0000,0.0000,0.2945,-0.3574,0.0000,0.0000,-0.1289,0.3283,-0.2789,-0.4657,-0.9447,0.5042,0.2591,0.2531,0.1891,-0.3710,0.0000,-0.0932,-0.1428,0.6065,1.3672,0.1324,0.0959,-1.0835,-0.3188,0.1319,-0.0912,0.2466,0.7649,-2.8362,0.3833,0.0000,0.3833,-0.6132,0.0000,0.6899,-1.1498,0.0000,0.0000,0.0000,2.6063,-0.1533,0.0000,0.0000,0.4599,-0.7665,0.0000,0.0000,0.1533,4.2160,0.0845,-0.6627,-3.7786,1.8166,1.2364,1.0123,0.7404,-1.4681,-4.2624,-0.3726,-0.5712,0.4261,3.4689,0.5296,0.3838,-3.5339,-0.4750,0.5274,-0.3646,1.2265,2.8196,
10.9631,RLFSMStateRLLocomotion,0.3000,0.0000,0.3000,0.9289,1.8866,-2.2530,0.2118,-0.1357,-0.0475,-0.9667,-0.1519,-0.4863,0.0000,-0.0169,0.1733,0.0000,0.0767,-0.1687,0.0000,0.0000,0.0000,0.8283,0.2424,0.0000,0.0000,0.2869,-0.3758,0.0000,0.0000,-0.1243,0.4264,-0.3124,-0.4655,-0.4237,0.4225,-0.2005,0.1882,0.0573,-0.2115,0.0000,0.0035,-0.1169,0.3575,1.2741,0.1558,-0.0620,-0.9861,-0.0982,0.0359,-0.0355,0.2560,0.0700,-2.4530,0.0000,0.0000,1.2265,-0.1533,0.0000,0.8432,-1.5331,0.0000,0.0000,0.0000,1.9164,-0.2300,0.0000,0.0000,0.3833,-0.9199,0.0000,0.0000,0.2300,4.6759,-0.0496,-0.6619,-1.6947,1.4902,-0.6021,0.7526,0.2130,-0.8299,-3.6810,0.0139,-0.4677,-0.5702,3.0966,0.6234,-0.2481,-3.1445,0.4072,0.1436,-0.1419,1.2639,0.0402,
10.9833,RLFSMStateRLLocomotion,0.3000,0.0000,0.3000,1.3934,2.3968,-1.9185,0.2025,-0.1275,-0.0336,-0.9704,-0.1733,-0.4909,0.0000,-0.0092,0.1764,0.0000,0.0828,-0.1810,0.0000,0.0000,0.0000,0.8422,0.2408,0.0000,0.0000,0.2730,-0.3804,0.0000,0.0000,-0.1258,0.4771,-0.3256,-0.3553,-0.1159,0.1900,-0.1619,-0.0218,0.0023,-0.1765,0.0000,0.0217,-0.0232,0.4387,0.9395,0.1420,-0.2036,-0.6688,0.1894,0.0180,-0.0085,0.1992,0.0166,-2.5296,-0.0767,0.0000,0.8432,-0.1533,0.0000,0.3066,-1.4564,0.0000,0.0000,0.0000,1.9164,-0.2300,0.0000,0.0000,-0.9199,-0.9199,0.0000,0.0000,0.2300,4.6759,-0.1023,-0.2212,-0.4638,0.5598,-0.4478,-0.0871,-0.0066,-0.6900,-3.5006,0.0868,-0.0929,-0.2453,1.7579,0.5678,-0.8145,-1.8751,1.5575,0.0721,-0.0342,1.0369,-0.1736,
11.0035,RLFSMStateRLLocomotion,0.3000,0.0000,0.3000,1.9707,3.5015,-1.1228,0.1717,-0.0849,-0.0011,-0.9815,-0.2393,-0.5031,0.0000,0.0123,0.1963,0.0000,0.0890,-0.2102,0.0000,0.0000,0.0000,0.8468,0.2378,0.0000,0.0000,0.2163,-0.3973,0.0000,0.0000,-0.1304,0.6197,-0.4336,-0.0270,-0.0393,0.0630,-0.3308,-0.1240,0.0460,-0.1121,0.0000,-0.0116,-0.0027,0.8082,0.8017,0.1314,-0.1435,-0.5210,0.3327,0.0445,-0.0209,0.0336,-0.1709,-2.0697,-0.5366,0.0000,0.7665,0.6899,0.0000,0.1533,-1.0732,0.0000,0.0000,0.0000,0.0000,-0.1533,0.0000,0.0000,-1.5331,-0.4599,0.0000,0.0000,-0.0767,4.5226,-0.5345,1.0918,-0.1572,0.0521,-1.1232,-0.4962,0.1681,-0.4325,-2.2856,-0.0465,-0.0108,1.2327,1.2069,0.5255,-0.5738,-1.2841,2.1309,0.1780,-0.0837,0.3743,-0.9236,
11.0237,RLFSMStateRLLocomotion,0.3000,0.0000,0.3000,2.0975,3.5367,-1.0131,0.1611,-0.0682,0.0080,-0.9846,-0.2592,-0.5031,0.0000,0.0169,0.2086,0.0000,0.0890,-0.2148,0.0000,0.0000,0.0000,0.8468,0.2362,0.0000,0.0000,0.1856,-0.4004,0.0000,0.0000,-0.1304,0.6673,-0.6857,0.2982,0.0755,-0.0687,-0.3858,-0.1836,0.1077,-0.0707,0.0000,-0.0476,0.0341,0.9043,0.7180,0.1677,-0.0989,-0.4107,0.7375,0.0994,-0.0244,-0.0606,-0.1718,-2.0697,-0.2300,0.0000,0.3833,0.6899,0.0000,0.1533,-0.6132,0.0000,0.0000,0.0000,0.0000,-0.1533,0.0000,0.0000,-2.2996,-0.4599,0.0000,0.0000,-0.0767,4.5226,-1.5429,2.3929,0.3021,-0.4748,-1.3433,-0.7346,0.4146,-0.2668,-0.9713,-0.1905,0.1366,1.6173,0.8721,0.6709,-0.3958,-0.8427,3.7501,0.3975,-0.0976,-0.0023,-0.9272,
11.0440,RLFSMStateRLLocomotion,0.3000,0.0000,0.3000,2.2403,3.2885,-0.8607,0.1380,-0.0341,0.0249,-0.9895,-0.2976,-0.4924,0.0000,0.0215,0.2347,0.0000,0.0890,-0.2163,0.0000,0.0000,0.0000,0.8468,0.2362,0.0000,0.0000,0.1166,-0.4034,0.0000,0.0000,-0.1304,0.7424,-0.9801,0.4587,0.2031,-0.1784,-0.3772,-0.1869,0.1601,-0.0497,0.0000,-0.0492,0.0783,0.7209,0.7424,0.2774,-0.0756,-0.4672,1.3888,0.1157,-0.0111,-0.0012,-0.0728,-1.9930,0.2300,0.0000,0.2300,1.2265,0.0000,0.0767,-0.1533,0.0000,0.0000,0.0000,0.0000,-0.0767,0.0000,0.0000,-3.2962,-0.3833,0.0000,0.0000,-0.0000,4.1394,-2.7202,3.0350,0.8123,-0.9138,-1.3087,-0.7476,0.6246,-0.1828,0.4970,-0.1968,0.3132,0.8838,0.9695,1.1095,-0.3024,-1.0688,6.3554,0.4630,-0.0445,0.2352,-0.5311,
11.0642,RLFSMStateRLLocomotion,0.3000,0.0000,0.3000,2.3990,3.0051,-0.6903,0.1145,-0.0029,0.0384,-0.9927,-0.3237,-0.4725,0.0000,0.0291,0.2623,0.0000,0.0905,-0.2132,0.0000,0.0000,0.0000,0.8437,0.2500,0.0000,0.0000,0.0307,-0.4019,0.0000,0.0000,-0.1227,0.8038,-1.2405,0.5522,0.2729,-0.3662,-0.3234,-0.1050,0.1792,-0.0184,0.0000,-0.0654,0.1179,0.5702,0.7683,0.3646,-0.0510,-0.5504,2.2092,0.1472,-0.0342,0.0568,0.1482,-1.4564,0.8432,0.0000,0.3833,1.3798,0.0000,0.0000,0.0767,0.0000,0.0000,0.0000,-0.0767,0.1533,0.0000,0.0000,-3.9861,-0.0000,0.0000,0.0000,0.1533,3.3728,-3.7619,3.4087,1.0917,-1.6649,-1.0937,-0.4200,0.7007,-0.0576,2.8388,-0.2617,0.4715,0.2807,1.0731,1.4584,-0.2041,-1.4017,9.6366,0.5887,-0.1369,0.4673,0.3530,
11.0845,RLFSMStateRLLocomotion,0.3000,0.0000,0.3000,2.2317,2.4778,-0.4804,0.0810,0.0395,0.0527,-0.9945,-0.3497,-0.4234,0.0000,0.0322,0.2899,0.0000,0.0813,-0.1795,0.0000,0.0000,0.0000,0.8391,0.2976,0.0000,0.0000,-0.1074,-0.3866,0.0000,0.0000,-0.0966,0.8253,-1.3154,0.5007,0.2929,-0.3771,-0.3352,0.0023,0.1527,0.0978,0.0000,-0.1102,0.1631,0.4519,0.8222,0.4734,0.0256,-0.6511,2.7145,0.1728,-0.1251,0.0602,0.2457,-0.8432,1.7631,0.0000,0.1533,0.9199,0.0000,-0.1533,0.7665,0.0000,0.0000,0.0000,-0.2300,1.5331,0.0000,0.0000,-4.2927,0.4599,0.0000,0.0000,0.8432,0.3833,-4.0615,3.2028,1.1715,-1.7085,-1.1407,0.0094,0.5947,0.4072,6.9417,-0.4406,0.6524,-0.1925,1.2887,1.8935,0.1023,-1.8043,11.6579,0.6910,-0.5003,0.4807,0.7428,
11.1048,RLFSMStateRLLocomotion,0.3000,0.0000,0.3000,1.8120,1.9260,-0.3366,0.0624,0.0648,0.0582,-0.9942,-0.3712,-0.3835,0.0000,0.0353,0.2945,0.0000,0.0736,-0.1488,0.0000,0.0000,0.0000,0.8391,0.3359,0.0000,0.0000,-0.1963,-0.3605,0.0000,0.0000,-0.0782,0.8253,-1.2720,0.3940,0.3381,-0.2945,-0.4531,0.0752,0.1070,0.2066,0.0000,-0.1430,0.1549,0.4441,0.7920,0.5337,0.0720,-0.6614,2.8349,0.1748,-0.1599,0.0508,0.2319,-0.9965,2.0697,0.0000,0.0767,0.2300,0.0000,-0.4599,1.3798,0.0000,0.0000,0.0000,0.0000,1.6864,0.0000,0.0000,-4.3693,1.0732,0.0000,0.0000,0.9965,-0.0000,-3.8882,2.7761,1.3523,-1.3782,-1.6123,0.3009,0.4122,0.8423,11.0876,-0.5719,0.6195,-0.2235,1.1680,2.1347,0.2878,-1.8456,12.1398,0.6990,-0.6394,0.4431,0.6877,
11.1252,RLFSMStateRLLocomotion,0.3000,0.0000,0.3000,1.4253,1.3060,-0.0383,0.0481,0.0847,0.0585,-0.9935,-0.3881,-0.3405,0.0000,0.0337,0.2838,0.0000,0.0721,-0.1381,0.0000,0.0000,0.0000,0.8498,0.3697,0.0000,0.0000,-0.2807,-0.3329,0.0000,0.0000,-0.0644,0.8253,-1.1666,0.2851,0.3921,-0.2132,-0.5446,0.1437,0.0619,0.2693,0.0000,-0.1390,0.1223,0.4660,0.7362,0.5259,0.0470,-0.6362,2.7490,0.1563,-0.1491,0.0676,0.1549,-0.9199,1.9930,0.0000,0.0767,-0.3066,0.0000,-0.2300,1.4564,0.0000,0.0000,0.0000,0.4599,1.9164,0.0000,0.0000,-3.9861,1.3798,0.0000,0.0000,0.6899,-0.0000,-3.4666,2.3402,1.5683,-1.0529,-1.9786,0.5748,0.2315,1.0932,14.2064,-0.5562,0.4893,-0.1362,0.9447,2.1036,0.1879,-1.7449,11.7961,0.6251,-0.5963,0.5106,0.3795,
11.1455,RLFSMStateRLLocomotion,0.3000,0.0000,0.3000,2.5556,1.6810,-0.2045,0.0370,0.0987,0.0568,-0.9928,-0.3912,-0.3329,0.0000,0.0322,0.2715,0.0000,0.0721,-0.1258,0.0000,0.0000,0.0000,0.8621,0.3804,0.0000,0.0000,-0.3175,-0.3160,0.0000,0.0000,-0.0568,0.8253,-1.1491,0.2501,0.4003,-0.2113,-0.5168,0.1907,0.0233,0.3364,0.0000,-0.1424,0.1466,0.4116,0.7146,0.5286,0.0289,-0.6467,2.6939,0.1502,-0.1677,0.0491,0.1548,-0.9199,1.9930,0.0000,-0.1533,-0.3066,0.0000,0.1533,0.3066,0.0000,0.0000,0.0000,0.4599,1.9164,0.0000,0.0000,-3.9861,1.3798,0.0000,0.0000,0.6899,-0.0000,-3.3965,2.2004,1.6011,-1.0453,-1.8674,0.7630,0.0770,1.3618,16.7844,-0.5695,0.5865,-0.3535,0.8583,2.1144,0.1156,-1.7868,11.5757,0.6009,-0.6710,0.4362,0.3793,
11.1659,RLFSMStateRLLocomotion,0.3000,0.0000,0.3000,0.7436,-0.4186,-0.2439,0.0231,0.1060,0.0575,-0.9924,-0.4050,-0.2899,0.0000,0.0291,0.2194,0.0000,0.0752,-0.1074,0.0000,0.0000,0.0000,0.9004,0.4479,0.0000,0.0000,-0.4249,-0.2332,0.0000,0.0000,-0.0506,0.8268,-1.0311,0.1489,0.4276,-0.1023,-0.5997,0.2318,-0.0260,0.3343,0.0000,-0.1408,0.0533,0.5061,0.6791,0.4645,-0.0078,-0.6259,2.4254,0.1287,-0.0955,0.1338,0.0128,-0.4599,1.9164,0.0000,0.0000,-1.7631,0.0000,-0.2300,0.3833,0.0000,0.0000,0.0000,1.4564,2.3763,0.0000,0.0000,-3.2195,2.6063,0.0000,0.0000,0.1533,0.0767,-2.9244,1.7957,1.7106,-0.6091,-2.1987,0.9271,-0.1199,1.3533,18.3000,-0.5632,0.2131,0.0244,0.7165,1.8579,-0.0311,-1.7034,10.5018,0.5148,-0.3821,0.7754,-0.1887,
11.1862,RLFSMStateRLLocomotion,0.3000,0.0000,0.3000,0.5284,-0.8107,-0.5358,0.0209,0.1011,0.0590,-0.9929,-0.4126,-0.2654,0.0000,0.0276,0.2086,0.0000,0.0782,-0.1074,0.0000,0.0000,0.0000,0.9158,0.4801,0.0000,0.0000,-0.4541,-0.2025,0.0000,0.0000,-0.0506,0.8268,-0.8464,-0.0139,0.4575,-0.0594,-0.5226,0.3157,-0.0676,0.2999,0.0000,-0.1084,-0.0159,0.5756,0.5902,0.3717,-0.0397,-0.5737,2.0793,0.0933,-0.0482,0.1551,-0.0273,-0.4599,1.9164,0.0000,-0.2300,-1.7631,0.0000,0.2300,0.3833,0.0000,0.0000,0.0000,1.4564,2.3763,0.0000,0.0000,-3.2195,3.1428,0.0000,0.0000,0.1533,0.0767,-2.1855,1.1443,1.8300,-0.4376,-1.8904,1.2629,-0.2865,1.2156,19.1017,-0.4336,-0.0634,0.3025,0.3608,1.4868,-0.1586,-1.4949,9.1171,0.3733,-0.1928,0.8603,-0.3492,
11.2065,RLFSMStateRLLocomotion,0.3000,0.0000,0.3000,0.6956,-1.2954,-0.1246,0.0220,0.0896,0.0614,-0.9938,-0.4387,-0.2148,0.0000,0.0153,0.1749,0.0000,0.0767,-0.1043,0.0000,0.0000,0.0000,0.9311,0.5139,0.0000,0.0000,-0.5031,-0.1626,0.0000,0.0000,-0.0537,0.8283,-0.5446,-0.2705,0.4209,0.0681,-0.3588,0.3200,-0.1211,0.2372,0.0000,-0.1058,-0.0828,0.6562,0.5715,0.2640,-0.0531,-0.4817,1.6059,0.0547,-0.0077,0.1867,0.0181,-0.9199,2.4530,0.0000,-0.4599,-1.6098,0.0000,0.0000,0.0767,0.0000,0.0000,0.0000,1.1498,2.9129,0.0000,0.0000,-2.8362,1.6098,0.0000,0.0000,-0.0000,-0.0000,-0.9785,0.1180,1.6838,0.0725,-1.2351,1.2801,-0.5003,0.9650,19.5643,-0.4231,-0.3313,0.6250,0.2861,1.0562,-0.2122,-1.1266,7.2236,0.2187,-0.0309,0.9869,-0.1674,
11.2266,RLFSMStateRLLocomotion,0.3000,0.0000,0.3000,-0.8203,-2.2232,0.6338,0.0208,0.0723,0.0553,-0.9956,-0.4617,-0.1718,0.0000,-0.0031,0.1381,0.0000,0.0767,-0.1043,0.0000,0.0000,0.0000,0.9342,0.5354,0.0000,0.0000,-0.5384,-0.1289,0.0000,0.0000,-0.0522,0.8176,-0.0225,-0.6540,0.1986,0.2597,0.0183,0.1860,-0.0567,0.0308,0.0000,-0.1150,-0.1090,0.7037,0.5564,0.2023,-0.0666,-0.1481,0.5809,-0.0264,0.0227,0.0997,0.1051,-1.1498,1.9930,0.0000,-0.9199,-1.3031,0.0000,0.0000,0.0767,0.0000,0.0000,0.0000,0.6132,1.0732,0.0000,0.0000,-1.9164,1.9164,0.0000,0.0000,-0.1533,-0.4599,1.1099,-1.4159,0.7945,0.8389,0.2731,0.7439,-0.2430,0.1391,19.0642,-0.4600,-0.4359,0.8148,0.2255,0.8094,-0.2665,0.2078,3.1238,-0.1054,0.0909,0.6387,0.1805,
11.2469,RLFSMStateRLLocomotion,0.3000,0.0000,0.3000,-0.9417,-2.3446,0.4868,0.0288,0.0459,0.0437,-0.9976,-0.4847,-0.1074,0.0000,-0.0230,0.0828,0.0000,0.0782,-0.1043,0.0000,0.0000,0.0000,0.9219,0.5691,0.0000,0.0000,-0.5584,-0.0782,0.0000,0.0000,-0.0476,0.8084,-0.0885,-0.5125,-0.0167,0.1568,0.0084,0.0435,0.0303,-0.1544,0.0000,-0.1248,-0.1245,0.5353,0.6057,0.1517,-0.0591,-0.0460,-0.2523,-0.0362,0.0307,0.0126,0.1325,-1.2265,2.7596,0.0000,-0.9965,-2.0697,0.0000,0.0767,0.0000,0.0000,0.0000,0.0000,-0.0767,1.4564,0.0000,0.0000,-1.2265,2.2996,0.0000,0.0000,0.2300,-0.5366,0.8459,-0.8498,-0.0668,0.4273,0.2336,0.1741,0.1053,-0.6016,16.9516,-0.4993,-0.4978,0.1411,0.4227,0.6069,-0.2365,0.6161,-0.2090,-0.1447,0.1228,0.2906,0.2900,
11.2672,RLFSMStateRLLocomotion,0.3000,0.0000,0.3000,-1.3987,-2.3276,0.8032,0.0400,0.0170,0.0379,-0.9983,-0.5216,-0.0322,0.0000,-0.0322,0.0199,0.0000,0.0798,-0.1043,0.0000,0.0000,0.0000,0.9127,0.6013,0.0000,0.0000,-0.5660,-0.0092,0.0000,0.0000,-0.0445,0.7762,-0.3403,-0.3002,-0.0706,0.0494,-0.0388,-0.0339,0.0241,-0.1025,0.0000,-0.0429,-0.0358,0.4919,0.6066,0.0499,-0.0516,-0.1467,-0.2625,-0.0334,0.0166,-0.0683,0.1911,-1.2265,3.2962,0.0000,-0.5366,-2.8362,0.0000,0.0767,0.0000,0.0000,0.0000,0.0000,-0.7665,1.5331,0.0000,0.0000,-0.6899,3.3728,0.0000,0.0000,0.1533,-1.5331,-0.1613,-0.0006,-0.2824,-0.0025,0.0449,-0.1355,0.0803,-0.3941,15.2084,-0.1717,-0.1431,-0.0325,0.4263,0.1996,-0.2063,0.2131,-0.2501,-0.1338,0.0663,-0.0334,0.5244,
11.2875,RLFSMStateRLLocomotion,0.3000,0.0000,0.3000,-1.3987,-2.3276,0.8032,0.0400,0.0170,0.0379,-0.9983,-0.5216,-0.0322,0.0000,-0.0322,0.0199,0.0000,0.0798,-0.1043,0.0000,0.0000,0.0000,0.9127,0.6013,0.0000,0.0000,-0.5660,-0.0092,0.0000,0.0000,-0.0445,0.7762,-0.4162,-0.2257,-0.0510,0.0826,-0.0442,-0.0525,0.0081,-0.0669,0.0000,-0.0151,-0.0095,0.4660,0.6415,0.0291,-0.0482,-0.1893,-0.3014,-0.0258,0.0063,-0.0356,0.1984,-1.2265,3.2962,0.0000,-0.5366,-2.8362,0.0000,0.0767,0.0000,0.0000,0.0000,0.0000,-0.7665,1.5331,0.0000,0.0000,-0.6899,3.3728,0.0000,0.0000,0.1533,-1.5331,-0.4647,0.2971,-0.2042,0.1305,0.0233,-0.2101,0.0163,-0.2514,14.0216,-0.0604,-0.0378,-0.1359,0.5660,0.1164,-0.1929,0.0426,-0.4055,-0.1033,0.0252,0.0975,0.5534,
11.3077,RLFSMStateRLLocomotion,0.3000,0.0000,0.3000,-1.6096,-1.1867,1.6852,0.0651,-0.0207,0.0099,-0.9976,-0.5798,0.1012,0.0000,-0.0583,-0.1150,0.0000,0.0966,-0.0966,0.0000,0.0000,0.0000,0.8989,0.6351,0.0000,0.0000,-0.5676,0.1703,0.0000,0.0000,-0.0552,0.6611,-0.3633,-0.1331,0.0437,0.1393,-0.0394,-0.0214,0.0168,-0.0561,0.0000,-0.0143,-0.0406,0.5177,0.7340,0.0751,-0.0509,0.0086,-0.3624,-0.0077,-0.0255,-0.0676,0.1820,-1.9164,4.3693,0.0000,-0.5366,-4.2927,0.0000,0.2300,0.3833,0.0000,0.0000,0.0000,-0.4599,1.1498,0.0000,0.0000,0.0000,5.5958,0.0000,0.0000,-0.1533,-3.1428,-0.2531,0.6675,0.1749,0.3573,0.0422,-0.0857,0.0511,-0.2084,12.9373,-0.0574,-0.1622,0.0710,0.9361,0.3002,-0.2036,0.8345,-0.6497,-0.0310,-0.1020,-0.0305,0.4881,
11.3280,RLFSMStateRLLocomotion,0.3000,0.0000,0.3000,-1.6096,-1.1867,1.6852,0.0651,-0.0207,0.0099,-0.9976,-0.5798,0.1012,0.0000,-0.0583,-0.1150,0.0000,0.0966,-0.0966,0.0000,0.0000,0.0000,0.8989,0.6351,0.0000,0.0000,-0.5676,0.1703,0.0000,0.0000,-0.0552,0.6611,-0.3016,-0.1490,0.0659,0.1505,-0.0474,0.0127,0.0267,-0.0427,0.0000,-0.0249,-0.0598,0.5800,0.7459,0.0913,-0.0503,0.0744,-0.3581,0.0061,-0.0211,-0.0871,0.1858,-1.9164,4.3693,0.0000,-0.5366,-4.2927,0.0000,0.2300,0.3833,0.0000,0.0000,0.0000,-0.4599,1.1498,0.0000,0.0000,0.0000,5.5958,0.0000,0.0000,-0.1533,-3.1428,-0.0064,0.6038,0.2636,0.4019,0.0103,0.0508,0.0910,-0.1548,11.9852,-0.0994,-0.2390,0.3200,0.9836,0.3654,-0.2014,1.0974,-0.6322,0.0246,-0.0846,-0.1085,0.5032,
11.3484,RLFSMStateRLLocomotion,0.3000,0.0000,0.3000,-0.2269,0.7063,0.6946,0.0997,-0.0359,0.0078,-0.9943,-0.6397,0.2500,0.0000,-0.0414,-0.2777,0.0000,0.0767,-0.0614,0.0000,0.0000,0.0000,0.8207,0.6320,0.0000,0.0000,-0.5384,0.4433,0.0000,0.0000,-0.0430,0.4218,-0.2543,-0.1756,0.0764,0.1579,-0.0387,0.0086,0.0322,-0.0502,0.0000,-0.0317,-0.0693,0.5987,0.7563,0.1065,-0.0577,0.1182,-0.3573,0.0083,-0.0200,-0.1140,0.1853,-0.6899,2.6829,0.0000,0.8432,-2.6829,0.0000,-0.6899,0.5366,0.0000,0.0000,0.0000,-1.1498,-0.4599,0.0000,0.0000,0.2300,4.8293,0.0000,0.0000,0.3066,-4.0627,0.1828,0.4976,0.3055,0.4316,0.0454,0.0346,0.1127,-0.1849,11.0980,-0.1267,-0.2772,0.3950,1.0250,0.4260,-0.2307,1.2727,-0.6294,0.0330,-0.0800,-0.2159,0.5013,
11.3687,RLFSMStateRLLocomotion,0.3000,0.0000,0.3000,0.7798,0.9087,0.6157,0.0990,-0.0385,0.0097,-0.9943,-0.6259,0.2761,0.0000,0.0031,-0.3206,0.0000,0.0522,-0.0537,0.0000,0.0000,0.0000,0.7716,0.6351,0.0000,0.0000,-0.5001,0.5246,0.0000,0.0000,-0.0383,0.3283,0.1235,-0.3225,0.1242,0.5399,-0.1661,0.2816,-0.0773,0.0759,0.0000,-0.0619,-0.0434,0.7760,0.8931,0.0684,-0.0895,0.3676,-0.3932,0.0915,-0.1690,0.0137,0.1234,0.8432,2.2230,0.0000,1.8397,-2.0697,0.0000,-1.0732,0.3833,0.0000,0.0000,0.0000,-2.4530,0.2300,0.0000,0.0000,1.6098,3.9861,0.0000,0.0000,0.2300,-4.6759,1.6940,-0.0901,0.4968,1.9595,-0.4645,1.1264,-0.3254,0.3195,10.2547,-0.2477,-0.1738,1.1042,1.5724,0.2736,-0.3579,2.2706,-0.7729,0.3662,-0.6758,0.2949,0.2534,
11.3890,RLFSMStateRLLocomotion,0.3000,0.0000,0.3000,1.4882,1.3625,0.5603,0.0880,-0.0319,0.0118,-0.9955,-0.5829,0.2807,0.0000,0.0583,-0.3590,0.0000,0.0337,-0.0537,0.0000,0.0000,0.0000,0.7194,0.6335,0.0000,0.0000,-0.4495,0.5875,0.0000,0.0000,-0.0368,0.2562,0.4583,-0.5642,0.1646,0.6446,-0.1582,0.2905,-0.1353,0.0355,0.0000,-0.0851,-0.0154,0.8177,0.8322,0.1386,-0.0932,0.4213,-0.4402,0.1482,-0.1781,0.0078,0.0886,2.2996,0.9965,0.0000,2.7596,-1.8397,0.0000,-1.0732,0.4599,0.0000,0.0000,0.0000,-2.4530,-0.0767,0.0000,0.0000,2.0697,3.2195,0.0000,0.0000,0.1533,-3.6028,3.0331,-1.0570,0.6586,2.3783,-0.4330,1.1619,-0.5571,0.1581,9.1019,-0.3405,-0.0615,1.2709,1.3289,0.5544,-0.3726,2.4854,-0.9608,0.5928,-0.7124,0.2713,0.1143,
11.4094,RLFSMStateRLLocomotion,0.3000,0.0000,0.3000,1.7577,1.2112,0.5017,0.0802,-0.0276,0.0124,-0.9963,-0.5507,0.2807,0.0000,0.0813,-0.3666,0.0000,0.0199,-0.0537,0.0000,0.0000,0.0000,0.6964,0.6289,0.0000,0.0000,-0.4203,0.6121,0.0000,0.0000,-0.0399,0.2255,0.5851,-0.6631,0.1778,0.6807,-0.1649,0.2849,-0.1399,-0.0073,0.0000,-0.0984,-0.0200,0.7886,0.7491,0.1386,-0.0932,0.4213,-0.4402,0.1482,-0.1781,0.0078,0.0886,2.2996,0.0767,0.0000,2.2996,-1.8397,0.0000,-1.0732,-0.0767,0.0000,0.0000,0.0000,-2.4530,-0.0767,0.0000,0.0000,2.6063,3.2195,0.0000,0.0000,0.1533,-3.6028,3.5405,-1.4525,0.7114,2.5226,-0.4596,1.1397,-0.5754,-0.0134,8.2230,-0.3936,-0.0799,1.1543,0.9963,0.6964,-0.3595,2.2285,-1.1236,0.6379,-0.6309,0.3345,0.0462,
11.4296,RLFSMStateRLLocomotion,0.3000,0.0000,0.3000,1.9345,0.3782,-0.1097,0.0472,-0.0140,0.0230,-0.9985,-0.3850,0.2255,0.0000,0.1641,-0.3605,0.0000,0.0184,-0.0368,0.0000,0.0000,0.0000,0.6167,0.6320,0.0000,0.0000,-0.2838,0.6703,0.0000,0.0000,-0.0752,0.1411,0.6040,-0.6681,0.1934,0.6174,-0.1490,0.2239,-0.1400,-0.0383,0.0000,-0.0975,-0.0120,0.7425,0.6552,0.1787,-0.0847,0.2889,-0.4483,0.1602,-0.1269,0.0132,0.0754,4.0627,-1.4564,0.0000,1.9930,0.0767,0.0000,0.0000,0.4599,0.0000,0.0000,0.0000,-1.9164,-0.0000,0.0000,0.0000,3.4495,1.6098,0.0000,0.0000,-0.9965,-2.2230,3.6162,-1.4724,0.7737,2.2695,-0.3960,0.8956,-0.5758,-0.1371,7.9337,-0.3902,-0.0481,0.9702,0.6208,0.7149,-0.3390,1.9556,-0.9930,0.6409,-0.5074,0.2930,0.0617,
11.4499,RLFSMStateRLLocomotion,0.3000,0.0000,0.3000,2.2935,-0.2695,0.0852,0.0236,-0.0113,0.0241,-0.9994,-0.2884,0.1733,0.0000,0.2056,-0.3344,0.0000,0.0184,-0.0184,0.0000,0.0000,0.0000,0.6044,0.6397,0.0000,0.0000,-0.2439,0.6750,0.0000,0.0000,-0.0844,0.1273,0.5605,-0.6538,0.2118,0.5626,-0.1291,0.1654,-0.1436,-0.0427,0.0000,-0.0844,0.0087,0.6848,0.5487,0.1662,-0.0673,0.1958,-0.4299,0.1537,-0.0932,0.0186,0.0868,4.1394,-2.2230,0.0000,1.9164,0.9965,0.0000,0.0000,0.8432,0.0000,0.0000,0.0000,-1.4564,0.6899,0.0000,0.0000,3.8327,0.8432,0.0000,0.0000,-0.9965,-1.5331,3.4420,-1.4153,0.8470,2.0506,-0.3166,0.6617,-0.5905,-0.1547,8.1101,-0.3375,0.0348,0.7392,0.1948,0.6648,-0.2693,1.5830,-0.9196,0.6147,-0.3729,0.3143,0.1071,
11.4703,RLFSMStateRLLocomotion,0.3000,0.0000,0.3000,1.9367,-0.1822,-0.0820,0.0143,-0.0079,0.0245,-0.9996,-0.2378,0.1396,0.0000,0.2240,-0.3114,0.0000,0.0169,-0.0077,0.0000,0.0000,0.0000,0.5967,0.6627,0.0000,0.0000,-0.1580,0.6765,0.0000,0.0000,-0.0982,0.1058,0.4761,-0.6470,0.2281,0.4636,-0.1124,0.0807,-0.1278,-0.0490,0.0000,-0.0713,0.0297,0.5840,0.3914,0.1886,-0.0346,0.0318,-0.4171,0.1534,-0.0321,-0.0060,0.0868,5.0592,-3.2195,0.0000,1.9164,1.6864,0.0000,0.0000,0.8432,0.0000,0.0000,0.0000,-0.3066,1.1498,0.0000,0.0000,4.1394,0.1533,0.0000,0.0000,-0.7665,-1.1498,3.1043,-1.3881,0.9125,1.6545,-0.2497,0.3227,-0.5273,-0.1800,8.7900,-0.2851,0.1190,0.3358,-0.4346,0.7543,-0.1383,0.9270,-0.8684,0.6135,-0.1282,0.2161,0.1781,
11.4908,RLFSMStateRLLocomotion,0.3000,0.0000,0.3000,1.8323,-0.2067,-0.4400,0.0031,-0.0012,-0.0300,0.9995,-0.1365,0.0552,0.0000,0.2470,-0.2546,0.0000,0.0169,0.0107,0.0000,0.0000,0.0000,0.5983,0.6934,0.0000,0.0000,-0.0690,0.6673,0.0000,0.0000,-0.1104,0.0905,0.3990,-0.6124,0.2323,0.3770,-0.0827,-0.0189,-0.1197,-0.0588,0.0000,-0.0718,0.0432,0.4982,0.3160,0.2102,-0.0346,0.0318,-0.4171,0.1534,-0.0321,-0.0060,0.1045,4.8293,-3.9861,0.0000,1.3798,2.7596,0.0000,0.2300,0.9965,0.0000,0.0000,0.0000,0.0767,1.3798,0.0000,0.0000,4.2927,-0.3066,0.0000,0.0000,-0.6899,-0.8432,2.7960,-1.2494,0.9293,1.3082,-0.1310,-0.0758,-0.4946,-0.2194,9.6571,-0.2873,0.1727,-0.0070,-0.7359,0.8410,-0.0184,0.5938,-0.7638,0.5331,-0.0096,0.1305,0.1605,
11.5112,RLFSMStateRLLocomotion,0.3000,0.0000,0.3000,1.9569,-0.8852,-0.8234,0.0209,-0.0071,-0.0431,0.9988,-0.0399,-0.0261,0.0000,0.2700,-0.1917,0.0000,-0.0015,0.0077,0.0000,0.0000,0.0000,0.5906,0.7194,0.0000,0.0000,0.0138,0.6381,0.0000,0.0000,-0.1012,0.0859,0.2957,-0.5438,0.2258,0.2736,-0.0416,-0.1111,-0.1197,-0.0588,0.0000,-0.0718,0.0432,0.4982,0.3160,0.2102,-0.0046,-0.0516,-0.3910,0.1333,-0.0024,-0.0274,0.1001,4.5993,-4.1394,0.0000,1.2265,2.9129,0.0000,-0.5366,0.8432,0.0000,0.0000,0.0000,-0.3833,1.3031,0.0000,0.0000,4.0627,-0.9965,0.0000,0.0000,0.3066,-0.6132,2.3828,-0.9753,0.9033,0.8944,0.0337,-0.4443,-0.4809,-0.2749,10.4399,-0.2778,0.2073,-0.2016,-0.8733,0.8615,0.0984,0.5096,-0.4800,0.4293,0.0607,0.1306,0.2207,
11.5316,RLFSMStateRLLocomotion,0.3000,0.0000,0.3000,1.8397,-1.1345,-0.5273,0.0412,-0.0059,-0.0517,0.9978,0.0522,-0.1197,0.0000,0.2961,-0.1365,0.0000,-0.0291,0.0031,0.0000,0.0000,0.0000,0.5967,0.7409,0.0000,0.0000,0.0920,0.5967,0.0000,0.0000,-0.0782,0.0936,0.1518,-0.5025,0.2164,0.1288,-0.0569,-0.1951,-0.0833,-0.0900,0.0000,-0.0670,0.0717,0.3881,0.1893,0.2300,0.0614,-0.2606,-0.2830,0.1075,0.0561,-0.0549,0.1371,4.5993,-4.4460,0.0000,1.2265,2.7596,0.0000,-1.1498,-0.1533,0.0000,0.0000,0.0000,0.3066,1.1498,0.0000,0.0000,3.6794,-1.7631,0.0000,0.0000,0.9965,0.4599,1.8072,-0.8100,0.8657,0.3151,-0.0276,-0.7803,-0.3490,-0.3440,11.0941,-0.2680,0.2867,-0.4476,-1.2426,0.9199,0.2455,-0.2424,-0.3320,0.4298,0.2244,0.0205,0.3083,
11.5520,RLFSMStateRLLocomotion,0.3000,0.0000,0.3000,1.5105,-1.1505,-0.3824,0.0582,-0.0009,-0.0539,0.9969,0.1457,-0.2086,0.0000,0.3283,-0.0997,0.0000,-0.0583,-0.0046,0.0000,0.0000,0.0000,0.6090,0.7501,0.0000,0.0000,0.1595,0.5400,0.0000,0.0000,-0.0491,0.0982,-0.0260,-0.3859,0.1468,0.0022,-0.0948,-0.2215,-0.0528,-0.0961,0.0000,-0.0423,0.0779,0.3727,0.2195,0.2171,0.0808,-0.4048,-0.2830,0.1075,0.0561,-0.0549,0.1371,4.4460,-4.4460,0.0000,1.2265,2.0697,0.0000,-1.4564,-0.4599,0.0000,0.0000,0.0000,0.6132,0.5366,0.0000,0.0000,3.3728,-2.4530,0.0000,0.0000,1.3031,0.0767,1.0959,-0.3435,0.5871,-0.1914,-0.1792,-0.8859,-0.2271,-0.3685,11.7284,-0.1691,0.3117,-0.5093,-1.1220,0.8685,0.3231,-0.8193,-0.0148,0.3618,0.2317,-0.2000,0.3713,
11.5723,RLFSMStateRLLocomotion,0.3000,0.0000,0.3000,0.8916,-1.0152,-0.3622,0.0706,0.0043,-0.0557,0.9959,0.2332,-0.3022,0.0000,0.3743,-0.0767,0.0000,-0.0844,-0.0215,0.0000,0.0000,0.0000,0.6197,0.7486,0.0000,0.0000,0.2209,0.4694,0.0000,0.0000,-0.0199,0.1012,-0.1500,-0.3149,0.1046,-0.0813,-0.1514,-0.2274,-0.0550,-0.0897,0.0000,-0.0423,0.0779,0.3727,0.2195,0.2171,0.0808,-0.4048,-0.2037,0.0904,0.0579,-0.1100,0.1528,4.4460,-4.4460,0.0000,1.8397,1.2265,0.0000,-1.3031,-0.9199,0.0000,0.0000,0.0000,0.4599,-0.0000,0.0000,0.0000,2.9129,-3.0662,0.0000,0.0000,1.3798,0.2300,0.6000,-0.0595,0.4184,-0.5252,-0.4055,-0.9097,-0.2360,-0.3428,12.5006,-0.0370,0.3807,-0.4650,-0.9137,0.8258,0.3930,-1.2411,0.3530,0.3472,0.2275,-0.3819,0.5232,
11.5926,RLFSMStateRLLocomotion,0.3000,0.0000,0.3000,0.2599,-1.0599,-0.2322,0.0773,0.0164,-0.0565,0.9953,0.2777,-0.3451,0.0000,0.4019,-0.0690,0.0000,-0.0966,-0.0322,0.0000,0.0000,0.0000,0.6213,0.7440,0.0000,0.0000,0.2454,0.4295,0.0000,0.0000,-0.0092,0.1043,-0.1500,-0.3149,0.1046,-0.0813,-0.1514,-0.2274,-0.0550,-0.0897,0.0000,-0.0093,0.0952,0.3837,0.2716,0.2064,0.0983,-0.5103,-0.1118,0.0868,0.0569,-0.1555,0.1908,3.9094,-4.2160,0.0000,2.6063,0.7665,0.0000,-1.2265,-0.9199,0.0000,0.0000,0.0000,0.4599,-0.0000,0.0000,0.0000,2.9129,-3.7561,0.0000,0.0000,1.2265,0.1533,0.4697,-0.0300,0.2971,-0.5238,-0.6657,-0.7853,-0.2644,-0.2689,13.3864,0.0127,0.4138,-0.3426,-0.7169,0.8017,0.4404,-1.5229,0.5290,0.3316,0.1776,-0.3802,0.5390,
11.6129,RLFSMStateRLLocomotion,0.3000,0.0000,0.3000,0.1971,-1.0418,-0.1672,0.0784,0.0226,-0.0560,0.9951,0.3728,-0.4587,0.0000,0.4801,-0.0568,0.0000,-0.1212,-0.0629,0.0000,0.0000,0.0000,0.6167,0.7087,0.0000,0.0000,0.3068,0.2991,0.0000,0.0000,0.0123,0.1197,-0.1845,-0.3230,0.0704,-0.0595,-0.3263,-0.1865,-0.0850,-0.0464,0.0000,0.0141,0.1103,0.4926,0.4218,0.1744,0.0921,-0.6576,0.0452,0.0826,0.0646,-0.1199,0.1964,2.9895,-3.5261,0.0000,2.6063,0.3833,0.0000,-0.9965,-0.9199,0.0000,0.0000,0.0000,-0.1533,-1.1498,0.0000,0.0000,1.8397,-4.2160,0.0000,0.0000,0.8432,0.4599,0.4620,-0.0922,0.2816,-0.4379,-1.1052,-0.7459,-0.3560,-0.1698,14.1082,0.0564,0.4413,-0.0298,-0.3127,0.6977,0.3682,-1.8304,0.9806,0.3303,0.2585,-0.2395,0.5458,
11.6330,RLFSMStateRLLocomotion,0.3000,0.0000,0.3000,-0.0788,-0.8469,-0.0309,0.0788,0.0369,-0.0531,0.9948,0.4264,-0.5154,0.0000,0.5200,-0.0583,0.0000,-0.1273,-0.0782,0.0000,0.0000,0.0000,0.6029,0.6703,0.0000,0.0000,0.3329,0.2071,0.0000,0.0000,0.0092,0.1365,-0.1899,-0.3034,0.0928,-0.0530,-0.3764,-0.1875,-0.0888,-0.0241,0.0000,0.0221,0.1137,0.5218,0.4902,0.1609,0.0726,-0.6873,0.1454,0.0911,0.0701,-0.1199,0.1964,2.7596,-2.8362,0.0000,2.2996,0.0767,0.0000,-0.6899,-0.7665,0.0000,0.0000,0.0000,-0.6132,-1.6864,0.0000,0.0000,1.3031,-4.2927,0.0000,0.0000,0.1533,0.6132,0.4402,-0.0135,0.3713,-0.4122,-1.3056,-0.7499,-0.3714,-0.0804,14.8123,0.0884,0.4548,0.0870,-0.0394,0.6436,0.2904,-1.9493,1.3814,0.3646,0.2806,-0.1969,0.4721,
11.6533,RLFSMStateRLLocomotion,0.3000,0.0000,0.3000,-0.2439,-0.4964,0.2482,0.0764,0.0480,-0.0473,0.9948,0.4740,-0.5599,0.0000,0.5354,-0.0675,0.0000,-0.1150,-0.0828,0.0000,0.0000,0.0000,0.5768,0.6197,0.0000,0.0000,0.3467,0.1197,0.0000,0.0000,-0.0123,0.1565,-0.2115,-0.2508,0.1218,-0.0540,-0.4133,-0.1947,-0.0837,-0.0051,0.0000,0.0223,0.1189,0.5295,0.4902,0.1609,0.0726,-0.6873,0.1454,0.0911,0.0701,-0.1092,0.1780,2.3763,-2.2996,0.0000,1.6864,-0.3833,0.0000,0.6132,-0.2300,0.0000,0.0000,0.0000,-1.0732,-2.3763,0.0000,0.0000,0.6899,-4.2927,0.0000,0.0000,-0.7665,0.8432,0.3540,0.1967,0.4873,-0.4162,-1.4532,-0.7789,-0.3506,-0.0044,15.5956,0.0893,0.4756,0.1182,0.0639,0.6863,0.2495,-1.9740,1.6405,0.4182,0.2867,-0.1910,0.3353,
11.6736,RLFSMStateRLLocomotion,0.3000,0.0000,0.3000,-0.4080,-0.2088,0.5614,0.0719,0.0553,-0.0378,0.9952,0.5093,-0.5921,0.0000,0.5308,-0.0905,0.0000,-0.1012,-0.0828,0.0000,0.0000,0.0000,0.5446,0.5584,0.0000,0.0000,0.3482,0.0414,0.0000,0.0000,-0.0445,0.1764,-0.2221,-0.2508,0.1218,-0.0540,-0.4133,-0.1947,-0.0837,-0.0051,0.0000,0.0223,0.1189,0.5295,0.5160,0.1716,0.0624,-0.6935,0.2101,0.1045,0.0717,-0.1078,0.1438,1.9164,-1.6864,0.0000,0.4599,-0.8432,0.0000,0.6899,0.0000,0.0000,0.0000,0.0000,-1.6098,-2.8362,0.0000,0.0000,0.1533,-4.0627,0.0000,0.0000,-1.3798,1.0732,0.3115,0.6028,0.5721,-0.2846,-1.6508,-0.7186,-0.2944,0.0720,16.2430,0.0608,0.4793,0.2573,0.4810,0.7402,0.1428,-1.9256,2.2771,0.4938,0.2850,-0.2310,-0.0109,
11.6939,RLFSMStateRLLocomotion,0.3000,0.0000,0.3000,-0.4080,-0.2088,0.5614,0.0719,0.0553,-0.0378,0.9952,0.5093,-0.5921,0.0000,0.5308,-0.0905,0.0000,-0.1012,-0.0828,0.0000,0.0000,0.0000,0.5446,0.5584,0.0000,0.0000,0.3482,0.0414,0.0000,0.0000,-0.0445,0.1764,-0.2221,-0.1493,0.1430,-0.0212,-0.4627,-0.1797,-0.0696,0.0140,0.0000,0.0152,0.1198,0.5643,0.6203,0.1850,0.0357,-0.6814,0.3693,0.1235,0.0713,-0.1178,0.0573,1.9164,-1.6864,0.0000,0.4599,-0.8432,0.0000,0.6899,0.0000,0.0000,0.0000,0.0000,-1.6098,-2.8362,0.0000,0.0000,0.1533,-4.0627,0.0000,0.0000,-1.3798,1.0732,0.0658,1.0511,0.7762,-0.3017,-1.7734,-0.7467,-0.2450,0.1467,17.1760,0.0760,0.5530,0.1469,0.5230,0.8858,0.1540,-1.9652,2.5674,0.5545,0.3038,-0.2249,-0.1841,
11.7140,RLFSMStateRLLocomotion,0.3000,0.0000,0.3000,-1.0397,0.0224,0.6349,0.0571,0.0614,-0.0225,0.9962,0.5308,-0.6151,0.0000,0.4847,-0.1381,0.0000,-0.0874,-0.0629,0.0000,0.0000,0.0000,0.4939,0.4725,0.0000,0.0000,0.3467,-0.0675,0.0000,0.0000,-0.0951,0.1841,-0.2835,-0.0372,0.1940,-0.0254,-0.4933,-0.1867,-0.0572,0.0327,0.0000,0.0190,0.1383,0.5367,0.6307,0.2214,0.0385,-0.6913,0.4418,0.1386,0.0759,-0.1162,0.0140,0.3833,-0.9965,0.0000,-1.3798,-1.6098,0.0000,0.5366,0.5366,0.0000,0.0000,0.0000,-1.6864,-2.6829,0.0000,0.0000,-0.0767,-3.5261,0.0000,0.0000,-1.6098,0.2300,0.0450,1.4297,0.7671,-0.1041,-2.0045,-0.4882,-0.1143,0.1291,17.8003,0.0746,0.4340,0.2168,0.8444,0.9550,0.0503,-1.8778,3.0564,0.5398,0.3039,-0.3035,-0.5842,
11.7342,RLFSMStateRLLocomotion,0.3000,0.0000,0.3000,-1.4232,-0.0064,0.6818,0.0415,0.0646,-0.0132,0.9970,0.5308,-0.6151,0.0000,0.4387,-0.1749,0.0000,-0.0874,-0.0414,0.0000,0.0000,0.0000,0.4694,0.4249,0.0000,0.0000,0.3267,-0.1227,0.0000,0.0000,-0.1181,0.1749,-0.2888,0.0574,0.1918,0.0240,-0.5511,-0.1221,-0.0246,0.0283,0.0000,0.0186,0.1085,0.5542,0.7111,0.2388,0.0126,-0.6694,0.5641,0.1349,0.0760,-0.1359,-0.0860,-0.0767,-0.3833,0.0000,-2.1463,-1.8397,0.0000,0.0767,0.9199,0.0000,0.0000,0.0000,-1.5331,-2.2230,0.0000,0.0000,0.0000,-2.6829,0.0000,0.0000,-1.1498,-0.2300,-0.0750,1.7059,0.8865,-0.0114,-2.1801,-0.3089,-0.0655,0.1708,18.3489,0.1047,0.3374,0.1971,1.0434,1.0462,-0.0745,-1.8055,3.5572,0.5572,0.3248,-0.3852,-0.9786,
11.7544,RLFSMStateRLLocomotion,0.3000,0.0000,0.3000,-1.8365,-0.0629,0.7254,0.0138,0.0679,-0.0007,0.9976,0.5108,-0.5875,0.0000,0.3421,-0.2516,0.0000,-0.0874,-0.0138,0.0000,0.0000,0.0000,0.4541,0.3820,0.0000,0.0000,0.2592,-0.1871,0.0000,0.0000,-0.1289,0.1411,-0.3187,0.1265,0.2216,0.0472,-0.5950,-0.0772,-0.0124,0.0387,0.0000,0.0262,0.0844,0.5493,0.7609,0.2616,-0.0186,-0.6514,0.6893,0.1393,0.0812,-0.1563,-0.1847,-0.5366,0.9199,0.0000,-3.2195,-2.4530,0.0000,0.0000,0.9199,0.0000,0.0000,0.0000,-0.5366,-1.5331,0.0000,0.0000,-2.1463,-2.3763,0.0000,0.0000,-0.6132,-1.2265,-0.1927,1.9129,1.0245,0.0605,-2.3362,-0.1144,-0.0361,0.2503,18.7858,0.1371,0.2166,0.1834,1.2100,1.1218,-0.2240,-1.6766,4.2517,0.5507,0.3435,-0.4462,-1.3949,
11.7748,RLFSMStateRLLocomotion,0.3000,0.0000,0.3000,-2.5215,-0.1172,0.8266,0.0115,-0.0692,-0.0089,-0.9975,0.4817,-0.5538,0.0000,0.2700,-0.3099,0.0000,-0.0828,0.0000,0.0000,0.0000,0.0000,0.4556,0.3651,0.0000,0.0000,0.2010,-0.2148,0.0000,0.0000,-0.1258,0.1089,-0.3482,0.1782,0.2561,0.0651,-0.6340,-0.0286,-0.0050,0.0586,0.0000,0.0343,0.0541,0.5459,0.8025,0.2805,-0.0560,-0.6191,0.8629,0.1377,0.0859,-0.1715,-0.2887,-1.1498,1.4564,0.0000,-3.6794,-2.6829,0.0000,0.2300,0.6899,0.0000,0.0000,0.0000,-0.0767,-0.9965,0.0000,0.0000,-2.8362,-1.7631,0.0000,0.0000,-0.0000,-1.5331,-0.3024,2.0303,1.2180,0.1644,-2.5326,0.1634,-0.0256,0.3499,19.2077,0.1462,0.0539,0.2337,1.3213,1.2202,-0.4061,-1.6401,4.9265,0.5466,0.3643,-0.3787,-1.7425,
11.7951,RLFSMStateRLLocomotion,0.3000,0.0000,0.3000,-2.9636,-0.0927,0.7627,0.0418,-0.0690,-0.0175,-0.9966,0.4433,-0.5047,0.0000,0.1917,-0.3636,0.0000,-0.0660,0.0092,0.0000,0.0000,0.0000,0.4694,0.3590,0.0000,0.0000,0.1243,-0.2270,0.0000,0.0000,-0.1227,0.0598,-0.3756,0.2076,0.3045,0.0911,-0.6831,0.0409,-0.0024,0.0835,0.0000,0.0366,0.0135,0.5584,0.8303,0.3051,-0.1015,-0.6100,1.0316,0.1367,0.0911,-0.1547,-0.3756,-1.6864,2.0697,0.0000,-3.7561,-2.6829,0.0000,0.7665,0.5366,0.0000,0.0000,0.0000,0.3833,-0.6132,0.0000,0.0000,-3.2962,-0.5366,0.0000,0.0000,0.2300,-2.3763,-0.3481,1.7935,1.3373,0.5577,-3.0515,0.5758,-0.1469,0.5042,19.7606,0.0418,-0.3139,0.7366,1.4812,1.2076,-0.7177,-1.7586,5.2164,0.5819,0.4538,0.1568,-2.0226,
11.8154,RLFSMStateRLLocomotion,0.3000,0.0000,0.3000,-3.6443,-0.0320,0.5294,0.0770,-0.0674,-0.0224,-0.9945,0.3927,-0.4464,0.0000,0.1212,-0.4188,0.0000,-0.0445,0.0169,0.0000,0.0000,0.0000,0.4893,0.3620,0.0000,0.0000,0.0430,-0.2301,0.0000,0.0000,-0.1243,0.0061,-0.3870,0.1484,0.3343,0.1894,-0.8129,0.1440,-0.0327,0.1221,0.0000,0.0104,-0.0785,0.6842,0.8703,0.3019,-0.1794,-0.6397,1.1041,0.1455,0.1134,-0.0208,-0.4457,-2.0697,2.7596,0.0000,-3.2962,-2.7596,0.0000,0.9965,0.3833,0.0000,0.0000,0.0000,0.9199,-0.0767,0.0000,0.0000,-3.9861,-0.0767,0.0000,0.0000,0.0767,-2.6063,-0.3481,1.7935,1.3373,0.5577,-3.0515,0.5758,-0.1469,0.5042,19.7606,0.0418,-0.3139,0.7366,1.4812,1.2076,-0.7177,-1.7586,5.2164,0.5819,0.4538,0.1568,-2.0226,
11.8356,RLFSMStateRLLocomotion,0.3000,0.0000,0.3000,-3.9596,0.0000,0.4069,0.0960,-0.0661,-0.0228,-0.9929,0.3559,-0.4126,0.0000,0.0951,-0.4418,0.0000,-0.0291,0.0230,0.0000,0.0000,0.0000,0.5001,0.3697,0.0000,0.0000,-0.0046,-0.2301,0.0000,0.0000,-0.1319,-0.0245,-0.3752,0.0521,0.3306,0.2505,-0.8335,0.1902,-0.0748,0.1275,0.0000,-0.0175,-0.1217,0.7692,0.8775,0.2878,-0.2380,-0.6736,1.0788,0.1502,0.1287,0.0850,-0.4404,-2.9895,3.3728,0.0000,-3.2962,-2.4530,0.0000,0.9965,0.3833,0.0000,0.0000,0.0000,0.9965,0.5366,0.0000,0.0000,-4.2927,-0.0767,0.0000,0.0000,-0.3066,-2.6063,-0.3007,1.4083,1.3223,0.8019,-3.1340,0.7608,-0.3153,0.5261,20.3255,-0.0701,-0.4870,1.0767,1.5100,1.1511,-0.9519,-1.8944,5.1151,0.6009,0.5147,0.5800,-2.0018,
11.8558,RLFSMStateRLLocomotion,0.3000,0.0000,0.3000,-4.9833,0.0895,0.3611,0.1619,-0.0608,-0.0209,-0.9847,0.2408,-0.2869,0.0000,0.0199,-0.4985,0.0000,-0.0123,0.0430,0.0000,0.0000,0.0000,0.5231,0.4111,0.0000,0.0000,-0.1335,-0.2010,0.0000,0.0000,-0.1595,-0.1212,-0.3448,-0.0242,0.3152,0.2633,-0.7934,0.1970,-0.0896,0.1170,0.0000,-0.0276,-0.1346,0.7956,0.8619,0.2741,-0.2613,-0.6661,1.0231,0.1436,0.1279,0.1127,-0.4073,-3.7561,3.9861,0.0000,-2.2996,-1.9930,0.0000,0.4599,0.6899,0.0000,0.0000,0.0000,0.8432,1.0732,0.0000,0.0000,-4.2927,1.0732,0.0000,0.0000,-0.9965,-3.1428,-0.1791,1.1033,1.2608,0.8533,-2.9738,0.7882,-0.3746,0.4838,20.8840,-0.1105,-0.5384,1.1822,1.4476,1.0963,-1.0450,-1.8642,4.8922,0.5745,0.5115,0.6907,-1.8690,
11.8762,RLFSMStateRLLocomotion,0.3000,0.0000,0.3000,-5.4222,0.3153,0.3814,0.1898,-0.0572,-0.0196,-0.9800,0.2010,-0.2454,0.0000,0.0000,-0.5123,0.0000,-0.0107,0.0476,0.0000,0.0000,0.0000,0.5323,0.4310,0.0000,0.0000,-0.1795,-0.1841,0.0000,0.0000,-0.1657,-0.1534,-0.2884,-0.1796,0.2724,0.3244,-0.7140,0.1981,-0.1598,0.0827,0.0000,-0.0548,-0.1684,0.7820,0.8584,0.2323,-0.3171,-0.6720,0.7977,0.1356,0.1215,0.1915,-0.3123,-3.8327,4.2160,0.0000,-2.2996,-1.6098,0.0000,0.4599,0.6899,0.0000,0.0000,0.0000,0.7665,1.7631,0.0000,0.0000,-4.2160,1.0732,0.0000,0.0000,-0.6899,-3.1428,0.0464,0.4814,1.0895,1.0976,-2.6559,0.7925,-0.6553,0.3469,21.5037,-0.2193,-0.6738,1.1280,1.4334,0.9292,-1.2683,-1.8882,3.9909,0.5424,0.4860,1.0058,-1.4890,
11.8964,RLFSMStateRLLocomotion,0.3000,0.0000,0.3000,-6.4022,0.7159,0.5230,0.2824,-0.0360,-0.0133,-0.9585,0.0798,-0.1150,0.0000,-0.0430,-0.5430,0.0000,-0.0031,0.0537,0.0000,0.0000,0.0000,0.5522,0.5108,0.0000,0.0000,-0.2991,-0.1120,0.0000,0.0000,-0.1687,-0.2439,-0.2509,-0.2646,0.2344,0.2482,-0.6286,0.1566,-0.1626,0.0538,0.0000,-0.0460,-0.1876,0.7779,0.8240,0.2165,-0.3487,-0.6400,0.5923,0.1230,0.1230,0.1015,-0.2833,-3.8327,4.2160,0.0000,-1.3798,-1.1498,0.0000,0.2300,0.2300,0.0000,0.0000,0.0000,0.9199,2.2996,0.0000,0.0000,-3.8327,2.4530,0.0000,0.0000,-0.3066,-2.8362,0.1963,0.1415,0.9375,0.7929,-2.3143,0.6265,-0.6665,0.2312,22.3783,-0.1838,-0.7503,1.1116,1.2958,0.8661,-1.3949,-1.7601,3.1692,0.4921,0.4920,0.6458,-1.3733,
11.9167,RLFSMStateRLLocomotion,0.3000,0.0000,0.3000,-6.5663,0.6615,0.4613,0.3440,-0.0212,-0.0069,-0.9387,-0.0031,-0.0337,0.0000,-0.0583,-0.5507,0.0000,0.0000,0.0552,0.0000,0.0000,0.0000,0.5507,0.5752,0.0000,0.0000,-0.3682,-0.0506,0.0000,0.0000,-0.1641,-0.2915,-0.0685,-0.4547,0.2333,0.1634,-0.4244,0.0669,-0.1168,-0.0572,0.0000,-0.0663,-0.2203,0.7839,0.7530,0.2825,-0.4717,-0.4417,0.1097,0.1010,0.1010,-0.0581,-0.1846,-4.0627,3.9094,0.0000,-0.7665,-0.6899,0.0000,0.2300,0.0767,0.0000,0.0000,0.0000,0.0767,2.9895,0.0000,0.0000,-3.7561,2.9895,0.0000,0.0000,0.2300,-2.4530,0.9259,-0.6190,0.9331,0.4537,-1.4974,0.2677,-0.4830,-0.2128,23.6112,-0.2654,-0.8811,1.1358,1.0119,1.1302,-1.8870,-0.9668,1.2386,0.4041,0.4040,0.0075,-0.9786,
11.9370,RLFSMStateRLLocomotion,0.3000,0.0000,0.3000,-6.0709,0.4314,0.3590,0.4023,-0.0098,0.0006,-0.9154,-0.0905,0.0322,0.0000,-0.0598,-0.5507,0.0000,0.0000,0.0552,0.0000,0.0000,0.0000,0.5507,0.6427,0.0000,0.0000,-0.4310,0.0245,0.0000,0.0000,-0.1549,-0.3329,0.1874,-0.6529,0.2576,-0.0414,0.0119,-0.1507,-0.1508,-0.1353,0.0000,-0.0616,-0.1952,0.6670,0.6858,0.4134,-0.5318,-0.0770,-0.3687,0.0684,0.0976,-0.3394,-0.0049,-4.1394,3.7561,0.0000,-0.1533,-0.2300,0.0000,0.0000,0.0000,0.0000,0.0000,0.0000,-0.1533,3.2195,0.0000,0.0000,-3.1428,3.5261,0.0000,0.0000,0.5366,-2.0697,1.9496,-1.4117,1.0304,-0.3655,0.2475,-0.6027,-0.6191,-0.5253,24.8574,-0.2465,-0.7807,0.6679,0.7433,1.6538,-2.1272,0.4921,-0.6749,0.2736,0.3905,-1.1176,-0.2595,
11.9574,RLFSMStateRLLocomotion,0.3000,0.0000,0.2901,-5.2922,0.0149,0.2834,0.4556,-0.0039,0.0072,-0.8902,-0.1687,0.0936,0.0000,-0.0522,-0.5568,0.0000,-0.0123,0.0537,0.0000,0.0000,0.0000,0.5645,0.7056,0.0000,0.0000,-0.4832,0.1058,0.0000,0.0000,-0.1350,-0.3636,0.2430,-0.6085,0.2638,-0.2774,0.3108,-0.2974,-0.1040,-0.2167,0.0000,-0.0549,-0.1633,0.4007,0.7097,0.5323,-0.4767,0.1906,-0.4470,0.0337,0.1001,-0.7122,0.1215,-4.1394,3.0662,0.0000,0.2300,-0.0767,0.0000,-0.3066,0.0000,0.0000,0.0000,0.0000,0.3066,3.2195,0.0000,0.0000,-2.8362,3.9094,0.0000,0.0000,0.9199,-1.6864,2.1720,-1.2341,1.0552,-1.3096,1.4431,-1.1897,-0.4321,-0.8507,25.4135,-0.2197,-0.6534,-0.3972,0.8389,2.1292,-1.9070,1.5624,-0.9880,0.1347,0.4003,-2.6090,0.2460,
11.9778,RLFSMStateRLLocomotion,0.3000,0.0000,0.2255,-4.3942,-0.3324,0.0895,0.5010,-0.0055,0.0123,-0.8653,-0.2393,0.1396,0.0000,-0.0291,-0.5676,0.0000,-0.0337,0.0476,0.0000,0.0000,0.0000,0.5860,0.7593,0.0000,0.0000,-0.5277,0.1841,0.0000,0.0000,-0.1089,-0.3835,0.2467,-0.5612,0.2655,-0.2407,0.2925,-0.2449,-0.0685,-0.1799,0.0000,-0.0907,-0.1518,0.2871,0.7879,0.5384,-0.4059,0.2503,-0.4460,0.0470,0.0833,-0.7329,0.1880,-3.6794,2.6063,0.0000,0.9965,-0.3066,0.0000,-0.9199,-0.2300,0.0000,0.0000,0.0000,0.8432,2.9895,0.0000,0.0000,-2.4530,3.8327,0.0000,0.0000,1.2265,-1.0732,2.1867,-1.0449,1.0620,-1.1627,1.3700,-0.9797,-0.2899,-0.7035,25.8873,-0.3628,-0.6071,-0.8515,1.1516,2.1538,-1.6235,1.8014,-0.9842,0.1880,0.3331,-2.6915,0.5119,
11.9980,RLFSMStateRLLocomotion,0.3000,0.0000,0.1789,-3.2501,-0.5795,-0.2407,0.5317,-0.0139,0.0173,-0.8467,-0.2945,0.1733,0.0000,0.0138,-0.5814,0.0000,-0.0629,0.0322,0.0000,0.0000,0.0000,0.6121,0.7946,0.0000,0.0000,-0.5599,0.2654,0.0000,0.0000,-0.0798,-0.3896,0.1989,-0.4413,0.2249,-0.1377,0.1547,-0.1741,-0.0752,-0.1299,0.0000,-0.0755,-0.1137,0.3514,0.8324,0.4588,-0.3115,0.3020,-0.4052,0.0664,0.0448,-0.6052,0.1955,-3.2195,1.9930,0.0000,1.9164,-0.6132,0.0000,-1.3798,-0.5366,0.0000,0.0000,0.0000,1.1498,2.3763,0.0000,0.0000,-1.8397,3.9094,0.0000,0.0000,1.4564,-0.6132,1.9956,-0.5652,0.8997,-0.7507,0.8188,-0.6964,-0.3169,-0.5037,26.5655,-0.3018,-0.4549,-0.5943,1.3297,1.8350,-1.2462,2.0078,-0.8207,0.2656,0.1793,-2.1807,0.5421,
12.0182,RLFSMStateRLLocomotion,0.3000,0.0000,0.1622,-2.7995,-0.6594,-0.4091,0.5437,-0.0199,0.0199,-0.8388,-0.3145,0.1841,0.0000,0.0399,-0.5860,0.0000,-0.0798,0.0230,0.0000,0.0000,0.0000,0.6259,0.8084,0.0000,0.0000,-0.5706,0.3022,0.0000,0.0000,-0.0675,-0.3896,0.1369,-0.3027,0.1665,0.0075,-0.0233,-0.0766,-0.1023,-0.0365,0.0000,-0.0493,-0.0619,0.4963,0.8482,0.2985,-0.1976,0.3232,-0.2986,0.0895,0.0061,-0.4010,0.2043,-2.5296,1.3031,0.0000,1.9164,-0.5366,0.0000,-1.5331,-0.7665,0.0000,0.0000,0.0000,1.2265,1.6098,0.0000,0.0000,-1.3031,3.9094,0.0000,0.0000,1.4564,0.0767,1.7478,-0.0110,0.6659,-0.1702,0.1069,-0.3066,-0.4251,-0.1300,27.5820,-0.1971,-0.2475,-0.0148,1.3930,1.1939,-0.7906,2.0929,-0.3943,0.3579,0.0245,-1.3641,0.5771,
12.0385,RLFSMStateRLLocomotion,0.3000,0.0000,0.1582,-2.1092,-0.7521,-0.6179,0.5626,-0.0344,0.0244,-0.8257,-0.3436,0.1963,0.0000,0.1043,-0.5875,0.0000,-0.1089,-0.0015,0.0000,0.0000,0.0000,0.6443,0.8253,0.0000,0.0000,-0.5829,0.3666,0.0000,0.0000,-0.0445,-0.3758,0.1242,-0.2592,0.1419,0.0656,-0.0784,-0.0253,-0.1271,0.0094,0.0000,-0.0284,-0.0310,0.5836,0.8466,0.1939,-0.1550,0.3017,-0.2663,0.1083,-0.0166,-0.3363,0.1914,-1.6098,0.6899,0.0000,2.5296,-0.3066,0.0000,-1.3798,-1.2265,0.0000,0.0000,0.0000,1.0732,0.9965,0.0000,0.0000,-0.6899,3.4495,0.0000,0.0000,1.3031,0.6132,1.6968,0.1632,0.5676,0.0624,-0.1135,-0.1011,-0.5245,0.0535,28.3944,-0.1135,-0.1238,0.3343,1.3863,0.7756,-0.6200,2.0068,-0.2651,0.4333,-0.0665,-1.1054,0.5258,
12.0587,RLFSMStateRLLocomotion,0.3000,0.0000,0.1229,-1.4701,-0.5742,-0.2812,0.5782,-0.0491,0.0258,-0.8140,-0.3651,0.1994,0.0000,0.1442,-0.5860,0.0000,-0.1350,-0.0337,0.0000,0.0000,0.0000,0.6535,0.8314,0.0000,0.0000,-0.5829,0.4264,0.0000,0.0000,-0.0353,-0.3543,0.1300,-0.2361,0.1213,0.1083,-0.1253,0.0422,-0.1596,0.0220,0.0000,-0.0229,-0.0024,0.6493,0.8505,0.1184,-0.1269,0.2590,-0.2390,0.1348,-0.0354,-0.2742,0.2134,-1.2265,0.2300,0.0000,2.9129,0.0767,0.0000,-1.2265,-1.5331,0.0000,0.0000,0.0000,0.5366,0.4599,0.0000,0.0000,-0.0767,3.1428,0.0000,0.0000,0.9199,0.9965,1.7198,0.2556,0.4853,0.2333,-0.3012,0.1690,-0.6542,0.1042,29.2280,-0.0914,-0.0096,0.5971,1.4020,0.4737,-0.5077,1.8361,-0.1561,0.5394,-0.1418,-0.8569,0.6138,
12.0789,RLFSMStateRLLocomotion,0.3000,0.0000,0.0956,-1.5894,-0.3143,-0.2653,0.5936,-0.0622,0.0226,-0.8020,-0.3651,0.1856,0.0000,0.1641,-0.5507,0.0000,-0.1381,-0.0736,0.0000,0.0000,0.0000,0.6550,0.8314,0.0000,0.0000,-0.5798,0.4939,0.0000,0.0000,-0.0522,-0.2823,0.1495,-0.2413,0.1179,0.1263,-0.1305,0.0545,-0.1752,0.0021,0.0000,-0.0274,0.0115,0.6727,0.8529,0.1030,-0.1118,0.2569,-0.2352,0.1488,-0.0431,-0.2725,0.2184,0.0767,-0.2300,0.0000,0.6132,1.4564,0.0000,-0.1533,-1.5331,0.0000,0.0000,0.0000,0.1533,-0.0000,0.0000,0.0000,0.1533,2.1463,0.0000,0.0000,-0.7665,2.1463,1.7978,0.2349,0.4714,0.3052,-0.3220,0.2181,-0.7169,0.0244,30.0556,-0.1095,0.0459,0.6909,1.4115,0.4119,-0.4472,1.8278,-0.1408,0.5951,-0.1726,-0.8498,0.6336,
12.0991,RLFSMStateRLLocomotion,0.3000,0.0000,0.0701,-1.4978,0.1374,0.0362,0.6064,-0.0674,0.0235,-0.7919,-0.3482,0.1611,0.0000,0.1687,-0.5001,0.0000,-0.1411,-0.0874,0.0000,0.0000,0.0000,0.6519,0.8314,0.0000,0.0000,-0.5660,0.5231,0.0000,0.0000,-0.0813,-0.2194,0.1633,-0.2372,0.1302,0.1116,-0.1368,0.0446,-0.1728,-0.0236,0.0000,-0.0400,0.0114,0.6530,0.8485,0.1145,-0.1024,0.2715,-0.2151,0.1511,-0.0405,-0.2886,0.2136,0.8432,-0.6899,0.0000,0.3066,2.4530,0.0000,-0.0767,-0.9199,0.0000,0.0000,0.0000,0.0000,-0.0000,0.0000,0.0000,0.0000,1.6864,0.0000,0.0000,-1.3031,2.6829,1.8532,0.2511,0.5206,0.2464,-0.3474,0.1782,-0.7072,-0.0783,30.9480,-0.1601,0.0457,0.6120,1.3939,0.4579,-0.4098,1.8862,-0.0605,0.6045,-0.1619,-0.9145,0.6143,
12.1194,RLFSMStateRLLocomotion,0.3000,0.0000,0.0259,-1.4978,0.1374,0.0362,0.6064,-0.0674,0.0235,-0.7919,-0.3482,0.1611,0.0000,0.1687,-0.5001,0.0000,-0.1411,-0.0874,0.0000,0.0000,0.0000,0.6519,0.8314,0.0000,0.0000,-0.5660,0.5231,0.0000,0.0000,-0.0813,-0.2194,0.2262,-0.2844,0.1547,0.0960,-0.1094,0.0236,-0.1830,-0.0556,0.0000,-0.0469,0.0121,0.6384,0.8387,0.1333,-0.0949,0.3125,-0.1949,0.1509,-0.0348,-0.2917,0.1989,0.8432,-0.6899,0.0000,0.3066,2.4530,0.0000,-0.0767,-0.9199,0.0000,0.0000,0.0000,0.0000,-0.0000,0.0000,0.0000,0.0000,1.6864,0.0000,0.0000,-1.3031,2.6829,2.1046,0.0624,0.6188,0.1842,-0.2376,0.0945,-0.7481,-0.2064,31.8437,-0.1875,0.0482,0.5535,1.3547,0.5330,-0.3794,2.0502,0.0204,0.6035,-0.1394,-0.9268,0.5556,
12.1396,RLFSMStateRLLocomotion,0.3000,0.0000,-0.0188,-1.0876,0.3057,0.3995,0.6242,-0.0656,0.0220,-0.7782,-0.2976,0.0936,0.0000,0.1626,-0.3988,0.0000,-0.1488,-0.0920,0.0000,0.0000,0.0000,0.6427,0.8314,0.0000,0.0000,-0.4985,0.5430,0.0000,0.0000,-0.1457,-0.1043,0.2813,-0.3484,0.1742,0.0742,-0.0593,-0.0238,-0.1802,-0.0930,0.0000,-0.0529,0.0070,0.6037,0.7975,0.1626,-0.0706,0.2990,-0.1714,0.1434,-0.0089,-0.2687,0.1869,1.5331,-2.2230,0.0000,-0.3066,3.1428,0.0000,-0.3066,-0.0767,0.0000,0.0000,0.0000,-0.3066,-0.0000,0.0000,0.0000,2.0697,0.5366,0.0000,0.0000,-1.8397,3.7561,2.3252,-0.1937,0.6968,0.0966,-0.0372,-0.0951,-0.7366,-0.3558,32.7743,-0.2116,0.0279,0.4149,1.1898,0.6504,-0.2823,1.9958,0.1146,0.5734,-0.0357,-0.8348,0.5074,
12.1599,RLFSMStateRLLocomotion,0.3000,0.0000,-0.0300,-0.9577,0.3419,0.6466,0.6340,-0.0622,0.0198,-0.7706,-0.2485,0.0307,0.0000,0.1534,-0.3267,0.0000,-0.1503,-0.0920,0.0000,0.0000,0.0000,0.6412,0.8314,0.0000,0.0000,-0.4403,0.5430,0.0000,0.0000,-0.1933,-0.0261,0.2981,-0.3751,0.1816,0.0753,-0.0356,-0.0453,-0.1780,-0.1103,0.0000,-0.0607,0.0030,0.5790,0.7646,0.1766,-0.0475,0.2677,-0.1559,0.1332,0.0062,-0.2359,0.1772,2.0697,-2.8362,0.0000,-0.5366,3.5261,0.0000,-0.0767,0.0000,0.0000,0.0000,0.0000,-0.1533,-0.0000,0.0000,0.0000,2.7596,-0.0767,0.0000,0.0000,-2.2996,3.8327,2.3925,-0.3006,0.7262,0.1012,0.0577,-0.1812,-0.7280,-0.4252,33.6644,-0.2430,0.0119,0.3161,1.0585,0.7066,-0.1901,1.8708,0.1763,0.5326,0.0249,-0.7035,0.4688,
12.1801,RLFSMStateRLLocomotion,0.3000,0.0000,-0.0644,-0.5720,0.2514,0.6306,0.6374,-0.0600,0.0176,-0.7680,-0.2178,0.0000,0.0000,0.1365,-0.2838,0.0000,-0.1580,-0.0890,0.0000,0.0000,0.0000,0.6397,0.8299,0.0000,0.0000,-0.4080,0.5384,0.0000,0.0000,-0.2132,0.0092,0.3219,-0.4413,0.1997,0.0664,0.0034,-0.0812,-0.1516,-0.1210,0.0000,-0.0624,-0.0217,0.5435,0.6978,0.2020,-0.0207,0.1872,-0.1266,0.1283,0.0434,-0.2167,0.1717,2.8362,-2.8362,0.0000,-0.5366,3.7561,0.0000,-0.0767,0.0000,0.0000,0.0000,0.0000,-0.0767,-0.0767,0.0000,0.0000,3.2195,-0.0767,0.0000,0.0000,-2.2230,3.8327,2.4877,-0.5651,0.7988,0.0657,0.2138,-0.3247,-0.6223,-0.4679,34.5859,-0.2497,-0.0867,0.1741,0.7912,0.8080,-0.0828,1.5488,0.2938,0.5134,0.1736,-0.6269,0.4466,
12.2003,RLFSMStateRLLocomotion,0.3000,0.0000,-0.0681,-0.4890,0.1736,0.4922,0.6437,-0.0592,0.0116,-0.7629,-0.1135,-0.0982,0.0000,0.0966,-0.1779,0.0000,-0.1611,-0.0828,0.0000,0.0000,0.0000,0.6305,0.8207,0.0000,0.0000,-0.2823,0.5093,0.0000,0.0000,-0.2669,0.1074,0.3273,-0.4779,0.2099,0.1025,0.0134,-0.0935,-0.1510,-0.1221,0.0000,-0.0651,-0.0343,0.5208,0.6587,0.2157,-0.0065,0.1453,-0.1236,0.1219,0.0562,-0.1757,0.1620,3.2195,-3.1428,0.0000,-1.2265,3.6794,0.0000,0.0000,0.2300,0.0000,0.0000,0.0000,-0.2300,-0.2300,0.0000,0.0000,3.8327,-1.1498,0.0000,0.0000,-1.9930,3.0662,2.5093,-0.7116,0.8396,0.2100,0.2536,-0.3738,-0.6202,-0.4723,35.3555,-0.2605,-0.1372,0.0831,0.6346,0.8628,-0.0261,1.3812,0.3058,0.4877,0.2247,-0.4630,0.4080,
12.2204,RLFSMStateRLLocomotion,0.3000,0.0000,-0.0667,-0.0895,0.1364,0.4730,0.6451,-0.0585,0.0083,-0.7618,-0.0690,-0.1335,0.0000,0.0828,-0.1442,0.0000,-0.1611,-0.0828,0.0000,0.0000,0.0000,0.6213,0.8145,0.0000,0.0000,-0.2424,0.4939,0.0000,0.0000,-0.2792,0.1427,0.3137,-0.5574,0.2534,0.0608,0.0866,-0.1963,-0.1211,-0.1346,0.0000,-0.0709,-0.0644,0.4456,0.5315,0.2622,0.0116,0.0304,-0.1036,0.1197,0.1300,-0.1508,0.1752,3.8327,-3.2195,0.0000,-1.2265,3.2962,0.0000,0.0000,0.2300,0.0000,0.0000,0.0000,-0.6899,-0.5366,0.0000,0.0000,4.1394,-1.1498,0.0000,0.0000,-1.3798,3.0662,2.4550,-1.0298,1.0137,0.0432,0.5466,-0.7851,-0.5003,-0.5222,35.9938,-0.2836,-0.2575,-0.2175,0.1260,1.0487,0.0462,0.9217,0.3857,0.4789,0.5200,-0.3630,0.4607,
12.2406,RLFSMStateRLLocomotion,0.3000,0.0000,-0.0654,-0.0490,0.2557,0.3483,0.6457,-0.0529,-0.0018,-0.7617,0.0552,-0.2270,0.0000,0.0537,-0.0629,0.0000,-0.1611,-0.0844,0.0000,0.0000,0.0000,0.5875,0.7777,0.0000,0.0000,-0.1150,0.4218,0.0000,0.0000,-0.2884,0.1948,0.3409,-0.6570,0.2896,0.0721,0.1322,-0.2893,-0.0823,-0.1397,0.0000,-0.0868,-0.0776,0.4155,0.4012,0.2928,0.0022,-0.0250,-0.1766,0.1077,0.1529,-0.1195,0.1252,4.0627,-3.0662,0.0000,-0.8432,2.8362,0.0000,0.0000,0.0000,0.0000,0.0000,0.0000,-1.0732,-0.9965,0.0000,0.0000,4.1394,-2.4530,0.0000,0.0000,-0.0767,1.7631,2.5636,-1.4281,1.1584,0.0884,0.7287,-1.1570,-0.3453,-0.5428,36.1816,-0.3473,-0.3104,-0.3381,-0.3952,1.1713,0.0087,0.7001,0.0936,0.4306,0.6117,-0.2380,0.2608,
12.2607,RLFSMStateRLLocomotion,0.3000,0.0000,-0.0575,-0.2983,0.2844,0.0735,0.6483,-0.0481,-0.0051,-0.7598,0.1289,-0.2869,0.0000,0.0491,-0.0261,0.0000,-0.1565,-0.0920,0.0000,0.0000,0.0000,0.5599,0.7424,0.0000,0.0000,-0.0337,0.3559,0.0000,0.0000,-0.2761,0.2132,0.3258,-0.6532,0.2659,0.0703,0.1258,-0.3394,-0.0563,-0.1513,0.0000,-0.0975,-0.0830,0.4019,0.3783,0.2981,-0.0186,-0.0318,-0.2140,0.0997,0.1466,-0.1275,0.0954,3.9861,-2.9895,0.0000,-0.3066,2.2230,0.0000,0.1533,-0.3066,0.0000,0.0000,0.0000,-1.2265,-1.5331,0.0000,0.0000,3.9861,-3.1428,0.0000,0.0000,0.6899,1.1498,2.5034,-1.4129,1.0637,0.0812,0.7031,-1.3576,-0.2412,-0.5891,36.0426,-0.3898,-0.3321,-0.3924,-0.4869,1.1924,-0.0746,0.6729,-0.0559,0.3987,0.5863,-0.2700,0.1416,
12.2809,RLFSMStateRLLocomotion,0.3000,0.0000,-0.0390,-0.5092,0.3217,-0.2226,0.6520,-0.0440,-0.0047,-0.7569,0.1933,-0.3467,0.0000,0.0506,0.0046,0.0000,-0.1473,-0.1058,0.0000,0.0000,0.0000,0.5292,0.7010,0.0000,0.0000,0.0353,0.2853,0.0000,0.0000,-0.2439,0.2178,0.2431,-0.5931,0.2766,-0.0488,0.1544,-0.4042,-0.0285,-0.1639,0.0000,-0.0930,-0.0777,0.3668,0.3336,0.2890,-0.0293,-0.0314,-0.1821,0.0928,0.1616,-0.1909,0.1001,3.4495,-2.8362,0.0000,0.0767,1.6864,0.0000,0.3833,-0.6132,0.0000,0.0000,0.0000,-1.3798,-1.7631,0.0000,0.0000,3.6794,-3.2962,0.0000,0.0000,1.6098,0.4599,2.1723,-1.1724,1.1063,-0.3951,0.8178,-1.6170,-0.1299,-0.6395,35.6003,-0.3722,-0.3108,-0.5326,-0.6656,1.1560,-0.1173,0.6742,0.0714,0.3713,0.6466,-0.5236,0.1603,
12.3011,RLFSMStateRLLocomotion,0.3000,0.0000,-0.0212,-1.2474,0.5944,-0.4027,0.6582,-0.0390,-0.0016,-0.7518,0.2485,-0.4004,0.0000,0.0598,0.0291,0.0000,-0.1411,-0.1197,0.0000,0.0000,0.0000,0.5031,0.6504,0.0000,0.0000,0.0997,0.2148,0.0000,0.0000,-0.2102,0.2071,0.0884,-0.4440,0.2848,-0.2473,0.1295,-0.4460,0.0074,-0.1675,0.0000,-0.0741,-0.0778,0.4063,0.2917,0.2672,-0.0322,0.0554,-0.1025,0.0777,0.1842,-0.3562,0.0705,2.9129,-2.6829,0.0000,0.3833,1.4564,0.0000,0.3066,-0.6899,0.0000,0.0000,0.0000,-1.6098,-2.1463,0.0000,0.0000,3.2962,-3.4495,0.0000,0.0000,1.6864,-0.0767,1.5536,-0.5760,1.1394,-1.1893,0.7179,-1.7840,0.0137,-0.6538,35.0782,-0.2963,-0.3111,-0.3747,-0.8332,1.0686,-0.1286,1.0216,0.3899,0.3109,0.7368,-1.1848,0.0418,
12.3214,RLFSMStateRLLocomotion,0.3000,0.0000,-0.0158,-1.3774,0.6061,-0.4048,0.6631,-0.0354,0.0017,-0.7477,0.2746,-0.4295,0.0000,0.0644,0.0383,0.0000,-0.1319,-0.1258,0.0000,0.0000,0.0000,0.4909,0.6228,0.0000,0.0000,0.1258,0.1764,0.0000,0.0000,-0.1917,0.1979,-0.0407,-0.3025,0.3396,-0.3935,0.0798,-0.5256,-0.0083,-0.1288,0.0000,-0.0676,-0.0849,0.4118,0.3436,0.2910,-0.0504,0.1912,-0.0083,0.0939,0.2231,-0.5058,-0.0169,2.6063,-2.8362,0.0000,0.3833,0.9965,0.0000,0.6899,-0.5366,0.0000,0.0000,0.0000,-1.0732,-2.5296,0.0000,0.0000,2.8362,-3.4495,0.0000,0.0000,1.6864,-0.7665,1.0371,-0.0099,1.3585,-1.7739,0.5194,-2.1026,-0.0491,-0.4991,34.7578,-0.2704,-0.3398,-0.3527,-0.6255,1.1639,-0.2015,1.5649,0.7667,0.3755,0.8926,-1.7833,-0.3078,
12.3416,RLFSMStateRLLocomotion,0.3000,0.0000,-0.0397,-1.6991,0.4783,-0.2929,0.6819,-0.0245,0.0109,-0.7309,0.3221,-0.5077,0.0000,0.0721,0.0675,0.0000,-0.0951,-0.1304,0.0000,0.0000,0.0000,0.4433,0.5369,0.0000,0.0000,0.1917,0.0721,0.0000,0.0000,-0.1457,0.1473,-0.2467,-0.0736,0.4413,-0.5207,-0.0786,-0.5856,0.0019,-0.0690,0.0000,-0.0597,-0.0939,0.3722,0.3352,0.3447,-0.0732,0.1878,0.1045,0.1238,0.2545,-0.5960,-0.1770,1.8397,-2.6063,0.0000,0.2300,1.1498,0.0000,1.2265,-0.3066,0.0000,0.0000,0.0000,-1.5331,-2.8362,0.0000,0.0000,2.2996,-3.3728,0.0000,0.0000,1.3798,-1.3798,0.2132,0.9058,1.7652,-2.2827,-0.1143,-2.3423,-0.0086,-0.2601,34.2601,-0.2389,-0.3757,-0.5110,-0.6593,1.3787,-0.2927,1.5511,1.2181,0.4953,1.0181,-2.1439,-0.9480,
12.3618,RLFSMStateRLLocomotion,0.3000,0.0000,-0.0682,-1.6629,0.3814,-0.3643,0.6949,-0.0204,0.0171,-0.7186,0.3390,-0.5507,0.0000,0.0736,0.0752,0.0000,-0.0690,-0.1365,0.0000,0.0000,0.0000,0.4142,0.4755,0.0000,0.0000,0.2178,0.0061,0.0000,0.0000,-0.1289,0.1197,-0.4718,0.1742,0.4434,-0.2133,-0.6265,-0.4874,-0.0247,0.0527,0.0000,-0.0475,-0.1275,0.5174,0.4743,0.3250,-0.1333,-0.1547,0.2974,0.1716,0.2237,-0.2616,-0.4316,1.3031,-2.2230,0.0000,0.0767,0.3833,0.0000,1.2265,-0.0767,0.0000,0.0000,0.0000,-1.5331,-2.9129,0.0000,0.0000,1.7631,-3.2195,0.0000,0.0000,0.9199,-1.7631,-0.6872,1.8970,1.7737,-1.0531,-2.3061,-1.9498,-0.1149,0.2270,34.0303,-0.1898,-0.5101,0.0694,-0.1027,1.2998,-0.5330,0.1813,1.9898,0.6863,0.8946,-0.8064,-1.9664,
12.3821,RLFSMStateRLLocomotion,0.3000,0.0000,-0.0887,-1.7737,0.1641,-0.2802,0.7077,-0.0188,0.0237,-0.7058,0.3421,-0.5844,0.0000,0.0660,0.0844,0.0000,-0.0445,-0.1427,0.0000,0.0000,0.0000,0.3958,0.4218,0.0000,0.0000,0.2332,-0.0476,0.0000,0.0000,-0.1243,0.0951,-0.5712,0.3022,0.3247,0.1127,-1.0418,-0.1648,-0.0139,0.1116,0.0000,0.0055,-0.1151,0.7523,0.5948,0.2026,-0.1634,-0.5587,0.4655,0.1479,0.1288,0.0714,-0.5596,0.6899,-1.9164,0.0000,-0.1533,0.3833,0.0000,1.3031,-0.3066,0.0000,0.0000,0.0000,-1.2265,-2.7596,0.0000,0.0000,1.1498,-2.9129,0.0000,0.0000,0.2300,-1.3031,-1.0847,2.4088,1.2987,0.2510,-3.9671,-0.6594,-0.0717,0.4622,34.1919,0.0220,-0.4603,1.0093,0.3792,0.8105,-0.6538,-1.4350,2.6618,0.5915,0.5152,0.5255,-2.4782,
12.4024,RLFSMStateRLLocomotion,0.3000,0.0000,-0.1259,-1.8291,-0.2162,-0.0352,0.7212,-0.0184,0.0256,-0.6920,0.3359,-0.6044,0.0000,0.0445,0.0890,0.0000,-0.0261,-0.1457,0.0000,0.0000,0.0000,0.3866,0.3743,0.0000,0.0000,0.2362,-0.0936,0.0000,0.0000,-0.1304,0.0767,-0.4974,0.2262,0.3062,0.1453,-1.0317,0.0140,0.0452,0.0664,0.0000,0.0110,-0.1184,0.8733,0.5979,0.1899,-0.1873,-0.6290,0.5538,0.1026,0.0842,0.1619,-0.5323,-0.3833,-1.3798,0.0000,-0.9199,0.2300,0.0000,1.0732,-0.3066,0.0000,0.0000,0.0000,-0.8432,-2.6829,0.0000,0.0000,0.4599,-2.3763,0.0000,0.0000,-0.2300,-0.9965,-0.7896,2.1050,1.2247,0.3812,-3.9267,0.0559,0.1649,0.2816,34.2525,0.0440,-0.4737,1.4932,0.3917,0.7595,-0.7491,-1.7158,3.0153,0.4102,0.3366,0.8874,-2.3690,
12.4227,RLFSMStateRLLocomotion,0.3000,0.0000,-0.1485,-1.8408,-0.5976,0.3174,0.7346,-0.0185,0.0218,-0.6779,0.3206,-0.6121,0.0000,0.0077,0.0890,0.0000,-0.0199,-0.1457,0.0000,0.0000,0.0000,0.3866,0.3405,0.0000,0.0000,0.2362,-0.1319,0.0000,0.0000,-0.1503,0.0568,-0.4782,0.1901,0.3266,0.1341,-0.9786,0.0502,0.0515,0.0651,0.0000,0.0038,-0.1220,0.8825,0.6051,0.2124,-0.2034,-0.6354,0.6146,0.0912,0.0754,0.1794,-0.5219,-0.7665,-0.8432,0.0000,-1.6098,0.0000,0.0000,0.6132,0.0000,0.0000,0.0000,0.0000,-0.3066,-1.6098,0.0000,0.0000,0.0767,-1.9164,0.0000,0.0000,-0.9199,-0.9199,-0.7128,1.9606,1.3063,0.3365,-3.7143,0.2008,0.1901,0.2764,34.3978,0.0153,-0.4880,1.5299,0.4205,0.8498,-0.8137,-1.7418,3.2585,0.3647,0.3016,0.9577,-2.3278,
12.4430,RLFSMStateRLLocomotion,0.3000,0.0000,-0.2228,-2.0027,-0.6892,0.4549,0.7412,-0.0184,0.0185,-0.6708,0.3099,-0.6136,0.0000,-0.0153,0.0874,0.0000,-0.0184,-0.1411,0.0000,0.0000,0.0000,0.3896,0.3252,0.0000,0.0000,0.2347,-0.1442,0.0000,0.0000,-0.1641,0.0430,-0.5313,0.1745,0.3400,0.1570,-1.0186,0.0562,0.0382,0.0963,0.0000,-0.0255,-0.1341,0.9171,0.6252,0.2266,-0.2375,-0.6396,0.6507,0.0918,0.0859,0.2551,-0.5699,-0.7665,-0.2300,0.0000,-2.0697,0.0000,0.0000,0.1533,0.1533,0.0000,0.0000,0.0000,0.0767,-1.6098,0.0000,0.0000,0.0000,-1.4564,0.0000,0.0000,-0.9199,-0.9965,-0.9252,1.8979,1.3598,0.4281,-3.8745,0.2250,0.1369,0.4014,34.5218,-0.1020,-0.5365,1.6685,0.5009,0.9065,-0.9501,-1.7583,3.4027,0.3672,0.3434,1.2603,-2.5196,
12.4632,RLFSMStateRLLocomotion,0.3000,0.0000,-0.2650,-2.5321,-0.7499,0.7318,0.7642,-0.0159,0.0066,-0.6448,0.2500,-0.6029,0.0000,-0.0859,0.0629,0.0000,-0.0184,-0.1120,0.0000,0.0000,0.0000,0.4172,0.3053,0.0000,0.0000,0.2056,-0.1657,0.0000,0.0000,-0.2040,-0.0031,-0.5541,0.1448,0.3419,0.1792,-1.0449,0.0731,0.0252,0.1116,0.0000,-0.0429,-0.1484,0.9557,0.6292,0.2329,-0.2608,-0.6444,0.6575,0.0904,0.0946,0.3124,-0.5801,-2.2230,0.0767,0.0000,-2.2230,-0.9199,0.0000,0.0000,0.7665,0.0000,0.0000,0.0000,0.5366,-0.4599,0.0000,0.0000,-0.3066,-0.7665,0.0000,0.0000,-1.3031,-1.6098,-1.0163,1.7791,1.3677,0.5167,-3.9796,0.2925,0.0849,0.4623,34.3958,-0.1715,-0.5937,1.8228,0.5167,0.9314,-1.0434,-1.7778,3.4302,0.3617,0.3783,1.4898,-2.5604,
12.4835,RLFSMStateRLLocomotion,0.3000,0.0000,-0.2868,-3.0925,-0.9960,0.5902,0.7823,-0.0164,-0.0021,-0.6227,0.1887,-0.5783,0.0000,-0.1304,0.0368,0.0000,-0.0138,-0.0798,0.0000,0.0000,0.0000,0.4479,0.3037,0.0000,0.0000,0.1626,-0.1657,0.0000,0.0000,-0.2194,-0.0491,-0.5494,0.0996,0.3376,0.1974,-1.0555,0.0955,0.0144,0.1166,0.0000,-0.0513,-0.1594,0.9892,0.6258,0.2331,-0.2728,-0.6510,0.6423,0.0893,0.0998,0.3489,-0.5767,-2.9129,0.6899,0.0000,-2.2996,-1.1498,0.0000,0.0000,1.0732,0.0000,0.0000,0.0000,1.6098,-0.0767,0.0000,0.0000,-2.2230,-0.3066,0.0000,0.0000,-0.9965,-2.3763,-0.9975,1.5982,1.3503,0.5898,-4.0222,0.3818,0.0415,0.4823,34.0844,-0.2052,-0.6378,1.9570,0.5032,0.9326,-1.0914,-1.8040,3.3693,0.3571,0.3993,1.6354,-2.5469,
12.5039,RLFSMStateRLLocomotion,0.3000,0.0000,-0.3000,-3.8786,-1.1047,0.5444,0.8058,-0.0197,-0.0120,-0.5917,0.1197,-0.5369,0.0000,-0.1641,0.0031,0.0000,-0.0061,-0.0353,0.0000,0.0000,0.0000,0.4924,0.3114,0.0000,0.0000,0.1043,-0.1549,0.0000,0.0000,-0.2240,-0.1150,-0.5328,-0.0000,0.3127,0.2504,-1.0739,0.1275,-0.0091,0.1213,0.0000,-0.0658,-0.1820,1.0365,0.6213,0.2223,-0.2891,-0.6624,0.5603,0.0877,0.1061,0.4158,-0.5497,-3.4495,1.3798,0.0000,-1.9164,-1.7631,0.0000,0.4599,1.9930,0.0000,0.0000,0.0000,2.1463,0.3833,0.0000,0.0000,-2.8362,0.1533,0.0000,0.0000,-0.3066,-3.1428,-0.9311,1.1998,1.2507,0.8016,-4.0956,0.5100,-0.0525,0.5013,33.5406,-0.2632,-0.7281,2.1462,0.4852,0.8894,-1.1565,-1.8498,3.0414,0.3508,0.4244,1.9033,-2.4388,
